dataset,model,fold,accuracy,macro_f1,log_loss,ece,fit_time,predict_time
iris,GNB,0,1.0,1.0,0.008201959126669,0.0078835809922049,0.0016729840001517,0.00033442799986
iris,MI-WNB,0,1.0,1.0,0.0140936324802189,0.0131352439903158,0.0152947040000981,0.0001861570001437
iris,ABD-NB-L,0,1.0,1.0,0.0075321232306985,0.007267464883013,0.0054771089999121,0.0002270529998895
iris,ABD-NB-G,0,1.0,1.0,0.007401081056948,0.007147647119381,0.0048809289999098,0.0002125119999618
iris,ABD-NB-C,0,1.0,1.0,0.0099086867830932,0.0095430690845617,0.0046374379999178,0.000185483999985
iris,LR,0,1.0,1.0,0.1029893312598431,0.0872133599273131,0.0078080830000999,0.0006650950001585
iris,kNN,0,0.9333333333333332,0.9326599326599326,0.0610860487916105,0.04,0.0021654340000623,0.0018693050001274
iris,CART,0,0.9333333333333332,0.9326599326599326,1.8420680743952365,0.0666666666666666,0.0013530910000554,0.0002117700000781
iris,RF,0,1.0,1.0,0.0465613142949817,0.0376666666666668,0.3158795949998421,0.0140884029999597
iris,SVM,0,1.0,1.0,0.076520358257163,0.064222094239812,0.0045265350001955,0.00063120599998
iris,GNB,1,0.8666666666666667,0.8666666666666667,0.1934812330092198,0.0976070597381492,0.001218149999886,0.0002624310000101
iris,MI-WNB,1,0.9333333333333332,0.9326599326599326,0.1371980706655847,0.0931617039853673,0.0141982089999146,0.0002248230000532
iris,ABD-NB-L,1,0.9333333333333332,0.9326599326599326,0.1902958927384267,0.1215757540754185,0.004792112999894,0.0001821710000058
iris,ABD-NB-G,1,0.9333333333333332,0.9326599326599326,0.1906221532704973,0.1209507865937547,0.0044127420001132,0.0002313669999693
iris,ABD-NB-C,1,0.8666666666666667,0.8666666666666667,0.2191857600437196,0.1377110136426894,0.0047193779998906,0.0001802460001272
iris,LR,1,0.9333333333333332,0.9326599326599326,0.2308959917140954,0.1016315386284755,0.0067562740000539,0.0006376999999702
iris,kNN,1,0.9333333333333332,0.9326599326599326,0.1859796126761814,0.04,0.0019817159998183,0.0019986830000107
iris,CART,1,0.9333333333333332,0.9326599326599326,1.842068074395237,0.0666666666666666,0.0012528259999271,0.0002045579999503
iris,RF,1,0.9333333333333332,0.9326599326599326,0.1532715638294145,0.1136666666666666,0.3005394300000716,0.0145058479999988
iris,SVM,1,0.9333333333333332,0.9326599326599326,0.1681468989864124,0.1243275664539403,0.0042858950000663,0.0005574200001774
iris,GNB,2,1.0,1.0,0.0012631678473548,0.001255187654179,0.0012429670000528,0.0003208859998267
iris,MI-WNB,2,1.0,1.0,0.0015553962675194,0.0015437614961181,0.0149241680001068,0.0001814170000216
iris,ABD-NB-L,2,1.0,1.0,0.0011868093821517,0.0011799428670157,0.0051264149999497,0.000274121999837
iris,ABD-NB-G,2,1.0,1.0,0.0011778280631167,0.001171115106803,0.0049053610000555,0.0002234809999208
iris,ABD-NB-C,2,1.0,1.0,0.0021549675439845,0.0021374376042851,0.0051142479999271,0.0001858989999163
iris,LR,2,1.0,1.0,0.1120484735617171,0.0994981911967627,0.0067547000001013,0.0005930689999331
iris,kNN,2,0.9333333333333332,0.9326599326599326,0.1057147590544524,0.0799999999999999,0.0020268129999294,0.0018297560000064
iris,CART,2,1.0,1.0,2.220446049250313e-16,0.0,0.0012997070000437,0.0001962779999757
iris,RF,2,1.0,1.0,0.0156989577382041,0.0153333333333333,0.3000067499999659,0.0141916349998609
iris,SVM,2,0.9333333333333332,0.9326599326599326,0.0910859700035059,0.0645089424502018,0.0044433279999793,0.0006343520001337
iris,GNB,3,0.9333333333333332,0.9326599326599326,0.1500308328295809,0.0606843241185295,0.0012329380001574,0.0002954960000352
iris,MI-WNB,3,0.9333333333333332,0.9326599326599326,0.143353536875196,0.0604646348047413,0.015297086999908,0.0001910579999275
iris,ABD-NB-L,3,0.9333333333333332,0.9326599326599326,0.1660943700952907,0.0621530875711238,0.0055369279998558,0.0001965679998647
iris,ABD-NB-G,3,0.9333333333333332,0.9326599326599326,0.1695338936051697,0.0624363129318345,0.0047928520000368,0.0001921230000334
iris,ABD-NB-C,3,0.9333333333333332,0.9326599326599326,0.1505319012505832,0.0615816321849794,0.004557486999829,0.0002514100001462
iris,LR,3,0.9333333333333332,0.9326599326599326,0.1407192830393489,0.1112863849238941,0.0111298570000144,0.0010782390002077
iris,kNN,3,0.9333333333333332,0.9326599326599326,0.0610860487916105,0.04,0.0032756069999777,0.0029217269998298
iris,CART,3,0.9333333333333332,0.9326599326599326,1.8420680743952365,0.0666666666666666,0.0016914289999476,0.0003485010001895
iris,RF,3,0.9333333333333332,0.9326599326599326,0.2265148758893861,0.0613333333333333,0.331897594000111,0.0141182330000901
iris,SVM,3,1.0,1.0,0.0770352550623444,0.0644471415762646,0.0043768509999608,0.0005818070001168
iris,GNB,4,1.0,1.0,0.0414025455402086,0.0376938730546527,0.0012230759998601,0.0002930419998392
iris,MI-WNB,4,1.0,1.0,0.0255451887535302,0.0240884047362972,0.0140994999999293,0.0001727649998883
iris,ABD-NB-L,4,1.0,1.0,0.0327680209389079,0.030450535805955,0.0045522899999923,0.0002106650001678
iris,ABD-NB-G,4,1.0,1.0,0.0316527468925591,0.0294916421134171,0.0047024670000155,0.0001979629998913
iris,ABD-NB-C,4,1.0,1.0,0.0537570961711734,0.0477100636192829,0.0045148369999878,0.0001805869999316
iris,LR,4,1.0,1.0,0.1300327058036215,0.113576765068381,0.0076385149998259,0.0006202670001584
iris,kNN,4,1.0,1.0,0.0829863199230795,0.0666666666666666,0.001891359999945,0.0017478260001553
iris,CART,4,1.0,1.0,2.220446049250313e-16,0.0,0.0012171460000445,0.0002363490000334
iris,RF,4,1.0,1.0,0.0395722842550376,0.0366666666666667,0.3001408100001299,0.0139130820000445
iris,SVM,4,1.0,1.0,0.0650310653705913,0.0592447388200844,0.0043791049999981,0.0005574049998813
iris,GNB,5,1.0,1.0,0.0810193124302863,0.0639767347982646,0.0012553859999115,0.0003474609998193
iris,MI-WNB,5,0.9333333333333332,0.9326599326599326,0.0773720707190119,0.0593970005074867,0.0140918500001134,0.0001712410000891
iris,ABD-NB-L,5,0.9333333333333332,0.9326599326599326,0.0909449146017433,0.0673318300292054,0.0046211500000481,0.000172177999957
iris,ABD-NB-G,5,0.9333333333333332,0.9326599326599326,0.092300360829491,0.0677236617442093,0.0044886739999583,0.000280253000028
iris,ABD-NB-C,5,0.9333333333333332,0.9326599326599326,0.1146495535670572,0.0784892974892622,0.0047951569999895,0.0001859819999481
iris,LR,5,0.9333333333333332,0.9326599326599326,0.172917118470953,0.1386527625266964,0.0078470270000252,0.0006216699998731
iris,kNN,5,0.9333333333333332,0.9326599326599326,0.0951410903760099,0.0133333333333333,0.0022229549999792,0.0020573900001181
iris,CART,5,0.9333333333333332,0.9326599326599326,1.8420680743952365,0.0666666666666666,0.0012945789999321,0.0002035019999766
iris,RF,5,0.9333333333333332,0.9326599326599326,0.160194066141691,0.0346666666666666,0.3038522560000274,0.0166114319999906
iris,SVM,5,0.9333333333333332,0.9326599326599326,0.1536924838325243,0.1064151111824859,0.0056176049999976,0.000637615999949
iris,GNB,6,0.8666666666666667,0.8666666666666667,0.4974464660714032,0.1373799568775,0.0012993519999326,0.0002594539998881
iris,MI-WNB,6,0.8666666666666667,0.8666666666666667,0.3366880709160822,0.1176543697721104,0.0152053520000663,0.000257620000184
iris,ABD-NB-L,6,0.8666666666666667,0.8666666666666667,0.4829735941767081,0.1376417888751953,0.0051488839999365,0.0002366960000017
iris,ABD-NB-G,6,0.8666666666666667,0.8666666666666667,0.4797156274865184,0.1378371097242299,0.0049488209999708,0.0002513990000352
iris,ABD-NB-C,6,0.8666666666666667,0.8666666666666667,0.4062822534925621,0.1385339751827484,0.004792210000005,0.0001604169999609
iris,LR,6,0.8666666666666667,0.8666666666666667,0.2263136679635789,0.1726126518187949,0.0083667240000977,0.0006917709999925
iris,kNN,6,0.8666666666666667,0.8666666666666667,0.2024369512049498,0.0666666666666666,0.0020655220000662,0.002089000000069
iris,CART,6,0.8666666666666667,0.8666666666666667,3.684136148790473,0.1333333333333333,0.0012351860000308,0.0001851590000114
iris,RF,6,0.8666666666666667,0.8666666666666667,0.2800471669538751,0.1083333333333333,0.3123217810000369,0.0146919440001056
iris,SVM,6,0.8666666666666667,0.8666666666666667,0.2089299616707056,0.0969755105391455,0.0042785069999808,0.0007293090000075
iris,GNB,7,0.9333333333333332,0.9326599326599326,0.2414568314844411,0.0648387912963187,0.0011861289999615,0.0002580489999672
iris,MI-WNB,7,0.9333333333333332,0.9326599326599326,0.153902553923213,0.0601450488690102,0.0146875119999094,0.0002033439998285
iris,ABD-NB-L,7,0.9333333333333332,0.9326599326599326,0.2515309193179252,0.0650975822046617,0.0046129840000048,0.0002758269999958
iris,ABD-NB-G,7,0.9333333333333332,0.9326599326599326,0.2542452032634703,0.0651598923410796,0.0045623900000464,0.0002115950001098
iris,ABD-NB-C,7,0.9333333333333332,0.9326599326599326,0.2457976823244463,0.0648920889369732,0.0049616690000675,0.0001694130000942
iris,LR,7,0.9333333333333332,0.9326599326599326,0.0999978394605278,0.0836681100233508,0.0081879819999812,0.0007057510001686
iris,kNN,7,0.9333333333333332,0.9326599326599326,0.1221720975832208,0.04,0.00197985900013,0.0020763129998613
iris,CART,7,0.9333333333333332,0.9326599326599326,1.842068074395237,0.0666666666666666,0.0012615129999176,0.0001899200001389
iris,RF,7,0.9333333333333332,0.9326599326599326,0.1341020541887611,0.0603333333333333,0.3055104360000769,0.0144450160000815
iris,SVM,7,0.9333333333333332,0.9326599326599326,0.1274127088263254,0.0813987926157542,0.0043820200000936,0.0005673739999565
iris,GNB,8,1.0,1.0,0.0468622464030719,0.0422271317107454,0.0011263580001923,0.0003180310000061
iris,MI-WNB,8,1.0,1.0,0.0304442429852983,0.0283826465064912,0.0148168349999195,0.0001756660001319
iris,ABD-NB-L,8,1.0,1.0,0.0393397605464484,0.0359978951920824,0.0048975669999435,0.0002253449999898
iris,ABD-NB-G,8,1.0,1.0,0.0382897399616753,0.0351197669026285,0.0045892939999703,0.0002355839999381
iris,ABD-NB-C,8,1.0,1.0,0.059319356533804,0.0525820830326117,0.0047991419999107,0.0002514849998078
iris,LR,8,1.0,1.0,0.1482215138179445,0.1293344538339241,0.0073303359999954,0.0005450059998111
iris,kNN,8,1.0,1.0,0.0489312783386802,0.04,0.001918668999906,0.0017324240000107
iris,CART,8,1.0,1.0,2.220446049250313e-16,0.0,0.00130597999987,0.0001897180000014
iris,RF,8,1.0,1.0,0.0605044598679317,0.0473333333333334,0.3183911700000408,0.0150326580001092
iris,SVM,8,1.0,1.0,0.0750154043615225,0.0675523496092638,0.0043754250000347,0.0006536420000884
iris,GNB,9,1.0,1.0,0.0021248200644533,0.0021112730517497,0.0012605890001395,0.0002775140001176
iris,MI-WNB,9,1.0,1.0,0.0016642105072465,0.0016572430427708,0.0159042049999698,0.0003061679999518
iris,ABD-NB-L,9,1.0,1.0,0.0015319941762279,0.0015253906165541,0.0051434259999041,0.0002020980000452
iris,ABD-NB-G,9,1.0,1.0,0.0014578901936454,0.0014519640080147,0.004614231000005,0.0002063500000986
iris,ABD-NB-C,9,1.0,1.0,0.0035550841675009,0.00351876933139,0.0050819140001294,0.0001728029999412
iris,LR,9,1.0,1.0,0.0812053379737345,0.0754690558248338,0.0077148499999566,0.0005495409998275
iris,kNN,9,1.0,1.0,0.0297524735085614,0.0266666666666666,0.001988269000094,0.001808222000136
iris,CART,9,1.0,1.0,2.220446049250313e-16,0.0,0.001226238999834,0.0001873319999958
iris,RF,9,1.0,1.0,0.01369238927589,0.0133333333333334,0.3036561110000093,0.0138318369999979
iris,SVM,9,1.0,1.0,0.0337135012914488,0.0329577603900212,0.0047003999998196,0.0007028519999039
iris,GNB,10,1.0,1.0,0.038637925497461,0.0346409926253741,0.0011605800000324,0.0003373779998128
iris,MI-WNB,10,1.0,1.0,0.0264918223995668,0.0245958786190879,0.0141128570001001,0.0001670690000992
iris,ABD-NB-L,10,1.0,1.0,0.0305705194750052,0.0280565564724508,0.0046478950000619,0.0001753629999257
iris,ABD-NB-G,10,1.0,1.0,0.0294175612583617,0.027085766861642,0.0045154249999086,0.0002359560000968
iris,ABD-NB-C,10,1.0,1.0,0.0443952402903856,0.0391321916187993,0.0046468520001781,0.0002095270001518
iris,LR,10,1.0,1.0,0.1220650053869707,0.1032768652445021,0.0076827829998364,0.0005359909998787
iris,kNN,10,0.9333333333333332,0.9326599326599326,0.0908385223001718,0.0666666666666666,0.0020260559999769,0.0016319840001415
iris,CART,10,0.9333333333333332,0.9326599326599326,1.8420680743952365,0.0666666666666666,0.0012035679999371,0.0001822139997784
iris,RF,10,1.0,1.0,0.0706116045280881,0.0586666666666666,0.3024112579998927,0.0137376140000924
iris,SVM,10,1.0,1.0,0.0963403077927029,0.0831574639203786,0.0041052990000025,0.000622599000053
iris,GNB,11,0.9333333333333332,0.9326599326599326,0.1078470662111401,0.0734480029291631,0.0011712360001183,0.0002740519998951
iris,MI-WNB,11,0.9333333333333332,0.9326599326599326,0.0930975834911174,0.017575775946646,0.014299309999842,0.0001809580001008
iris,ABD-NB-L,11,0.9333333333333332,0.9326599326599326,0.1001025492494823,0.0702502814624612,0.0065154069998243,0.0002920390002145
iris,ABD-NB-G,11,0.9333333333333332,0.9326599326599326,0.098520866033158,0.0695272674296681,0.0045975450000241,0.0003173669999796
iris,ABD-NB-C,11,0.9333333333333332,0.9326599326599326,0.1049451987931952,0.071760533241718,0.0046784730000126,0.0002166110000416
iris,LR,11,0.9333333333333332,0.9326599326599326,0.1428592860700246,0.1153013337262687,0.0104230370000095,0.0008777699999882
iris,kNN,11,0.9333333333333332,0.9326599326599326,1.856944311149517,0.0799999999999999,0.002890028000138,0.0026895129999502
iris,CART,11,0.9333333333333332,0.9326599326599326,1.8420680743952365,0.0666666666666666,0.0012621849998595,0.0002043389999926
iris,RF,11,0.9333333333333332,0.9326599326599326,0.1241972247532132,0.0446666666666666,0.3249683950000417,0.0136504459999287
iris,SVM,11,0.9333333333333332,0.9326599326599326,0.1643504136846094,0.061879759579711,0.004209099000036,0.0006484980001459
iris,GNB,12,0.8,0.797979797979798,0.3070649799897639,0.1537406732425111,0.0011082109999733,0.000300376000041
iris,MI-WNB,12,0.8666666666666667,0.8666666666666667,0.2770775472791594,0.1430804963216365,0.0140424559999701,0.0002754160000222
iris,ABD-NB-L,12,0.8,0.797979797979798,0.3544241857202221,0.164152427838537,0.004437426000095,0.0002226560000053
iris,ABD-NB-G,12,0.8,0.797979797979798,0.3634697147866754,0.1657973709558926,0.0044244739999612,0.0001726920002056
iris,ABD-NB-C,12,0.8,0.797979797979798,0.3789643469950061,0.173859823502798,0.0044160689999444,0.0001797449999685
iris,LR,12,0.8,0.797979797979798,0.2885736385766237,0.1588682706821612,0.0066960560000097,0.0005614469998818
iris,kNN,12,0.9333333333333332,0.9326599326599326,0.1930036470533699,0.0666666666666666,0.0019676580000123,0.0017730839999785
iris,CART,12,0.8,0.797979797979798,5.52620422318571,0.1999999999999999,0.0012017799999739,0.0001854530000855
iris,RF,12,0.8,0.797979797979798,0.3435867531391179,0.1426666666666666,0.3002777270000933,0.0137235409999902
iris,SVM,12,0.9333333333333332,0.9326599326599326,0.2448731177568056,0.1742093701883403,0.0041917400001239,0.0006596289999833
iris,GNB,13,0.9333333333333332,0.9326599326599326,0.2322820403195887,0.0883503950792542,0.001185795000083,0.0003125819998786
iris,MI-WNB,13,0.9333333333333332,0.9326599326599326,0.1741993613335983,0.0775082274132327,0.0141754999999648,0.0001728329998513
iris,ABD-NB-L,13,0.9333333333333332,0.9326599326599326,0.232090595843968,0.088489341977067,0.0049071459998231,0.0001997120000396
iris,ABD-NB-G,13,0.9333333333333332,0.9326599326599326,0.2320465656329072,0.088630428337053,0.0043780579999292,0.0001883629997792
iris,ABD-NB-C,13,0.9333333333333332,0.9326599326599326,0.2207353883065361,0.0939104787050996,0.0047490090000792,0.0001916690000598
iris,LR,13,0.9333333333333332,0.9326599326599326,0.131849114562297,0.1067847962089383,0.0082505089999358,0.0006606859999465
iris,kNN,13,1.0,1.0,0.0638075150929608,0.0533333333333333,0.0018872289999762,0.0019239820001075
iris,CART,13,0.9333333333333332,0.9326599326599326,1.8420680743952365,0.0666666666666666,0.0011764040000343,0.0002344030001495
iris,RF,13,0.9333333333333332,0.9326599326599326,0.2737036580389104,0.0689999999999999,0.3431588319999719,0.013435667000067
iris,SVM,13,0.9333333333333332,0.9326599326599326,0.1169178657414358,0.0795960898113609,0.0042080650000571,0.0005601369998657
iris,GNB,14,1.0,1.0,0.0027965508206575,0.0027777505060482,0.0011461309998139,0.000252423999882
iris,MI-WNB,14,1.0,1.0,0.0025920447946852,0.0025760138144516,0.0140586549998715,0.000169790999962
iris,ABD-NB-L,14,1.0,1.0,0.0021372907641174,0.0021266470243358,0.0047366740000143,0.0002024099999289
iris,ABD-NB-G,14,1.0,1.0,0.002029553856811,0.0020199022621802,0.0045011400000021,0.0001924180000969
iris,ABD-NB-C,14,1.0,1.0,0.0045368581814197,0.0044879746695306,0.0047988139999688,0.0001753169999574
iris,LR,14,1.0,1.0,0.0792438569899135,0.0735327003766524,0.0071419180001157,0.0005979430000024
iris,kNN,14,1.0,1.0,2.220446049250313e-16,0.0,0.001849588999903,0.0018657240000266
iris,CART,14,1.0,1.0,2.220446049250313e-16,0.0,0.0012534070001493,0.0002022940000188
iris,RF,14,1.0,1.0,0.0173042951738992,0.0156666666666667,0.2991779779999888,0.0140032459999019
iris,SVM,14,1.0,1.0,0.0260499897249339,0.0256310623979488,0.0042654420001326,0.0005717579999782
iris,GNB,15,1.0,1.0,0.0412438793747408,0.0356553999905715,0.001159355000027,0.0002600020000045
iris,MI-WNB,15,1.0,1.0,0.0337500719872697,0.029637067384762,0.013990227000022,0.0001678829999036
iris,ABD-NB-L,15,1.0,1.0,0.0342941412155564,0.0303181047157931,0.0045612490000621,0.0001754190000156
iris,ABD-NB-G,15,1.0,1.0,0.0334692452597424,0.0296816232357436,0.0044555759998274,0.0001855670000168
iris,ABD-NB-C,15,1.0,1.0,0.0443161963345619,0.0382916008928072,0.00463810500014,0.0003020919998562
iris,LR,15,1.0,1.0,0.1372297804194747,0.1189958186842279,0.0072918180001124,0.0006580900001154
iris,kNN,15,0.9333333333333332,0.9326599326599326,0.0908385223001718,0.0666666666666666,0.0025916700001289,0.0019258919999174
iris,CART,15,0.9333333333333332,0.9326599326599326,1.842068074395237,0.0666666666666666,0.0011870549999457,0.0002395330000126
iris,RF,15,1.0,1.0,0.0775859650279102,0.0653333333333332,0.3077706940000553,0.0136505160000979
iris,SVM,15,1.0,1.0,0.0790274739250173,0.0703553307443909,0.0040956409998216,0.0006836120001025
iris,GNB,16,1.0,1.0,0.0224070395608725,0.0212558665543036,0.0012124439999752,0.000273031000006
iris,MI-WNB,16,1.0,1.0,0.0151896781520594,0.0146571538238172,0.015808590000006,0.0001732629998514
iris,ABD-NB-L,16,1.0,1.0,0.0184642369277852,0.0177093351983508,0.0052203879999979,0.0002249189999474
iris,ABD-NB-G,16,1.0,1.0,0.0178654534479907,0.0171630407814842,0.0055574149998847,0.0002576649999355
iris,ABD-NB-C,16,1.0,1.0,0.0302495181160709,0.0283688581680064,0.0045955269999922,0.000183060999916
iris,LR,16,1.0,1.0,0.0979609764993986,0.0888463339491409,0.0079226550001294,0.0007921419999092
iris,kNN,16,1.0,1.0,0.0489312783386802,0.04,0.0018084890000409,0.00183905699987
iris,CART,16,1.0,1.0,2.220446049250313e-16,0.0,0.001190317999999,0.0002837479999016
iris,RF,16,1.0,1.0,0.0273706066672375,0.0259999999999999,0.3055249670001103,0.0156482879999657
iris,SVM,16,1.0,1.0,0.0531743533963563,0.0497516859053127,0.0041544989999238,0.0006004030001349
iris,GNB,17,1.0,1.0,0.0096258346569349,0.0091468050249659,0.0012199120001241,0.0003477789998669
iris,MI-WNB,17,1.0,1.0,0.0101444112081085,0.0096829297979317,0.0140855669999382,0.0001690870001311
iris,ABD-NB-L,17,1.0,1.0,0.0081952624668794,0.0078503873391033,0.0048017050000908,0.0001786030002222
iris,ABD-NB-G,17,1.0,1.0,0.0080012973986865,0.0076738675696256,0.0043236219999016,0.0001893969999855
iris,ABD-NB-C,17,1.0,1.0,0.0161664990645904,0.0150610741339138,0.0045673399999941,0.0001827570001751
iris,LR,17,1.0,1.0,0.150904316500049,0.1299655864805091,0.0065677619998041,0.0005906129999857
iris,kNN,17,1.0,1.0,0.0786837518472414,0.0666666666666666,0.0019101009997939,0.0017338220000056
iris,CART,17,0.9333333333333332,0.9326599326599326,1.842068074395237,0.0666666666666666,0.0011803610000242,0.0001978569998755
iris,RF,17,1.0,1.0,0.0572999685049721,0.0476666666666666,0.3064948349999667,0.0135783209998407
iris,SVM,17,1.0,1.0,0.0780195010239808,0.0720359403164887,0.0042135639998832,0.0006615339998461
iris,GNB,18,0.8666666666666667,0.8611111111111112,0.60309617203349,0.1276045560208792,0.0013027720001446,0.0003852569998343
iris,MI-WNB,18,0.8666666666666667,0.8611111111111112,0.3763608027455388,0.1231350611514657,0.0138849159998244,0.0002368730001762
iris,ABD-NB-L,18,0.8666666666666667,0.8611111111111112,0.5966577027960605,0.1284385319720143,0.0045235500001581,0.0002815329999066
iris,ABD-NB-G,18,0.8666666666666667,0.8611111111111112,0.595741782978345,0.1285569386653531,0.0043726199999127,0.0001746039999943
iris,ABD-NB-C,18,0.8666666666666667,0.8611111111111112,0.5176469526805288,0.1328687452612676,0.0052162599999974,0.0003303049998066
iris,LR,18,0.8666666666666667,0.8611111111111112,0.207916674286992,0.1527627216522475,0.0074648469999374,0.0006331399999908
iris,kNN,18,0.8666666666666667,0.8611111111111112,0.2294679584121608,0.0933333333333333,0.0019027739999728,0.0017038070000126
iris,CART,18,0.8666666666666667,0.8611111111111112,3.684136148790473,0.1333333333333333,0.0011874720000832,0.0001817710001432
iris,RF,18,0.8666666666666667,0.8611111111111112,0.2368052275081195,0.1116666666666666,0.3083054480000555,0.0143172049999975
iris,SVM,18,0.8666666666666667,0.8611111111111112,0.2185825626596605,0.1202886861160589,0.0042345649999333,0.0005777129999842
iris,GNB,19,1.0,1.0,0.0343192646190453,0.0305867378884442,0.0011270780000813,0.0002464849999341
iris,MI-WNB,19,1.0,1.0,0.0178591589462592,0.0169377538084705,0.013874393000151,0.0001618369999505
iris,ABD-NB-L,19,1.0,1.0,0.032325234009798,0.0290253795756291,0.0049529289999554,0.0002348190000702
iris,ABD-NB-G,19,1.0,1.0,0.0322710594172585,0.0289900002799067,0.0047070750001694,0.0001982730000236
iris,ABD-NB-C,19,1.0,1.0,0.0487860471801673,0.0419034471456575,0.0045474670000658,0.0001810159999422
iris,LR,19,1.0,1.0,0.1283141467739064,0.1135985136466884,0.0076327740000579,0.0005830000000059
iris,kNN,19,1.0,1.0,0.0638075150929608,0.0533333333333333,0.0019099139999525,0.001820576
iris,CART,19,1.0,1.0,2.220446049250313e-16,0.0,0.0012126430001444,0.0001940750000812
iris,RF,19,1.0,1.0,0.0237895304939325,0.0226666666666667,0.3062297579999722,0.0143858579999687
iris,SVM,19,1.0,1.0,0.0556784055481864,0.0530054802668086,0.0049508429999605,0.0005964369997855
iris,GNB,20,1.0,1.0,0.0394335941649919,0.033983868222343,0.0011646340001334,0.0002890050000132
iris,MI-WNB,20,1.0,1.0,0.0253602075896486,0.0231995301625723,0.0152362209998955,0.0001723540001421
iris,ABD-NB-L,20,1.0,1.0,0.0366242736835071,0.0315592315936572,0.0052305839999462,0.0002861999998913
iris,ABD-NB-G,20,1.0,1.0,0.0365119893691232,0.031410077911677,0.0047077570000055,0.0001737100001264
iris,ABD-NB-C,20,1.0,1.0,0.0516650851649121,0.0428577684833843,0.0053048889999445,0.0001984000000447
iris,LR,20,1.0,1.0,0.1467998295555099,0.1297465738948911,0.0081143639999936,0.0008430960001533
iris,kNN,20,1.0,1.0,0.0595049470171227,0.0533333333333333,0.0020719120000194,0.0018766250000226
iris,CART,20,1.0,1.0,2.220446049250313e-16,0.0,0.001309762000119,0.0002129290000993
iris,RF,20,1.0,1.0,0.0224564308376607,0.0216666666666666,0.3294506730001103,0.0159757710000576
iris,SVM,20,1.0,1.0,0.0584971913828896,0.0557457971533043,0.0041477800000393,0.0006253990000004
iris,GNB,21,0.9333333333333332,0.9326599326599326,0.2333866859842223,0.0634597425999455,0.0013717839999571,0.0002949140000509
iris,MI-WNB,21,0.9333333333333332,0.9326599326599326,0.1410979119043993,0.0598987307966234,0.0153894550001041,0.0001787090000107
iris,ABD-NB-L,21,0.9333333333333332,0.9326599326599326,0.2434091047766951,0.0637846824690782,0.0053231320000577,0.000248455000019
iris,ABD-NB-G,21,0.9333333333333332,0.9326599326599326,0.2456537613552267,0.0638362163271755,0.0052886700000271,0.0002432839999073
iris,ABD-NB-C,21,0.9333333333333332,0.9326599326599326,0.2412057401616752,0.0625067216581407,0.005464646999826,0.0001923360000546
iris,LR,21,0.9333333333333332,0.9326599326599326,0.1253669239059735,0.1039433427897715,0.0098728829998435,0.0006822430000283
iris,kNN,21,0.9333333333333332,0.9326599326599326,1.842068074395237,0.0666666666666666,0.0024083769999379,0.0020992160000332
iris,CART,21,0.8666666666666667,0.8666666666666667,3.684136148790473,0.1333333333333333,0.0015142809997996,0.0002606240000204
iris,RF,21,0.9333333333333332,0.9326599326599326,0.1322879246908815,0.075,0.3153316890000042,0.0139493620001758
iris,SVM,21,0.9333333333333332,0.9326599326599326,0.1250541266529836,0.0783124757034338,0.0044539580001128,0.0006252739999581
iris,GNB,22,0.9333333333333332,0.9326599326599326,0.1066345004149047,0.0665332579878129,0.0010984170000938,0.000370637999822
iris,MI-WNB,22,0.9333333333333332,0.9326599326599326,0.0906157468496939,0.0562744399944056,0.0144599660000039,0.0001787040000635
iris,ABD-NB-L,22,0.9333333333333332,0.9326599326599326,0.1121592187939026,0.0662346038485649,0.0047985690000587,0.0002484580002146
iris,ABD-NB-G,22,0.9333333333333332,0.9326599326599326,0.1130552327571596,0.0662138815294477,0.0044798399999308,0.0001951720000761
iris,ABD-NB-C,22,0.9333333333333332,0.9326599326599326,0.1227001283855704,0.0406737441511931,0.0047311299999819,0.0001801290000003
iris,LR,22,0.9333333333333332,0.9326599326599326,0.135550324494865,0.1092639976692545,0.0070103479999943,0.0006801680001444
iris,kNN,22,0.9333333333333332,0.9326599326599326,0.0610860487916105,0.04,0.0018731049999587,0.0017996449998918
iris,CART,22,0.9333333333333332,0.9326599326599326,1.842068074395237,0.0666666666666666,0.0012007809998522,0.0002293570000801
iris,RF,22,0.9333333333333332,0.9326599326599326,0.077314606989771,0.048,0.3052139019998776,0.0141917509999984
iris,SVM,22,0.9333333333333332,0.9326599326599326,0.1065110245588789,0.0723622052285062,0.0044527489999381,0.0005614210001567
iris,GNB,23,1.0,1.0,0.0012425923843132,0.001237204206074,0.0011817629999768,0.0003208539999377
iris,MI-WNB,23,1.0,1.0,0.0012752034299039,0.0012720245315237,0.0153970819999358,0.0002170319999095
iris,ABD-NB-L,23,1.0,1.0,0.0011340084374638,0.0011296614013909,0.005260503999807,0.0002593020001313
iris,ABD-NB-G,23,1.0,1.0,0.0011249239183035,0.0011206845716817,0.0054747679998854,0.0001929019999806
iris,ABD-NB-C,23,1.0,1.0,0.0023441204879407,0.002326781965104,0.0056352960000367,0.0001832289999583
iris,LR,23,1.0,1.0,0.1282831781729308,0.1118314194597073,0.008877898000037,0.0005926500000441
iris,kNN,23,1.0,1.0,0.0978625566773602,0.08,0.0022367459998804,0.0020796179999251
iris,CART,23,0.9333333333333332,0.9326599326599326,1.842068074395237,0.0666666666666666,0.0013230480001311,0.0002273499999319
iris,RF,23,1.0,1.0,0.0483365898667319,0.0393333333333334,0.3121978270000909,0.0141781009999704
iris,SVM,23,1.0,1.0,0.0930132611723789,0.0767913152492589,0.0044318679999832,0.0005574189999606
iris,GNB,24,0.9333333333333332,0.9326599326599326,0.2026729888478733,0.0878940505190574,0.001189437999983,0.0003317230000448
iris,MI-WNB,24,0.9333333333333332,0.9326599326599326,0.1822943340386153,0.0889637313995503,0.0140956289999394,0.0001807230000849
iris,ABD-NB-L,24,0.8666666666666667,0.8666666666666667,0.2268406944950906,0.1037958289637535,0.0047369930000513,0.0002148759999727
iris,ABD-NB-G,24,0.8666666666666667,0.8666666666666667,0.2338589117869099,0.1053647634453257,0.0044161020000501,0.0001726979999148
iris,ABD-NB-C,24,0.8666666666666667,0.8666666666666667,0.2380857181794446,0.0999952943424633,0.0045162419999087,0.0001693759998033
iris,LR,24,0.9333333333333332,0.9326599326599326,0.1749392357527684,0.135995573863024,0.0392652329999236,0.0007979380000051
iris,kNN,24,0.8666666666666667,0.8666666666666667,0.1711033759219008,0.0666666666666666,0.0020419219999894,0.0021121880001828
iris,CART,24,0.9333333333333332,0.9326599326599326,1.8420680743952365,0.0666666666666666,0.0012721650000457,0.0002484789999925
iris,RF,24,0.8666666666666667,0.8666666666666667,0.3760812023271479,0.1093333333333333,0.3079467999998542,0.0140799470000274
iris,SVM,24,1.0,1.0,0.1126266398921097,0.0955448544656512,0.0049953909999658,0.0006478880000031
iris,GNB,25,0.8666666666666667,0.8666666666666667,0.5159366500016423,0.1241062080744512,0.0011101840000264,0.0002603759999146
iris,MI-WNB,25,0.8666666666666667,0.8666666666666667,0.3364369320184702,0.1173695045272364,0.01481654600002,0.0001820280001538
iris,ABD-NB-L,25,0.8666666666666667,0.8666666666666667,0.4982539804130867,0.1246379032355244,0.00477428399995,0.0001860059999216
iris,ABD-NB-G,25,0.8666666666666667,0.8666666666666667,0.4940508528492454,0.124666272472096,0.0045425929999964,0.0001844349999373
iris,ABD-NB-C,25,0.8666666666666667,0.8666666666666667,0.4212318388900213,0.1296836700045109,0.0048060650001389,0.000173155000084
iris,LR,25,0.8666666666666667,0.8666666666666667,0.1934375338584887,0.1432004540740808,0.0081258529999104,0.0006429449999814
iris,kNN,25,0.8666666666666667,0.8666666666666667,1.932906596695408,0.1333333333333333,0.0021135810000032,0.0019715619998805
iris,CART,25,0.8666666666666667,0.8666666666666667,3.684136148790473,0.1333333333333333,0.0012905139999475,0.0002709370000957
iris,RF,25,0.8666666666666667,0.8666666666666667,0.3752325199194712,0.1186666666666665,0.3052392399999917,0.013597369000081
iris,SVM,25,0.8666666666666667,0.8666666666666667,0.1970983568705763,0.1289025543931144,0.004037043000153,0.0006480560000454
iris,GNB,26,1.0,1.0,0.06929356868109,0.0568823103646663,0.0011735830000816,0.000252982999882
iris,MI-WNB,26,0.9333333333333332,0.9326599326599326,0.0910975083553199,0.0665356258939732,0.0142224389999228,0.0001719139997931
iris,ABD-NB-L,26,1.0,1.0,0.065259309825365,0.0536448000293543,0.0045992039999873,0.0002139510002052
iris,ABD-NB-G,26,1.0,1.0,0.0649901421637978,0.0534623320835392,0.0044555729998592,0.0002421179999601
iris,ABD-NB-C,26,1.0,1.0,0.0709112959118741,0.0593678120321934,0.0047483299999839,0.000187047000054
iris,LR,26,0.9333333333333332,0.9326599326599326,0.2122492516891515,0.1106698209714154,0.0072338759998729,0.000619203000042
iris,kNN,26,0.8666666666666667,0.8611111111111112,1.964240171978457,0.1066666666666666,0.0019417840001096,0.0017584939998869
iris,CART,26,0.8666666666666667,0.8611111111111112,3.684136148790473,0.1333333333333333,0.0013284270000895,0.0001905929998429
iris,RF,26,0.9333333333333332,0.9326599326599326,0.20045701063771,0.1129999999999999,0.3080568210000365,0.0136565540001356
iris,SVM,26,0.9333333333333332,0.9326599326599326,0.1767008382777374,0.1199317989725028,0.0043157640000117,0.0006032399999185
iris,GNB,27,0.9333333333333332,0.9326599326599326,0.1032305185908726,0.0715523380653321,0.0011874750000515,0.0002591070001471
iris,MI-WNB,27,1.0,1.0,0.0380045252843923,0.0323516539422186,0.0141564530001687,0.0001690550000148
iris,ABD-NB-L,27,0.9333333333333332,0.9326599326599326,0.0929228088113161,0.0660926622258037,0.0051620339997953,0.0002532999999402
iris,ABD-NB-G,27,0.9333333333333332,0.9326599326599326,0.0904730460944662,0.064779244162095,0.0051903839998885,0.0002209079998465
iris,ABD-NB-C,27,0.9333333333333332,0.9326599326599326,0.1306476826788402,0.0881042127161723,0.0054489419999299,0.0001983880001716
iris,LR,27,1.0,1.0,0.123522760785359,0.1115783601461166,0.026786009000034,0.0007714440000654
iris,kNN,27,1.0,1.0,0.0489312783386802,0.04,0.0019497680000313,0.0020462810000481
iris,CART,27,1.0,1.0,2.220446049250313e-16,0.0,0.0012967539998953,0.0001867930000116
iris,RF,27,1.0,1.0,0.0458028197707095,0.0426666666666666,0.3091208270000152,0.0142047209999418
iris,SVM,27,1.0,1.0,0.0770556861228468,0.0703708741810556,0.0042465849999189,0.0006120430000464
iris,GNB,28,1.0,1.0,0.0144160268258396,0.013658697136137,0.0013614409999718,0.0002694249999422
iris,MI-WNB,28,1.0,1.0,0.013706889788204,0.0129809992887292,0.0146781060000193,0.0001943879999544
iris,ABD-NB-L,28,1.0,1.0,0.0120687687305,0.0115282988220085,0.0047419580000678,0.0002388490001976
iris,ABD-NB-G,28,1.0,1.0,0.0117855428076704,0.0112678652602231,0.0048458340002071,0.0002281519998632
iris,ABD-NB-C,28,1.0,1.0,0.0191891024661979,0.0179020614357156,0.0050312020000546,0.0001928510000652
iris,LR,28,1.0,1.0,0.1015084736585623,0.0880800919958123,0.0081989720001729,0.0005987329998333
iris,kNN,28,1.0,1.0,0.0681100831687989,0.0533333333333333,0.0019836159999613,0.0017835549999745
iris,CART,28,1.0,1.0,2.220446049250313e-16,0.0,0.0012413009999363,0.0002753409999058
iris,RF,28,1.0,1.0,0.0117255108393746,0.0113333333333335,0.3198305050000272,0.0157265000000279
iris,SVM,28,1.0,1.0,0.0661733903047424,0.0586721219054048,0.0049558220000562,0.0006963119999454
iris,GNB,29,1.0,1.0,0.0195969189008383,0.0174833392426718,0.0011928309997983,0.0002813179999066
iris,MI-WNB,29,1.0,1.0,0.0170597457149371,0.0155001674673875,0.014917663999995,0.0001847539999744
iris,ABD-NB-L,29,1.0,1.0,0.0161338816593065,0.0146839638378535,0.0050973779998457,0.0002381320000495
iris,ABD-NB-G,29,1.0,1.0,0.0157949831647868,0.0144040614026642,0.0049253390000103,0.0002166740000575
iris,ABD-NB-C,29,1.0,1.0,0.0222768039043502,0.0198813116141008,0.0045407800000702,0.0001800009999897
iris,LR,29,1.0,1.0,0.1265682727118827,0.105489895373624,0.0214681449999716,0.0006992260000515
iris,kNN,29,0.9333333333333332,0.9326599326599326,0.0951410903760099,0.0133333333333333,0.001903896000158,0.0019575219998841
iris,CART,29,1.0,1.0,2.220446049250313e-16,0.0,0.0016070850001597,0.0002131139999619
iris,RF,29,1.0,1.0,0.0504548090586514,0.0403333333333334,0.3136842730000353,0.0143029669998213
iris,SVM,29,1.0,1.0,0.1188150264370538,0.0972107811512957,0.0041638620000412,0.0005483780000758
wine,GNB,0,1.0,1.0,0.0023765041109639,0.0023530079937879,0.0012873579998995,0.0003423020000354
wine,MI-WNB,0,1.0,1.0,0.0088393439268539,0.0085668223633185,0.0606230990001677,0.0001897019999432
wine,ABD-NB-L,0,1.0,1.0,0.0034446047180294,0.003395613052988,0.0091153299999859,0.0002372310000282
wine,ABD-NB-G,0,1.0,1.0,0.0043123524975874,0.004223821196709,0.0084434549999059,0.0002274470000429
wine,ABD-NB-C,0,1.0,1.0,0.0011621071277117,0.0011532260325909,0.0087093730001015,0.0002068459998554
wine,LR,0,1.0,1.0,0.0509127912790057,0.0436787266097935,0.0077534550000564,0.0005652069999086
wine,kNN,0,1.0,1.0,0.0247937279238012,0.0222222222222222,0.0020447319998311,0.0019018530001631
wine,CART,0,1.0,1.0,2.220446049250313e-16,0.0,0.0023652130000755,0.0001884230000541
wine,RF,0,1.0,1.0,0.116473978415605,0.103611111111111,0.3262491460000092,0.0144597779999458
wine,SVM,0,1.0,1.0,0.0349644774086742,0.0334396180150847,0.0060438709999743,0.0005726300000787
wine,GNB,1,1.0,1.0,0.0030954204646484,0.0030224346979303,0.0011407189999772,0.0003389470000456
wine,MI-WNB,1,1.0,1.0,0.0118776501346798,0.0110684654493514,0.0441567899999881,0.0001814310001009
wine,ABD-NB-L,1,1.0,1.0,0.0041999547835928,0.0040709710667741,0.0087074680000114,0.0002315500000804
wine,ABD-NB-G,1,1.0,1.0,0.0044361315956969,0.0042881022997873,0.0091642009999759,0.0002553020001414
wine,ABD-NB-C,1,1.0,1.0,0.0017783864870427,0.001760131706798,0.0088593530001617,0.0001941289999649
wine,LR,1,0.9444444444444444,0.9407407407407408,0.0868814638274672,0.0640437589355826,0.0082904579999194,0.0005847989998528
wine,kNN,1,0.9444444444444444,0.9487179487179488,0.1484395085825744,0.0444444444444444,0.0020769339998878,0.0017591600001196
wine,CART,1,0.8888888888888888,0.8885003885003885,3.070113457325394,0.1111111111111111,0.0016961880000962,0.0001734550000946
wine,RF,1,1.0,1.0,0.1305738557293891,0.1166666666666666,0.3169533239999964,0.0138646769999013
wine,SVM,1,1.0,1.0,0.0800232242753182,0.0644847510126632,0.0058932609999828,0.00071527099999
wine,GNB,2,1.0,1.0,0.0028780524261983,0.0028413071431663,0.0011498090000259,0.0002684070000213
wine,MI-WNB,2,1.0,1.0,0.0190480014537543,0.0175857583518879,0.0418660350001118,0.0002281260001382
wine,ABD-NB-L,2,1.0,1.0,0.0029900483946945,0.0029491724403487,0.0082997990000421,0.000239122000039
wine,ABD-NB-G,2,1.0,1.0,0.0025255292045136,0.0024883154329038,0.0084334240000316,0.0001862130000063
wine,ABD-NB-C,2,1.0,1.0,0.0060085002448069,0.0058298208489213,0.0088253950000307,0.0001834170000165
wine,LR,2,1.0,1.0,0.0363441810677812,0.0319872683873421,0.0074495730000307,0.0005658380000568
wine,kNN,2,0.9444444444444444,0.944055944055944,1.5722473205483989,0.0888888888888888,0.0020164410000234,0.0017878700000437
wine,CART,2,0.8888888888888888,0.8688034188034188,3.070113457325394,0.1111111111111111,0.0017608050000035,0.0001767179999205
wine,RF,2,1.0,1.0,0.1070069095253396,0.093611111111111,0.3092996770001264,0.0140162220000092
wine,SVM,2,1.0,1.0,0.0541726362269125,0.050135797774155,0.0064569580001716,0.000637523000023
wine,GNB,3,1.0,1.0,0.0124612499733757,0.0112800276968378,0.001131948999955,0.000325974999896
wine,MI-WNB,3,0.9444444444444444,0.9474747474747476,0.0409035949934479,0.0298726484203109,0.0434873599999718,0.0001889349998691
wine,ABD-NB-L,3,1.0,1.0,0.0142892564812363,0.0127761648036222,0.0090638579999904,0.0002115830000093
wine,ABD-NB-G,3,1.0,1.0,0.0143954058557499,0.0128474548529895,0.0084515250000549,0.0001999139999497
wine,ABD-NB-C,3,1.0,1.0,0.0091485471268352,0.0087143221088938,0.0088370220000797,0.0002394250000179
wine,LR,3,1.0,1.0,0.0183974062896846,0.0177831503152937,0.0074244630000066,0.000597351000124
wine,kNN,3,1.0,1.0,0.0567584026406658,0.0444444444444444,0.0021685359999992,0.0017905059999065
wine,CART,3,0.9444444444444444,0.9487179487179488,1.535056728662697,0.0555555555555555,0.0015433759999723,0.0001932689999648
wine,RF,3,1.0,1.0,0.0657453739294617,0.058888888888889,0.3175828470000397,0.0137538330000097
wine,SVM,3,1.0,1.0,0.0414862754567962,0.0386882276586603,0.0058730490000016,0.0006872819999443
wine,GNB,4,1.0,1.0,0.000237627674335,0.0002373863861886,0.0012309919998187,0.0002636409999468
wine,MI-WNB,4,1.0,1.0,0.0023697407931223,0.0023407459266135,0.0429585809999935,0.0002084010000089
wine,ABD-NB-L,4,1.0,1.0,0.0004027019096388,0.0004020106125116,0.0089571659998455,0.0002092779998292
wine,ABD-NB-G,4,1.0,1.0,0.0004813230100778,0.0004801900059463,0.0085701150001114,0.0001778079999894
wine,ABD-NB-C,4,1.0,1.0,0.000577467471399,0.0005753626191958,0.0084980589999759,0.0001742679999097
wine,LR,4,0.9444444444444444,0.944055944055944,0.103530293107241,0.0517204737098349,0.007772679999789,0.0006024720000823
wine,kNN,4,1.0,1.0,0.0939489945263674,0.0777777777777777,0.0022110799998245,0.0017796489999
wine,CART,4,0.9444444444444444,0.9474747474747476,1.535056728662697,0.0555555555555555,0.0017881899998428,0.0001796479998574
wine,RF,4,1.0,1.0,0.1578642570958421,0.1363888888888888,0.3286576640000476,0.0151584380000713
wine,SVM,4,1.0,1.0,0.0882431449694041,0.079911774322777,0.006093139000086,0.0006354350000492
wine,GNB,5,0.9444444444444444,0.944055944055944,0.0865473810017414,0.0443404599508462,0.0013062709999758,0.0002537180000672
wine,MI-WNB,5,0.9444444444444444,0.944055944055944,0.1423258445897704,0.0525795033349053,0.042963636999957,0.000188683000033
wine,ABD-NB-L,5,0.9444444444444444,0.944055944055944,0.0717888790379058,0.0407800040642914,0.0087664210000184,0.0002183640001476
wine,ABD-NB-G,5,0.9444444444444444,0.944055944055944,0.0731156337426142,0.0409051598755088,0.0085623489999306,0.0001929699999436
wine,ABD-NB-C,5,0.9444444444444444,0.944055944055944,0.1746403089331265,0.0513237977695983,0.0088859299999057,0.000184592000096
wine,LR,5,1.0,1.0,0.0340910327536233,0.0313897807555889,0.0078139190000001,0.0007049210000786
wine,kNN,5,1.0,1.0,0.0851376039609986,0.0666666666666666,0.0020989340000596,0.0017868319998797
wine,CART,5,0.8333333333333334,0.8311688311688311,4.605170185988091,0.1666666666666666,0.0017004789999646,0.0001758169998993
wine,RF,5,0.9444444444444444,0.944055944055944,0.1200237810665852,0.0880555555555555,0.313486021000017,0.0141881739998552
wine,SVM,5,1.0,1.0,0.0436078176620537,0.0408006384828382,0.0061603189999459,0.000854653000033
wine,GNB,6,1.0,1.0,0.0102595314941904,0.0094393600658571,0.0012702540000191,0.0003183970000009
wine,MI-WNB,6,0.9444444444444444,0.9487179487179488,0.1223747879414141,0.0499926861450828,0.0429410740000548,0.0002384069998697
wine,ABD-NB-L,6,1.0,1.0,0.0074500246116557,0.0070426837248648,0.0089107090000197,0.0001964859998224
wine,ABD-NB-G,6,1.0,1.0,0.0038754845855701,0.0037684676565881,0.0087422439999045,0.0002112050001414
wine,ABD-NB-C,6,1.0,1.0,0.005354500786314,0.0051162786118161,0.008707663999985,0.0001756020001266
wine,LR,6,1.0,1.0,0.025164166363277,0.0245016940527636,0.0084239830000569,0.0006859919999442
wine,kNN,6,1.0,1.0,0.0247937279238012,0.0222222222222222,0.0021096469999974,0.0019900829997823
wine,CART,6,0.9444444444444444,0.944055944055944,1.535056728662697,0.0555555555555555,0.0016268189999664,0.0002418750000288
wine,RF,6,1.0,1.0,0.1256292254060414,0.1113888888888888,0.3140515800000685,0.013817637999864
wine,SVM,6,1.0,1.0,0.0397480961038097,0.0383236152492901,0.0057115170000088,0.0005966280000393
wine,GNB,7,0.8888888888888888,0.888888888888889,0.3072077215488265,0.0911280890849089,0.0011222329999327,0.0002559629999723
wine,MI-WNB,7,0.8888888888888888,0.888888888888889,0.1373147828362209,0.0788952269614373,0.0434796930001084,0.0002192530000684
wine,ABD-NB-L,7,0.8888888888888888,0.888888888888889,0.2925907047745705,0.0872815963294086,0.0084966749998329,0.0002187439999943
wine,ABD-NB-G,7,0.9444444444444444,0.944055944055944,0.3127575422155253,0.0797380120544192,0.0084214690000408,0.0001901930002077
wine,ABD-NB-C,7,0.9444444444444444,0.944055944055944,0.3393694840847679,0.0801183204623981,0.0087814039998193,0.0001863850000063
wine,LR,7,0.9444444444444444,0.944055944055944,0.0972775031143573,0.0289530323831491,0.0073727139999846,0.000629957000001
wine,kNN,7,0.9444444444444444,0.944055944055944,0.1461716199981158,0.0888888888888888,0.0020444609999685,0.0017856910001228
wine,CART,7,0.8888888888888888,0.888888888888889,3.070113457325394,0.1111111111111111,0.0016395000000102,0.0001723880000099
wine,RF,7,0.9444444444444444,0.944055944055944,0.1491614424854562,0.115,0.3113064640001539,0.0137915620000512
wine,SVM,7,0.9444444444444444,0.944055944055944,0.0945796481514641,0.0658797581874632,0.0059563309998793,0.0005998940000608
wine,GNB,8,0.9411764705882352,0.9474747474747476,0.3630959290364168,0.0566425220649996,0.0011405109999031,0.0002639379999891
wine,MI-WNB,8,0.8823529411764706,0.8968253968253969,0.1306122247193233,0.0803971347886474,0.0431702909997966,0.0002467280000928
wine,ABD-NB-L,8,0.9411764705882352,0.9474747474747476,0.3392922103487775,0.0562252541338428,0.0089599140001155,0.0001947709999967
wine,ABD-NB-G,8,0.9411764705882352,0.9474747474747476,0.3272730689477365,0.0549179028469211,0.0084790900000371,0.0002359840000281
wine,ABD-NB-C,8,0.9411764705882352,0.9474747474747476,0.3912862677158808,0.0578463424933296,0.0092680779998772,0.000230958999964
wine,LR,8,1.0,1.0,0.0788236971821597,0.0698539750708447,0.0114621370000804,0.0005917180001233
wine,kNN,8,0.8823529411764706,0.8968253968253969,1.6923797293598184,0.1058823529411764,0.0020993499999804,0.0020386339999731
wine,CART,8,0.8823529411764706,0.8968253968253969,3.250708366579829,0.1176470588235294,0.0018168269998568,0.0002185179998832
wine,RF,8,0.9411764705882352,0.9487179487179488,0.1674787786124707,0.1261764705882352,0.3239003900000625,0.0139324239999041
wine,SVM,8,1.0,1.0,0.0827585703431376,0.063623888018226,0.0057709630000317,0.0006601669999781
wine,GNB,9,0.9411764705882352,0.943355119825708,0.0935694618638535,0.0511775659318317,0.0011685689999012,0.0002680029999737
wine,MI-WNB,9,0.9411764705882352,0.943355119825708,0.0925599316499077,0.0532695628716252,0.0442771319999337,0.0002749940001649
wine,ABD-NB-L,9,0.9411764705882352,0.943355119825708,0.1032928221223025,0.0539362759624481,0.0152098069997919,0.0003355289998125
wine,ABD-NB-G,9,0.9411764705882352,0.943355119825708,0.1278052309179796,0.0489857147336375,0.0086091309999574,0.0002170329998989
wine,ABD-NB-C,9,0.9411764705882352,0.943355119825708,0.0885154517255256,0.0510917108768013,0.0090380530000402,0.0001871950000804
wine,LR,9,1.0,1.0,0.0661520315942006,0.0599108811012237,0.0078721990000758,0.0006434869999338
wine,kNN,9,0.9411764705882352,0.9474747474747476,0.0970741121737858,0.0235294117647058,0.0022159489999467,0.0019196499999907
wine,CART,9,0.8235294117647058,0.8208061002178649,4.876062549869744,0.1764705882352941,0.0017257309998512,0.0001954780000232
wine,RF,9,1.0,1.0,0.1382633740813592,0.1170588235294117,0.3238476540000192,0.0141510749999724
wine,SVM,9,0.9411764705882352,0.9327731092436974,0.1042091772455513,0.0777530110140122,0.0062099910001052,0.0006515469999612
wine,GNB,10,1.0,1.0,0.0389808381457891,0.0299253997104699,0.0016649700000925,0.0003268630000548
wine,MI-WNB,10,0.9444444444444444,0.944055944055944,0.0594022570087373,0.0433912808001494,0.0450311069998861,0.0001951640001607
wine,ABD-NB-L,10,1.0,1.0,0.0335141460790435,0.0272478536131929,0.0086850399998184,0.0002958659999876
wine,ABD-NB-G,10,1.0,1.0,0.0217870269488147,0.0194092207638888,0.008695482000121,0.0001948940000602
wine,ABD-NB-C,10,1.0,1.0,0.0235665533829776,0.0202629942751949,0.0086118809999788,0.0002080360000036
wine,LR,10,1.0,1.0,0.0320420497904767,0.0298051900539129,0.0073331209998741,0.000565349999988
wine,kNN,10,1.0,1.0,0.053172929244134,0.0444444444444444,0.0020916299999953,0.0017623869998715
wine,CART,10,0.8333333333333334,0.8307692307692308,4.605170185988091,0.1666666666666666,0.0017062770000393,0.0001824510000005
wine,RF,10,1.0,1.0,0.116223203183831,0.1016666666666666,0.312414002999958,0.0136665640000046
wine,SVM,10,1.0,1.0,0.045701771100009,0.0423286758504897,0.0058158479998837,0.000642998000103
wine,GNB,11,1.0,1.0,0.0177705646355541,0.0152726757037706,0.0012850310001795,0.0002934070000719
wine,MI-WNB,11,0.9444444444444444,0.9487179487179488,0.1321303899106622,0.0511039581619549,0.0434608059999845,0.0002008040000873
wine,ABD-NB-L,11,1.0,1.0,0.0114795291753754,0.0104320772303133,0.0083278179999979,0.0002892079999128
wine,ABD-NB-G,11,1.0,1.0,0.0053637674852196,0.0051372017573218,0.0085238219999155,0.00025565299984
wine,ABD-NB-C,11,1.0,1.0,0.0050459840836272,0.0048563540953308,0.0087342240001362,0.0002849990000868
wine,LR,11,1.0,1.0,0.013796428302373,0.0133210462192863,0.007187378000026,0.0006042320001142
wine,kNN,11,1.0,1.0,0.0655697932060346,0.0555555555555555,0.0023199409999961,0.0017839829999957
wine,CART,11,0.9444444444444444,0.944055944055944,1.535056728662697,0.0555555555555555,0.0017481709999174,0.0001711049999357
wine,RF,11,1.0,1.0,0.0887143232935011,0.0783333333333333,0.3131198500000209,0.0139394220000212
wine,SVM,11,1.0,1.0,0.0456174190765296,0.0431633540594278,0.005924799000013,0.0005819120001433
wine,GNB,12,0.9444444444444444,0.9474747474747476,0.150300333402062,0.0743426888111683,0.0011578409998946,0.0003174070000113
wine,MI-WNB,12,0.8888888888888888,0.8916666666666666,0.1748331412892118,0.089977012520513,0.0426387540001087,0.0002000530000714
wine,ABD-NB-L,12,0.9444444444444444,0.9474747474747476,0.1598019112855237,0.0772921766038372,0.0086596659998576,0.0002301630001966
wine,ABD-NB-G,12,0.8888888888888888,0.8916666666666666,0.1902137651397633,0.0816067517439162,0.0088440410002021,0.0001917600000069
wine,ABD-NB-C,12,0.9444444444444444,0.9474747474747476,0.107399845658652,0.0384994884502704,0.0083161039999595,0.0001983500001188
wine,LR,12,1.0,1.0,0.0663197884547436,0.0593453994033247,0.0074385769999025,0.000690201999987
wine,kNN,12,0.9444444444444444,0.944055944055944,0.1288716978276104,0.0555555555555555,0.0020695870000508,0.0019773440001245
wine,CART,12,0.8888888888888888,0.8968253968253969,3.070113457325394,0.1111111111111111,0.0017077669999707,0.0001759950000632
wine,RF,12,1.0,1.0,0.1388162206977673,0.1163888888888888,0.3108156239998152,0.0139291139998931
wine,SVM,12,1.0,1.0,0.0675931210351871,0.0624236817684522,0.0059902450000208,0.0006257970001115
wine,GNB,13,1.0,1.0,0.001467115178763,0.0014596408212985,0.0012660960001085,0.0002685839999685
wine,MI-WNB,13,1.0,1.0,0.0059468277487742,0.0058512069347977,0.0429787079999641,0.000196667000182
wine,ABD-NB-L,13,1.0,1.0,0.0020732874167602,0.0020570097744969,0.0098263219999807,0.0002567750000252
wine,ABD-NB-G,13,1.0,1.0,0.0022391937649405,0.0022135798579427,0.0083148779999646,0.0001942689998486
wine,ABD-NB-C,13,1.0,1.0,0.0032785397310549,0.0031993817541062,0.0090749739999864,0.0002344939998693
wine,LR,13,0.9444444444444444,0.944055944055944,0.1234117199566364,0.0747848018401491,0.0075858410000364,0.0005549929999233
wine,kNN,13,0.9444444444444444,0.9487179487179488,0.0916811059419088,0.0222222222222222,0.0021090109999022,0.0018490069999188
wine,CART,13,0.9444444444444444,0.9487179487179488,1.535056728662697,0.0555555555555555,0.0016889910000372,0.000218876999952
wine,RF,13,1.0,1.0,0.1030664442272127,0.0894444444444444,0.3080990400001155,0.0139064520001284
wine,SVM,13,1.0,1.0,0.0489225320951825,0.0461439689007444,0.0057767710000007,0.0005925560001287
wine,GNB,14,1.0,1.0,0.039975476462403,0.0315202817502483,0.0011525259999416,0.0003158229999371
wine,MI-WNB,14,0.8888888888888888,0.8885003885003885,0.1451274794528599,0.0807257162276443,0.0430005190000883,0.000184069999932
wine,ABD-NB-L,14,1.0,1.0,0.0362038258974966,0.029431489009334,0.0088664960001096,0.0001875999998901
wine,ABD-NB-G,14,1.0,1.0,0.0384580309881137,0.030952189025156,0.0085776509999959,0.0001881389998743
wine,ABD-NB-C,14,0.9444444444444444,0.944055944055944,0.08636032496895,0.0460638056302088,0.0086889230001361,0.0002235430001746
wine,LR,14,1.0,1.0,0.053765593360547,0.0466379560824145,0.0079931709999527,0.000599720000082
wine,kNN,14,0.9444444444444444,0.9487179487179488,1.5758327939449306,0.0888888888888888,0.0019757739999022,0.00172163000002
wine,CART,14,0.8888888888888888,0.8885003885003885,3.070113457325394,0.1111111111111111,0.001758695000035,0.0001772460000211
wine,RF,14,0.8888888888888888,0.8885003885003885,0.1939257652805478,0.1122222222222221,0.3168285089998335,0.0156911290000607
wine,SVM,14,1.0,1.0,0.0472273498520282,0.0444288375231428,0.0061934070001825,0.0006559050000305
wine,GNB,15,1.0,1.0,0.0005826739238241,0.0005802342168494,0.0012440510001852,0.000293479999982
wine,MI-WNB,15,1.0,1.0,0.0010774341514405,0.0010708923485247,0.0448582719998285,0.0001964359998964
wine,ABD-NB-L,15,1.0,1.0,0.0007005661960083,0.0006975601264181,0.009678139000016,0.0001995210000131
wine,ABD-NB-G,15,1.0,1.0,0.0004370310157497,0.0004361862048063,0.0095428829999946,0.0002022900000611
wine,ABD-NB-C,15,1.0,1.0,0.0020388711355923,0.0020171647351685,0.0098742320001292,0.0002578680000624
wine,LR,15,0.9444444444444444,0.9407407407407408,0.0671327510389622,0.0492718515235619,0.0087928609998471,0.0005838350000431
wine,kNN,15,1.0,1.0,0.0691552666025663,0.0555555555555555,0.0022921600000245,0.0018163499998991
wine,CART,15,0.9444444444444444,0.944055944055944,1.535056728662697,0.0555555555555555,0.0016462779999528,0.0002138820000254
wine,RF,15,1.0,1.0,0.0936635275908266,0.0841666666666667,0.3089433160000681,0.0137055129998771
wine,SVM,15,1.0,1.0,0.0824574023716707,0.066767811756393,0.0060621040001933,0.0006421819998649
wine,GNB,16,0.9444444444444444,0.944055944055944,0.1975061588473427,0.0509119621369371,0.0011792320001404,0.0002960290000828
wine,MI-WNB,16,0.9444444444444444,0.944055944055944,0.0595070129909884,0.0442215851612629,0.0425282510000215,0.000222506
wine,ABD-NB-L,16,0.9444444444444444,0.944055944055944,0.1982952431803458,0.050338921285949,0.008946509999987,0.0002037509998444
wine,ABD-NB-G,16,0.9444444444444444,0.944055944055944,0.2385340306043998,0.0584112250452087,0.0085385160000441,0.0002176359998884
wine,ABD-NB-C,16,0.9444444444444444,0.944055944055944,0.2700591380082746,0.0647820204471985,0.0088353900000583,0.0002187349998621
wine,LR,16,0.9444444444444444,0.944055944055944,0.1178708206488843,0.082259088188439,0.0075140149999697,0.0005938570000125
wine,kNN,16,0.8888888888888888,0.888888888888889,1.6267378346046055,0.0777777777777777,0.0019276819998594,0.0018808770000759
wine,CART,16,0.9444444444444444,0.944055944055944,1.535056728662697,0.0555555555555555,0.0015542589999313,0.0001907490000121
wine,RF,16,0.9444444444444444,0.944055944055944,0.1957996950415066,0.0716666666666666,0.3085891319999518,0.0150644759999067
wine,SVM,16,0.9444444444444444,0.944055944055944,0.1377978340226493,0.09815823706139,0.0058108260000153,0.0006117959999301
wine,GNB,17,1.0,1.0,0.0020094186426549,0.0019736735665831,0.0012402490001477,0.0002582669999355
wine,MI-WNB,17,1.0,1.0,0.0027109142995662,0.00267339029215,0.0416754339998988,0.0002571690001786
wine,ABD-NB-L,17,1.0,1.0,0.0026866513403544,0.0026231370945334,0.0085424999999759,0.0001895249999961
wine,ABD-NB-G,17,1.0,1.0,0.0025930536759051,0.0025337967109406,0.0086567549999472,0.0001867949999905
wine,ABD-NB-C,17,1.0,1.0,0.0036006097064187,0.0034874614486773,0.0084125719999974,0.0002025370001774
wine,LR,17,1.0,1.0,0.0272404620022993,0.0232372598064568,0.0083127679999961,0.0006341470000279
wine,kNN,17,1.0,1.0,0.0371905918857018,0.0333333333333333,0.002047962000006,0.0019378350000351
wine,CART,17,0.8333333333333334,0.8321678321678322,4.605170185988091,0.1666666666666666,0.0017655730000569,0.0001903760000914
wine,RF,17,1.0,1.0,0.1257388166106078,0.1119444444444444,0.3089328349999505,0.0137248250000538
wine,SVM,17,0.9444444444444444,0.9407407407407408,0.0905306107640062,0.0569510810956443,0.0058508969998456,0.0005972869998913
wine,GNB,18,0.9411764705882352,0.9474747474747476,0.3924196160664042,0.0586867256934681,0.0012460890000056,0.0003163060000588
wine,MI-WNB,18,0.9411764705882352,0.9474747474747476,0.086070488151819,0.0458480535943575,0.042352861999916,0.000246830999913
wine,ABD-NB-L,18,0.9411764705882352,0.9474747474747476,0.3652570113880873,0.0586247373530987,0.0084832380000534,0.0002314999999271
wine,ABD-NB-G,18,0.9411764705882352,0.9474747474747476,0.3496190160629316,0.0586216107722873,0.0085552919999827,0.0002517369998713
wine,ABD-NB-C,18,0.9411764705882352,0.9474747474747476,0.4026741007771154,0.0587560464789677,0.0089513800000986,0.0002218839999841
wine,LR,18,1.0,1.0,0.0451345895483018,0.0395678933895742,0.0072048560000439,0.0006834490000073
wine,kNN,18,1.0,1.0,0.043174657357659,0.0352941176470588,0.0020007020000321,0.0018678440001167
wine,CART,18,1.0,1.0,2.220446049250313e-16,0.0,0.0015627259999746,0.0002023770000505
wine,RF,18,1.0,1.0,0.0948718279287196,0.0841176470588236,0.3102148049999869,0.013936220000005
wine,SVM,18,0.9411764705882352,0.9474747474747476,0.0687058916333585,0.0485786237532104,0.0058404199999131,0.0005740930000683
wine,GNB,19,1.0,1.0,0.0019574650768461,0.0019411468800268,0.0011624050000591,0.0002975249999508
wine,MI-WNB,19,1.0,1.0,0.0159290533113092,0.015135967701193,0.042550441000003,0.0001781339999524
wine,ABD-NB-L,19,1.0,1.0,0.0018801185293063,0.0018675235134196,0.008599471000025,0.0002592480000203
wine,ABD-NB-G,19,1.0,1.0,0.0010694448188167,0.001066116742503,0.0086275849998855,0.0002386129999649
wine,ABD-NB-C,19,1.0,1.0,0.001386831316381,0.0013744430643402,0.0090357280000716,0.0002227600000423
wine,LR,19,1.0,1.0,0.0455338302731202,0.0426861907903448,0.0081765049999376,0.0006759870000223
wine,kNN,19,1.0,1.0,0.0393782737613313,0.0352941176470587,0.0021296180000263,0.0018399319999389
wine,CART,19,1.0,1.0,2.220446049250313e-16,0.0,0.0017481960001077,0.0001916549999805
wine,RF,19,1.0,1.0,0.1351809610618177,0.1205882352941176,0.3104015530000197,0.0140895690001343
wine,SVM,19,1.0,1.0,0.0494349715290139,0.047089829497292,0.0061265540000476,0.0006953759998395
wine,GNB,20,1.0,1.0,0.0002804711395965,0.0002799952022241,0.001305671999944,0.0003417839998292
wine,MI-WNB,20,1.0,1.0,0.0015497767356046,0.0015391874384353,0.0436304459999519,0.0002028230001087
wine,ABD-NB-L,20,1.0,1.0,0.0003234081512745,0.0003227362796592,0.0086878209999667,0.0001939389999279
wine,ABD-NB-G,20,1.0,1.0,0.0001346958497003,0.000134563697246,0.0087142679999487,0.0001999559999603
wine,ABD-NB-C,20,1.0,1.0,0.0006272416087452,0.000624459381927,0.0086968349999096,0.0001977059998807
wine,LR,20,1.0,1.0,0.0131146967622679,0.0125684675432901,0.0070895200001359,0.0006502480000563
wine,kNN,20,1.0,1.0,0.0407760652822335,0.0333333333333333,0.0019603270000061,0.0018437520000134
wine,CART,20,1.0,1.0,2.220446049250313e-16,0.0,0.0018099440001151,0.0001846929999373
wine,RF,20,1.0,1.0,0.0637842022974341,0.0577777777777778,0.3156554380000216,0.0145803190000606
wine,SVM,20,1.0,1.0,0.0413093819916971,0.0389672866122418,0.0060197510001671,0.0006011489999764
wine,GNB,21,0.9444444444444444,0.944055944055944,0.2240875424863344,0.0542429976979872,0.0012017020001167,0.000261939999973
wine,MI-WNB,21,0.9444444444444444,0.944055944055944,0.0573146368197977,0.0364983089802859,0.0432461529999272,0.0002159189998565
wine,ABD-NB-L,21,0.9444444444444444,0.944055944055944,0.2225314314214464,0.0540525613724141,0.0088543470001241,0.0002254549999634
wine,ABD-NB-G,21,0.9444444444444444,0.944055944055944,0.2611934452155487,0.054683999721932,0.0095050019999689,0.0002200440001161
wine,ABD-NB-C,21,0.9444444444444444,0.944055944055944,0.2793742099891408,0.0550021241601725,0.0089271960000587,0.000204487000019
wine,LR,21,0.8888888888888888,0.8857142857142858,0.1192210357536649,0.0866898512930465,0.0080396729999847,0.000633400000197
wine,kNN,21,0.8888888888888888,0.8857142857142858,0.1673798745253851,0.0777777777777777,0.002075669000078,0.0018421770000713
wine,CART,21,0.9444444444444444,0.944055944055944,1.535056728662697,0.0555555555555555,0.0016164800001661,0.0001935560001129
wine,RF,21,0.9444444444444444,0.944055944055944,0.1657605707112324,0.1213888888888889,0.3141906200000903,0.0145361159998174
wine,SVM,21,0.8888888888888888,0.8857142857142858,0.1784842398228583,0.1192225116681996,0.0057600919999458,0.0006992930000251
wine,GNB,22,1.0,1.0,1.0983362956162614e-05,1.0982814141802244e-05,0.001187130000062,0.0003296950001185
wine,MI-WNB,22,1.0,1.0,0.0001700942045383,0.0001699505622055,0.0433921369999552,0.0002003219999551
wine,ABD-NB-L,22,1.0,1.0,2.767887803867012e-05,2.767419105842439e-05,0.0085656200001267,0.0002626380000947
wine,ABD-NB-G,22,1.0,1.0,3.927729457569681e-05,3.926477344551316e-05,0.0085980520000248,0.0002097170001889
wine,ABD-NB-C,22,1.0,1.0,2.6913720019963426e-05,2.69101683783024e-05,0.0086858219999612,0.000233173999959
wine,LR,22,1.0,1.0,0.0103490417634583,0.010191288858985,0.0077016909999656,0.0005989239998598
wine,kNN,22,1.0,1.0,0.0247937279238012,0.0222222222222222,0.0021553560000029,0.0017796810000163
wine,CART,22,0.9444444444444444,0.944055944055944,1.535056728662697,0.0555555555555555,0.0015259340000284,0.0001940649999596
wine,RF,22,1.0,1.0,0.0651576202546607,0.0611111111111111,0.324189085999933,0.0141285080001125
wine,SVM,22,1.0,1.0,0.0219724503882009,0.0214336571330354,0.0058686390000275,0.0006577260000995
wine,GNB,23,1.0,1.0,0.0429714860309678,0.0342814969668971,0.0011829129998659,0.000256907999983
wine,MI-WNB,23,0.9444444444444444,0.944055944055944,0.0849544604417334,0.0636558490386413,0.0446059020000575,0.0001899990002129
wine,ABD-NB-L,23,1.0,1.0,0.0357933541238525,0.029689376575866,0.0090404700001727,0.0002072110000881
wine,ABD-NB-G,23,1.0,1.0,0.0228031829966275,0.020097525853346,0.0089854610000656,0.0002002560001983
wine,ABD-NB-C,23,1.0,1.0,0.0376490709572364,0.0340451813199924,0.0088085970000975,0.0001918540001497
wine,LR,23,1.0,1.0,0.0484613205173467,0.0457212965074519,0.0074603159998787,0.000562931000104
wine,kNN,23,0.9444444444444444,0.9487179487179488,0.1128893604691781,0.0888888888888888,0.0027589660001012,0.0025938520000181
wine,CART,23,0.9444444444444444,0.9487179487179488,1.535056728662697,0.0555555555555555,0.0016266439999981,0.0001832610000747
wine,RF,23,1.0,1.0,0.1369195209228023,0.1216666666666666,0.3095384180001019,0.0142907580000155
wine,SVM,23,1.0,1.0,0.0695661258022003,0.0639439326739039,0.006197130999908,0.0006715750000694
wine,GNB,24,1.0,1.0,0.0059614249533606,0.0056665218760871,0.0012538490000224,0.0003119630000583
wine,MI-WNB,24,0.9444444444444444,0.9487179487179488,0.100549696110088,0.0468851713596506,0.042541243999949,0.0001853579999533
wine,ABD-NB-L,24,1.0,1.0,0.006495581414921,0.0061544195047104,0.0102924790000997,0.0002942720000191
wine,ABD-NB-G,24,1.0,1.0,0.0076236689931433,0.0071488010354266,0.0084584470000663,0.0001849379998475
wine,ABD-NB-C,24,1.0,1.0,0.003222926011677,0.0031751732123763,0.0087121580002076,0.0001824449998366
wine,LR,24,0.9444444444444444,0.9487179487179488,0.0631171477719259,0.0503173936601377,0.0131532309999329,0.0006403980000868
wine,kNN,24,0.9444444444444444,0.9487179487179488,1.5758327939449306,0.0888888888888888,0.0020066070001121,0.0018570600000202
wine,CART,24,0.8888888888888888,0.8968253968253969,3.070113457325394,0.1111111111111111,0.0017093290000502,0.0002204910001637
wine,RF,24,0.9444444444444444,0.9487179487179488,0.183896811164079,0.1091666666666666,0.3153729809998822,0.0138274550001824
wine,SVM,24,1.0,1.0,0.0492471405028655,0.0454874030550825,0.005924713000013,0.0006482809999397
wine,GNB,25,1.0,1.0,0.0328604454697289,0.0259364175069973,0.0011661389999062,0.000257073000057
wine,MI-WNB,25,0.9444444444444444,0.9487179487179488,0.1543231386046605,0.0580180748072727,0.042848608000213,0.0001951279998593
wine,ABD-NB-L,25,1.0,1.0,0.0236101751983705,0.0204211473731967,0.0087799469999936,0.0002575329999672
wine,ABD-NB-G,25,1.0,1.0,0.0133271532795916,0.0125234946656039,0.0084535949999917,0.0003117470000688
wine,ABD-NB-C,25,1.0,1.0,0.0177042233108303,0.015996190185938,0.0092053089999808,0.0002807200000916
wine,LR,25,1.0,1.0,0.0593369440537661,0.0531640054076324,0.0077714090000426,0.000651082999866
wine,kNN,25,1.0,1.0,0.0407760652822335,0.0333333333333333,0.0019745110000712,0.0017942059998858
wine,CART,25,0.9444444444444444,0.9407407407407408,1.535056728662697,0.0555555555555555,0.0017968740000924,0.0002616009999201
wine,RF,25,1.0,1.0,0.1344327524237211,0.1158333333333333,0.3144206409999697,0.0144996099998024
wine,SVM,25,0.9444444444444444,0.9407407407407408,0.1134479519239018,0.0800593267832628,0.0058144519998677,0.0007690980000916
wine,GNB,26,1.0,1.0,0.0033205311360361,0.0032507595922903,0.0012890829998468,0.0003258409999489
wine,MI-WNB,26,1.0,1.0,0.0127698166279311,0.0119319762357625,0.043838333999929,0.0002026170000135
wine,ABD-NB-L,26,1.0,1.0,0.0046812995097867,0.0045481545591944,0.0088854860000537,0.0002922290000242
wine,ABD-NB-G,26,1.0,1.0,0.0054209673941516,0.0052484625016131,0.0085933499999555,0.0002707590001591
wine,ABD-NB-C,26,1.0,1.0,0.0030018279261769,0.0029622986919913,0.0085705379999581,0.0002626070001952
wine,LR,26,0.9444444444444444,0.944055944055944,0.1080610503960374,0.0561898236617483,0.0078243160000965,0.0007038500000362
wine,kNN,26,1.0,1.0,0.0567584026406658,0.0444444444444444,0.0021899989999383,0.0018946329998925
wine,CART,26,1.0,1.0,2.220446049250313e-16,0.0,0.0016951640000115,0.0001742900001318
wine,RF,26,1.0,1.0,0.1240319855527364,0.1072222222222221,0.3165905329999532,0.0136809489999905
wine,SVM,26,1.0,1.0,0.0563116943108293,0.0518142876740957,0.0061264359999313,0.0006375489999754
wine,GNB,27,1.0,1.0,0.0150178118703911,0.0131794618021904,0.0011580619998312,0.0002597279999463
wine,MI-WNB,27,0.9444444444444444,0.9474747474747476,0.0453975282384441,0.031762896021884,0.0421318270000483,0.0001802790000056
wine,ABD-NB-L,27,1.0,1.0,0.0169997197085936,0.014694823459637,0.0085119190000568,0.0002403190001132
wine,ABD-NB-G,27,1.0,1.0,0.0175220340651967,0.0151235616839086,0.008629221999854,0.0002784539999538
wine,ABD-NB-C,27,1.0,1.0,0.0057947445233989,0.0055148985716053,0.0089069880000351,0.0002232409999578
wine,LR,27,1.0,1.0,0.0225279893670957,0.0213213795819717,0.0095533229998636,0.0008245569999871
wine,kNN,27,1.0,1.0,0.0247937279238012,0.0222222222222222,0.0021130550001089,0.0018569669998669
wine,CART,27,0.8888888888888888,0.8688034188034188,3.070113457325394,0.1111111111111111,0.0017197869999563,0.0002298569997947
wine,RF,27,1.0,1.0,0.1063665391895831,0.0941666666666666,0.3146625689998927,0.014113972999894
wine,SVM,27,1.0,1.0,0.0329877066874002,0.0319098209731838,0.006477532999952,0.0006965740001305
wine,GNB,28,0.8823529411764706,0.8916666666666666,0.4609150265700745,0.1034697636134402,0.0013554260001455,0.0002960890001304
wine,MI-WNB,28,0.8823529411764706,0.8916666666666666,0.1919325456342104,0.1001501283536685,0.0448627470000246,0.0001882399999431
wine,ABD-NB-L,28,0.8823529411764706,0.8916666666666666,0.4401074050276449,0.1041657116117388,0.0094807699999819,0.0002072550000775
wine,ABD-NB-G,28,0.8823529411764706,0.8916666666666666,0.4484874662801613,0.1080199391294063,0.0092309879998992,0.0001957179999863
wine,ABD-NB-C,28,0.8823529411764706,0.8916666666666666,0.4547224947405116,0.1016464488132542,0.0093743489999269,0.0001934770000389
wine,LR,28,1.0,1.0,0.1066265220900959,0.0919292414623052,0.0081947230000878,0.0006633779998992
wine,kNN,28,0.9411764705882352,0.9487179487179488,0.1378474757361354,0.0588235294117647,0.0028535170001759,0.0031637829999908
wine,CART,28,0.7647058823529411,0.7592592592592592,6.501416733159658,0.2352941176470588,0.0016083250000065,0.0001861969999481
wine,RF,28,0.8823529411764706,0.8916666666666666,0.2613502082236381,0.1988235294117647,0.3173806790000526,0.0146409490000678
wine,SVM,28,0.9411764705882352,0.9474747474747476,0.1065671212483571,0.0833113432115415,0.0060871919999954,0.0006943559999399
wine,GNB,29,0.9411764705882352,0.9407407407407408,0.0636926817017973,0.0411706111710887,0.0011679629999434,0.0003516750000471
wine,MI-WNB,29,0.9411764705882352,0.9407407407407408,0.1368093703397213,0.064969493874889,0.0424621930001194,0.0002176870000312
wine,ABD-NB-L,29,0.9411764705882352,0.9407407407407408,0.056504738515006,0.0387018424580052,0.009166746999881,0.0002160999999887
wine,ABD-NB-G,29,0.9411764705882352,0.9407407407407408,0.0612675820002644,0.040888988219746,0.010047620000023,0.0002514729999347
wine,ABD-NB-C,29,0.9411764705882352,0.9407407407407408,0.1212434767356587,0.0569826801530975,0.0095569000000068,0.0003478009998616
wine,LR,29,1.0,1.0,0.0612444557487341,0.0495295595897854,0.010290538999925,0.000628547999895
wine,kNN,29,0.9411764705882352,0.9407407407407408,1.6985774067514554,0.1176470588235293,0.0020886539998627,0.0017735019998781
wine,CART,29,0.9411764705882352,0.9407407407407408,1.6253541832899143,0.0588235294117647,0.0017050459998699,0.0001787599999261
wine,RF,29,0.9411764705882352,0.9407407407407408,0.1479451910285401,0.1120588235294117,0.3247991040000215,0.013949274999959
wine,SVM,29,1.0,1.0,0.0776461059961241,0.0660044329187422,0.0063931419999789,0.0005916969998907
breast-cancer,GNB,0,0.9649122807017544,0.9629870129870132,0.1364833597768882,0.0314657909405858,0.0015719939999598,0.00028126899997
breast-cancer,MI-WNB,0,0.9649122807017544,0.9629870129870132,0.1147826310977773,0.0382249964010054,0.1064530010000908,0.0002653779999945
breast-cancer,ABD-NB-L,0,0.9649122807017544,0.9629870129870132,0.0697935759565521,0.0331097912591348,0.016860632000089,0.0002970680000089
breast-cancer,ABD-NB-G,0,0.9824561403508772,0.981329839502129,0.0315932439351508,0.0214053089721009,0.016151567000179,0.0003508259999307
breast-cancer,ABD-NB-C,0,0.9824561403508772,0.981329839502129,0.0310704360749948,0.0102831172303127,0.0158770059999824,0.000318992000075
breast-cancer,LR,0,1.0,1.0,0.0294836672944917,0.0265251413712766,0.0076641979999294,0.0006237909999526
breast-cancer,kNN,0,1.0,1.0,0.0374977018263691,0.031578947368421,0.0019866189998083,0.0835011699998631
breast-cancer,CART,0,0.9649122807017544,0.9623015873015872,0.9695095128395984,0.0350877192982456,0.0087544349999006,0.0002654990000792
breast-cancer,RF,0,1.0,1.0,0.0648660109178193,0.0562280701754387,0.4249730500000623,0.0171054170000388
breast-cancer,SVM,0,1.0,1.0,0.0269306871989129,0.0254329244059648,0.0228301399999963,0.0010361780000494
breast-cancer,GNB,1,0.912280701754386,0.9047778149014368,0.9119404497455496,0.0785032186719378,0.0014779820000967,0.0003930200000468
breast-cancer,MI-WNB,1,0.912280701754386,0.9047778149014368,0.6879068298646707,0.0829317175582901,0.1035960239998985,0.0003064590000576
breast-cancer,ABD-NB-L,1,0.912280701754386,0.9047778149014368,0.4502178907125537,0.0736342517105488,0.0168349389998638,0.0002330509998955
breast-cancer,ABD-NB-G,1,0.912280701754386,0.9047778149014368,0.3218266559545232,0.0800011701920255,0.016614532999938,0.0003200799999376
breast-cancer,ABD-NB-C,1,0.9298245614035088,0.9246031746031746,0.2908216625930799,0.0757838459963628,0.0185194059999957,0.0002811229999224
breast-cancer,LR,1,0.9473684210526316,0.942866688940862,0.0963225111999877,0.0455024073501862,0.0083144550001179,0.0006678329998521
breast-cancer,kNN,1,0.9473684210526316,0.9439895185063872,0.546573411950026,0.0350877192982456,0.002097509999885,0.0995810590000019
breast-cancer,CART,1,0.912280701754386,0.9066491975106452,2.4237737820989955,0.087719298245614,0.0072155910002038,0.0002021380000769
breast-cancer,RF,1,0.9649122807017544,0.9629870129870132,0.1727614637711599,0.0528070175438596,0.4107204570000249,0.0179449899999326
breast-cancer,SVM,1,0.9649122807017544,0.9629870129870132,0.1185220486792599,0.0368471177494127,0.0221396560000357,0.0011111280000477
breast-cancer,GNB,2,0.9824561403508772,0.9809555629802872,0.264310015777298,0.0262984473135208,0.0013540239999656,0.0003160870001011
breast-cancer,MI-WNB,2,0.9649122807017544,0.9614864864864864,0.3310284641575327,0.0367060680993888,0.1024738910000451,0.0002884739999444
breast-cancer,ABD-NB-L,2,0.9824561403508772,0.9809555629802872,0.1346991810187747,0.0268325688083348,0.0164428269999916,0.0002638079999996
breast-cancer,ABD-NB-G,2,0.9824561403508772,0.9809555629802872,0.0730369623317198,0.0225378804101695,0.0163111940000817,0.0002439610000237
breast-cancer,ABD-NB-C,2,0.9824561403508772,0.9809555629802872,0.0730959753072047,0.0238971016465394,0.0174064900002122,0.0003577830000267
breast-cancer,LR,2,1.0,1.0,0.0144908039068463,0.0133407219086131,0.0082761989999653,0.0007004540000252
breast-cancer,kNN,2,1.0,1.0,0.0324506479237063,0.0280701754385965,0.0018637910000052,0.0651422309999816
breast-cancer,CART,2,0.9824561403508772,0.9809555629802872,0.4847547564197992,0.0175438596491228,0.008885274000022,0.0003019569999196
breast-cancer,RF,2,0.9649122807017544,0.9614864864864864,0.0736209520668774,0.0357894736842105,0.4379884349998519,0.0193549240000265
breast-cancer,SVM,2,1.0,1.0,0.0164865473859514,0.014956440785414,0.0235647290000997,0.0012190309998914
breast-cancer,GNB,3,0.9473684210526316,0.9439895185063872,0.8142484772922367,0.0439805316255636,0.0015147019998948,0.0002966770000512
breast-cancer,MI-WNB,3,0.9649122807017544,0.9629870129870132,0.5735021916138442,0.0399157538357925,0.1084314929998981,0.0002375850001499
breast-cancer,ABD-NB-L,3,0.9473684210526316,0.9439895185063872,0.4833658106220419,0.0443623333958903,0.0158515759999318,0.0002349009998852
breast-cancer,ABD-NB-G,3,0.9473684210526316,0.9439895185063872,0.4462384353923727,0.0460944321287999,0.0160486259999288,0.0003197450000698
breast-cancer,ABD-NB-C,3,0.9473684210526316,0.9439895185063872,0.4919094661328893,0.0450724337779761,0.0166594120000809,0.0002851679998912
breast-cancer,LR,3,0.9824561403508772,0.981329839502129,0.0469205072858132,0.0240063738592139,0.0093008549999922,0.0006975620001412
breast-cancer,kNN,3,0.9824561403508772,0.9809555629802872,0.0478097485790378,0.0035087719298245,0.0026361850000284,0.0782015610000144
breast-cancer,CART,3,0.8947368421052632,0.888961038961039,2.9085285385187944,0.1052631578947368,0.010286656000062,0.0003393089998553
breast-cancer,RF,3,0.9824561403508772,0.9809555629802872,0.0685809019417897,0.0442105263157894,0.4516808999999284,0.0170015920000423
breast-cancer,SVM,3,0.9824561403508772,0.981329839502129,0.0604238724360512,0.0444266755013348,0.0225365190001411,0.0011430709998876
breast-cancer,GNB,4,0.9649122807017544,0.9623015873015872,0.4221834286157879,0.0348070072674804,0.0013097220000872,0.0003525800000261
breast-cancer,MI-WNB,4,0.9649122807017544,0.9623015873015872,0.5096241893914312,0.0520613018563075,0.1050168819999726,0.0002384910001183
breast-cancer,ABD-NB-L,4,0.9649122807017544,0.9623015873015872,0.1874162764881491,0.0357935628962215,0.0191576199999872,0.0002894210001613
breast-cancer,ABD-NB-G,4,0.9649122807017544,0.9623015873015872,0.0747191760996612,0.0328150340965178,0.017358497999794,0.0003134549999685
breast-cancer,ABD-NB-C,4,0.9649122807017544,0.9623015873015872,0.0977047326285233,0.0310599180262999,0.0169231620000118,0.0003813400001035
breast-cancer,LR,4,1.0,1.0,0.0411744756612314,0.0359896638852688,0.0076213299998926,0.0006287569999585
breast-cancer,kNN,4,1.0,1.0,0.0195739957293168,0.0175438596491228,0.0018433189998177,0.0214103869998325
breast-cancer,CART,4,0.9298245614035088,0.9246031746031746,1.9390190256791964,0.0701754385964912,0.0084021840000332,0.0002868760000183
breast-cancer,RF,4,0.9649122807017544,0.9629870129870132,0.0940463059290654,0.0578070175438597,0.4220596739999109,0.0168955910000931
breast-cancer,SVM,4,1.0,1.0,0.0325404853768845,0.0289603887990572,0.0227684579999731,0.0011223530000279
breast-cancer,GNB,5,0.8245614035087719,0.8074324324324325,1.440988975026266,0.1800044962647486,0.0014443070001561,0.0002648880001743
breast-cancer,MI-WNB,5,0.8245614035087719,0.8115079365079365,1.0554726236499683,0.1753304540704923,0.1078692470000532,0.0002349330000015
breast-cancer,ABD-NB-L,5,0.8421052631578947,0.8246153846153846,0.7838949365421872,0.172338577356499,0.0176109510000515,0.0002871970000342
breast-cancer,ABD-NB-G,5,0.8245614035087719,0.8074324324324325,0.6515021612288093,0.1531675884763205,0.0183762999999999,0.0003412699998079
breast-cancer,ABD-NB-C,5,0.8070175438596491,0.7905111927831607,0.6329936462830846,0.1866504210707808,0.0182567140000173,0.0003275679998751
breast-cancer,LR,5,0.9298245614035088,0.9246031746031746,0.1754630264014859,0.0612521386177319,0.0073215040001741,0.0006192989999362
breast-cancer,kNN,5,0.8947368421052632,0.8782051282051282,0.6359116449875131,0.0385964912280701,0.0019173649998265,0.0280471879998458
breast-cancer,CART,5,0.8596491228070176,0.8542199488491049,3.8780380513583927,0.1403508771929824,0.0075376530000994,0.0002788000001601
breast-cancer,RF,5,0.8947368421052632,0.888961038961039,0.2602603950643525,0.0873684210526316,0.440123561000064,0.0192513810000036
breast-cancer,SVM,5,0.912280701754386,0.9047778149014368,0.1948998571025569,0.0493198112687056,0.021549534000087,0.0012011159999474
breast-cancer,GNB,6,0.9298245614035088,0.9210526315789472,0.6546957249947173,0.0725716998007385,0.0014625779999732,0.0003093929999522
breast-cancer,MI-WNB,6,0.9473684210526316,0.9415384615384615,0.5245433429518542,0.064020502065229,0.1055521970001791,0.0003908099999989
breast-cancer,ABD-NB-L,6,0.9298245614035088,0.9210526315789472,0.3321951223764515,0.0646599070332303,0.0179405270000643,0.0003815140000824
breast-cancer,ABD-NB-G,6,0.9298245614035088,0.922972972972973,0.2224072212166638,0.0614084844801281,0.0171322069998041,0.0003051510000204
breast-cancer,ABD-NB-C,6,0.9298245614035088,0.922972972972973,0.2105122425316193,0.08368288000184,0.0179225829999722,0.0002886810000291
breast-cancer,LR,6,0.9824561403508772,0.9809555629802872,0.1408177823636477,0.0315315137993229,0.0080100740001398,0.0006591390001631
breast-cancer,kNN,6,0.9298245614035088,0.9246031746031746,1.0501859887566811,0.0491228070175438,0.0019833989999824,0.090091940999855
breast-cancer,CART,6,0.912280701754386,0.9047778149014368,2.4237737820989955,0.087719298245614,0.0089238090001799,0.0002585110000836
breast-cancer,RF,6,0.9298245614035088,0.922972972972973,0.1638522355970632,0.0365789473684209,0.4477180679998582,0.0186473460000797
breast-cancer,SVM,6,0.9473684210526316,0.9439895185063872,0.1458388029292126,0.0407886199145107,0.0268042330001208,0.0014413050000712
breast-cancer,GNB,7,0.9298245614035088,0.922972972972973,0.4080240984083415,0.0628603843197024,0.0017331879998891,0.0003210689999377
breast-cancer,MI-WNB,7,0.9473684210526316,0.9415384615384615,0.2638894024863334,0.0590521050560844,0.140722611000001,0.0002790910000385
breast-cancer,ABD-NB-L,7,0.9473684210526316,0.9415384615384615,0.228186799559545,0.0538379738623581,0.0176883149999866,0.0002834540000549
breast-cancer,ABD-NB-G,7,0.9473684210526316,0.9415384615384615,0.2268550268645697,0.0454989581315356,0.0181839849999505,0.0003550490000634
breast-cancer,ABD-NB-C,7,0.9473684210526316,0.9415384615384615,0.2343469002853768,0.052199191300238,0.0178650459999971,0.0002862139999706
breast-cancer,LR,7,0.9649122807017544,0.9614864864864864,0.113248456437853,0.052224751431959,0.0084909950001019,0.0005784269999367
breast-cancer,kNN,7,0.9649122807017544,0.9614864864864864,0.5544030102417526,0.0385964912280702,0.0018347719999383,0.0629451800000424
breast-cancer,CART,7,0.8245614035087719,0.7970085470085471,4.847547564197991,0.175438596491228,0.0066396170000189,0.0002620580000893
breast-cancer,RF,7,0.9473684210526316,0.9415384615384615,0.1264670919874852,0.0277192982456141,0.4215900780000083,0.019658654000068
breast-cancer,SVM,7,0.9649122807017544,0.9614864864864864,0.113978594073734,0.0325037126219442,0.0232148989998677,0.0011355310000453
breast-cancer,GNB,8,0.9649122807017544,0.9614864864864864,0.1266282667012081,0.0279896336833895,0.0018103079999036,0.0004101389999959
breast-cancer,MI-WNB,8,0.9649122807017544,0.9614864864864864,0.0739356942405523,0.0285887231269523,0.1054902039998069,0.0003090000000156
breast-cancer,ABD-NB-L,8,0.9649122807017544,0.9614864864864864,0.0763596450535514,0.0284959331458583,0.0189597539999795,0.0003158229999371
breast-cancer,ABD-NB-G,8,0.9649122807017544,0.9614864864864864,0.0699115863603545,0.0327504036898019,0.0178021420001641,0.0002865120000024
breast-cancer,ABD-NB-C,8,0.9649122807017544,0.9614864864864864,0.0665421571581137,0.0274714392299593,0.0172481259999131,0.0002746770001067
breast-cancer,LR,8,0.9824561403508772,0.981329839502129,0.0288414992015028,0.0240776749855203,0.0077891790001558,0.0006254709999211
breast-cancer,kNN,8,1.0,1.0,0.0520246436530229,0.0456140350877192,0.0019688549998591,0.0685396220001166
breast-cancer,CART,8,0.9824561403508772,0.9809555629802872,0.4847547564197992,0.0175438596491228,0.0076773440000579,0.0002233039999737
breast-cancer,RF,8,1.0,1.0,0.0503330848752902,0.0445614035087719,0.4173445639999045,0.0149305370000547
breast-cancer,SVM,8,1.0,1.0,0.0239054986256019,0.0224925921247871,0.0218739530000675,0.0011368890000085
breast-cancer,GNB,9,0.9642857142857144,0.9619047619047618,0.615621166157227,0.0356867663419522,0.0013177959999666,0.0003173669999796
breast-cancer,MI-WNB,9,0.9464285714285714,0.9422878735829612,0.6044616038998208,0.0433532181845473,0.1028553240000746,0.0002961229999982
breast-cancer,ABD-NB-L,9,0.9642857142857144,0.9619047619047618,0.3249823519371866,0.0349048913900783,0.0170671770001717,0.0002929470001618
breast-cancer,ABD-NB-G,9,0.9642857142857144,0.9619047619047618,0.2341956732420423,0.0321841552478292,0.0160759949999373,0.0002221449999524
breast-cancer,ABD-NB-C,9,0.9642857142857144,0.9619047619047618,0.1482866264130869,0.0328148047505127,0.0163777980001214,0.0002606499999728
breast-cancer,LR,9,1.0,1.0,0.0336834301915416,0.029577266899343,0.0072590089998811,0.0006035110000084
breast-cancer,kNN,9,0.9821428571428572,0.9807626245276536,0.0374383394568354,0.0142857142857142,0.0018657199998415,0.068006903999958
breast-cancer,CART,9,0.9642857142857144,0.9619047619047618,0.986822182711734,0.0357142857142857,0.0081351419999009,0.000204253999982
breast-cancer,RF,9,0.9821428571428572,0.9811257162116616,0.0838514956058006,0.0464285714285713,0.4413355890001185,0.0166062160001274
breast-cancer,SVM,9,0.9821428571428572,0.9811257162116616,0.0404703474387023,0.0271473711861452,0.0223706540000421,0.0010786640000333
breast-cancer,GNB,10,0.9473684210526316,0.9439895185063872,0.2465701763013393,0.0512262327542035,0.0014090360000409,0.0002634590000525
breast-cancer,MI-WNB,10,0.9649122807017544,0.9629870129870132,0.2366849987451914,0.0461141639633536,0.1006243350000204,0.0002379469999596
breast-cancer,ABD-NB-L,10,0.9473684210526316,0.9439895185063872,0.118526718137233,0.0449941237960521,0.0160408399999596,0.0002584530000149
breast-cancer,ABD-NB-G,10,0.9649122807017544,0.9629870129870132,0.0886394985976929,0.0221246329949053,0.0158886409999468,0.0002127090001522
breast-cancer,ABD-NB-C,10,0.9473684210526316,0.9439895185063872,0.1238473765079465,0.037424942471537,0.0156065670000771,0.0003006950000781
breast-cancer,LR,10,1.0,1.0,0.0407011927332929,0.0334000534756622,0.0075431990001106,0.0005709530000785
breast-cancer,kNN,10,0.9649122807017544,0.9623015873015872,0.5204040281469081,0.0456140350877193,0.0018621379999785,0.060616224000114
breast-cancer,CART,10,0.912280701754386,0.909495077802477,2.4237737820989955,0.087719298245614,0.0079221720000077,0.0003214680000382
breast-cancer,RF,10,0.9824561403508772,0.9816425120772948,0.0852268661508454,0.0450877192982457,0.4200142180000057,0.017873765999866
breast-cancer,SVM,10,0.9649122807017544,0.9629870129870132,0.0449810582024421,0.0217124114950205,0.0221198120000281,0.0011493530000734
breast-cancer,GNB,11,0.9649122807017544,0.9623015873015872,0.4173948302115592,0.0345412877946528,0.0016029670000534,0.0002992489999087
breast-cancer,MI-WNB,11,0.9649122807017544,0.9623015873015872,0.3448039464174939,0.0430322119621256,0.1023295410000173,0.0002980640001624
breast-cancer,ABD-NB-L,11,0.9649122807017544,0.9623015873015872,0.1965847472319067,0.0312898467354623,0.020589505000089,0.0003597739998895
breast-cancer,ABD-NB-G,11,0.9649122807017544,0.9623015873015872,0.1234111257797084,0.0280105175277926,0.0174919999999474,0.000302708999925
breast-cancer,ABD-NB-C,11,0.9649122807017544,0.9629870129870132,0.0881374390389819,0.0302568676538869,0.0167631429999346,0.0003137010000955
breast-cancer,LR,11,0.9824561403508772,0.981329839502129,0.1368240094954714,0.0286429887944887,0.0089455659999657,0.0007555709998996
breast-cancer,kNN,11,0.9824561403508772,0.981329839502129,0.5121583504408425,0.0421052631578947,0.0020476590000271,0.0333541119998699
breast-cancer,CART,11,0.8947368421052632,0.8906649616368286,2.9085285385187944,0.1052631578947368,0.0074174710000534,0.0002654029999575
breast-cancer,RF,11,0.9824561403508772,0.981329839502129,0.1551279410927348,0.048859649122807,0.4206640840000091,0.0155601249998653
breast-cancer,SVM,11,0.9824561403508772,0.981329839502129,0.1164318216459357,0.0207125709975013,0.0218146830000023,0.0011980909998783
breast-cancer,GNB,12,0.9473684210526316,0.9415384615384615,0.2379165897540789,0.0535972018557769,0.0014602549999835,0.0002809969998907
breast-cancer,MI-WNB,12,0.9473684210526316,0.9415384615384615,0.1799563700146559,0.0556903362073992,0.1073863980000169,0.0002581880000889
breast-cancer,ABD-NB-L,12,0.9473684210526316,0.9415384615384615,0.1481850056382054,0.0541755003142379,0.0181592209999053,0.0003357289999712
breast-cancer,ABD-NB-G,12,0.9473684210526316,0.9415384615384615,0.1488628486555329,0.0516960058433278,0.0156532579999293,0.000302763000036
breast-cancer,ABD-NB-C,12,0.9473684210526316,0.9415384615384615,0.1427663861530453,0.0501800156233277,0.0161036609999882,0.0003030510001735
breast-cancer,LR,12,0.9824561403508772,0.981329839502129,0.0477874968071096,0.0379651198471764,0.008256609,0.0006090260001201
breast-cancer,kNN,12,0.9824561403508772,0.9809555629802872,0.0735630529678168,0.0245614035087719,0.0022309839998797,0.0897770219999074
breast-cancer,CART,12,0.912280701754386,0.9047778149014368,2.4237737820989955,0.087719298245614,0.0079747039999347,0.000236391000044
breast-cancer,RF,12,0.9824561403508772,0.9809555629802872,0.0985870675877099,0.0786842105263157,0.4163943999999446,0.0196412790000977
breast-cancer,SVM,12,0.9824561403508772,0.9809555629802872,0.0412390489196843,0.031620765938808,0.021819103000098,0.0012102630000754
breast-cancer,GNB,13,0.8947368421052632,0.888961038961039,0.9913158568535312,0.0960457600112808,0.0015179740000803,0.0002878159998545
breast-cancer,MI-WNB,13,0.9298245614035088,0.9246031746031746,0.6659001264600847,0.0771270480559128,0.1057108570000764,0.0002442980000978
breast-cancer,ABD-NB-L,13,0.912280701754386,0.9066491975106452,0.455138999593427,0.083711550081345,0.0167246620001151,0.0003143399999316
breast-cancer,ABD-NB-G,13,0.9298245614035088,0.9246031746031746,0.3069425321524747,0.0582124157334832,0.0159371099998679,0.0002669500001957
breast-cancer,ABD-NB-C,13,0.9473684210526316,0.942866688940862,0.287900836322659,0.0677403947384317,0.0155826970001271,0.0002367060001233
breast-cancer,LR,13,0.9649122807017544,0.9614864864864864,0.0994203810627931,0.0299587731776076,0.007132447999993,0.0008630140000605
breast-cancer,kNN,13,0.9649122807017544,0.9614864864864864,0.085007354477285,0.0175438596491227,0.001896108999972,0.0600924939999458
breast-cancer,CART,13,0.9649122807017544,0.9623015873015872,0.9695095128395984,0.0350877192982456,0.0079197530001238,0.0002168779999465
breast-cancer,RF,13,0.9649122807017544,0.9623015873015872,0.1558523722439089,0.0599999999999999,0.415492476000054,0.0154703059999974
breast-cancer,SVM,13,0.9824561403508772,0.9809555629802872,0.0778806980949927,0.0322476110483699,0.0216306270001496,0.0011472280000361
breast-cancer,GNB,14,0.8947368421052632,0.8869047619047619,1.1357802780211117,0.102608034144851,0.0013890619998164,0.000307494000026
breast-cancer,MI-WNB,14,0.912280701754386,0.9047778149014368,0.8656232621671297,0.0890723164634339,0.1032042300000739,0.0002533619999667
breast-cancer,ABD-NB-L,14,0.912280701754386,0.9047778149014368,0.7237741856744409,0.0973048639837593,0.0170083000000431,0.0003728439999122
breast-cancer,ABD-NB-G,14,0.8771929824561403,0.8693088765149034,0.6371987847353057,0.1132242849989431,0.0169383279999237,0.0003520350001053
breast-cancer,ABD-NB-C,14,0.8771929824561403,0.8693088765149034,0.7356232674745702,0.1155611499682356,0.0161864849999346,0.0003148939999846
breast-cancer,LR,14,1.0,1.0,0.0605434413466993,0.0511808402659937,0.0088094640000235,0.0006849200001397
breast-cancer,kNN,14,0.9298245614035088,0.9246031746031746,0.5775917091888108,0.0385964912280702,0.001848222000035,0.0624197329998423
breast-cancer,CART,14,0.8421052631578947,0.8319685555191614,4.362792807778192,0.1578947368421053,0.0093868310000289,0.000245871000061
breast-cancer,RF,14,0.912280701754386,0.9047778149014368,0.1545529309751661,0.0603508771929824,0.4254909849998967,0.0158292459998392
breast-cancer,SVM,14,0.9473684210526316,0.9439895185063872,0.0917542290812414,0.0529068860270365,0.0232357140000658,0.0018042809999769
breast-cancer,GNB,15,0.912280701754386,0.9025641025641026,0.6467316950627721,0.0766634596553823,0.0013735550001001,0.0003145750001749
breast-cancer,MI-WNB,15,0.912280701754386,0.9025641025641026,0.5070986324365427,0.0775846508871729,0.1048032520000106,0.0002464720000716
breast-cancer,ABD-NB-L,15,0.912280701754386,0.8999648999648999,0.3375013568021821,0.0782533176419802,0.0163647669999136,0.0002914110000347
breast-cancer,ABD-NB-G,15,0.912280701754386,0.8999648999648999,0.2771952580262286,0.0746728644674729,0.0163787029998729,0.0003049079998618
breast-cancer,ABD-NB-C,15,0.9298245614035088,0.9210526315789472,0.2641588213913988,0.060224823581239,0.0181143079998946,0.0003275549997852
breast-cancer,LR,15,0.9824561403508772,0.9809555629802872,0.0785683377276342,0.0406403691353063,0.0087945509999372,0.0006916140000612
breast-cancer,kNN,15,0.9649122807017544,0.9614864864864864,0.5644971180470781,0.0456140350877193,0.0020026589997996,0.0653414299999894
breast-cancer,CART,15,0.9473684210526316,0.9439895185063872,1.4542642692593972,0.0526315789473684,0.0071429459999308,0.0002206359999945
breast-cancer,RF,15,0.9649122807017544,0.9623015873015872,0.5656338210088296,0.0578947368421052,0.4218920810001236,0.0218378070001108
breast-cancer,SVM,15,0.9649122807017544,0.9614864864864864,0.0972926840176491,0.0399279228348958,0.0235812360001546,0.0012248699999872
breast-cancer,GNB,16,0.9649122807017544,0.9614864864864864,0.2855494069300749,0.0346995177552337,0.0014787019999857,0.000284357000055
breast-cancer,MI-WNB,16,0.9473684210526316,0.9415384615384615,0.2185614657972842,0.0491334354981084,0.1093058929998278,0.0002529599998979
breast-cancer,ABD-NB-L,16,0.9649122807017544,0.9614864864864864,0.1507649705825373,0.0365163335569741,0.0176491489999079,0.0002753979999852
breast-cancer,ABD-NB-G,16,0.9649122807017544,0.9614864864864864,0.1229380491132086,0.0343954957467869,0.0171857600000748,0.0002465309999024
breast-cancer,ABD-NB-C,16,0.9824561403508772,0.9809555629802872,0.0882031041583785,0.0291289647774735,0.016217165999933,0.0002768870001546
breast-cancer,LR,16,0.9824561403508772,0.9809555629802872,0.0632626962020398,0.0250026521978106,0.0076063310000336,0.0007655259998955
breast-cancer,kNN,16,0.9649122807017544,0.9614864864864864,0.0712985434542178,0.0561403508771929,0.0019003889999567,0.0685879669999849
breast-cancer,CART,16,0.9298245614035088,0.922972972972973,1.9390190256791964,0.0701754385964912,0.006741004000105,0.0002301170000009
breast-cancer,RF,16,0.9298245614035088,0.922972972972973,0.104924873863232,0.0679824561403507,0.4291367289999925,0.0166840899998987
breast-cancer,SVM,16,0.9649122807017544,0.9614864864864864,0.0803115156874297,0.0412161754903175,0.022905683999852,0.0014937930000087
breast-cancer,GNB,17,0.9824561403508772,0.981329839502129,0.4634141563968397,0.0174433427997289,0.0014759999999114,0.0003648330000487
breast-cancer,MI-WNB,17,0.9824561403508772,0.981329839502129,0.3914805879908428,0.0232797566456068,0.1060841129999516,0.0002978259999508
breast-cancer,ABD-NB-L,17,0.9824561403508772,0.981329839502129,0.2068521950878111,0.0189025525000381,0.0174311509999824,0.0003475710000202
breast-cancer,ABD-NB-G,17,0.9824561403508772,0.981329839502129,0.1586102405727137,0.0160678091418596,0.0185462479998932,0.0003764529999443
breast-cancer,ABD-NB-C,17,0.9824561403508772,0.981329839502129,0.0570333628360377,0.0157175272237745,0.0200332980000439,0.0003778249999868
breast-cancer,LR,17,0.9824561403508772,0.9809555629802872,0.0334390827813377,0.0128895006978967,0.0074818380001033,0.0006374089998644
breast-cancer,kNN,17,0.9824561403508772,0.981329839502129,0.0199900751436557,0.0140350877192982,0.0018626319999839,0.0685592270001507
breast-cancer,CART,17,0.9649122807017544,0.9629870129870132,0.9695095128395984,0.0350877192982456,0.0073291890000746,0.0002589439998246
breast-cancer,RF,17,1.0,1.0,0.0354805074855076,0.0321929824561403,0.4301001029998588,0.0170328429999244
breast-cancer,SVM,17,0.9824561403508772,0.981329839502129,0.0435444506730553,0.0309026378188001,0.0235424089999014,0.0012169669998911
breast-cancer,GNB,18,0.9473684210526316,0.9439895185063872,0.8451327556014442,0.0712982913609932,0.001421923999942,0.0003383739999662
breast-cancer,MI-WNB,18,0.912280701754386,0.9082125603864736,0.8740600393258419,0.098865983307981,0.103045659999907,0.0002414329999282
breast-cancer,ABD-NB-L,18,0.9473684210526316,0.9439895185063872,0.4134726783953992,0.0722405226851397,0.0169325360000129,0.0002999989999352
breast-cancer,ABD-NB-G,18,0.9298245614035088,0.9246031746031746,0.23137547349131,0.0578553010184828,0.0164936630001193,0.0002867289999812
breast-cancer,ABD-NB-C,18,0.9298245614035088,0.9246031746031746,0.2060399709345881,0.0580239659412308,0.0164013020000766,0.0003108579999206
breast-cancer,LR,18,0.9824561403508772,0.981329839502129,0.0601141905571304,0.0336061353040747,0.0079988539998794,0.0006013710001298
breast-cancer,kNN,18,1.0,1.0,0.0335829026805058,0.0280701754385964,0.0020232609999766,0.0672740749998865
breast-cancer,CART,18,0.8947368421052632,0.8906649616368286,2.9085285385187944,0.1052631578947368,0.0083614300001499,0.0002399229999809
breast-cancer,RF,18,0.9298245614035088,0.925974025974026,0.1175623387341561,0.0585964912280702,0.4184721750000335,0.0169481890000042
breast-cancer,SVM,18,0.9649122807017544,0.9629870129870132,0.0723607903345722,0.0497706718316763,0.0218563139999332,0.001238720999936
breast-cancer,GNB,19,0.9285714285714286,0.9203413940256046,0.5965064419967947,0.0644080654229816,0.0015063270000155,0.0003204820000064
breast-cancer,MI-WNB,19,0.9285714285714286,0.9203413940256046,0.5107672574591133,0.062017769189359,0.1177450030002091,0.0002600650000204
breast-cancer,ABD-NB-L,19,0.9285714285714286,0.9203413940256046,0.3342110631510909,0.0704561264851731,0.0180083390000618,0.0002762949998214
breast-cancer,ABD-NB-G,19,0.9285714285714286,0.9203413940256046,0.2869439814362531,0.0720575269076817,0.0174794740000834,0.0002585349998298
breast-cancer,ABD-NB-C,19,0.9285714285714286,0.9203413940256046,0.2930382722178707,0.0544159638369668,0.0189708880000125,0.000404718000027
breast-cancer,LR,19,0.9642857142857144,0.9619047619047618,0.1091071282720861,0.0315475456452427,0.0198896470001272,0.0006742699999904
breast-cancer,kNN,19,0.9642857142857144,0.961111111111111,0.0844220744562297,0.0142857142857142,0.0020075410000117,0.0699210790000961
breast-cancer,CART,19,0.9464285714285714,0.9422878735829612,1.4802332740676007,0.0535714285714286,0.0078468849999353,0.0002454509999552
breast-cancer,RF,19,0.9642857142857144,0.961111111111111,0.1057261685728691,0.0602678571428571,0.414823006000006,0.0168508869999186
breast-cancer,SVM,19,0.9642857142857144,0.9619047619047618,0.1070776669205502,0.0375803256026634,0.0214794070000152,0.0010893319999922
breast-cancer,GNB,20,0.9298245614035088,0.9246031746031746,0.5066087295496206,0.0567829717261986,0.0013590449998446,0.0002657489999364
breast-cancer,MI-WNB,20,0.8947368421052632,0.8869047619047619,0.5790196595248853,0.0819224660251669,0.1054473760000291,0.0002334669998163
breast-cancer,ABD-NB-L,20,0.9298245614035088,0.9246031746031746,0.2597022833020151,0.0600091632608883,0.0178378629998405,0.0002805609999541
breast-cancer,ABD-NB-G,20,0.9298245614035088,0.9246031746031746,0.1375774580198674,0.0634173411400654,0.0165740579998328,0.000251444000014
breast-cancer,ABD-NB-C,20,0.912280701754386,0.9066491975106452,0.1738199753070775,0.0654377970527739,0.0172360090000438,0.0002790270000332
breast-cancer,LR,20,0.9649122807017544,0.9629870129870132,0.0749354132496353,0.0454578097849205,0.0068320790001052,0.0005766470001162
breast-cancer,kNN,20,1.0,1.0,0.0285358487778429,0.0245614035087719,0.0019011679999039,0.0880204929999308
breast-cancer,CART,20,0.8771929824561403,0.8714975845410629,3.3932832949385934,0.1228070175438597,0.0075446970001848,0.0002037669999026
breast-cancer,RF,20,0.9473684210526316,0.944927536231884,0.1227661740857339,0.0307017543859648,0.418097975999899,0.0186847570000736
breast-cancer,SVM,20,1.0,1.0,0.0531846598517776,0.0268922878457081,0.022566113999801,0.001174482000124
breast-cancer,GNB,21,0.9649122807017544,0.9629870129870132,0.68459953753117,0.0398092841803486,0.0013407100000222,0.0003228630000648
breast-cancer,MI-WNB,21,0.9298245614035088,0.9246031746031746,0.6086311328635631,0.0694337036229875,0.1044315780000033,0.0002395709998381
breast-cancer,ABD-NB-L,21,0.9649122807017544,0.9629870129870132,0.3541794809323366,0.0458680033561259,0.0180972269999983,0.0004157100001975
breast-cancer,ABD-NB-G,21,0.9649122807017544,0.9629870129870132,0.2383334195149802,0.0467958933633605,0.0161457649999192,0.0002877990000342
breast-cancer,ABD-NB-C,21,0.9473684210526316,0.9439895185063872,0.2265961320166973,0.0454479109668277,0.0167166620001353,0.0003457110001363
breast-cancer,LR,21,0.9473684210526316,0.9439895185063872,0.087045214764249,0.0379653364054146,0.0074459420000039,0.0006945439999981
breast-cancer,kNN,21,0.9649122807017544,0.9629870129870132,0.5332806803412975,0.0421052631578947,0.0018342969999594,0.0738195610001639
breast-cancer,CART,21,0.9298245614035088,0.925974025974026,1.9390190256791964,0.0701754385964912,0.0069538689999717,0.0002129519998561
breast-cancer,RF,21,0.9473684210526316,0.9439895185063872,0.1599656679693054,0.0482456140350877,0.4076397670000915,0.0175184960000933
breast-cancer,SVM,21,0.9824561403508772,0.981329839502129,0.0828999271059629,0.0284925819395462,0.022950432000016,0.0011238179999963
breast-cancer,GNB,22,0.912280701754386,0.9082125603864736,1.22221249279013,0.0866140400804782,0.0013917249998485,0.0002660430000105
breast-cancer,MI-WNB,22,0.9298245614035088,0.925974025974026,1.0760147384157217,0.0707550200701667,0.1026982849998603,0.0002314920000117
breast-cancer,ABD-NB-L,22,0.912280701754386,0.9082125603864736,0.6930355989770179,0.0775760037725342,0.0172671980001268,0.0003052880001632
breast-cancer,ABD-NB-G,22,0.912280701754386,0.909495077802477,0.4826113660255241,0.0648111357746581,0.0180903839998336,0.0004748569999719
breast-cancer,ABD-NB-C,22,0.9298245614035088,0.925974025974026,0.3483911056414495,0.0600130392701575,0.0170307319999665,0.0003363550001722
breast-cancer,LR,22,1.0,1.0,0.0316057159911002,0.0276828895601057,0.0076167590000295,0.0006279770000219
breast-cancer,kNN,22,0.9649122807017544,0.9623015873015872,0.5512043864383498,0.0491228070175438,0.0018610440001793,0.0615415999998276
breast-cancer,CART,22,0.8771929824561403,0.8747252747252747,3.3932832949385934,0.1228070175438597,0.0074223550000169,0.0002917280000929
breast-cancer,RF,22,0.9649122807017544,0.9629870129870132,0.1178136761206314,0.0401754385964913,0.4192893760000515,0.017085889999862
breast-cancer,SVM,22,0.9649122807017544,0.9629870129870132,0.0806897496148521,0.057312098543399,0.0283720370000537,0.0018655319997833
breast-cancer,GNB,23,0.9649122807017544,0.9614864864864864,0.173471828761275,0.0345035936866894,0.0014864230001876,0.0002693440001166
breast-cancer,MI-WNB,23,0.9649122807017544,0.9614864864864864,0.1133421030997332,0.0336278979633687,0.112894684000139,0.0002487389999714
breast-cancer,ABD-NB-L,23,0.9649122807017544,0.9614864864864864,0.1028034202839732,0.0324267195485205,0.0179507100001501,0.0003714480001235
breast-cancer,ABD-NB-G,23,0.9649122807017544,0.9614864864864864,0.1093000526103714,0.0308898618083005,0.0164535609999347,0.0002919969999766
breast-cancer,ABD-NB-C,23,0.9649122807017544,0.9614864864864864,0.1147469962939911,0.0367484609461756,0.0161166340001273,0.000290724000024
breast-cancer,LR,23,0.9824561403508772,0.9809555629802872,0.0826030995646353,0.0296914054057637,0.0073772509999798,0.0005946590001713
breast-cancer,kNN,23,0.9649122807017544,0.9614864864864864,0.0689320784794929,0.0035087719298245,0.0023584199998367,0.0978213209998557
breast-cancer,CART,23,0.9824561403508772,0.9809555629802872,0.4847547564197992,0.0175438596491228,0.0069824360000438,0.0002288690000114
breast-cancer,RF,23,0.9824561403508772,0.9809555629802872,0.0633986265797738,0.0528947368421052,0.4414178019999326,0.0173541409999415
breast-cancer,SVM,23,0.9824561403508772,0.9809555629802872,0.043138732135202,0.0296447253742835,0.0222411300001112,0.0011678129999381
breast-cancer,GNB,24,0.912280701754386,0.9047778149014368,0.7300460586453433,0.0837755676870613,0.0014194740001585,0.0002873009998438
breast-cancer,MI-WNB,24,0.912280701754386,0.9047778149014368,0.5345952845686172,0.093201250920788,0.1042184820000784,0.0003082830000948
breast-cancer,ABD-NB-L,24,0.912280701754386,0.9047778149014368,0.458561922525679,0.068941547818601,0.0166965910000271,0.0003768120000131
breast-cancer,ABD-NB-G,24,0.9298245614035088,0.922972972972973,0.4311431926080742,0.0649096414805605,0.016221754000071,0.0003028349999567
breast-cancer,ABD-NB-C,24,0.912280701754386,0.9066491975106452,0.4981013919407904,0.0641671348650314,0.0165631170000324,0.0003008409998983
breast-cancer,LR,24,0.9824561403508772,0.981329839502129,0.0658910966329341,0.0385543025487763,0.0098872459998347,0.0009412980000433
breast-cancer,kNN,24,0.9649122807017544,0.9614864864864864,0.0717146228685567,0.0210526315789473,0.0026432629999817,0.0615164739999727
breast-cancer,CART,24,0.912280701754386,0.9066491975106452,2.4237737820989955,0.087719298245614,0.0080510750001394,0.0002664000001004
breast-cancer,RF,24,1.0,1.0,0.0890405697962281,0.0756140350877194,0.4240720139998757,0.0190484580000429
breast-cancer,SVM,24,0.9649122807017544,0.9623015873015872,0.0695987267845757,0.0286939129104533,0.024314262999951,0.0012605880001501
breast-cancer,GNB,25,0.9649122807017544,0.9614864864864864,0.2579264625215332,0.0350026252072944,0.0014481180000984,0.0002849759998753
breast-cancer,MI-WNB,25,0.9649122807017544,0.9614864864864864,0.16131890756795,0.0379508700758947,0.1048481430000265,0.00030079499993
breast-cancer,ABD-NB-L,25,0.9649122807017544,0.9614864864864864,0.1306872174415079,0.0331416541233152,0.0174777390000144,0.0003506340001422
breast-cancer,ABD-NB-G,25,0.9649122807017544,0.9614864864864864,0.1163189617946893,0.0314966123926525,0.0163042530000439,0.0003023230001417
breast-cancer,ABD-NB-C,25,0.9649122807017544,0.9614864864864864,0.1008535546228673,0.0310066688354163,0.0173918660000254,0.0003417410000565
breast-cancer,LR,25,0.9824561403508772,0.9809555629802872,0.044034176609014,0.0237815688910449,0.0087641320001239,0.0007067900000947
breast-cancer,kNN,25,0.9824561403508772,0.9809555629802872,0.0528568024817007,0.0070175438596491,0.0021346250000533,0.063582371999928
breast-cancer,CART,25,0.9298245614035088,0.922972972972973,1.9390190256791964,0.0701754385964912,0.0129752539999117,0.0006998690000727
breast-cancer,RF,25,0.9824561403508772,0.9809555629802872,0.05453938584245,0.0459649122807016,0.5968722669999806,0.0234704210001837
breast-cancer,SVM,25,0.9824561403508772,0.9809555629802872,0.0308256370339922,0.0235650468408539,0.0289376519999677,0.001960444000133
breast-cancer,GNB,26,0.912280701754386,0.9025641025641026,0.4264661766629867,0.0805646584112133,0.0022686590000375,0.0004244130000188
breast-cancer,MI-WNB,26,0.9649122807017544,0.9614864864864864,0.2873855534405659,0.0655759190834601,0.1358311239998784,0.0002498419999028
breast-cancer,ABD-NB-L,26,0.912280701754386,0.9025641025641026,0.2370809990327538,0.076422319800374,0.0264344160000291,0.0004417370000737
breast-cancer,ABD-NB-G,26,0.9298245614035088,0.9210526315789472,0.1981084330666502,0.0700041162417028,0.0201788370000031,0.0002991139999721
breast-cancer,ABD-NB-C,26,0.9298245614035088,0.9210526315789472,0.2106249862676369,0.0687527886235832,0.0166482309998627,0.0003176240002176
breast-cancer,LR,26,1.0,1.0,0.0632531752762474,0.0539251886153471,0.0075943880001432,0.000640887000145
breast-cancer,kNN,26,0.9824561403508772,0.9809555629802872,0.0882881352614664,0.0491228070175438,0.0017680650000784,0.0775589209999907
breast-cancer,CART,26,0.912280701754386,0.9066491975106452,2.4237737820989955,0.087719298245614,0.0083302360001198,0.0002180859999043
breast-cancer,RF,26,0.9473684210526316,0.942866688940862,0.129326298401706,0.0765789473684211,0.4170462380000117,0.0167721169998458
breast-cancer,SVM,26,0.9824561403508772,0.9809555629802872,0.0681084471214082,0.057188537366356,0.0232435919999716,0.0012827339999148
breast-cancer,GNB,27,0.9473684210526316,0.9415384615384615,0.7759210811239959,0.0582697063198194,0.0014822560001448,0.0002751150000221
breast-cancer,MI-WNB,27,0.9473684210526316,0.9415384615384615,0.6687373066052351,0.0601244314174778,0.1031145360000209,0.000271499000064
breast-cancer,ABD-NB-L,27,0.9473684210526316,0.9415384615384615,0.3897218882545298,0.0548265257370402,0.0166361859999142,0.0003331120001348
breast-cancer,ABD-NB-G,27,0.9473684210526316,0.9415384615384615,0.223770772222326,0.0481138140448139,0.0167371749998892,0.000385850000157
breast-cancer,ABD-NB-C,27,0.9473684210526316,0.9415384615384615,0.2094987428002974,0.049016781294775,0.0214634810001825,0.0003000440001414
breast-cancer,LR,27,0.9824561403508772,0.9809555629802872,0.1302121413424537,0.0218562539504765,0.0093345109999063,0.0006851359999018
breast-cancer,kNN,27,0.9824561403508772,0.9809555629802872,0.527299512148831,0.0526315789473684,0.0019974000001639,0.0574874149999686
breast-cancer,CART,27,0.9298245614035088,0.9246031746031746,1.9390190256791964,0.0701754385964912,0.0083845869999095,0.0003358719998232
breast-cancer,RF,27,0.9298245614035088,0.922972972972973,0.1546155226952437,0.0528070175438596,0.4014891899998929,0.0168866010001238
breast-cancer,SVM,27,0.9824561403508772,0.9809555629802872,0.136102010730787,0.0390627263125515,0.0219252240001424,0.001210637999975
breast-cancer,GNB,28,0.912280701754386,0.9047778149014368,0.9086707634804382,0.0759392817598549,0.0014435809998758,0.0003468919999249
breast-cancer,MI-WNB,28,0.912280701754386,0.9066491975106452,0.6369165247622249,0.0791275640250827,0.1064045890000215,0.0002700109998841
breast-cancer,ABD-NB-L,28,0.9298245614035088,0.922972972972973,0.4558421015527082,0.0724487993626859,0.0170102490001227,0.0002696970000215
breast-cancer,ABD-NB-G,28,0.9298245614035088,0.922972972972973,0.4049964297639529,0.0765503389157809,0.0159437590000379,0.000312969000106
breast-cancer,ABD-NB-C,28,0.9298245614035088,0.922972972972973,0.3491362328172356,0.0750295897680516,0.0171423489998687,0.0003903389999777
breast-cancer,LR,28,0.9649122807017544,0.9623015873015872,0.1035783442571109,0.0362296420660318,0.0078572939999048,0.0005786790000001
breast-cancer,kNN,28,0.9298245614035088,0.922972972972973,0.139412491130124,0.0421052631578947,0.0023039640000206,0.0585881290000998
breast-cancer,CART,28,0.9298245614035088,0.922972972972973,1.9390190256791964,0.0701754385964912,0.0087944649999371,0.0004294850000405
breast-cancer,RF,28,0.9298245614035088,0.9246031746031746,0.1713381026776742,0.0328070175438597,0.4286600870000256,0.0186760950000461
breast-cancer,SVM,28,0.9473684210526316,0.9439895185063872,0.1106509284033882,0.042828569899742,0.0223764109998683,0.0010718979999637
breast-cancer,GNB,29,0.9642857142857144,0.961111111111111,0.3095023995961161,0.0352718653323828,0.0013575739999396,0.0002751740000803
breast-cancer,MI-WNB,29,0.9642857142857144,0.961111111111111,0.2003819053657443,0.0347856257922931,0.1031891289999293,0.0003430699998716
breast-cancer,ABD-NB-L,29,0.9642857142857144,0.961111111111111,0.1755430862269023,0.0323204494551928,0.0159399680001115,0.0002855420000287
breast-cancer,ABD-NB-G,29,0.9642857142857144,0.961111111111111,0.1624801760338431,0.0313987484335621,0.015756169000042,0.0002366230000916
breast-cancer,ABD-NB-C,29,0.9642857142857144,0.961111111111111,0.154580289254011,0.0325516257090462,0.0157924099999036,0.0003078550000736
breast-cancer,LR,29,0.9642857142857144,0.9619047619047618,0.0762249353169698,0.0327808475275985,0.0069164870001259,0.0006376020000971
breast-cancer,kNN,29,0.9821428571428572,0.9807626245276536,0.0406940815424418,0.0035714285714285,0.0018652189999102,0.1082287790000009
breast-cancer,CART,29,0.9464285714285714,0.9422878735829612,1.4802332740676007,0.0535714285714286,0.0079123149998849,0.0002600549998987
breast-cancer,RF,29,0.9821428571428572,0.9807626245276536,0.0701349749558072,0.0432142857142857,0.4234309440000743,0.0167505730000812
breast-cancer,SVM,29,0.9642857142857144,0.9619047619047618,0.0813647280724327,0.0279254890501355,0.021934027999805,0.0010655030000634
digits,GNB,0,0.85,0.8514797469835017,2.368621817224509,0.1485391315118183,0.0032180870000502,0.0009023949999118
digits,MI-WNB,0,0.8944444444444445,0.8933914778309564,1.2368722618010874,0.0974293551641344,0.8514186279999194,0.0020524690000911
digits,ABD-NB-L,0,0.8444444444444444,0.8458523422800941,2.3132535195289545,0.1524566361156713,0.1117188809998879,0.0022289159999218
digits,ABD-NB-G,0,0.7166666666666667,0.7059081078915195,4.003354772266262,0.2732408800688218,0.1116696439999032,0.001803633999998
digits,ABD-NB-C,0,0.6055555555555555,0.5922613034463824,7.072176520634485,0.3739617806493339,0.1099580630000218,0.0022585770000205
digits,LR,0,0.9833333333333332,0.9830065359477124,0.0618840653531809,0.0300625013527928,0.5063267230000292,0.0010098620000462
digits,kNN,0,0.9833333333333332,0.9829684888508418,0.0499181594991778,0.0155555555555555,0.0030382790000658,0.1127636530000018
digits,CART,0,0.8777777777777778,0.8767984071080047,3.3771248030579337,0.1222222222222222,0.0190190999999231,0.0003023419999408
digits,RF,0,0.9833333333333332,0.9828435157846922,0.2768153757960009,0.1951666666666667,0.6852676449998398,0.0213093230001959
digits,SVM,0,0.9888888888888888,0.988557801498978,0.0627866308366421,0.0405525689955914,0.4387087950001387,0.0142055360001904
digits,GNB,1,0.8444444444444444,0.844266900058348,2.1055950846606297,0.1486325271919635,0.0033277819998147,0.0013984780000555
digits,MI-WNB,1,0.9111111111111112,0.9111106694930224,1.29874486744365,0.0816019442562293,0.8327983469998799,0.001171591000002
digits,ABD-NB-L,1,0.8333333333333334,0.832443438966594,2.0807663108007555,0.1551861612451763,0.1102491940000618,0.0013353069998629
digits,ABD-NB-G,1,0.7444444444444445,0.7293577701870385,3.638693525860613,0.2455029562627569,0.1080142759999489,0.0015166429998316
digits,ABD-NB-C,1,0.5888888888888889,0.5836370839053985,8.614567694636035,0.3991141174269274,0.1074103169999034,0.0016859489999205
digits,LR,1,0.9611111111111112,0.9612218941630706,0.1347028521049219,0.0182435480277029,0.5420802830001321,0.0007964489998357
digits,kNN,1,0.9888888888888888,0.9888803088803088,0.1998688175541079,0.0188888888888888,0.0031143999999585,0.0775395030000254
digits,CART,1,0.8722222222222222,0.8725598963834258,3.530630475924203,0.1277777777777777,0.01801789000001,0.000262548000137
digits,RF,1,0.9944444444444444,0.9942857142857144,0.2535302001883326,0.1932777777777778,0.6845440490001238,0.0218111810002028
digits,SVM,1,0.9888888888888888,0.9888803088803088,0.0939723850929397,0.0461554909426583,0.4414935890001743,0.0140940900000714
digits,GNB,2,0.8166666666666667,0.8192101749058635,2.8337743828217685,0.17461762360265,0.0037670429999252,0.0009254930000679
digits,MI-WNB,2,0.8944444444444445,0.892785977596349,1.605030203228086,0.1086137301745848,0.8336662340000203,0.0011926090000997
digits,ABD-NB-L,2,0.8,0.8022613760646318,2.7890897566289867,0.1829474921783117,0.0998005050000756,0.0012918069999159
digits,ABD-NB-G,2,0.7222222222222222,0.7104734785239695,4.360568711512799,0.2662382184858233,0.0993261899998287,0.0013662189999195
digits,ABD-NB-C,2,0.6111111111111112,0.6141759843892506,8.952331129218965,0.392059148866018,0.1043981180000628,0.0015064149999943
digits,LR,2,0.9722222222222222,0.9721039930908352,0.1087311519222204,0.0156697465652936,0.4185985649999111,0.0008601219999491
digits,kNN,2,0.9666666666666668,0.9665603812972234,0.2234963152896565,0.0188888888888888,0.0030965089999881,0.0889308539999547
digits,CART,2,0.8944444444444445,0.894987733284947,2.9166077844591243,0.1055555555555555,0.0182794830000148,0.0003718840000601
digits,RF,2,0.9777777777777776,0.9777303477303476,0.2690892787836123,0.1760555555555555,0.6933928549999564,0.0235339850000855
digits,SVM,2,0.9722222222222222,0.9719657867026288,0.1409363859884405,0.0616758351374718,0.4442692819998228,0.0139825719998043
digits,GNB,3,0.8333333333333334,0.8324727917539214,2.5491448578856546,0.1653161964853017,0.0037977399999817,0.0009747530000367
digits,MI-WNB,3,0.8611111111111112,0.8611254304911155,1.6485070242370283,0.1248487317788895,0.8875346339998487,0.001408943999877
digits,ABD-NB-L,3,0.8166666666666667,0.8161008423940219,2.514439641432273,0.1631552911351624,0.1073727240000153,0.001491230999818
digits,ABD-NB-G,3,0.7833333333333333,0.777419919440293,3.505499560979591,0.1994099878716531,0.1093105149998336,0.0015439100000094
digits,ABD-NB-C,3,0.6,0.5755048134816524,8.774260334196914,0.3949267036295478,0.1086661549998098,0.001640578999968
digits,LR,3,0.95,0.9497624559544064,0.1516723924715651,0.0324357197724267,0.2563677729999654,0.0008742910001728
digits,kNN,3,0.9555555555555556,0.955661854485384,0.5193137553525167,0.0311111111111111,0.0074887340001623,0.0687233059998106
digits,CART,3,0.8222222222222222,0.8219555795291089,4.912181531720631,0.1777777777777778,0.0189919979998194,0.0004820350000045
digits,RF,3,0.9555555555555556,0.9541211427289524,0.3139665635077464,0.192361111111111,0.6985567889998947,0.0226966089999223
digits,SVM,3,0.9666666666666668,0.966727084405103,0.1306479295127167,0.05552713538247,0.4563568000000941,0.0141069609999249
digits,GNB,4,0.8666666666666667,0.8661521329143248,2.1941347314283948,0.1260880963977936,0.002947413999891,0.0008575889999065
digits,MI-WNB,4,0.9055555555555556,0.9033599757283968,1.2898551094759858,0.0809000486041948,0.8454303350001737,0.0012497170000642
digits,ABD-NB-L,4,0.8666666666666667,0.8661521329143248,2.076346721964579,0.1260978050785876,0.1026594569998451,0.0014832230001502
digits,ABD-NB-G,4,0.8166666666666667,0.8137506461896706,3.1973472764034097,0.1845183577532183,0.1158648719999746,0.0015738269999019
digits,ABD-NB-C,4,0.6,0.5976149272870195,8.61811334523286,0.3945706696241518,0.1101292380001268,0.0016061110000009
digits,LR,4,0.9611111111111112,0.9614452420644372,0.1504619018699524,0.0505656269993717,0.2309539509999467,0.0008629960000234
digits,kNN,4,0.9722222222222222,0.9721871451283216,0.4988827250886545,0.0233333333333333,0.0072585000000344,0.0351842170000509
digits,CART,4,0.8333333333333334,0.8323904742835134,4.605170185988091,0.1666666666666666,0.0209239690000231,0.0006274720001329
digits,RF,4,0.9666666666666668,0.9654373915558128,0.3123369540068285,0.1897777777777778,0.784153298000092,0.0256771199999548
digits,SVM,4,0.9777777777777776,0.9775667308175048,0.1169511721610368,0.0478237329766297,0.509426423999912,0.0205673299999489
digits,GNB,5,0.8555555555555555,0.8529357461208251,1.9567182872744828,0.1341159571981193,0.0044172089999392,0.0011220779999803
digits,MI-WNB,5,0.9222222222222224,0.9223578343664428,0.9137965741625744,0.0807019282364833,0.8793310250000559,0.0011311920000025
digits,ABD-NB-L,5,0.8388888888888889,0.8334804210927445,1.8655972616165488,0.1452166253988657,0.1037796230000367,0.0014474750000772
digits,ABD-NB-G,5,0.7722222222222223,0.7533418172528259,3.229168681143352,0.2070682416861112,0.1048194869999861,0.0015548269998362
digits,ABD-NB-C,5,0.6166666666666667,0.6150544252692591,7.459376208379482,0.3776070422728038,0.1081306500000209,0.0015984229999048
digits,LR,5,0.9666666666666668,0.9664649567745544,0.0762887080699084,0.0253709599721248,0.8427870939999593,0.0008843170001
digits,kNN,5,0.9833333333333332,0.9833290433290433,0.0564751388197812,0.0222222222222222,0.0033949020000818,0.0957569310000963
digits,CART,5,0.8111111111111111,0.8108565153456795,5.21919287745317,0.1888888888888888,0.0195706069998777,0.000449835000154
digits,RF,5,0.9888888888888888,0.9888803088803088,0.2993497847451172,0.2186944444444444,0.7314826360000097,0.0257577410000067
digits,SVM,5,0.9888888888888888,0.9888803088803088,0.0793467660387099,0.0571164341030636,0.4807775710000896,0.0154678570002033
digits,GNB,6,0.8333333333333334,0.8339116463715834,2.7223029462531905,0.1631373520744272,0.0030037550000088,0.0009337080000477
digits,MI-WNB,6,0.9055555555555556,0.9064689256020524,1.8416402065030368,0.096320289656197,0.8496986929999366,0.001349601999891
digits,ABD-NB-L,6,0.8277777777777777,0.8280775942756717,2.602618412959268,0.1698910392660269,0.160697951999964,0.001418534999857
digits,ABD-NB-G,6,0.7833333333333333,0.7808922459943903,3.496686399421824,0.2120895782051394,0.1104277379999985,0.0015510780001477
digits,ABD-NB-C,6,0.6611111111111111,0.675279316354165,7.3346870929927235,0.3279689646995575,0.1118861899999501,0.0014623939998728
digits,LR,6,0.9777777777777776,0.977923637923638,0.0765986386050313,0.0272715313967799,0.2547768299998552,0.0009296160001213
digits,kNN,6,0.9833333333333332,0.9834749034749034,0.054291568885839,0.0133333333333333,0.0033085630000186,0.1115152619997843
digits,CART,6,0.8055555555555556,0.8061311118476804,5.37269855031944,0.1944444444444444,0.0195211269999617,0.0003026690001206
digits,RF,6,0.9777777777777776,0.9775925505337272,0.3026088848590571,0.2015833333333333,0.7256954140000289,0.0239221790000101
digits,SVM,6,0.9888888888888888,0.9888803088803088,0.0892206013287719,0.0609168083819532,0.4914037040000494,0.0145437109999875
digits,GNB,7,0.8603351955307262,0.8570050039786882,2.214644723677553,0.1372385473306067,0.0029663540001365,0.0010609399998884
digits,MI-WNB,7,0.888268156424581,0.8864254347017685,1.3591442023372542,0.0943130711274835,1.0009233069999937,0.0012875840000106
digits,ABD-NB-L,7,0.8603351955307262,0.8570050039786882,2.150490636380184,0.1406946690865557,0.1115118559998791,0.0012326240000675
digits,ABD-NB-G,7,0.7653631284916201,0.744239721631026,3.645738543397739,0.2107340576320987,0.111327054999947,0.0012778660000094
digits,ABD-NB-C,7,0.5865921787709497,0.5771593784637263,8.81898195860476,0.4131139197807216,0.1180982889998176,0.0012556459998904
digits,LR,7,0.988826815642458,0.988562091503268,0.0573680238904169,0.0361914741659029,0.230238657999962,0.0008513719999427
digits,kNN,7,0.9776536312849162,0.9775571875571876,0.0396679957819256,0.0212290502793296,0.0080480259998694,0.0730233310000585
digits,CART,7,0.8435754189944135,0.8439993239141419,4.322170900815639,0.1564245810055865,0.0188078929998027,0.0003011329999935
digits,RF,7,0.988826815642458,0.9888493962178174,0.2730021344833155,0.1983519553072625,0.6942108209998423,0.0234218250000139
digits,SVM,7,0.994413407821229,0.9942857142857144,0.0520499518795058,0.0426825638302528,0.4564601919998949,0.0141452339998977
digits,GNB,8,0.8100558659217877,0.8120167430487678,2.623124303149712,0.1815134025506004,0.0030595519999678,0.000945098999864
digits,MI-WNB,8,0.88268156424581,0.884380267171256,1.5355434753799386,0.1125481335419316,0.8595219649998853,0.0011802799999713
digits,ABD-NB-L,8,0.7932960893854749,0.7928119720574964,2.520495787042353,0.2004082335629963,0.1034160839999458,0.0014361730000018
digits,ABD-NB-G,8,0.6703910614525139,0.654567856501495,4.765118023151024,0.3094308367630919,0.1047849530000348,0.0015095709998149
digits,ABD-NB-C,8,0.6256983240223464,0.5906502620186831,6.8665140156015125,0.3508490705473371,0.1056353349999881,0.0015088350000951
digits,LR,8,0.988826815642458,0.9891125541125542,0.0501719075984135,0.028238931661331,0.6194825019999826,0.0008615719998488
digits,kNN,8,1.0,1.0,0.0352332206516832,0.0290502793296089,0.0074765499998648,0.0209043819997987
digits,CART,8,0.8435754189944135,0.8428466600239226,4.322170900815639,0.1564245810055865,0.034868576000008,0.0004671390001931
digits,RF,8,0.9776536312849162,0.977606143856144,0.2732007286070788,0.1861173184357542,0.7245367040000019,0.0253065649999371
digits,SVM,8,0.9832402234636872,0.9834627108311318,0.0827901593646275,0.0438537351939722,0.4554155170001195,0.0140118130000246
digits,GNB,9,0.8212290502793296,0.8262929717341482,2.9298702367150384,0.1714479771471629,0.0030985999999302,0.0010917049999079
digits,MI-WNB,9,0.8547486033519553,0.8543219843219843,2.1768155656648207,0.1329256219283799,0.851555320999978,0.0013582549997863
digits,ABD-NB-L,9,0.8156424581005587,0.8203545553118609,2.8171138498348243,0.1716139239122129,0.1105367950001436,0.00134717800006
digits,ABD-NB-G,9,0.7430167597765364,0.7421442406249914,3.5794213002506146,0.2398782616496527,0.1059756580000339,0.0015275250000286
digits,ABD-NB-C,9,0.6424581005586593,0.6442621813615728,8.23841481801876,0.3538087877991318,0.108552703999976,0.001630809000062
digits,LR,9,0.9664804469273744,0.9667736767736768,0.1407926054666994,0.0244640187766621,0.3546933249999711,0.000857175999954
digits,kNN,9,0.9553072625698324,0.9556195859291836,0.6779203692659145,0.012290502793296,0.0030918400000246,0.073433869999917
digits,CART,9,0.8324022346368715,0.8333665070507177,4.630897393731042,0.1675977653631285,0.0184184119998462,0.0003654100000858
digits,RF,9,0.9553072625698324,0.9555658905658906,0.3342249565978155,0.1910893854748604,0.6903898210000534,0.025253234000047
digits,SVM,9,0.9776536312849162,0.977884787884788,0.1498941332686691,0.0581265516225995,0.4743012750000162,0.0166274730001987
digits,GNB,10,0.8222222222222222,0.8230555909677907,2.7758109039716072,0.1687208488537926,0.0032701330001145,0.0009732210000947
digits,MI-WNB,10,0.8666666666666667,0.8681084952408481,1.7705885198001008,0.1265907809365357,0.9050557030000164,0.0013538160001189
digits,ABD-NB-L,10,0.8111111111111111,0.8119630728670012,2.69042090047171,0.1777598552143424,0.1078203389999998,0.0013444050000543
digits,ABD-NB-G,10,0.7388888888888889,0.7312577968746881,4.142902469317084,0.2610477289484662,0.1061566739999761,0.0012518670000645
digits,ABD-NB-C,10,0.5833333333333334,0.5431068526155347,8.461974890721343,0.4056366772116215,0.1114655370001855,0.0012689650000083
digits,LR,10,0.9611111111111112,0.961487544428721,0.1383366259279097,0.0311107206654602,0.3034154669999225,0.0009639849999985
digits,kNN,10,0.9833333333333332,0.9832909962321728,0.0660340826496485,0.0288888888888888,0.0073230869998042,0.0722475649999978
digits,CART,10,0.8444444444444444,0.8427552014548919,4.298158840255552,0.1555555555555555,0.0191338100000848,0.0004753190000883
digits,RF,10,0.9666666666666668,0.9664649567745544,0.3244111133071323,0.2082777777777778,0.7111236569999164,0.0245820610000464
digits,SVM,10,0.9888888888888888,0.989023199023199,0.1031270789464453,0.0736538532105646,0.4564177629999904,0.013650939999934
digits,GNB,11,0.8555555555555555,0.8574980744312665,2.0233175141020387,0.1424320974779702,0.0033511819999603,0.0010328560001653
digits,MI-WNB,11,0.9,0.8979376826164751,1.2116807910678002,0.0940441598567892,0.8826341339999999,0.0012791699998615
digits,ABD-NB-L,11,0.8333333333333334,0.8371162245969692,1.97854097506472,0.1490051480786834,0.1064777300000514,0.0012883780000265
digits,ABD-NB-G,11,0.7111111111111111,0.7055030490430781,3.890298511257431,0.2700269329102571,0.1028239620000022,0.0013885879998269
digits,ABD-NB-C,11,0.6277777777777778,0.6222174183920012,7.37015615172065,0.3644390296305044,0.1063928560001841,0.0014879610000662
digits,LR,11,0.9722222222222222,0.9718235391919604,0.0794785448317428,0.0283981256917999,0.3068579299999783,0.0009042220001447
digits,kNN,11,0.9833333333333332,0.9833247533247532,0.1895237650449423,0.0166666666666666,0.0034801510000761,0.0054626850001113
digits,CART,11,0.8611111111111112,0.8587113093305044,3.837641821656743,0.1388888888888888,0.0195066119999864,0.0004557409999961
digits,RF,11,0.9722222222222222,0.9720111752619494,0.2752399299789368,0.1813888888888888,0.7135296080000444,0.0250594000001456
digits,SVM,11,0.9888888888888888,0.9888803088803088,0.070206141843622,0.0438052156170189,0.4404551570000876,0.0173340060000555
digits,GNB,12,0.8388888888888889,0.8371345188992247,3.0010993047064645,0.1594013902328834,0.0040498470000329,0.0012622219999229
digits,MI-WNB,12,0.8833333333333333,0.879935011053432,1.645192747565434,0.0972479072485468,0.86215120199995,0.0012574490001497
digits,ABD-NB-L,12,0.8388888888888889,0.8371345188992247,2.902467773978536,0.161908968097424,0.1033454789999268,0.0013415270000223
digits,ABD-NB-G,12,0.7444444444444445,0.7298592563926387,4.175424289898414,0.243609317192063,0.1032705590000659,0.0014456060000611
digits,ABD-NB-C,12,0.5777777777777777,0.5555303788551058,7.93436270428474,0.4014778712735785,0.1069418179999956,0.0014615039999625
digits,LR,12,0.9722222222222222,0.9721790821790822,0.0885646251538984,0.0209845254207022,0.6794043110000985,0.0008525819998794
digits,kNN,12,0.9777777777777776,0.9775616378712352,0.3467807829958054,0.0299999999999999,0.0031883130000096,0.1017004200000428
digits,CART,12,0.8222222222222222,0.8219390097298817,4.912181531720631,0.1777777777777778,0.0194916140001168,0.0002953880000404
digits,RF,12,0.9944444444444444,0.9945787545787546,0.2802176718470514,0.2098055555555555,0.7040295179999703,0.0221216370000547
digits,SVM,12,0.9888888888888888,0.9887258687258688,0.0864596517892828,0.0567398133275525,0.443803766999963,0.0204024780000509
digits,GNB,13,0.8166666666666667,0.8142602895054101,2.552448603495638,0.1817541539221501,0.0041854679998323,0.0011817629999768
digits,MI-WNB,13,0.8833333333333333,0.8821579311594793,1.484273304612012,0.1032253714247855,0.8536373859999458,0.0013302259999363
digits,ABD-NB-L,13,0.8111111111111111,0.8082156734607941,2.478185237917389,0.1837078581551287,0.1074339239999062,0.0014345629999752
digits,ABD-NB-G,13,0.7277777777777777,0.718493605150585,3.861439450266935,0.2631975635662125,0.102372761999959,0.0013386779999109
digits,ABD-NB-C,13,0.5833333333333334,0.5596122400167818,9.271585167805402,0.4134559869610545,0.10573236800019,0.0012798440000096
digits,LR,13,0.9555555555555556,0.9553746183157948,0.1293526811012714,0.0219469565824652,0.6423229399999855,0.0008472900001379
digits,kNN,13,0.9722222222222222,0.9716843778763284,0.3527201402222866,0.02,0.0030457549999027,0.0698778350001703
digits,CART,13,0.8611111111111112,0.8603845380625567,3.837641821656743,0.1388888888888888,0.0187089390001347,0.0004925270000057
digits,RF,13,0.9833333333333332,0.9831523960935726,0.2756144924491983,0.19975,0.6846022500001254,0.0222643350000453
digits,SVM,13,0.9722222222222222,0.9717101975925504,0.1303529625380971,0.050704251257472,0.4441821469999922,0.0148054030000821
digits,GNB,14,0.8388888888888889,0.8460302482575021,2.3134245376696447,0.1471496705120175,0.0030161269999098,0.0009591699999873
digits,MI-WNB,14,0.8833333333333333,0.8828774864685508,1.522708660937626,0.109319761340572,0.8504444430000149,0.0011956739999732
digits,ABD-NB-L,14,0.8333333333333334,0.8402765157545435,2.2112807792969518,0.1551820500213873,0.1031074810000518,0.0012594399997851
digits,ABD-NB-G,14,0.7777777777777778,0.7816687262190892,3.326514167359689,0.2117586553362742,0.106828150000183,0.0013761879999947
digits,ABD-NB-C,14,0.5666666666666667,0.5648203138197776,9.038983760790872,0.4232463375321115,0.1139642310001818,0.0014283500001965
digits,LR,14,0.9777777777777776,0.9775256322624744,0.1301113058862672,0.024724319450579,0.5357851109999956,0.0008634869998331
digits,kNN,14,0.9833333333333332,0.9833204633204634,0.062578540423493,0.0266666666666666,0.007156089000091,0.0732730180000089
digits,CART,14,0.8722222222222222,0.8731954629477849,3.530630475924203,0.1277777777777777,0.0180907619999288,0.0004450789999737
digits,RF,14,0.9833333333333332,0.9834627108311318,0.2777979494292634,0.1996944444444444,0.6760136570001123,0.0226304249999884
digits,SVM,14,0.9833333333333332,0.9837362637362638,0.106610851057516,0.0474640724771416,0.4147569129997919,0.0138833599999088
digits,GNB,15,0.7944444444444444,0.80065842278366,3.1383263327502813,0.1942723605203911,0.0028447340000639,0.000931821999984
digits,MI-WNB,15,0.8555555555555555,0.8564286484023326,1.815858315994156,0.1278917663032493,0.8331666560000031,0.0012576029998854
digits,ABD-NB-L,15,0.7777777777777778,0.7847924212672417,2.962230927936926,0.2004548001323837,0.1022161690000302,0.0013855700001386
digits,ABD-NB-G,15,0.7333333333333333,0.7285130933600295,4.038425512611468,0.258698798985276,0.1005928339998263,0.0014475990001301
digits,ABD-NB-C,15,0.65,0.6542688781357238,7.520729544870314,0.3448592221153873,0.1033962730000439,0.0013582189999397
digits,LR,15,0.9666666666666668,0.9668972398384164,0.1431015338532932,0.0370114580356342,0.2129420250000748,0.0008295380000618
digits,kNN,15,0.9722222222222222,0.9721928695612906,0.3672745577408828,0.0188888888888888,0.0032007699999212,0.0775836549998985
digits,CART,15,0.85,0.8480112141296352,4.144653167389282,0.15,0.018968674000007,0.0002779199999167
digits,RF,15,0.9777777777777776,0.9777691977691978,0.3151824620379463,0.2162777777777777,0.6795958749999045,0.0229787139999189
digits,SVM,15,0.9833333333333332,0.9833204633204634,0.0973631636972204,0.0614365168266084,0.4389216209999631,0.014337992000037
digits,GNB,16,0.8611111111111112,0.8598780159561145,2.4255563506624487,0.1346826127683983,0.003016733999857,0.0009562979998918
digits,MI-WNB,16,0.9055555555555556,0.906704901646852,1.4512517131316989,0.0862250142988722,0.8618394959999023,0.0012192459998914
digits,ABD-NB-L,16,0.85,0.8487868194203909,2.345427892050269,0.1428465498955304,0.1044065860000955,0.0012881099999049
digits,ABD-NB-G,16,0.7944444444444444,0.7793185901063661,3.691979689424204,0.1977923619912027,0.1030550960001619,0.0014464430000771
digits,ABD-NB-C,16,0.65,0.6561985195664117,7.801554773075506,0.3405763536365857,0.1074678200000107,0.0013669920001575
digits,LR,16,0.9722222222222222,0.9725139425139426,0.1394870694886672,0.0256561361056928,0.983642551999992,0.000866864000045
digits,kNN,16,0.9555555555555556,0.9556928356928358,0.5279592742298238,0.0088888888888889,0.0072870149999744,0.1360653829999591
digits,CART,16,0.85,0.8493801989158026,4.144653167389282,0.15,0.0209127499999794,0.0004135629999382
digits,RF,16,0.9722222222222222,0.972050622050622,0.3036566146539901,0.1949722222222221,0.6938162480000756,0.0227890300000126
digits,SVM,16,0.9555555555555556,0.9556971256971256,0.1698483031312598,0.0446017409885638,0.5076884509999218,0.0169980729999679
digits,GNB,17,0.88268156424581,0.8855254849782893,1.962688482272671,0.1068844386308693,0.003754224999966,0.0010247420000268
digits,MI-WNB,17,0.8994413407821229,0.9020261437908494,2.0102032766103224,0.0906238408447132,0.8817165499999646,0.0012266520000139
digits,ABD-NB-L,17,0.88268156424581,0.8855254849782893,1.8979094680058948,0.1116205573496511,0.2400090679998356,0.0012174880000657
digits,ABD-NB-G,17,0.8324022346368715,0.8285773700387826,2.5213987704692293,0.1702582023195415,0.1000920980000046,0.0012077349999799
digits,ABD-NB-C,17,0.6480446927374302,0.6577031060382834,7.29119159989302,0.3473955366690842,0.1310633040000084,0.0012065770001754
digits,LR,17,0.9553072625698324,0.9552073081484848,0.1108549659762762,0.0275531288037921,0.9033474590000878,0.0009766780001427
digits,kNN,17,0.9608938547486032,0.9604355816855816,0.3642443615653583,0.0167597765363128,0.0157747900000231,0.1941646939999373
digits,CART,17,0.8659217877094972,0.865105885105885,3.704717914984833,0.1340782122905027,0.0183291170001211,0.0003988280000157
digits,RF,17,0.9720670391061452,0.9720290923386898,0.2559110279874159,0.1551117318435753,0.6826694960000168,0.0218276820000937
digits,SVM,17,0.9776536312849162,0.9774214674214674,0.1097385645833479,0.043090446868434,0.4149983040001643,0.0136797580000802
digits,GNB,18,0.88268156424581,0.8827747472730957,1.9659063388159648,0.1083565308989718,0.0029631259999405,0.0009498150000126
digits,MI-WNB,18,0.905027932960894,0.9069737140944572,1.2569459187351737,0.0796124176178253,0.8372742990000006,0.0011979169998994
digits,ABD-NB-L,18,0.88268156424581,0.8827747472730957,1.8994187897355228,0.1087508165049225,0.1320000000000618,0.0013364429999001
digits,ABD-NB-G,18,0.7988826815642458,0.7900154348021358,2.7935021932389743,0.1854967391724789,0.1036626570000862,0.0013090919999285
digits,ABD-NB-C,18,0.5754189944134078,0.5959267274216523,8.763243017341287,0.4146645048707649,0.1043735040000228,0.0013618139998925
digits,LR,18,0.9720670391061452,0.9723473097157308,0.0690056401072233,0.0341119665634804,1.3883081789999778,0.0010678569999527
digits,kNN,18,0.9664804469273744,0.9664847621169402,0.208237019402818,0.0335195530726256,0.0116522840000925,0.1004312950001349
digits,CART,18,0.8379888268156425,0.8376879335277169,4.47653414727334,0.1620111731843575,0.0191436289999273,0.0004948980001699
digits,RF,18,0.9664804469273744,0.967026457026457,0.2926678670543592,0.1911173184357541,0.6879749029999402,0.0222843510000529
digits,SVM,18,0.988826815642458,0.9888508417920182,0.0697155281147078,0.0520491117230666,0.4433106960000259,0.0136698730000262
digits,GNB,19,0.8435754189944135,0.8467891645099384,2.2475559527061875,0.1420491096977935,0.0029306910000741,0.0010361960000864
digits,MI-WNB,19,0.888268156424581,0.8834257746757747,0.9472223081227544,0.1027006543937728,0.8518225840000468,0.0011992849999842
digits,ABD-NB-L,19,0.8379888268156425,0.8408533229069303,2.172424968502181,0.1499461235113744,0.1320400280001195,0.0015168320001066
digits,ABD-NB-G,19,0.6871508379888268,0.683421232702127,4.105080844501599,0.3033496064570019,0.1173830019999968,0.0013192440001148
digits,ABD-NB-C,19,0.5921787709497207,0.5746307271521738,7.585849822147232,0.391281026791333,0.1107922480000525,0.0013115570000081
digits,LR,19,0.9776536312849162,0.9780083509495274,0.0793980340180896,0.026467433239278,1.420432690000098,0.0009608630000457
digits,kNN,19,1.0,1.0,0.0293607109565241,0.0234636871508379,0.0033465639999121,0.1446318079999855
digits,CART,19,0.8715083798882681,0.8690545250939057,3.550354668527132,0.1284916201117318,0.0188626209999256,0.000325445000044
digits,RF,19,0.9776536312849162,0.9777189580285556,0.2769000751819214,0.1915642458100558,0.7823485239998718,0.022629335999909
digits,SVM,19,0.994413407821229,0.9942669942669944,0.087850022867356,0.0550512922041978,0.465103967999994,0.0138699429999178
digits,GNB,20,0.85,0.8475345766593974,1.977564602380113,0.1418018974261603,0.0030209660001219,0.0009511299999758
digits,MI-WNB,20,0.9,0.9004229894346174,1.2988291689465674,0.0955009483831195,0.8658197160000327,0.0012055340000642
digits,ABD-NB-L,20,0.8388888888888889,0.8366697005414432,1.9194271453810163,0.148456799676727,0.1091262429999915,0.0013513170001715
digits,ABD-NB-G,20,0.7888888888888889,0.7778867764945864,3.1938688095282037,0.1842801443182372,0.1161755170001015,0.0013951290000022
digits,ABD-NB-C,20,0.6555555555555556,0.636983971983972,7.812244110787178,0.3426080083150166,0.110819119000098,0.0012517169998318
digits,LR,20,0.9666666666666668,0.9667028776897196,0.110270863609239,0.0286853787013011,1.703985528999965,0.0008778530000199
digits,kNN,20,0.9444444444444444,0.9443159519939706,0.5239766980788391,0.0377777777777777,0.0119275939998715,0.1783778829999391
digits,CART,20,0.8777777777777778,0.8756799054012676,3.3771248030579337,0.1222222222222222,0.0238100009999016,0.0006098180001572
digits,RF,20,0.9611111111111112,0.96069186838287,0.2714567642823363,0.1661666666666666,0.7065004399998998,0.0233697599999231
digits,SVM,20,0.9777777777777776,0.9775057511241722,0.0910784852103785,0.0545445843692354,0.4419949199998427,0.0146162189998904
digits,GNB,21,0.8277777777777777,0.834815749607021,2.6253030471564505,0.1610991999285711,0.0032736919999933,0.0011119900000267
digits,MI-WNB,21,0.9055555555555556,0.905599081725337,1.1291904121330654,0.0932914296376715,0.8766992769999433,0.0011353719999078
digits,ABD-NB-L,21,0.8277777777777777,0.834815749607021,2.5422245291418024,0.1718210153805576,0.1729953940000541,0.0014181290000578
digits,ABD-NB-G,21,0.7055555555555556,0.6971560473527456,4.458559085777883,0.2887007931752287,0.1168661730000621,0.0012199509999391
digits,ABD-NB-C,21,0.6,0.6006722614957909,8.294180601113482,0.3890753847523664,0.1160880669999642,0.0015204210001229
digits,LR,21,0.9777777777777776,0.977592550533727,0.0464716923893075,0.0282386418312438,1.586534228000119,0.0008830899998883
digits,kNN,21,0.9833333333333332,0.9829979559391324,0.1903421596202638,0.0133333333333333,0.0078575360000741,0.1121490640000502
digits,CART,21,0.8777777777777778,0.8779098140282351,3.3771248030579337,0.1222222222222222,0.0187777820001429,0.0004212769999867
digits,RF,21,0.9944444444444444,0.9942669942669944,0.2611980138493222,0.2012777777777778,0.7113462559998425,0.0235094370000297
digits,SVM,21,0.9944444444444444,0.9944401544401544,0.0647333644418911,0.0464485452933405,0.4583492670001305,0.014219439000044
digits,GNB,22,0.8444444444444444,0.8437900656995833,2.4298032371038234,0.1418269049655579,0.0035776580000401,0.0009714710001844
digits,MI-WNB,22,0.8777777777777778,0.8746484043852465,1.3390710520143103,0.1016780269257856,0.8688312829999632,0.0011837570000352
digits,ABD-NB-L,22,0.8444444444444444,0.8450412213848324,2.349193085074757,0.1466439588552304,0.1111488699998517,0.0013470310000229
digits,ABD-NB-G,22,0.7277777777777777,0.710343894587797,3.5915119136236955,0.2490519229271063,0.1256253579999793,0.0014496020000933
digits,ABD-NB-C,22,0.6166666666666667,0.5757106307029143,7.476739392018367,0.3786165697337428,0.1173471249999238,0.0013228349998826
digits,LR,22,0.9722222222222222,0.9720455749867516,0.1253903317696626,0.0317465795251951,1.492397326999935,0.0009375520000958
digits,kNN,22,0.9833333333333332,0.9832063882063882,0.202933526544587,0.0177777777777777,0.0073913119999815,0.1468115109998962
digits,CART,22,0.8666666666666667,0.8641112589216305,3.684136148790473,0.1333333333333333,0.0188982750000832,0.0003817080000771
digits,RF,22,0.9777777777777776,0.9776465426465426,0.3083879289250418,0.2148055555555555,0.6920346370000061,0.0221989329997995
digits,SVM,22,0.9722222222222222,0.9722645981469512,0.1417455731935625,0.0525630299146469,0.443060252999885,0.0140575340001305
digits,GNB,23,0.8611111111111112,0.8580944111273704,1.877551189581752,0.1297596345212446,0.0029093610000927,0.0009417320000011
digits,MI-WNB,23,0.9166666666666666,0.9164326917887288,1.044954824183613,0.0691189026382491,0.8430892679998578,0.0012829009999677
digits,ABD-NB-L,23,0.8611111111111112,0.8580944111273704,1.7978319569051842,0.1359250456742687,0.1056801929998982,0.0013309779999417
digits,ABD-NB-G,23,0.8,0.7848038342508878,2.7386678235509887,0.1917046937612469,0.1133051090000663,0.0013498000000708
digits,ABD-NB-C,23,0.6555555555555556,0.6438842335677778,7.410831337917324,0.3373704472863423,0.1177135220000309,0.0013507610001397
digits,LR,23,0.9722222222222222,0.9721790821790822,0.0910616913805132,0.0181835722400758,1.882862383999964,0.0008954339998581
digits,kNN,23,0.9777777777777776,0.977576710517887,0.3450875188827236,0.02,0.003036141999928,0.1329076619999796
digits,CART,23,0.8777777777777778,0.879462212949055,3.3771248030579337,0.1222222222222222,0.0189501529998779,0.0003041999998458
digits,RF,23,0.9777777777777776,0.9775852905264668,0.270885629171115,0.1842222222222222,0.6816720350000196,0.0230027200000222
digits,SVM,23,0.9777777777777776,0.9777303477303478,0.1129166434331776,0.0412789264314934,0.4538588170000821,0.014617102000102
digits,GNB,24,0.8444444444444444,0.8447425792162633,2.379072457288668,0.1557190761484401,0.0029226819999621,0.0009371730000111
digits,MI-WNB,24,0.8888888888888888,0.8870985804811831,1.717554161771507,0.1081293498596428,0.8622818320000079,0.0012091180001334
digits,ABD-NB-L,24,0.8388888888888889,0.8397240136505022,2.303011772083917,0.1586803312595148,0.105334411000058,0.0013909629999488
digits,ABD-NB-G,24,0.7888888888888889,0.7788635543146822,3.69691923652092,0.1998814665844016,0.105379417999984,0.0014212099999895
digits,ABD-NB-C,24,0.5777777777777777,0.6103966684928585,8.48765741417008,0.4087426500036804,0.1258808330001102,0.001467188000106
digits,LR,24,0.9722222222222222,0.972054912054912,0.1164227732539311,0.0321512880105452,1.1204276450000634,0.0008778049998454
digits,kNN,24,0.9833333333333332,0.9833247533247532,0.1904049041014792,0.0077777777777777,0.0031827630000407,0.1213087609999092
digits,CART,24,0.8111111111111111,0.8117413003564611,5.21919287745317,0.1888888888888888,0.0190292479999243,0.000355718000037
digits,RF,24,0.9666666666666668,0.9666279769375744,0.297417317552511,0.1929722222222222,0.7708112990001155,0.02271245299994
digits,SVM,24,0.9888888888888888,0.988884598884599,0.0935912699077827,0.0522848053868014,0.4565854639999998,0.013937333000058
digits,GNB,25,0.8222222222222222,0.8256079807289485,3.027455601683619,0.1800795978251175,0.0029031670001131,0.0008974689999377
digits,MI-WNB,25,0.8833333333333333,0.8826391724865609,2.101680333567021,0.1237961118463351,0.8582171040000048,0.0012900309998258
digits,ABD-NB-L,25,0.8055555555555556,0.8088988400630536,2.902652180934775,0.1936617932615579,0.1054599789999883,0.0013269579999359
digits,ABD-NB-G,25,0.7166666666666667,0.6933198548480941,4.6265671647114495,0.2792014678137405,0.1020206450000387,0.0015202719998796
digits,ABD-NB-C,25,0.6055555555555555,0.6029459606835553,9.268210448213711,0.3908614854324924,0.1077945069998804,0.0013488059998962
digits,LR,25,0.95,0.9498061927473692,0.1805467878428895,0.0366132002549597,1.7679797879998205,0.0009843390000696
digits,kNN,25,0.9722222222222222,0.971896181896182,0.2213754898369295,0.0111111111111111,0.0073856539997905,0.1260561130000042
digits,CART,25,0.8222222222222222,0.8214571085623718,4.912181531720631,0.1777777777777778,0.0351873910001359,0.0003740550000657
digits,RF,25,0.9722222222222222,0.9723595023595024,0.274593541610503,0.1852222222222222,0.7101254439999138,0.0230353760000525
digits,SVM,25,0.9777777777777776,0.9779071552755764,0.1320697586650262,0.0546911128868127,0.4379372359999252,0.0143624320000981
digits,GNB,26,0.8444444444444444,0.8454782245213499,2.437451144121017,0.1521716433494655,0.002853499999901,0.0009476420000282
digits,MI-WNB,26,0.8944444444444445,0.8959076470245382,1.5023986159657126,0.0918553531783506,0.8425737550001031,0.0011863820000144
digits,ABD-NB-L,26,0.8222222222222222,0.8242777363020684,2.412012004640679,0.1640051725298322,0.1289019769999413,0.00127466500021
digits,ABD-NB-G,26,0.75,0.753344287395872,3.711727592236806,0.2382398137287188,0.1169814960001076,0.0013286210000842
digits,ABD-NB-C,26,0.6166666666666667,0.5833678570272277,8.79115839238163,0.3812454190256281,0.1534115239999209,0.0013533470000766
digits,LR,26,0.9777777777777776,0.977764907764908,0.094961843880597,0.029794045261711,1.242709130000094,0.0009278929999254
digits,kNN,26,0.9888888888888888,0.9888803088803088,0.054876905083938,0.0266666666666666,0.0071825400000307,0.1173996139998507
digits,CART,26,0.8555555555555555,0.8551886734858872,3.991147494523013,0.1444444444444445,0.0184988399998928,0.0004219709999233
digits,RF,26,0.9833333333333332,0.9833204633204634,0.3000663555791698,0.2083333333333333,0.6833951730000081,0.0221870440000202
digits,SVM,26,0.9833333333333332,0.9832946436042412,0.103385160200265,0.0535712918054671,0.4446735289998287,0.0143153869998968
digits,GNB,27,0.8659217877094972,0.8683130579157329,2.113857001528711,0.1293325288781968,0.003122046000044,0.0009869349999007
digits,MI-WNB,27,0.88268156424581,0.882966661904969,1.5352290723295754,0.1101193083525974,0.8917621379998764,0.0013689229999727
digits,ABD-NB-L,27,0.8547486033519553,0.8566055951421806,2.060400950027435,0.1356980366459286,0.1092717090000405,0.0013237420000677
digits,ABD-NB-G,27,0.770949720670391,0.7627500138818337,3.187290563310496,0.2081447393532335,0.112017532999971,0.0013699989999622
digits,ABD-NB-C,27,0.5810055865921788,0.5948325677314124,8.951767430546438,0.405189675000089,0.1185590000000047,0.0013407260000803
digits,LR,27,0.9664804469273744,0.9672483072483072,0.1223361263386776,0.0230684677053718,1.7178673280000112,0.0009356260000004
digits,kNN,27,0.9720670391061452,0.9728102893041918,0.0579741593980786,0.0201117318435754,0.0114247259998592,0.1193267619999005
digits,CART,27,0.8770949720670391,0.8746652432256148,3.3959914220694305,0.1229050279329608,0.0194013300001643,0.000387068000009
digits,RF,27,0.988826815642458,0.9887071487071488,0.2796806806933198,0.2058659217877095,0.6926562070000273,0.0232302460001392
digits,SVM,27,0.994413407821229,0.9942669942669944,0.0716110367973377,0.0609227793035081,0.4997082549998595,0.0140722710000318
digits,GNB,28,0.8547486033519553,0.8531609007647672,1.8816533138360776,0.1314126662163011,0.0028657869997914,0.0009429340000224
digits,MI-WNB,28,0.9106145251396648,0.9117823476647006,0.8845179800147732,0.0803078668179446,0.848512165999864,0.001197028999968
digits,ABD-NB-L,28,0.8547486033519553,0.8513539275384392,1.8431682740296051,0.1264821732956783,0.1102408239999022,0.0013660510001045
digits,ABD-NB-G,28,0.770949720670391,0.7583686014720498,3.227556874790316,0.2017887861059462,0.1085499270000127,0.0013083300000289
digits,ABD-NB-C,28,0.6089385474860335,0.5956385001733839,8.049476647474352,0.3813476455373513,0.1115068159999737,0.0012273439999717
digits,LR,28,0.9720670391061452,0.9716785175608706,0.0693479050708273,0.0358413954500198,0.9131727389999468,0.0009019250001074
digits,kNN,28,0.9776536312849162,0.9774129332952862,0.3606262485031499,0.0312849162011172,0.0031815799998184,0.1165634710000631
digits,CART,28,0.88268156424581,0.881670464038885,3.241628175611729,0.1173184357541899,0.019576164,0.000443328999836
digits,RF,28,0.9776536312849162,0.977235483117836,0.2944903482897397,0.1978491620111732,0.7144168709999121,0.0231639570001789
digits,SVM,28,0.9776536312849162,0.9774466903878668,0.0988365542374463,0.0472788064137651,0.4798203049999756,0.0138391150001098
digits,GNB,29,0.7988826815642458,0.7970311961540785,3.5822239641219853,0.191177084330103,0.0028837649999786,0.0009518439999283
digits,MI-WNB,29,0.8156424581005587,0.8159943965301109,2.5313896933328817,0.1715161528664809,0.8540463269998781,0.0012188050000077
digits,ABD-NB-L,29,0.7988826815642458,0.7970311961540785,3.438603408459542,0.1894781340796621,0.1047926989999723,0.0013842810001278
digits,ABD-NB-G,29,0.7262569832402235,0.7181122556198621,4.293356134893675,0.2565714547590835,0.1048912630001268,0.0013531700001294
digits,ABD-NB-C,29,0.6145251396648045,0.6112198771580416,7.767676837726265,0.3735056733539522,0.1081631970000671,0.0012776660000781
digits,LR,29,0.9832402234636872,0.9831703131703132,0.0836578953082423,0.0482120503349634,1.8114127609999289,0.0009118460000081
digits,kNN,29,0.994413407821229,0.9945945945945944,0.0524883618204723,0.0324022346368715,0.003337214999874,0.12457742100014
digits,CART,29,0.8268156424581006,0.8268946664999296,4.785260640188743,0.1731843575418994,0.0192459350000717,0.0003500650000205
digits,RF,29,0.9664804469273744,0.9665746865746868,0.3188686343609467,0.199413407821229,0.7084080429999631,0.0225038280000262
digits,SVM,29,0.994413407821229,0.9944401544401544,0.0761940638328468,0.0537153958577081,0.4384874569998374,0.0137332609999702
iris-red,GNB,0,1.0,1.0,9.004274232135406e-05,8.998256047376696e-05,0.0011825100000351,0.000295369000014
iris-red,MI-WNB,0,1.0,1.0,0.0005317681220273,0.0005296652322209,0.0392297210000833,0.0001794449999579
iris-red,ABD-NB-L,0,1.0,1.0,0.002353673354408,0.0023176081258141,0.0081592599999567,0.0001973670000552
iris-red,ABD-NB-G,0,1.0,1.0,0.0023958605695351,0.0023566332004165,0.0079566899999008,0.0001828120000482
iris-red,ABD-NB-C,0,1.0,1.0,0.0014876682023871,0.001473577888897,0.0084783679999418,0.0003105949999735
iris-red,LR,0,1.0,1.0,0.0717653528941695,0.0599036566574331,0.0821219040001324,0.0007375899999715
iris-red,kNN,0,0.9333333333333332,0.9326599326599326,0.1072958608289402,0.0533333333333333,0.0020034269998632,0.0019696649999332
iris-red,CART,0,1.0,1.0,2.220446049250313e-16,0.0,0.0014861600000131,0.0002015940001456
iris-red,RF,0,1.0,1.0,0.0323104207224952,0.0293333333333332,0.3018847350001579,0.0137309390001973
iris-red,SVM,0,1.0,1.0,0.071469865675496,0.0602222081263879,0.0044001090000165,0.000611827000057
iris-red,GNB,1,0.9333333333333332,0.9326599326599326,0.2073279048879831,0.0831927529003621,0.0011397400000987,0.000254563999988
iris-red,MI-WNB,1,0.9333333333333332,0.9326599326599326,0.1455689815071273,0.0617947320630016,0.0382007820001035,0.0001736510000682
iris-red,ABD-NB-L,1,0.9333333333333332,0.9326599326599326,0.1511983006613137,0.0675545709949364,0.0078439680000883,0.000204887999871
iris-red,ABD-NB-G,1,0.9333333333333332,0.9326599326599326,0.1137413687627051,0.071540277631499,0.0077284100000269,0.000250638999887
iris-red,ABD-NB-C,1,0.9333333333333332,0.9326599326599326,0.1846943522793172,0.1049124503924189,0.0077763129997947,0.0001987559999179
iris-red,LR,1,0.9333333333333332,0.9326599326599326,0.173625870741972,0.135984503951963,0.0801158560000203,0.0007230430001072
iris-red,kNN,1,0.8666666666666667,0.8611111111111112,0.1370483343375014,0.0933333333333333,0.0022381279998171,0.0017133110000031
iris-red,CART,1,0.9333333333333332,0.9326599326599326,1.842068074395237,0.0666666666666666,0.001392843999838,0.000220537999894
iris-red,RF,1,1.0,1.0,0.1269138281099683,0.105,0.2975908699997944,0.0137917460001517
iris-red,SVM,1,0.9333333333333332,0.9326599326599326,0.1680332014825294,0.0884148792953758,0.0046377349999602,0.0006106840000938
iris-red,GNB,2,1.0,1.0,8.421213694768107e-07,8.421160567761987e-07,0.0012700229999609,0.0002627779999784
iris-red,MI-WNB,2,1.0,1.0,1.7011961496785615e-06,1.7011745050421467e-06,0.0387838780000038,0.0001844480000272
iris-red,ABD-NB-L,2,1.0,1.0,0.0001834850910595,0.0001832454528452,0.0087047699998947,0.0002288819998739
iris-red,ABD-NB-G,2,1.0,1.0,0.00013244407294,0.0001323163647526,0.0080142140000134,0.0002681900000425
iris-red,ABD-NB-C,2,1.0,1.0,0.0001147992481239,0.0001147041433751,0.0080338830000528,0.0002146980000361
iris-red,LR,2,1.0,1.0,0.0689205078746664,0.0599208846016175,0.0820999300001403,0.0007419730000037
iris-red,kNN,2,0.9333333333333332,0.9326599326599326,0.1057147590544524,0.0799999999999999,0.0020771550000517,0.0018089620000409
iris-red,CART,2,1.0,1.0,2.220446049250313e-16,0.0,0.0014642339999682,0.000200106999955
iris-red,RF,2,1.0,1.0,0.0175473223350782,0.017,0.3031496359999437,0.0144348469998476
iris-red,SVM,2,0.9333333333333332,0.9326599326599326,0.0979738360030935,0.0667627328583044,0.004665407000175,0.0005636739999772
iris-red,GNB,3,0.9333333333333332,0.9326599326599326,0.4037337564196678,0.0665097540290275,0.0012762799999563,0.0003073529999255
iris-red,MI-WNB,3,0.9333333333333332,0.9326599326599326,0.3788326254286083,0.0664372447893222,0.0388002530000903,0.0002221209999788
iris-red,ABD-NB-L,3,0.9333333333333332,0.9326599326599326,0.2267925169800752,0.0642253849076813,0.0079598190000069,0.0002119339999353
iris-red,ABD-NB-G,3,0.9333333333333332,0.9326599326599326,0.2367084427965382,0.0646003744325885,0.0076885139999376,0.0001841680000325
iris-red,ABD-NB-C,3,0.9333333333333332,0.9326599326599326,0.254326510920395,0.0650271767058593,0.0088999849999709,0.0001988920000712
iris-red,LR,3,0.9333333333333332,0.9326599326599326,0.1165743447826496,0.0869027790263895,0.0821953449999455,0.0007190869998794
iris-red,kNN,3,0.9333333333333332,0.9326599326599326,0.0908385223001718,0.0666666666666666,0.0020248010000614,0.0017586829999345
iris-red,CART,3,0.8666666666666667,0.8611111111111112,3.684136148790473,0.1333333333333333,0.0014124290000836,0.0002026810000188
iris-red,RF,3,0.9333333333333332,0.9326599326599326,0.1158718418278288,0.0393333333333334,0.3029654730000857,0.0148696030000792
iris-red,SVM,3,0.9333333333333332,0.9326599326599326,0.0775288628846957,0.0641774541036245,0.0046119309999994,0.0006351189999804
iris-red,GNB,4,1.0,1.0,0.0044076765101222,0.0042810212802361,0.0012006850001853,0.00026895100018
iris-red,MI-WNB,4,1.0,1.0,0.0025023304252799,0.0024606197184324,0.0394267320000381,0.0002362279999488
iris-red,ABD-NB-L,4,1.0,1.0,0.0170669377427695,0.0158057155874077,0.0082291039998381,0.0002110519999405
iris-red,ABD-NB-G,4,1.0,1.0,0.0162329883127459,0.0148748215252744,0.0083984469999904,0.0001960449999387
iris-red,ABD-NB-C,4,1.0,1.0,0.0183205372822598,0.0169677908377649,0.0081813249998958,0.0002677150000636
iris-red,LR,4,1.0,1.0,0.0830111711121437,0.0714172029691421,0.0890067439997892,0.0007421820000672
iris-red,kNN,4,1.0,1.0,0.0829863199230795,0.0666666666666666,0.0020765259998825,0.0017412049999165
iris-red,CART,4,0.9333333333333332,0.9326599326599326,1.842068074395237,0.0666666666666666,0.0014316870001493,0.0002312530000381
iris-red,RF,4,1.0,1.0,0.0660305476750207,0.0533333333333333,0.3036014159999922,0.0135170059998017
iris-red,SVM,4,1.0,1.0,0.0757059885236861,0.0670238612667411,0.0043279399999391,0.0005515269999705
iris-red,GNB,5,1.0,1.0,0.0110703384774378,0.0105564559920136,0.0011008300000412,0.0002513279998765
iris-red,MI-WNB,5,1.0,1.0,0.0223552027361555,0.0193373781226999,0.0407715029998598,0.0002122359999248
iris-red,ABD-NB-L,5,1.0,1.0,0.0352417606253515,0.0312412221598335,0.0082106469999416,0.0002101830000356
iris-red,ABD-NB-G,5,1.0,1.0,0.028286262049471,0.0255017269688767,0.0078396979999979,0.0001895679999961
iris-red,ABD-NB-C,5,1.0,1.0,0.0418999769350846,0.0357665404047927,0.0079567930001758,0.0001801500000055
iris-red,LR,5,0.9333333333333332,0.9326599326599326,0.1202302853565801,0.0929256306924432,0.0695054099999197,0.0007332000000133
iris-red,kNN,5,0.9333333333333332,0.9326599326599326,0.1100173271302905,0.0266666666666666,0.0021244170000045,0.0018002020001404
iris-red,CART,5,0.8666666666666667,0.8666666666666667,3.684136148790473,0.1333333333333333,0.0014339819999804,0.0001967339999282
iris-red,RF,5,0.9333333333333332,0.9326599326599326,0.1258986826779154,0.1023333333333333,0.3091579859999456,0.0137835739999445
iris-red,SVM,5,0.9333333333333332,0.9326599326599326,0.1351516323579432,0.0972690766234283,0.0044569620001766,0.0006270410001434
iris-red,GNB,6,0.8666666666666667,0.8666666666666667,1.4745680773490042,0.1333107781213224,0.0013223729999936,0.0002620399998249
iris-red,MI-WNB,6,0.8666666666666667,0.8666666666666667,0.9588020825193726,0.1331386571179719,0.0412117410000973,0.0001921050002238
iris-red,ABD-NB-L,6,0.8666666666666667,0.8666666666666667,0.720031704027124,0.1318223539704924,0.0084911520000332,0.0001822029998947
iris-red,ABD-NB-G,6,0.8666666666666667,0.8666666666666667,0.7027319660588931,0.1322578761841175,0.0083219050000025,0.0002056620000985
iris-red,ABD-NB-C,6,0.8666666666666667,0.8666666666666667,0.7335664404135553,0.1315482608942827,0.0090785190000133,0.000186904999964
iris-red,LR,6,0.9333333333333332,0.9326599326599326,0.1841483833550826,0.1351886132684854,0.0760152380000818,0.0006949749999876
iris-red,kNN,6,0.8666666666666667,0.8666666666666667,0.1562271391676201,0.0533333333333333,0.0022117280000202,0.0018620349999309
iris-red,CART,6,0.9333333333333332,0.9326599326599326,1.842068074395237,0.0666666666666666,0.001391816000023,0.0001908530000491
iris-red,RF,6,0.8666666666666667,0.8666666666666667,0.1792617551517941,0.1036666666666666,0.3049456660000942,0.0140636660000836
iris-red,SVM,6,0.8666666666666667,0.8666666666666667,0.2152366237858171,0.136378421505588,0.0046090549999462,0.0005480219999753
iris-red,GNB,7,0.9333333333333332,0.9326599326599326,0.5531819279712956,0.066650061204374,0.0012103450001177,0.0002626719999625
iris-red,MI-WNB,7,0.9333333333333332,0.9326599326599326,0.2779770780932598,0.0656361616788234,0.0404019020002124,0.0002020199999606
iris-red,ABD-NB-L,7,0.9333333333333332,0.9326599326599326,0.3154755255916384,0.0660794339281038,0.0086778120000872,0.0001935510001658
iris-red,ABD-NB-G,7,0.9333333333333332,0.9326599326599326,0.2741488063876635,0.0655752320320388,0.0081934249999449,0.0001954780000232
iris-red,ABD-NB-C,7,0.9333333333333332,0.9326599326599326,0.3294473319279883,0.0661903388766717,0.0080498299998907,0.0002240930000425
iris-red,LR,7,1.0,1.0,0.0469286812463528,0.0419689185398262,0.0870247689999814,0.0007396529999823
iris-red,kNN,7,0.9333333333333332,0.9326599326599326,0.1072958608289402,0.0533333333333333,0.0021249470000839,0.0018839579997802
iris-red,CART,7,1.0,1.0,2.220446049250313e-16,0.0,0.0014748070000223,0.0002142030000413
iris-red,RF,7,1.0,1.0,0.0476643318447964,0.0376666666666666,0.3061080529998889,0.0140330690001064
iris-red,SVM,7,0.9333333333333332,0.9326599326599326,0.0974405129980676,0.0697262754544327,0.0052528260000599,0.0006142890001683
iris-red,GNB,8,1.0,1.0,0.0161226108630891,0.0143847182494872,0.0011738170001081,0.0002859900000657
iris-red,MI-WNB,8,1.0,1.0,0.0011117886570645,0.0011045310254085,0.0423824259999037,0.0001917050001338
iris-red,ABD-NB-L,8,1.0,1.0,0.0239690522045549,0.0212757494161638,0.0087444709999999,0.0001982010001029
iris-red,ABD-NB-G,8,1.0,1.0,0.0152463905470357,0.0140877436217979,0.0082605330001115,0.0001964379998753
iris-red,ABD-NB-C,8,1.0,1.0,0.0309208959869916,0.026183634498119,0.0087768509999932,0.0003058739998778
iris-red,LR,8,1.0,1.0,0.0796817853408063,0.0725687011778585,0.0759009189998778,0.0006893680001667
iris-red,kNN,8,1.0,1.0,0.0786837518472414,0.0666666666666666,0.0020412799999576,0.0017337269998733
iris-red,CART,8,1.0,1.0,2.220446049250313e-16,0.0,0.0015631259998372,0.0002137139999831
iris-red,RF,8,1.0,1.0,0.0389035888317584,0.0353333333333333,0.35807335100003,0.0156909830000131
iris-red,SVM,8,1.0,1.0,0.0647158740525069,0.0603507014588282,0.0045041580001452,0.0006138600001577
iris-red,GNB,9,1.0,1.0,1.2754715055050554e-05,1.2753519227137744e-05,0.0012450619999526,0.0003245929999593
iris-red,MI-WNB,9,1.0,1.0,9.96486606787458e-07,9.964818334928791e-07,0.0402900770000087,0.0003035639999779
iris-red,ABD-NB-L,9,1.0,1.0,0.0004948373783558,0.0004934567054818,0.0088767029999416,0.0001951869999174
iris-red,ABD-NB-G,9,1.0,1.0,0.0002661001132213,0.0002657142266385,0.007837026000061,0.0002673510000477
iris-red,ABD-NB-C,9,1.0,1.0,0.0005057059857901,0.0005040560925888,0.0081521029999294,0.0002014080000662
iris-red,LR,9,1.0,1.0,0.0410583808775771,0.0391816234978799,0.1671508510000876,0.0010136820001207
iris-red,kNN,9,1.0,1.0,0.0297524735085614,0.0266666666666666,0.0021074650001082,0.0018767789999856
iris-red,CART,9,1.0,1.0,2.220446049250313e-16,0.0,0.001444223000135,0.0002019119999658
iris-red,RF,9,1.0,1.0,0.0188249920444323,0.0183333333333333,0.4022576960001061,0.0139476310000645
iris-red,SVM,9,1.0,1.0,0.0357424625627174,0.0349053199656322,0.0044816769998305,0.0006381959999544
iris-red,GNB,10,1.0,1.0,0.0021025176767194,0.0020741210887571,0.0012654170000132,0.0003609059999689
iris-red,MI-WNB,10,1.0,1.0,0.001078693025606,0.0010733064785538,0.0405726859999049,0.0001913819999117
iris-red,ABD-NB-L,10,1.0,1.0,0.0104728842016853,0.009989981775222,0.0083064860000376,0.0002207710001584
iris-red,ABD-NB-G,10,1.0,1.0,0.0084969713379574,0.008158059901082,0.0080974009999863,0.0002215209999576
iris-red,ABD-NB-C,10,1.0,1.0,0.0102031533730945,0.0097729814463171,0.0088002840000172,0.0002048240000931
iris-red,LR,10,1.0,1.0,0.0876768264256504,0.0729117148571467,0.1547474030001012,0.0007262870001341
iris-red,kNN,10,0.9333333333333332,0.9326599326599326,0.1221720975832208,0.04,0.0062803130001611,0.0018743719999747
iris-red,CART,10,1.0,1.0,2.220446049250313e-16,0.0,0.001445311999987,0.0002037599999766
iris-red,RF,10,1.0,1.0,0.0522269726469098,0.0463333333333333,0.3241255109999201,0.0141609249999419
iris-red,SVM,10,1.0,1.0,0.0881706865800722,0.0764922006978802,0.004573991999905,0.0005542159999549
iris-red,GNB,11,0.9333333333333332,0.9326599326599326,0.0757529943422841,0.0521504531759535,0.0011365499999556,0.000298050000083
iris-red,MI-WNB,11,0.9333333333333332,0.9326599326599326,0.0574347368894656,0.0413192235207814,0.039745086999801,0.0002218030001586
iris-red,ABD-NB-L,11,1.0,1.0,0.0666416804417261,0.0521546166083439,0.0080740149999201,0.0002548800000568
iris-red,ABD-NB-G,11,1.0,1.0,0.0631624796721531,0.0501086959175162,0.0078894210000726,0.0001932569998643
iris-red,ABD-NB-C,11,0.9333333333333332,0.9326599326599326,0.069502304205463,0.0524171744007282,0.0079034049999791,0.0001991090000501
iris-red,LR,11,0.9333333333333332,0.9326599326599326,0.1096709558557873,0.081821071733245,0.1450840210000024,0.0007645880000382
iris-red,kNN,11,0.9333333333333332,0.9326599326599326,0.1370483343375014,0.0266666666666667,0.0059866249998776,0.0017860709999695
iris-red,CART,11,1.0,1.0,2.220446049250313e-16,0.0,0.0013180560001728,0.0002448459999868
iris-red,RF,11,0.9333333333333332,0.9326599326599326,0.0957911388395602,0.0653333333333333,0.3745105169998624,0.0138854439999249
iris-red,SVM,11,0.9333333333333332,0.9326599326599326,0.1302214846628869,0.0880417349193577,0.0048183430001245,0.0006065290001515
iris-red,GNB,12,0.8666666666666667,0.8666666666666667,0.5702210797820056,0.1449926187313484,0.0012130959999012,0.000266141999873
iris-red,MI-WNB,12,0.8666666666666667,0.8666666666666667,0.5216836390449069,0.1172302030212399,0.0393139889999929,0.00017303300001
iris-red,ABD-NB-L,12,0.8666666666666667,0.8666666666666667,0.36288892928759,0.14277057679832,0.0080055129999436,0.0002416529998754
iris-red,ABD-NB-G,12,0.8666666666666667,0.8666666666666667,0.3663850031078686,0.1358170852168882,0.0080319059998146,0.0001789980001376
iris-red,ABD-NB-C,12,0.8,0.797979797979798,0.4584963931736018,0.1650008232947702,0.0081619879999834,0.0002271319999636
iris-red,LR,12,0.8666666666666667,0.8666666666666667,0.2474484735604111,0.1800075049682304,0.1517833190000601,0.0007003690000146
iris-red,kNN,12,0.9333333333333332,0.9326599326599326,0.1781274102990892,0.0533333333333333,0.0100561829999605,0.0018375059999016
iris-red,CART,12,0.8666666666666667,0.8611111111111112,3.684136148790473,0.1333333333333333,0.001427700000022,0.000247833000003
iris-red,RF,12,0.8666666666666667,0.8666666666666667,0.2228502825883431,0.1143333333333333,0.3360781769999903,0.0143915549999746
iris-red,SVM,12,0.8666666666666667,0.8703703703703703,0.241969988619064,0.0536188129429524,0.0044758239998827,0.0006727200000113
iris-red,GNB,13,0.9333333333333332,0.9326599326599326,0.7545584561009356,0.0832190996253086,0.0013940649998858,0.0003302150000763
iris-red,MI-WNB,13,0.9333333333333332,0.9326599326599326,0.5940899827049286,0.0630171152233219,0.0408916880001015,0.0001938969999173
iris-red,ABD-NB-L,13,0.9333333333333332,0.9326599326599326,0.462478450178183,0.0867828084160167,0.008184963000076,0.0002064660000087
iris-red,ABD-NB-G,13,0.9333333333333332,0.9326599326599326,0.4533036085166805,0.0802055725211215,0.0077741459999742,0.0001856549999956
iris-red,ABD-NB-C,13,0.9333333333333332,0.9326599326599326,0.4618862627697311,0.0936940359009588,0.0081319599999005,0.0001922129999911
iris-red,LR,13,0.9333333333333332,0.9326599326599326,0.102478337452898,0.0754439825168875,0.1393719499999406,0.0007566859999315
iris-red,kNN,13,0.9333333333333332,0.9326599326599326,0.0908385223001718,0.0666666666666666,0.0060705569999299,0.0026806859998487
iris-red,CART,13,0.9333333333333332,0.9326599326599326,1.8420680743952365,0.0666666666666666,0.0014086779999615,0.0002350230001866
iris-red,RF,13,0.9333333333333332,0.9326599326599326,0.1219501076670794,0.0416666666666666,0.3266136729998834,0.0141128720001688
iris-red,SVM,13,0.9333333333333332,0.9326599326599326,0.1336207270172075,0.0836817213975086,0.0046703729999535,0.0007001240001045
iris-red,GNB,14,1.0,1.0,7.964848582700618e-07,7.964826800321845e-07,0.0011266370001976,0.0003128710000055
iris-red,MI-WNB,14,1.0,1.0,2.055723305635241e-06,2.0556986292108448e-06,0.0380300870001519,0.0001836400001593
iris-red,ABD-NB-L,14,1.0,1.0,0.0002460004207566,0.0002457957868495,0.0080751289999625,0.0002688150000267
iris-red,ABD-NB-G,14,1.0,1.0,0.0001535393024493,0.0001534490783448,0.0082289449999279,0.0002142240000466
iris-red,ABD-NB-C,14,1.0,1.0,0.0004333175921863,0.0004325355636074,0.0082402339999134,0.0002567910000834
iris-red,LR,14,1.0,1.0,0.0342871178316019,0.0327858034152019,0.1474544119998881,0.0007354340000347
iris-red,kNN,14,1.0,1.0,2.220446049250313e-16,0.0,0.0060639159999027,0.0018439519999446
iris-red,CART,14,1.0,1.0,2.220446049250313e-16,0.0,0.0013959620000605,0.0001944820000971
iris-red,RF,14,1.0,1.0,0.0098073319188199,0.0096666666666667,0.3237590109999928,0.0140815669999483
iris-red,SVM,14,1.0,1.0,0.0256091589868308,0.0251562040257974,0.0044766359999357,0.0006149509999886
iris-red,GNB,15,1.0,1.0,0.0107109937039181,0.0100178126963389,0.0011487930000839,0.0002609690000099
iris-red,MI-WNB,15,1.0,1.0,0.0049665244984329,0.0048181287857772,0.0387320380000346,0.0001736839999466
iris-red,ABD-NB-L,15,1.0,1.0,0.0211917934425064,0.0189925466066748,0.0083435169999575,0.0002022490000399
iris-red,ABD-NB-G,15,1.0,1.0,0.0227457242094241,0.0198483113460083,0.0078401139999186,0.0001873020000857
iris-red,ABD-NB-C,15,1.0,1.0,0.0219948379778234,0.0196772325505594,0.0082697039999857,0.0003224370000225
iris-red,LR,15,1.0,1.0,0.093474872612171,0.0817631656265163,0.1440799839999726,0.0009399260000009
iris-red,kNN,15,1.0,1.0,0.0638075150929608,0.0533333333333333,0.0073194230001263,0.0071236139999655
iris-red,CART,15,0.9333333333333332,0.9326599326599326,1.842068074395237,0.0666666666666666,0.0014509140000882,0.0002558350001891
iris-red,RF,15,1.0,1.0,0.0803613343999918,0.0666666666666666,0.3183348500001557,0.014226428000029
iris-red,SVM,15,1.0,1.0,0.0700646839245066,0.0649577213861974,0.0045257210001636,0.0005964709998806
iris-red,GNB,16,1.0,1.0,0.0006601731823487,0.0006576316532845,0.0013117729999976,0.0002666250002221
iris-red,MI-WNB,16,1.0,1.0,0.0001978744787862,0.0001976556530429,0.038937745999874,0.0001782690001164
iris-red,ABD-NB-L,16,1.0,1.0,0.0054498850545839,0.0053515666318662,0.0087963409998792,0.0002656950000528
iris-red,ABD-NB-G,16,1.0,1.0,0.0031907823961897,0.0031538417045154,0.0080561539998598,0.0002110150001044
iris-red,ABD-NB-C,16,1.0,1.0,0.0063018108040684,0.006185273247738,0.0081162760000097,0.0002470209999501
iris-red,LR,16,1.0,1.0,0.0464385006282489,0.0439076152744039,0.1473634319997927,0.0007632639999428
iris-red,kNN,16,1.0,1.0,0.0489312783386802,0.04,0.006181510000033,0.0018252649999794
iris-red,CART,16,1.0,1.0,2.220446049250313e-16,0.0,0.001392560000113,0.0002440660000502
iris-red,RF,16,1.0,1.0,0.0224118369296659,0.0213333333333334,0.3478794620000371,0.016670508000061
iris-red,SVM,16,1.0,1.0,0.0538693200247878,0.0501665480274247,0.0050769829999808,0.0006656819998624
iris-red,GNB,17,1.0,1.0,6.493851520969496e-05,6.49073087392038e-05,0.0012222289999499,0.0003142220000427
iris-red,MI-WNB,17,1.0,1.0,7.001765874603747e-05,6.998165944005486e-05,0.0440305060001264,0.0001997480001136
iris-red,ABD-NB-L,17,1.0,1.0,0.0015076015951515,0.0014933666927808,0.0086844930001461,0.000210602999914
iris-red,ABD-NB-G,17,1.0,1.0,0.0010837475871477,0.0010763718880537,0.0086753890000181,0.0002283380001699
iris-red,ABD-NB-C,17,1.0,1.0,0.0012148710344156,0.0012049693299348,0.00881538800013,0.000222752000127
iris-red,LR,17,1.0,1.0,0.0894050482508665,0.0797398045828991,0.1604191470000842,0.0008478230001855
iris-red,kNN,17,1.0,1.0,0.0595049470171227,0.0533333333333333,0.0062801020001188,0.0059760729998288
iris-red,CART,17,1.0,1.0,2.220446049250313e-16,0.0,0.0016967939998266,0.0002087510001729
iris-red,RF,17,1.0,1.0,0.0366140337879488,0.0336666666666666,0.3230124809999779,0.0146710510000502
iris-red,SVM,17,1.0,1.0,0.0665370302948219,0.0623942197065798,0.0048051640001176,0.0005977789999178
iris-red,GNB,18,0.8666666666666667,0.8611111111111112,1.5559742853007117,0.1333283747422354,0.0012075439999534,0.0003183230001013
iris-red,MI-WNB,18,0.8666666666666667,0.8611111111111112,0.8372215975968413,0.1327685737778248,0.0395803619999242,0.000229752999985
iris-red,ABD-NB-L,18,0.8666666666666667,0.8611111111111112,0.8750632836222496,0.1329930075363268,0.0081491079999977,0.000209740999935
iris-red,ABD-NB-G,18,0.8666666666666667,0.8611111111111112,0.8194630605326055,0.1328166882319792,0.0127133000000867,0.0002345789998798
iris-red,ABD-NB-C,18,0.8666666666666667,0.8611111111111112,0.7933862277263306,0.1328219517122136,0.0102084400000421,0.0002587510000466
iris-red,LR,18,0.9333333333333332,0.9326599326599326,0.121639945279027,0.0409840072287926,0.0906489940000483,0.0007541310001215
iris-red,kNN,18,0.8666666666666667,0.8611111111111112,0.1981343831291118,0.0666666666666667,0.0021809070001381,0.0019141420000323
iris-red,CART,18,0.8666666666666667,0.8611111111111112,3.684136148790473,0.1333333333333333,0.0014844659999653,0.0002257710000321
iris-red,RF,18,0.9333333333333332,0.9326599326599326,0.1796155843962555,0.1063333333333334,0.3149697619999188,0.0144256069997936
iris-red,SVM,18,0.8666666666666667,0.8611111111111112,0.1879350850897981,0.1135688093233835,0.0044466580000062,0.0006821629999649
iris-red,GNB,19,1.0,1.0,0.0115876205637027,0.0106449557533377,0.0011370289998922,0.0002574029999777
iris-red,MI-WNB,19,1.0,1.0,0.0008966008018342,0.0008907314658345,0.0390718589999323,0.0001714349998565
iris-red,ABD-NB-L,19,1.0,1.0,0.0198904931932802,0.017617967769374,0.008967857000016,0.0002433990000554
iris-red,ABD-NB-G,19,1.0,1.0,0.0132947449675337,0.0121947132718592,0.0086814700000559,0.0002014729998336
iris-red,ABD-NB-C,19,1.0,1.0,0.0279711829865426,0.0235821754638873,0.0092875489999642,0.0002407140000286
iris-red,LR,19,1.0,1.0,0.0784690651036653,0.0687120242359434,0.0975382259998696,0.0007786910000504
iris-red,kNN,19,1.0,1.0,0.0638075150929608,0.0533333333333333,0.0020471039999847,0.0017865099998743
iris-red,CART,19,1.0,1.0,2.220446049250313e-16,0.0,0.0015741850002086,0.0002152170000044
iris-red,RF,19,1.0,1.0,0.0219077551993253,0.0213333333333334,0.3130006740000226,0.0139680639999824
iris-red,SVM,19,1.0,1.0,0.0605510035938861,0.0564952748220304,0.0045728110001164,0.0006655390000105
iris-red,GNB,20,1.0,1.0,0.0109160126905572,0.0104547447076557,0.0011676910000915,0.0003068460000577
iris-red,MI-WNB,20,1.0,1.0,0.0034415823693504,0.0033937519641272,0.0386873429999923,0.00017915300009
iris-red,ABD-NB-L,20,1.0,1.0,0.0283414443959227,0.0255131338032029,0.008123161000185,0.0002590359999885
iris-red,ABD-NB-G,20,1.0,1.0,0.0226787524609662,0.0208495813846083,0.0079627290001553,0.0002354740001919
iris-red,ABD-NB-C,20,1.0,1.0,0.0330690346002467,0.0289932587745585,0.0082605979998788,0.0003254260000176
iris-red,LR,20,1.0,1.0,0.0914893685452819,0.0814159820268141,0.0878174780000335,0.0007332340001084
iris-red,kNN,20,1.0,1.0,0.0935599886015221,0.0799999999999999,0.0020891209999263,0.0018519709999509
iris-red,CART,20,0.8666666666666667,0.8611111111111112,3.684136148790473,0.1333333333333333,0.0014731179999216,0.0002810060000228
iris-red,RF,20,0.9333333333333332,0.9326599326599326,0.1045230701558277,0.0213333333333333,0.3029554280001321,0.0145852919999924
iris-red,SVM,20,1.0,1.0,0.0572472588686591,0.0540065441950844,0.0044051529998796,0.0007003059999988
iris-red,GNB,21,0.9333333333333332,0.9326599326599326,0.5214799338291001,0.0666397069747767,0.0011719809999704,0.0002673689998573
iris-red,MI-WNB,21,0.9333333333333332,0.9326599326599326,0.233735575482657,0.0646647924945271,0.0416794210000261,0.0002139799998985
iris-red,ABD-NB-L,21,0.9333333333333332,0.9326599326599326,0.2943014991860748,0.0658223509972613,0.0091443280000476,0.0002753470000698
iris-red,ABD-NB-G,21,0.9333333333333332,0.9326599326599326,0.2445942137451824,0.0649459650408772,0.0085927729999184,0.0002465790000769
iris-red,ABD-NB-C,21,0.9333333333333332,0.9326599326599326,0.3143144806523544,0.0659798791834326,0.0084450259998902,0.0002266220001274
iris-red,LR,21,1.0,1.0,0.0667826944306217,0.0598579975779719,0.068117913999913,0.0007220609998057
iris-red,kNN,21,0.9333333333333332,0.9326599326599326,0.1072958608289402,0.0533333333333333,0.0021178430001782,0.0018728500001543
iris-red,CART,21,1.0,1.0,2.220446049250313e-16,0.0,0.0014359719998537,0.0001978709999548
iris-red,RF,21,1.0,1.0,0.0460677510345294,0.0386666666666666,0.3214006839998546,0.0148963680001088
iris-red,SVM,21,0.9333333333333332,0.9326599326599326,0.0970872131047486,0.070392130086557,0.0046938820000832,0.0006497370000033
iris-red,GNB,22,0.9333333333333332,0.9326599326599326,0.1473935611438626,0.0534105619454765,0.0012089289998584,0.0002629230000366
iris-red,MI-WNB,22,0.9333333333333332,0.9326599326599326,0.1162818870079594,0.0554794770354094,0.0386452959999132,0.0002729420000378
iris-red,ABD-NB-L,22,0.9333333333333332,0.9326599326599326,0.1028328487465994,0.0612082919413682,0.011389920999818,0.0002921739999237
iris-red,ABD-NB-G,22,0.9333333333333332,0.9326599326599326,0.0840353133857328,0.0531554196036963,0.0084091400001398,0.0002699669998946
iris-red,ABD-NB-C,22,0.9333333333333332,0.9326599326599326,0.1219526609183454,0.0396750715258036,0.009000474000004,0.0002891849999286
iris-red,LR,22,0.9333333333333332,0.9326599326599326,0.0927602964601546,0.0711139901516551,0.1365377209999678,0.0006892630001402
iris-red,kNN,22,0.9333333333333332,0.9326599326599326,0.0759622855458911,0.0533333333333333,0.0062182800002119,0.0018234039998787
iris-red,CART,22,1.0,1.0,2.220446049250313e-16,0.0,0.001464235999947,0.0002042180001353
iris-red,RF,22,1.0,1.0,0.0380861506785385,0.0326666666666668,0.3891176909999103,0.0169883929997922
iris-red,SVM,22,0.9333333333333332,0.9326599326599326,0.0876024038808816,0.0674634366156504,0.004803905000017,0.0006704709999212
iris-red,GNB,23,1.0,1.0,9.481587733311957e-08,9.48158292990442e-08,0.0012347909998879,0.0003105920000052
iris-red,MI-WNB,23,1.0,1.0,1.002856960964411e-07,1.0028567154485303e-07,0.0403996760001064,0.0002483229998233
iris-red,ABD-NB-L,23,1.0,1.0,2.1955727049150657e-05,2.1954338243812543e-05,0.0089706900000692,0.0002989240001625
iris-red,ABD-NB-G,23,1.0,1.0,1.1295172575838442e-05,1.1294825055241375e-05,0.007951119999916,0.0003100999999787
iris-red,ABD-NB-C,23,1.0,1.0,4.5259699498128537e-05,4.52531440917614e-05,0.0094612560001223,0.0003288310001607
iris-red,LR,23,1.0,1.0,0.0913557154518153,0.0799230535161684,0.1535366149998935,0.0007836760000827
iris-red,kNN,23,1.0,1.0,0.0786837518472414,0.0666666666666666,0.0106338500002038,0.0062153230001058
iris-red,CART,23,0.9333333333333332,0.9326599326599326,1.8420680743952365,0.0666666666666666,0.0097958839999137,0.0002189010001529
iris-red,RF,23,1.0,1.0,0.0511672072819271,0.0456666666666668,0.4235204359999898,0.0150491869999314
iris-red,SVM,23,0.9333333333333332,0.9326599326599326,0.103945831257435,0.0759914987142085,0.0053938640000978,0.0007704319998538
iris-red,GNB,24,0.9333333333333332,0.9326599326599326,0.4026709113874832,0.0738188301297531,0.0014993150000464,0.000383814000088
iris-red,MI-WNB,24,0.9333333333333332,0.9326599326599326,0.3872079505433671,0.0641748136843101,0.0449827950001235,0.0001935850000336
iris-red,ABD-NB-L,24,0.9333333333333332,0.9326599326599326,0.2464125732321402,0.0780886778161637,0.0103803239999251,0.000263263999841
iris-red,ABD-NB-G,24,0.9333333333333332,0.9326599326599326,0.2510981508102797,0.0729160947820657,0.0094717439999385,0.0002121630000146
iris-red,ABD-NB-C,24,0.9333333333333332,0.9326599326599326,0.2847688859695956,0.0858835950234528,0.0098145219999423,0.0002080500000829
iris-red,LR,24,0.9333333333333332,0.9326599326599326,0.1276525649597956,0.0508664329594756,0.1075090500000897,0.0007940809998672
iris-red,kNN,24,0.8666666666666667,0.8666666666666667,0.1668008078460627,0.1199999999999999,0.0024142289998962,0.0062961109999832
iris-red,CART,24,0.9333333333333332,0.9326599326599326,1.8420680743952365,0.0666666666666666,0.0017117110000981,0.000261453999883
iris-red,RF,24,0.9333333333333332,0.9326599326599326,0.1712138516073366,0.0803333333333334,0.3353327570000601,0.0163751460002004
iris-red,SVM,24,0.9333333333333332,0.9326599326599326,0.109216466686507,0.0929074718052268,0.0044437269998525,0.0007071719999203
iris-red,GNB,25,0.8666666666666667,0.8666666666666667,1.5511392812617468,0.1333200541219222,0.0011587089998101,0.00025622499993
iris-red,MI-WNB,25,0.8666666666666667,0.8666666666666667,1.0059619339751793,0.1332286429289374,0.0385428809997847,0.0002093180000883
iris-red,ABD-NB-L,25,0.8666666666666667,0.8666666666666667,0.8775357113355507,0.1328254050313987,0.0081220549998306,0.0001839209999161
iris-red,ABD-NB-G,25,0.8666666666666667,0.8666666666666667,0.8548306914026749,0.1329677534111756,0.0080997529998967,0.0002134230001047
iris-red,ABD-NB-C,25,0.8666666666666667,0.8666666666666667,0.8191193273176373,0.1324665594480493,0.0079131630000119,0.0002163320000363
iris-red,LR,25,0.8666666666666667,0.8666666666666667,0.158622197492191,0.1127753519938073,0.1187049329998899,0.0007304559999283
iris-red,kNN,25,0.8666666666666667,0.8666666666666667,0.2173131879592305,0.0533333333333333,0.0020557150000968,0.0019094589999895
iris-red,CART,25,0.9333333333333332,0.9326599326599326,1.8420680743952365,0.0666666666666666,0.0013841489999322,0.0002404300000762
iris-red,RF,25,0.8666666666666667,0.8666666666666667,0.2116221122581873,0.111,0.3885913489998529,0.0159750030002214
iris-red,SVM,25,0.8666666666666667,0.8666666666666667,0.2025928353561665,0.1269250564127996,0.0042890999998235,0.000608055999919
iris-red,GNB,26,1.0,1.0,0.0089546817651686,0.0084687878451539,0.0012728570000035,0.0002791950000755
iris-red,MI-WNB,26,1.0,1.0,0.0429650974157526,0.0321105823132606,0.0401976289999765,0.0002006719998917
iris-red,ABD-NB-L,26,1.0,1.0,0.029107658514669,0.0257271650264256,0.0078868509999665,0.0001965589999599
iris-red,ABD-NB-G,26,1.0,1.0,0.0337505258786623,0.0285965046124262,0.0114111539999157,0.0002599619999728
iris-red,ABD-NB-C,26,1.0,1.0,0.0225760990541196,0.0204693368831605,0.0098634339999534,0.0002205970001796
iris-red,LR,26,0.9333333333333332,0.9326599326599326,0.1809499735297614,0.1357939454081563,0.1228218440001001,0.0007945510001263
iris-red,kNN,26,0.8666666666666667,0.8611111111111112,0.2443441951664414,0.08,0.0060619410000981,0.0019113180001113
iris-red,CART,26,0.8666666666666667,0.8611111111111112,3.684136148790473,0.1333333333333333,0.0014278379999268,0.0002482489999238
iris-red,RF,26,0.9333333333333332,0.9326599326599326,0.1736296536436596,0.1163333333333333,0.3238082760001362,0.0139091139999436
iris-red,SVM,26,0.9333333333333332,0.9326599326599326,0.1742885951151013,0.1187931743495155,0.004260436000095,0.0006556150001415
iris-red,GNB,27,0.9333333333333332,0.9326599326599326,0.0861532624721572,0.0487742003515515,0.0011565869999685,0.0002999690000251
iris-red,MI-WNB,27,1.0,1.0,0.0056251040439154,0.0053951756653783,0.0381966760000977,0.000182635000101
iris-red,ABD-NB-L,27,0.9333333333333332,0.9326599326599326,0.0516989184488815,0.0371720257096635,0.0078575840000212,0.0002796009998746
iris-red,ABD-NB-G,27,1.0,1.0,0.0312665394268036,0.0252189323939573,0.0076881480001702,0.0001916890000757
iris-red,ABD-NB-C,27,0.9333333333333332,0.9326599326599326,0.0793643403428723,0.0514088994433544,0.0078208610000274,0.0002142920000096
iris-red,LR,27,1.0,1.0,0.0479850637528005,0.0459540287690304,0.161710247999963,0.0006837379999069
iris-red,kNN,27,1.0,1.0,0.0489312783386802,0.04,0.0060726210001575,0.0018718970000008
iris-red,CART,27,1.0,1.0,2.220446049250313e-16,0.0,0.0014171210000313,0.0002116949999617
iris-red,RF,27,1.0,1.0,0.0325369051106908,0.0313333333333333,0.3210074169999188,0.0137089879999621
iris-red,SVM,27,1.0,1.0,0.068309757632467,0.0628534136217835,0.0042371189999812,0.0005738479999308
iris-red,GNB,28,1.0,1.0,0.0001883883520318,0.0001882538914502,0.0011239739999382,0.0003290510001079
iris-red,MI-WNB,28,1.0,1.0,0.0001465516884887,0.0001464670559625,0.0378611720000208,0.0001748349998251
iris-red,ABD-NB-L,28,1.0,1.0,0.0034280376591832,0.0033857100588151,0.0077047069999025,0.000263711000116
iris-red,ABD-NB-G,28,1.0,1.0,0.002347344768853,0.0023273492665158,0.0075929370000267,0.0002051970000138
iris-red,ABD-NB-C,28,1.0,1.0,0.0028090814334382,0.0027801008965944,0.007790659999955,0.0001825930000904
iris-red,LR,28,1.0,1.0,0.0630709206465139,0.0550562652922899,0.1816858689999207,0.0006746970000222
iris-red,kNN,28,0.9333333333333332,0.9326599326599326,0.0759622855458911,0.0533333333333333,0.0060805129999153,0.0018706550001752
iris-red,CART,28,0.9333333333333332,0.9326599326599326,1.842068074395237,0.0666666666666666,0.0014155320000099,0.0001991710000766
iris-red,RF,28,1.0,1.0,0.034827054867597,0.0309999999999999,0.3290777619999971,0.0157673300000169
iris-red,SVM,28,1.0,1.0,0.0649704247736549,0.0581597457430518,0.0047571759998845,0.0007097610000528
iris-red,GNB,29,1.0,1.0,0.0005001651455204,0.0004982976848642,0.001328820000026,0.0002595620001102
iris-red,MI-WNB,29,1.0,1.0,0.0002238975536143,0.0002235235634422,0.0434615510000639,0.00025705500002
iris-red,ABD-NB-L,29,1.0,1.0,0.0024190126117452,0.0023774089200646,0.0088527809998595,0.0003030320001471
iris-red,ABD-NB-G,29,1.0,1.0,0.0015289168666461,0.0015119586308177,0.0087523790000432,0.000317435999932
iris-red,ABD-NB-C,29,1.0,1.0,0.0043472892031292,0.0042215048643325,0.0097844680001344,0.0002980610001941
iris-red,LR,29,1.0,1.0,0.0904543975561834,0.0740238958664805,0.1921852169998601,0.0008239320000029
iris-red,kNN,29,1.0,1.0,0.0489312783386802,0.04,0.0061748810001063,0.0020493990000431
iris-red,CART,29,1.0,1.0,2.220446049250313e-16,0.0,0.005633631999899,0.0002017859999341
iris-red,RF,29,1.0,1.0,0.0323736714615254,0.028,0.3435517849998177,0.0140930469999602
iris-red,SVM,29,1.0,1.0,0.093458057266851,0.080823510479872,0.0046632649998628,0.0006225419999736
wine-red,GNB,0,1.0,1.0,8.057208294774681e-07,8.057158472629666e-07,0.0014004989998284,0.0003055600000152
wine-red,MI-WNB,0,1.0,1.0,1.4842306788181005e-05,1.4841320236991253e-05,0.1254430410001532,0.0002349339999909
wine-red,ABD-NB-L,0,1.0,1.0,0.0003132109086453,0.000312760584133,0.0192265930002122,0.0003884410000409
wine-red,ABD-NB-G,0,1.0,1.0,0.0003391754984059,0.0003386035190671,0.0190593720001288,0.0003164479999213
wine-red,ABD-NB-C,0,1.0,1.0,1.861688017345121e-05,1.861402568636983e-05,0.019286066000177,0.0003240169999116
wine-red,LR,0,1.0,1.0,0.0468676988338446,0.0377421569671983,0.1836725969999406,0.0007543879999047
wine-red,kNN,0,1.0,1.0,0.0247937279238012,0.0222222222222222,0.0060486570000648,0.0948560829999678
wine-red,CART,0,1.0,1.0,2.220446049250313e-16,0.0,0.0032820439998886,0.0002261049999106
wine-red,RF,0,1.0,1.0,0.1057375173851212,0.0930555555555554,0.3204584269999486,0.0142595519998849
wine-red,SVM,0,1.0,1.0,0.03892603137266,0.0365055146456567,0.0085764220000328,0.0008666939997965
wine-red,GNB,1,1.0,1.0,6.870220524159559e-06,6.869795939445922e-06,0.0012784890000148,0.0002844299999651
wine-red,MI-WNB,1,1.0,1.0,0.0006923045610228,0.0006880325340282,0.1233370869999817,0.0002222709999841
wine-red,ABD-NB-L,1,1.0,1.0,0.0006510092827296,0.000647291658557,0.0196774349999486,0.0002764850000858
wine-red,ABD-NB-G,1,1.0,1.0,0.0007035604140394,0.0006991809263995,0.0200225419998787,0.0003783980000662
wine-red,ABD-NB-C,1,1.0,1.0,0.000122873216688,0.0001228099955322,0.0195935829999598,0.0002987230000144
wine-red,LR,1,0.9444444444444444,0.9407407407407408,0.0788911972666096,0.0505594307572277,0.1856193389999134,0.0007770990000608
wine-red,kNN,1,0.9444444444444444,0.9487179487179488,0.1164748338657098,0.0444444444444444,0.0059273920001032,0.0834545870000056
wine-red,CART,1,0.9444444444444444,0.944055944055944,1.535056728662697,0.0555555555555555,0.0027463900000839,0.0001905130000068
wine-red,RF,1,1.0,1.0,0.1065802071847916,0.0961111111111111,0.3167210099998101,0.0139840700001059
wine-red,SVM,1,1.0,1.0,0.0760669113858865,0.0621939378361149,0.0078110669999205,0.0007859999998345
wine-red,GNB,2,1.0,1.0,2.2510838031032526e-06,2.251041546941224e-06,0.0012271579998923,0.0003755370000817
wine-red,MI-WNB,2,1.0,1.0,0.0002802716952373,0.0002797325414339,0.1219978980000178,0.0002626309999413
wine-red,ABD-NB-L,2,1.0,1.0,0.0001920795840919,0.0001918690761686,0.0193661970001812,0.0003740580000339
wine-red,ABD-NB-G,2,1.0,1.0,0.0001025999144408,0.0001025513183555,0.0188981759999933,0.0002740909999374
wine-red,ABD-NB-C,2,1.0,1.0,0.0011870310805172,0.0011764621533588,0.0196707010002228,0.0002917780000188
wine-red,LR,2,1.0,1.0,0.0163386817969085,0.0155423627980563,0.121944448000022,0.0007592720000957
wine-red,kNN,2,0.9444444444444444,0.944055944055944,0.1266038092431518,0.0111111111111111,0.001865682000016,0.1227005430000645
wine-red,CART,2,0.9444444444444444,0.9407407407407408,1.535056728662697,0.0555555555555555,0.0024337419999937,0.0042789710000761
wine-red,RF,2,1.0,1.0,0.0976078011000822,0.0863888888888889,0.3669566959999883,0.0138709259999814
wine-red,SVM,2,1.0,1.0,0.0501169679388241,0.0470392718967832,0.0079711109999607,0.0006804180000017
wine-red,GNB,3,1.0,1.0,0.000270931297002,0.0002702717828105,0.0011559140000372,0.0003655210000488
wine-red,MI-WNB,3,1.0,1.0,0.0190947567237156,0.0161594460963108,0.1230690190000132,0.0003031339999779
wine-red,ABD-NB-L,3,1.0,1.0,0.0043685813414399,0.0042031268067584,0.0200980919998983,0.0003166960000271
wine-red,ABD-NB-G,3,1.0,1.0,0.0047168158741025,0.0045241785636841,0.0196483649999663,0.0002877279998756
wine-red,ABD-NB-C,3,1.0,1.0,0.0014134564145629,0.0014044903669945,0.0195019089999277,0.0003069560000312
wine-red,LR,3,1.0,1.0,0.0074203679607659,0.0072512530673611,0.0193952810000155,0.0006325859999378
wine-red,kNN,3,1.0,1.0,0.0567584026406658,0.0444444444444444,0.0018135610000626,0.0992977000000792
wine-red,CART,3,0.9444444444444444,0.9487179487179488,1.535056728662697,0.0555555555555555,0.0022969950000515,0.0001997100000608
wine-red,RF,3,1.0,1.0,0.0425332990526391,0.0391666666666666,0.3217478730000493,0.0141036310001254
wine-red,SVM,3,1.0,1.0,0.0396244875832734,0.0372178630486361,0.0082932079999409,0.0007942459999412
wine-red,GNB,4,1.0,1.0,8.924358909448166e-09,8.924357919326553e-09,0.0011704650000865,0.0004279249999399
wine-red,MI-WNB,4,1.0,1.0,3.009260816574153e-06,3.009203131010274e-06,0.125267666000127,0.000207729000067
wine-red,ABD-NB-L,4,1.0,1.0,2.2739651476860265e-05,2.273563511701049e-05,0.0196886019998601,0.0003771290000713
wine-red,ABD-NB-G,4,1.0,1.0,4.169363502478076e-05,4.1678781886878014e-05,0.0199574250000296,0.0002887690000079
wine-red,ABD-NB-C,4,1.0,1.0,0.0001528772663052,0.0001526760013221,0.0202903060001062,0.0002781040000172
wine-red,LR,4,0.9444444444444444,0.944055944055944,0.121135591784904,0.0400767777295136,0.1422228629999153,0.000740887999882
wine-red,kNN,4,1.0,1.0,0.0939489945263674,0.0777777777777777,0.0058265560001018,0.0716772929999933
wine-red,CART,4,0.9444444444444444,0.9474747474747476,1.535056728662697,0.0555555555555555,0.0031610679998266,0.0002335829999537
wine-red,RF,4,1.0,1.0,0.1472760944336837,0.1266666666666666,0.3200266629999078,0.0136115200000404
wine-red,SVM,4,1.0,1.0,0.0893325466464894,0.0808058469695494,0.0080776900001637,0.0007461510001576
wine-red,GNB,5,0.9444444444444444,0.944055944055944,0.2683297280681882,0.0551113616476482,0.0011858929999561,0.0002806339998642
wine-red,MI-WNB,5,0.9444444444444444,0.944055944055944,0.5118754254268348,0.055547156151254,0.1258536150000964,0.0002051800001936
wine-red,ABD-NB-L,5,0.9444444444444444,0.944055944055944,0.1051114035231212,0.0472775038013881,0.0201586420000694,0.0002979629998662
wine-red,ABD-NB-G,5,0.9444444444444444,0.944055944055944,0.1041302899825147,0.0470620008529555,0.0190054469999267,0.0002591420000044
wine-red,ABD-NB-C,5,0.9444444444444444,0.944055944055944,0.3362134429958456,0.0545598148213943,0.0196048020000034,0.0003135790000214
wine-red,LR,5,1.0,1.0,0.0254370561508108,0.0237520442660857,0.1428678209999816,0.0010557979999248
wine-red,kNN,5,1.0,1.0,0.0851376039609986,0.0666666666666666,0.001947070999904,0.0625995219998003
wine-red,CART,5,0.8888888888888888,0.8885003885003885,3.070113457325394,0.1111111111111111,0.0028987939999751,0.0002067720001832
wine-red,RF,5,0.9444444444444444,0.944055944055944,0.1202111226932734,0.0161111111111112,0.3234711950001383,0.0140888280000126
wine-red,SVM,5,1.0,1.0,0.0459897038326277,0.0426814040669303,0.0080965769998329,0.0007772659998863
wine-red,GNB,6,1.0,1.0,0.0002779272887578,0.0002772333097149,0.0011783310001192,0.0003313599997909
wine-red,MI-WNB,6,0.9444444444444444,0.9487179487179488,0.2544415051549543,0.0549857938441368,0.1255342730000848,0.0002783469999485
wine-red,ABD-NB-L,6,1.0,1.0,0.0015732735978515,0.0015517566143006,0.0200800220000019,0.0002915649999977
wine-red,ABD-NB-G,6,1.0,1.0,0.0005821787976014,0.0005792641400813,0.0190798169999197,0.0003229760000067
wine-red,ABD-NB-C,6,1.0,1.0,0.00713226359538,0.0066936042096303,0.0205704330001026,0.0003428170000461
wine-red,LR,6,1.0,1.0,0.0080523961870852,0.0079786532790611,0.078899038000145,0.0006781609999961
wine-red,kNN,6,1.0,1.0,0.0247937279238012,0.0222222222222222,0.0020007919999898,0.0552175169998463
wine-red,CART,6,0.8888888888888888,0.875,3.070113457325394,0.1111111111111111,0.0024401789999046,0.000201724000135
wine-red,RF,6,1.0,1.0,0.1153981298747076,0.1008333333333333,0.3230349829998431,0.0137987240000256
wine-red,SVM,6,1.0,1.0,0.038890258509288,0.0375081749187931,0.0079001730000527,0.0006716059999689
wine-red,GNB,7,0.8888888888888888,0.888888888888889,0.8602630314561295,0.1038655589294212,0.0015610099999321,0.0004025559999263
wine-red,MI-WNB,7,0.8888888888888888,0.888888888888889,0.3120776319490987,0.1041649096802856,0.132923774999881,0.0002231349999419
wine-red,ABD-NB-L,7,0.8888888888888888,0.888888888888889,0.4708573877595121,0.0899987085667755,0.0207675130000097,0.0003111770001851
wine-red,ABD-NB-G,7,0.9444444444444444,0.944055944055944,0.5035062562329417,0.0759841113714794,0.0205271460001768,0.0002599199999622
wine-red,ABD-NB-C,7,0.8888888888888888,0.888888888888889,0.533985635660876,0.0838392227676942,0.0199774200000319,0.000352181999915
wine-red,LR,7,0.9444444444444444,0.944055944055944,0.0917382131366481,0.0595929142879772,0.079883380999945,0.0007675659999222
wine-red,kNN,7,0.9444444444444444,0.944055944055944,0.1301892826396835,0.0555555555555555,0.0019423940000251,0.0595050150000133
wine-red,CART,7,0.8333333333333334,0.8321678321678322,4.605170185988091,0.1666666666666666,0.0029176430000461,0.0002454570001191
wine-red,RF,7,0.9444444444444444,0.944055944055944,0.1544035917221151,0.1108333333333334,0.3349961989999883,0.0147298770000361
wine-red,SVM,7,0.9444444444444444,0.944055944055944,0.0897119695233376,0.06423219394376,0.0084361429999262,0.0007906420000836
wine-red,GNB,8,0.9411764705882352,0.9474747474747476,0.9884968457418968,0.0588143022336827,0.0012796190001154,0.0002850880000551
wine-red,MI-WNB,8,0.8823529411764706,0.8968253968253969,0.3825750419098472,0.1103138751831125,0.1353436580000107,0.000247317000003
wine-red,ABD-NB-L,8,0.9411764705882352,0.9474747474747476,0.5153268958990764,0.0583276117716706,0.0227681919998303,0.0003128040000319
wine-red,ABD-NB-G,8,0.9411764705882352,0.9474747474747476,0.4748482862013202,0.05721984063173,0.0215258450000419,0.0003178150000167
wine-red,ABD-NB-C,8,0.9411764705882352,0.9474747474747476,0.4409349847328546,0.057684597314332,0.0215322699998523,0.0004163599999174
wine-red,LR,8,1.0,1.0,0.063799329452674,0.0564717763728873,0.1229223899999851,0.0007592029999159
wine-red,kNN,8,0.9411764705882352,0.9487179487179488,1.6685288406475731,0.0941176470588235,0.0020168400001239,0.0590838119999261
wine-red,CART,8,0.7058823529411765,0.6940170940170941,8.126770916449573,0.2941176470588235,0.0037263960000473,0.0002523289999771
wine-red,RF,8,0.9411764705882352,0.9487179487179488,0.1969650786426173,0.1452941176470587,0.3561045020001074,0.0160257960001217
wine-red,SVM,8,1.0,1.0,0.0801452095905909,0.0656999156060763,0.0080486790000122,0.0008341939999354
wine-red,GNB,9,0.9411764705882352,0.943355119825708,0.2035229713402133,0.0569384002795241,0.0012774429999353,0.0002977620001729
wine-red,MI-WNB,9,0.9411764705882352,0.943355119825708,0.184454010943559,0.0561265809072388,0.1254262249999556,0.000205410000035
wine-red,ABD-NB-L,9,0.9411764705882352,0.943355119825708,0.1382127479359715,0.0545967950496636,0.0193048439998619,0.0003503210000417
wine-red,ABD-NB-G,9,0.9411764705882352,0.943355119825708,0.197615465808616,0.0552713889495292,0.0187834739999743,0.0003478900000573
wine-red,ABD-NB-C,9,0.9411764705882352,0.943355119825708,0.1329094659516344,0.0460604116567322,0.0198392370000419,0.0003229080000437
wine-red,LR,9,1.0,1.0,0.0410963547242785,0.0380271994598857,0.0836065969999708,0.0007739919999494
wine-red,kNN,9,0.9411764705882352,0.9474747474747476,0.0970741121737858,0.0235294117647058,0.0019739940000818,0.0595543189999716
wine-red,CART,9,0.8235294117647058,0.8164160401002506,4.876062549869744,0.1764705882352941,0.002375862000008,0.0006946319999769
wine-red,RF,9,0.9411764705882352,0.943355119825708,0.1747909567050212,0.1341176470588235,0.323509968000053,0.0138483790001373
wine-red,SVM,9,1.0,1.0,0.099448451604422,0.0749215350846041,0.007992558999831,0.0007536179998623
wine-red,GNB,10,1.0,1.0,0.0362166238235758,0.0266136534718017,0.0013428140000542,0.0002867959999548
wine-red,MI-WNB,10,0.9444444444444444,0.944055944055944,0.1030209428293838,0.0472636066126488,0.1241586799999368,0.0002693960000215
wine-red,ABD-NB-L,10,1.0,1.0,0.024144041668355,0.0198477210556815,0.0190656469999339,0.0003458109999883
wine-red,ABD-NB-G,10,1.0,1.0,0.0088424769130088,0.0082895882229461,0.0189746710000235,0.0003305029999864
wine-red,ABD-NB-C,10,1.0,1.0,0.0186085974296037,0.0161974767058796,0.0189133520000268,0.0002374900000177
wine-red,LR,10,1.0,1.0,0.0184857918315765,0.017354790319072,0.0829290900001069,0.000854734999848
wine-red,kNN,10,1.0,1.0,0.053172929244134,0.0444444444444444,0.0019862510000621,0.0830671370001709
wine-red,CART,10,1.0,1.0,2.220446049250313e-16,0.0,0.0034562079999886,0.0002245130001483
wine-red,RF,10,1.0,1.0,0.09888349466965,0.0855555555555555,0.3323576640000283,0.013554976000023
wine-red,SVM,10,1.0,1.0,0.0448428407380102,0.0416390950333356,0.0081439209998279,0.0007517699998516
wine-red,GNB,11,1.0,1.0,0.0017954604446391,0.0017667578152761,0.0012625460001345,0.0003414329999031
wine-red,MI-WNB,11,0.9444444444444444,0.9487179487179488,0.291833467557592,0.0552629401763457,0.1360806099999081,0.0002613580002162
wine-red,ABD-NB-L,11,1.0,1.0,0.0035330293524495,0.0034240401511712,0.0226608539999233,0.0004475389998788
wine-red,ABD-NB-G,11,1.0,1.0,0.0010358715321146,0.0010264415078113,0.0251116849999561,0.0003668700001071
wine-red,ABD-NB-C,11,1.0,1.0,0.0048234276253752,0.0046225058123383,0.0262831229999846,0.0003796539999711
wine-red,LR,11,1.0,1.0,0.0076056579958651,0.0073584459287687,0.2453553670000019,0.0009301399998093
wine-red,kNN,11,1.0,1.0,0.053172929244134,0.0444444444444444,0.0062406939998709,0.0747030349998567
wine-red,CART,11,1.0,1.0,2.220446049250313e-16,0.0,0.0109815830001025,0.000222100999963
wine-red,RF,11,1.0,1.0,0.0702940358773742,0.0636111111111111,0.3949808489999213,0.0178896969998731
wine-red,SVM,11,1.0,1.0,0.0440571684111997,0.0418152549395383,0.008630789000108,0.0008471240000744
wine-red,GNB,12,0.9444444444444444,0.9474747474747476,0.3244566272622985,0.0658404431571987,0.0020681189998867,0.0003185870000379
wine-red,MI-WNB,12,0.8888888888888888,0.8916666666666666,0.3213632956443344,0.0949227061021466,0.1503518619999795,0.0003109189999577
wine-red,ABD-NB-L,12,0.9444444444444444,0.9474747474747476,0.2142408924326823,0.0740804692667285,0.0249475959999472,0.0003702530000282
wine-red,ABD-NB-G,12,0.9444444444444444,0.9474747474747476,0.2891511876736271,0.080842627161764,0.0243259199999101,0.0004046060000746
wine-red,ABD-NB-C,12,0.9444444444444444,0.9474747474747476,0.1762782360571071,0.0559193857456332,0.0247710669998468,0.0003649819998372
wine-red,LR,12,1.0,1.0,0.0374746059900162,0.0342132264032615,0.1762431399999968,0.0007568559999526
wine-red,kNN,12,0.9444444444444444,0.944055944055944,0.1040779699038093,0.0333333333333333,0.00610236600005,0.1064857510000365
wine-red,CART,12,0.9444444444444444,0.9474747474747476,1.535056728662697,0.0555555555555555,0.0046557200000734,0.0004229840001244
wine-red,RF,12,0.9444444444444444,0.9474747474747476,0.126430812731003,0.0994444444444445,0.3521935230000963,0.0153601609999896
wine-red,SVM,12,1.0,1.0,0.0631439447598986,0.0581779792269385,0.008665725000128,0.0008010999999896
wine-red,GNB,13,1.0,1.0,1.3540212085938933e-06,1.3540060896932715e-06,0.0014848430000711,0.0003317100001822
wine-red,MI-WNB,13,1.0,1.0,3.864776023194459e-05,3.863560877859218e-05,0.1410992270000406,0.0002389799999491
wine-red,ABD-NB-L,13,1.0,1.0,0.0003118840170083,0.0003112090602778,0.0249641280001924,0.000318408999874
wine-red,ABD-NB-G,13,1.0,1.0,0.0004874051158935,0.0004854216864943,0.0234439400001065,0.0004183250000551
wine-red,ABD-NB-C,13,1.0,1.0,0.0025619104972281,0.0025061447868885,0.0229508130000795,0.0003275809999649
wine-red,LR,13,0.9444444444444444,0.944055944055944,0.1350883294303219,0.0647931292925984,0.0679811830000289,0.000693831000035
wine-red,kNN,13,0.9444444444444444,0.9487179487179488,0.0756987685834765,0.0555555555555555,0.0019336220000241,0.0838815660001728
wine-red,CART,13,0.8888888888888888,0.8916666666666666,3.070113457325394,0.1111111111111111,0.0026287700000011,0.000251143000014
wine-red,RF,13,1.0,1.0,0.1046286361384111,0.0908333333333333,0.3316220510000676,0.0138548840000112
wine-red,SVM,13,1.0,1.0,0.0551538504544892,0.0509270062981111,0.0080143689999658,0.0007508249998409
wine-red,GNB,14,0.9444444444444444,0.944055944055944,0.0470907143759489,0.0319900998993006,0.0012682149999818,0.0002864770001451
wine-red,MI-WNB,14,0.8888888888888888,0.8885003885003885,0.6014434767241338,0.1105837990246336,0.1324951069998405,0.0002263349999793
wine-red,ABD-NB-L,14,1.0,1.0,0.0319440798789502,0.0254752284573742,0.020642435000127,0.0003652259999853
wine-red,ABD-NB-G,14,1.0,1.0,0.0352742583478642,0.0282675256450052,0.0243527879999874,0.0004343809998772
wine-red,ABD-NB-C,14,0.9444444444444444,0.944055944055944,0.1930671513369985,0.0621603643964519,0.0194194830000924,0.0002758749999429
wine-red,LR,14,1.0,1.0,0.0354182742753758,0.030603617898791,0.0787128659999325,0.0011580339998999
wine-red,kNN,14,0.9444444444444444,0.9487179487179488,1.5758327939449306,0.0888888888888888,0.0019266500000867,0.0536216799998783
wine-red,CART,14,0.9444444444444444,0.9487179487179488,1.535056728662697,0.0555555555555555,0.0030201310000848,0.000215030000163
wine-red,RF,14,0.8888888888888888,0.8885003885003885,0.2110720138861434,0.0916666666666667,0.3439154809998399,0.0157127350000791
wine-red,SVM,14,1.0,1.0,0.0474426016674419,0.0448676504073672,0.0084268069999779,0.0007995779999419
wine-red,GNB,15,1.0,1.0,3.8144423419810884e-07,3.814429265780461e-07,0.0021464510000441,0.0005324080000264
wine-red,MI-WNB,15,1.0,1.0,1.2953210536947328e-06,1.2953066677034997e-06,0.12749127699999,0.0002246029998786
wine-red,ABD-NB-L,15,1.0,1.0,0.0001110865887907,0.0001109852045022,0.0206803000000945,0.000387800999988
wine-red,ABD-NB-G,15,1.0,1.0,3.872890620359332e-05,3.871824977130789e-05,0.0199903220000123,0.0003017330000147
wine-red,ABD-NB-C,15,1.0,1.0,0.001363214842605,0.0013514656412011,0.0201344829999925,0.0004305570000724
wine-red,LR,15,0.9444444444444444,0.9407407407407408,0.0665912728713403,0.045949809816483,0.1713494610000907,0.0007512939998832
wine-red,kNN,15,1.0,1.0,0.0691552666025663,0.0555555555555555,0.0059926069998255,0.0584674059998633
wine-red,CART,15,0.9444444444444444,0.9487179487179488,1.535056728662697,0.0555555555555555,0.003147651999825,0.0004002139999101
wine-red,RF,15,1.0,1.0,0.0978185096896613,0.0869444444444445,0.3386294160000034,0.0157608230001642
wine-red,SVM,15,1.0,1.0,0.0851140804876404,0.0693001465773323,0.0086589340000955,0.0007647879999694
wine-red,GNB,16,0.9444444444444444,0.944055944055944,0.5881042881528002,0.0555532612364714,0.0012920219999159,0.0004138469998906
wine-red,MI-WNB,16,0.9444444444444444,0.944055944055944,0.0602475275371913,0.0369119897058488,0.1288084949999302,0.0002184269999361
wine-red,ABD-NB-L,16,0.9444444444444444,0.944055944055944,0.3155794375967138,0.0552012317211729,0.0197777450000558,0.0003196940001544
wine-red,ABD-NB-G,16,0.9444444444444444,0.944055944055944,0.3776785820999631,0.0552802093859521,0.0232908489999772,0.0003766380000342
wine-red,ABD-NB-C,16,0.9444444444444444,0.944055944055944,0.4268211340449014,0.0547552452635761,0.0227072430000134,0.0002820879999489
wine-red,LR,16,0.9444444444444444,0.944055944055944,0.0833185234944863,0.0601456157363808,0.1567205380001723,0.0007800189998761
wine-red,kNN,16,0.8888888888888888,0.888888888888889,0.1810943232993588,0.0444444444444444,0.0019635900000594,0.111093720999861
wine-red,CART,16,0.8888888888888888,0.8885003885003885,3.070113457325394,0.1111111111111111,0.0068138449998969,0.000207428000067
wine-red,RF,16,0.9444444444444444,0.944055944055944,0.1866080906507646,0.1430555555555555,0.3784458250001989,0.0135075289999804
wine-red,SVM,16,0.9444444444444444,0.944055944055944,0.128521678976259,0.0624388158664497,0.0081241940001746,0.0007478569998511
wine-red,GNB,17,1.0,1.0,3.6829104291542e-06,3.6827883573842257e-06,0.001343874999975,0.0002714229999583
wine-red,MI-WNB,17,1.0,1.0,3.023511450616007e-06,3.0234344217117126e-06,0.125421359000029,0.000274777000186
wine-red,ABD-NB-L,17,1.0,1.0,0.0006692926493583,0.0006652777142992,0.0199017050001657,0.0002463429998442
wine-red,ABD-NB-G,17,1.0,1.0,0.0007957042056681,0.0007900333717417,0.0193978380000316,0.000307408000026
wine-red,ABD-NB-C,17,1.0,1.0,0.0004451991340982,0.0004434227622771,0.0206203459999869,0.0002925750000031
wine-red,LR,17,1.0,1.0,0.0216097271034244,0.0182573719145569,0.0394581499999731,0.0007477389999621
wine-red,kNN,17,1.0,1.0,0.0655697932060346,0.0555555555555555,0.0019294979999813,0.0948732409999593
wine-red,CART,17,1.0,1.0,2.220446049250313e-16,0.0,0.006892617999938,0.0002570900001046
wine-red,RF,17,1.0,1.0,0.1051331592735939,0.0925,0.361813063999989,0.0137353709999388
wine-red,SVM,17,0.9444444444444444,0.9407407407407408,0.0875595970706306,0.0556436608454801,0.0079016050001428,0.0007357750000664
wine-red,GNB,18,0.9411764705882352,0.9474747474747476,1.114500314176046,0.0588235290470753,0.0012548109998533,0.000349849000031
wine-red,MI-WNB,18,0.9411764705882352,0.9474747474747476,0.2165030559636865,0.0573405044685965,0.1228572569998505,0.0002239549999103
wine-red,ABD-NB-L,18,0.9411764705882352,0.9474747474747476,0.5789163903912588,0.0588198970489746,0.019776892999971,0.0002938320001248
wine-red,ABD-NB-G,18,0.9411764705882352,0.9474747474747476,0.5350137725440128,0.0588167479355324,0.0189995969999472,0.0002849190000233
wine-red,ABD-NB-C,18,0.9411764705882352,0.9474747474747476,0.4958306388392597,0.0588106803317856,0.0193458669998562,0.0002645299998675
wine-red,LR,18,1.0,1.0,0.0314343235103762,0.0268286002893944,0.1893935590001092,0.0007296169999335
wine-red,kNN,18,1.0,1.0,0.043174657357659,0.0352941176470588,0.0059433819999412,0.0832447929999489
wine-red,CART,18,0.9411764705882352,0.9474747474747476,1.6253541832899143,0.0588235294117647,0.0067698020000079,0.0001977570000235
wine-red,RF,18,1.0,1.0,0.0744778824853584,0.0652941176470588,0.3223860489999879,0.0144395360000544
wine-red,SVM,18,0.9411764705882352,0.9474747474747476,0.0684852089838114,0.0491355510900208,0.0078455159998611,0.0007360429999607
wine-red,GNB,19,1.0,1.0,1.6261736358168057e-06,1.6261513499093994e-06,0.0012260620001143,0.0002800550000756
wine-red,MI-WNB,19,1.0,1.0,0.0004899591897741,0.0004879668959967,0.1238098819999322,0.0002189649999309
wine-red,ABD-NB-L,19,1.0,1.0,0.0001294270060293,0.0001293160948281,0.0189884300000358,0.0002802159999646
wine-red,ABD-NB-G,19,1.0,1.0,3.626061153283946e-05,3.62546704950617e-05,0.0192172300000947,0.0002194619999045
wine-red,ABD-NB-C,19,1.0,1.0,0.0005554932218584,0.000552900807213,0.0198281520001728,0.0002366520000123
wine-red,LR,19,1.0,1.0,0.024607387660785,0.0234171498861887,0.0863185240000348,0.000766343000123
wine-red,kNN,19,1.0,1.0,0.0262521825075542,0.0235294117647058,0.001892128999998,0.0955270900001323
wine-red,CART,19,1.0,1.0,2.220446049250313e-16,0.0,0.0025976449999234,0.0001921170000969
wine-red,RF,19,1.0,1.0,0.1165255303384763,0.1052941176470588,0.3147672800000691,0.0139252540000143
wine-red,SVM,19,1.0,1.0,0.0477316362294527,0.0454838456472459,0.0080256020000888,0.000757035000106
wine-red,GNB,20,1.0,1.0,1.9762463064971425e-08,1.9762459335659344e-08,0.0012166190001607,0.0002985930000249
wine-red,MI-WNB,20,1.0,1.0,1.0513052654129194e-06,1.0512999522038768e-06,0.1221633509999264,0.0002591289999145
wine-red,ABD-NB-L,20,1.0,1.0,1.7959580482823026e-05,1.7956862796153494e-05,0.0198607950001132,0.0003093529999205
wine-red,ABD-NB-G,20,1.0,1.0,4.551269392078747e-06,4.551088342297227e-06,0.0192913989999397,0.0003155990000323
wine-red,ABD-NB-C,20,1.0,1.0,0.0001661087643733,0.0001658707859384,0.0192899629998919,0.0002710660000957
wine-red,LR,20,1.0,1.0,0.010493120291796,0.0098723203306152,0.1587176729999555,0.0007536329999311
wine-red,kNN,20,1.0,1.0,0.028379201320333,0.0222222222222222,0.0059974939999847,0.1033429879998948
wine-red,CART,20,0.9444444444444444,0.9487179487179488,1.535056728662697,0.0555555555555555,0.0066492849998667,0.000287649999791
wine-red,RF,20,1.0,1.0,0.0812324459613958,0.0713888888888889,0.3784453620000931,0.013722947999895
wine-red,SVM,20,1.0,1.0,0.044713787732045,0.0416129197626544,0.0078844480001407,0.0007336119999763
wine-red,GNB,21,0.9444444444444444,0.944055944055944,0.6760510976469284,0.0555552651653951,0.0012742909998451,0.0002769269999589
wine-red,MI-WNB,21,0.9444444444444444,0.944055944055944,0.1072121464978687,0.047490378155939,0.1216431469999861,0.0002275039998949
wine-red,ABD-NB-L,21,0.9444444444444444,0.944055944055944,0.3420903567841939,0.0554229462429766,0.0194573090000176,0.0002640840000367
wine-red,ABD-NB-G,21,0.9444444444444444,0.944055944055944,0.4019132878638667,0.0555060164257908,0.0196055440001146,0.0002437480000025
wine-red,ABD-NB-C,21,0.9444444444444444,0.944055944055944,0.4711191554669243,0.0555402104136953,0.0221162220000223,0.0002796199999011
wine-red,LR,21,0.9444444444444444,0.9407407407407408,0.1011881675995176,0.0709814320283269,0.1915658399998392,0.0006997409998348
wine-red,kNN,21,0.9444444444444444,0.944055944055944,0.1448540351860426,0.0444444444444444,0.0058795610000288,0.0554970700000012
wine-red,CART,21,0.9444444444444444,0.944055944055944,1.535056728662697,0.0555555555555555,0.0062649389999478,0.0002036010000665
wine-red,RF,21,0.9444444444444444,0.944055944055944,0.136528563602705,0.1027777777777776,0.3262856210001246,0.0137486260000514
wine-red,SVM,21,0.8888888888888888,0.8857142857142858,0.1677295131490459,0.1132277980046769,0.0076201650001621,0.0007310890000553
wine-red,GNB,22,1.0,1.0,9.89430759554649e-13,9.892087149410145e-13,0.0012436389999948,0.0003321490000871
wine-red,MI-WNB,22,1.0,1.0,1.55280003580465e-08,1.5527997998532328e-08,0.1219188120001035,0.0002203879998887
wine-red,ABD-NB-L,22,1.0,1.0,2.8689772954972775e-07,2.8689702225026537e-07,0.0189328249998652,0.0002987540001413
wine-red,ABD-NB-G,22,1.0,1.0,6.166198886564328e-07,6.166164886467485e-07,0.0189973619999364,0.0002820689999225
wine-red,ABD-NB-C,22,1.0,1.0,4.960631868510198e-07,4.960618843474762e-07,0.0193369880000773,0.0002508570000827
wine-red,LR,22,1.0,1.0,0.0028463224467777,0.0028284274751142,0.0885367139999289,0.0007795340000029
wine-red,kNN,22,1.0,1.0,0.0123968639619007,0.0111111111111111,0.0020306410001467,0.0874047610000161
wine-red,CART,22,1.0,1.0,2.220446049250313e-16,0.0,0.0025751580001269,0.0002212169999893
wine-red,RF,22,1.0,1.0,0.0580675355411197,0.0544444444444443,0.3248555979998855,0.0139587490000394
wine-red,SVM,22,1.0,1.0,0.0205874356027276,0.0201418762622675,0.0086177929999848,0.000806182000133
wine-red,GNB,23,1.0,1.0,0.0256212167213805,0.0206097861636747,0.0012837570000101,0.000392045999888
wine-red,MI-WNB,23,0.9444444444444444,0.944055944055944,0.1018360770553171,0.0390264529982035,0.1323641339999994,0.0002353010002025
wine-red,ABD-NB-L,23,1.0,1.0,0.0223183332068352,0.0190850150644223,0.0218204509999395,0.00028165599997
wine-red,ABD-NB-G,23,1.0,1.0,0.0101437813987477,0.0094221477966415,0.0209259319999546,0.0003357600000981
wine-red,ABD-NB-C,23,1.0,1.0,0.054048514408399,0.0466072492692358,0.0207049360001292,0.0002705899999
wine-red,LR,23,1.0,1.0,0.026948108633293,0.025582086607935,0.0829447080000136,0.0009857390000433
wine-red,kNN,23,0.9444444444444444,0.9487179487179488,0.1004924965072776,0.0777777777777777,0.001883990999886,0.0828474519998963
wine-red,CART,23,0.9444444444444444,0.9487179487179488,1.535056728662697,0.0555555555555555,0.0023792540000613,0.0002652109999417
wine-red,RF,23,1.0,1.0,0.1324166152532687,0.1158333333333333,0.3208637870000075,0.0190232449999712
wine-red,SVM,23,1.0,1.0,0.0669135759491663,0.061996242230744,0.0083107010000276,0.0007849739999983
wine-red,GNB,24,1.0,1.0,0.0003333341936519,0.0003323362272154,0.0015529040001638,0.0003689760001179
wine-red,MI-WNB,24,0.9444444444444444,0.9487179487179488,0.3975427253277016,0.055511867915169,0.1323512679998657,0.0002637620000314
wine-red,ABD-NB-L,24,1.0,1.0,0.0033187891490799,0.0032224770922528,0.021112027999834,0.0003420990001359
wine-red,ABD-NB-G,24,1.0,1.0,0.0067951041300106,0.0063974043154223,0.0215713530001266,0.0002894439999181
wine-red,ABD-NB-C,24,1.0,1.0,0.0084469186626961,0.0079678894709602,0.0209083960000953,0.0003139860000374
wine-red,LR,24,0.9444444444444444,0.9487179487179488,0.0642374398663071,0.0484095258370005,0.1867177429999174,0.0011241089998748
wine-red,kNN,24,0.9444444444444444,0.9487179487179488,1.5758327939449306,0.0888888888888888,0.0060216780000246,0.0946778249999624
wine-red,CART,24,0.8333333333333334,0.8384208384208384,4.605170185988091,0.1666666666666666,0.0029634790000727,0.0002105640000991
wine-red,RF,24,0.9444444444444444,0.9487179487179488,0.1872734563504252,0.0830555555555554,0.3622351199999229,0.0172489369999766
wine-red,SVM,24,1.0,1.0,0.0510443079884688,0.0470969249534178,0.0086647560001438,0.0008462359999157
wine-red,GNB,25,1.0,1.0,0.0105909805640075,0.0096432857854485,0.0013210029999299,0.0003118889999313
wine-red,MI-WNB,25,0.9444444444444444,0.9487179487179488,0.3911992563429509,0.0555023493986946,0.1308897490000617,0.0002163139999993
wine-red,ABD-NB-L,25,1.0,1.0,0.009688436793907,0.0089786222367719,0.0205882530001417,0.0003130769998733
wine-red,ABD-NB-G,25,1.0,1.0,0.0034084231481837,0.003339521532287,0.0205450559999462,0.0002757309998742
wine-red,ABD-NB-C,25,1.0,1.0,0.0223179050754174,0.0185120138920035,0.0229837410001891,0.0003592900000057
wine-red,LR,25,1.0,1.0,0.0380843442462107,0.0343991869970635,0.1728780470000401,0.0008836810000047
wine-red,kNN,25,1.0,1.0,0.0407760652822335,0.0333333333333333,0.0059668020001026,0.0991046579999874
wine-red,CART,25,1.0,1.0,2.220446049250313e-16,0.0,0.0038796960000127,0.0002452869998705
wine-red,RF,25,1.0,1.0,0.1278204821158831,0.1091666666666666,0.3533437149999372,0.0159971450000284
wine-red,SVM,25,0.9444444444444444,0.9407407407407408,0.1104119885419009,0.0767726233475116,0.0082990830001108,0.0007930990000204
wine-red,GNB,26,1.0,1.0,7.439746373295515e-06,7.439295729994022e-06,0.0013208870000198,0.000334918000135
wine-red,MI-WNB,26,1.0,1.0,0.0004347531068621,0.0004333100715108,0.1325170220000018,0.0002967049999824
wine-red,ABD-NB-L,26,1.0,1.0,0.0010324863068474,0.0010254690623949,0.0197238200000811,0.0004232539999975
wine-red,ABD-NB-G,26,1.0,1.0,0.0012922681747002,0.0012817162348576,0.0258366410000689,0.0003974729997935
wine-red,ABD-NB-C,26,1.0,1.0,0.0011378702696444,0.0011266597476693,0.0196784239999487,0.0002804470000228
wine-red,LR,26,0.9444444444444444,0.944055944055944,0.119818257093041,0.0451911511170392,0.0815131189999647,0.0007057620000523
wine-red,kNN,26,0.9444444444444444,0.944055944055944,0.063301904621576,0.0444444444444444,0.0018335429999751,0.0821171980001054
wine-red,CART,26,0.8888888888888888,0.8851851851851852,3.070113457325394,0.1111111111111111,0.0029381720000856,0.0001993670000501
wine-red,RF,26,1.0,1.0,0.125836566823054,0.1094444444444444,0.3493175260000498,0.0141842610000821
wine-red,SVM,26,1.0,1.0,0.0599991442707766,0.0543598903128403,0.0079668910000236,0.0006930630001988
wine-red,GNB,27,1.0,1.0,0.0005785488442153,0.0005755468096262,0.0013256079998882,0.0003329399999074
wine-red,MI-WNB,27,1.0,1.0,0.0273929853749528,0.0216257945747529,0.1214593120000699,0.0002119790001415
wine-red,ABD-NB-L,27,1.0,1.0,0.0050488385113406,0.004826601962519,0.0187038730000494,0.000244887000008
wine-red,ABD-NB-G,27,1.0,1.0,0.0057861622425354,0.0054966971574323,0.0185938990000522,0.000235325000176
wine-red,ABD-NB-C,27,1.0,1.0,0.0006676132175656,0.000663651357796,0.0196204599999418,0.0002371560001392
wine-red,LR,27,1.0,1.0,0.0122324715458403,0.0117011730825949,0.0897473799998351,0.0014284490000591
wine-red,kNN,27,1.0,1.0,0.0247937279238012,0.0222222222222222,0.0019771319998653,0.0914578520000759
wine-red,CART,27,0.9444444444444444,0.9407407407407408,1.535056728662697,0.0555555555555555,0.0027146429999902,0.0001900229999591
wine-red,RF,27,1.0,1.0,0.1048584699221404,0.0919444444444445,0.3261417660000916,0.0142024870001478
wine-red,SVM,27,1.0,1.0,0.033456658019363,0.032395247680647,0.0100922280000759,0.0011381049998817
wine-red,GNB,28,0.8823529411764706,0.8916666666666666,1.224725195760551,0.1160328527344615,0.0013621900000089,0.0002872180000395
wine-red,MI-WNB,28,0.8823529411764706,0.8916666666666666,0.3962704552411765,0.1128702593995557,0.1283647049999672,0.0002472539999871
wine-red,ABD-NB-L,28,0.8823529411764706,0.8916666666666666,0.6924243545475652,0.1122051639415893,0.0193445499999143,0.0003428630000144
wine-red,ABD-NB-G,28,0.8823529411764706,0.8916666666666666,0.7066355613325657,0.1154787328334751,0.018649539999842,0.0003304930000922
wine-red,ABD-NB-C,28,0.8823529411764706,0.8916666666666666,0.5331226605431111,0.1098736342115938,0.0193325099999128,0.0003161469999213
wine-red,LR,28,1.0,1.0,0.0845044616350478,0.0705144669147511,0.1442888640001456,0.0007421420000355
wine-red,kNN,28,0.9411764705882352,0.9487179487179488,0.1378474757361354,0.0588235294117647,0.0058367870001347,0.0717062170001554
wine-red,CART,28,0.7647058823529411,0.7592592592592592,6.501416733159658,0.2352941176470588,0.0023557150000215,0.0002199660000314
wine-red,RF,28,0.8235294117647058,0.8300653594771242,0.2741581655832136,0.1952941176470588,0.3334176990001651,0.0155533140000443
wine-red,SVM,28,0.9411764705882352,0.9474747474747476,0.1084515334037524,0.0853742470482468,0.0079548199998953,0.0008008239999526
wine-red,GNB,29,0.9411764705882352,0.9407407407407408,0.1541578667351332,0.0545453245012255,0.001160389000006,0.0002792559998852
wine-red,MI-WNB,29,0.9411764705882352,0.9407407407407408,0.3889676233103583,0.0584596945642108,0.1276800369998909,0.0002201309998781
wine-red,ABD-NB-L,29,0.9411764705882352,0.9407407407407408,0.0698653084273462,0.0410345163203372,0.0195971159998862,0.0003701919999912
wine-red,ABD-NB-G,29,0.9411764705882352,0.9407407407407408,0.0738341823211056,0.0422805141152996,0.0195165320001251,0.0002904170000874
wine-red,ABD-NB-C,29,0.9411764705882352,0.9407407407407408,0.2251067101951354,0.0570641099519318,0.0195772170000054,0.0002661450000687
wine-red,LR,29,1.0,1.0,0.028324092539046,0.0254779686182463,0.085837900999877,0.0007296730000234
wine-red,kNN,29,0.9411764705882352,0.9407407407407408,0.1678960418400172,0.0823529411764706,0.0018741229998795,0.1092979899999591
wine-red,CART,29,0.9411764705882352,0.9407407407407408,1.6253541832899143,0.0588235294117647,0.0028660089999448,0.0001961109999228
wine-red,RF,29,0.9411764705882352,0.9407407407407408,0.1129513908395426,0.0832352941176471,0.327500117999989,0.0149116150000736
wine-red,SVM,29,1.0,1.0,0.0664701221710039,0.058739264427823,0.0077367040000808,0.0007840860000669
synth-rho0.0,GNB,0,0.6666666666666666,0.6666666666666666,0.5979319331231908,0.0806685401456666,0.0012885329999789,0.000323144000049
synth-rho0.0,MI-WNB,0,0.5333333333333333,0.5328142380422691,0.6671718506731377,0.0998353837500495,0.0416050660001019,0.0002355530000386
synth-rho0.0,ABD-NB-L,0,0.6666666666666666,0.6666666666666666,0.5979853570698894,0.0806768857636032,0.0080576549999022,0.0002368840000599
synth-rho0.0,ABD-NB-G,0,0.6666666666666666,0.6666666666666666,0.5979401828787209,0.080669735495998,0.0077061479998974,0.0002593730000626
synth-rho0.0,ABD-NB-C,0,0.6666666666666666,0.6666666666666666,0.5979434079462516,0.0806407651479958,0.007728833000101,0.0002648480001425
synth-rho0.0,LR,0,0.65,0.6499027507641011,0.6406205043300095,0.0963697364271622,0.0099692129999766,0.0006274729998949
synth-rho0.0,kNN,0,0.55,0.5437904815544916,1.1430776560040454,0.1466666666666667,0.00640221499998,0.002600325000003
synth-rho0.0,CART,0,0.5333333333333333,0.5328142380422691,12.894476520766656,0.4666666666666667,0.0088710720001472,0.0002583519999461
synth-rho0.0,RF,0,0.6833333333333333,0.6825396825396826,0.6333944308334468,0.1275833333333333,0.4464550969998981,0.0181258989998696
synth-rho0.0,SVM,0,0.6166666666666667,0.6165601555987774,0.6445253807535692,0.1517046698395636,0.0491046859999642,0.0018559200000254
synth-rho0.0,GNB,1,0.6833333333333333,0.6811188811188811,0.6167458814765535,0.130914333151225,0.0013480320001235,0.0003083770000102
synth-rho0.0,MI-WNB,1,0.6333333333333333,0.6122209165687427,0.6691263365165131,0.1237614285449428,0.0436612809999132,0.0002401489998646
synth-rho0.0,ABD-NB-L,1,0.6833333333333333,0.6811188811188811,0.6167801918280198,0.1308932380330594,0.0085002989999338,0.000329370999907
synth-rho0.0,ABD-NB-G,1,0.6833333333333333,0.6811188811188811,0.61674644048526,0.1309083366477633,0.0082517150001422,0.0002114749997872
synth-rho0.0,ABD-NB-C,1,0.6833333333333333,0.6811188811188811,0.616599845488187,0.1309047649890037,0.0082720570001129,0.0002752450000116
synth-rho0.0,LR,1,0.7,0.699666295884316,0.5877382059739252,0.0799504632169856,0.0079291659999398,0.0006480239999291
synth-rho0.0,kNN,1,0.5833333333333334,0.5804195804195804,0.653773621603728,0.1066666666666668,0.0064499239999804,0.002739345000009
synth-rho0.0,CART,1,0.5666666666666667,0.5622895622895623,11.973442483569038,0.4333333333333333,0.0089598650001789,0.0001986370000395
synth-rho0.0,RF,1,0.6833333333333333,0.6832453459294248,0.6108823623704852,0.0790833333333333,0.425761760000114,0.0171398350000799
synth-rho0.0,SVM,1,0.6166666666666667,0.613986013986014,0.6240495361274152,0.102700069615733,0.0481088180001734,0.0018414270000448
synth-rho0.0,GNB,2,0.6166666666666667,0.607843137254902,0.5985220724395867,0.1471483768898875,0.0013000169999486,0.0002679209999314
synth-rho0.0,MI-WNB,2,0.6666666666666666,0.660633484162896,0.6316259982826524,0.1034624507544051,0.0424340249999204,0.0003203779999694
synth-rho0.0,ABD-NB-L,2,0.6166666666666667,0.607843137254902,0.5984868099292299,0.1471443325413134,0.0086332719999973,0.0003372389999185
synth-rho0.0,ABD-NB-G,2,0.6166666666666667,0.607843137254902,0.5985173197817896,0.1471476655879001,0.0081562970001414,0.0002248390001113
synth-rho0.0,ABD-NB-C,2,0.6166666666666667,0.607843137254902,0.5984531458598308,0.1471126462024422,0.0080881310000222,0.0002122010000675
synth-rho0.0,LR,2,0.6666666666666666,0.6632996632996633,0.5617321709794414,0.0914479492468274,0.004147254000145,0.0006682279999949
synth-rho0.0,kNN,2,0.6333333333333333,0.6296296296296295,1.5403573417733252,0.1033333333333334,0.0025868500001706,0.0026524859999881
synth-rho0.0,CART,2,0.55,0.5498749652681301,12.433959502167848,0.4499999999999999,0.0047306900000876,0.0002373410000018
synth-rho0.0,RF,2,0.6166666666666667,0.5977849023608277,0.6504962081000846,0.0576666666666666,0.409891135999942,0.0176287619999584
synth-rho0.0,SVM,2,0.6666666666666666,0.660633484162896,0.626008096049847,0.1161081849453714,0.047284394999906,0.0018789579999065
synth-rho0.0,GNB,3,0.6833333333333333,0.6811188811188811,0.6102570933573849,0.0757993086359002,0.001211794000028,0.0002991460000885
synth-rho0.0,MI-WNB,3,0.7,0.6914285714285715,0.5931004569881766,0.058335654102548,0.0412630319999607,0.0001973570001609
synth-rho0.0,ABD-NB-L,3,0.6833333333333333,0.6811188811188811,0.6101763696889348,0.0758176953658842,0.0079564850000224,0.0002167650000046
synth-rho0.0,ABD-NB-G,3,0.6833333333333333,0.6811188811188811,0.6102364235847176,0.0758032047008882,0.0079591730000174,0.0002360030000545
synth-rho0.0,ABD-NB-C,3,0.6833333333333333,0.6811188811188811,0.6102148430809984,0.0757970529552956,0.0079115089999959,0.0002062099999875
synth-rho0.0,LR,3,0.7333333333333333,0.7306397306397306,0.582093627333222,0.0708988511263602,0.0082035259999884,0.0006555970001045
synth-rho0.0,kNN,3,0.7166666666666667,0.7159565580618212,1.0063144127982593,0.1133333333333334,0.0065349879998848,0.0027280369999971
synth-rho0.0,CART,3,0.5666666666666667,0.5647321428571428,11.973442483569038,0.4333333333333333,0.0090734399998382,0.0002505889999611
synth-rho0.0,RF,3,0.65,0.6491228070175439,0.5964850256795078,0.1415833333333333,0.455526035000048,0.0169730180000442
synth-rho0.0,SVM,3,0.7,0.6986607142857143,0.6139755003491455,0.0651962605840508,0.0479991739998695,0.0019530540000687
synth-rho0.0,GNB,4,0.5666666666666667,0.5661846496106786,0.6524723772795143,0.1726862031183193,0.0013006280000809,0.0002537299999403
synth-rho0.0,MI-WNB,4,0.5833333333333334,0.5804195804195804,0.6774068984695181,0.1361328408454575,0.0436364380000213,0.0002016590001403
synth-rho0.0,ABD-NB-L,4,0.5666666666666667,0.5661846496106786,0.6525106814194517,0.1726950543440002,0.0080453900000065,0.0002258140000321
synth-rho0.0,ABD-NB-G,4,0.5666666666666667,0.5661846496106786,0.6524816125816346,0.1726872834440319,0.0078757490000498,0.000271641999916
synth-rho0.0,ABD-NB-C,4,0.5666666666666667,0.5661846496106786,0.652523147823263,0.1726270125976475,0.0078092269998251,0.0002227859999948
synth-rho0.0,LR,4,0.5333333333333333,0.53125,0.6519872354090723,0.1645976622975069,0.00694479699996,0.0006393639998805
synth-rho0.0,kNN,4,0.5833333333333334,0.5822890559732665,0.6323466750476204,0.1366666666666667,0.0064309399999729,0.0026105869999355
synth-rho0.0,CART,4,0.6166666666666667,0.613986013986014,10.59189142777261,0.3833333333333333,0.0087500119998367,0.0002242010000372
synth-rho0.0,RF,4,0.6666666666666666,0.6662958843159066,0.6501640556050108,0.1709166666666667,0.4263384629998654,0.0179265659999146
synth-rho0.0,SVM,4,0.6166666666666667,0.607843137254902,0.6621038628470355,0.072972872616211,0.0482229819999702,0.0019583119999424
synth-rho0.0,GNB,5,0.5666666666666667,0.5622895622895623,0.6807112280737092,0.183218414534543,0.001384254999948,0.0003357729999606
synth-rho0.0,MI-WNB,5,0.55,0.5437904815544916,0.67376240769603,0.1192106158108528,0.044519498999989,0.0002097699998557
synth-rho0.0,ABD-NB-L,5,0.5666666666666667,0.5622895622895623,0.6807083770259393,0.1716146221135314,0.0084058760000971,0.0002822359999754
synth-rho0.0,ABD-NB-G,5,0.5666666666666667,0.5622895622895623,0.6807178903061278,0.183212121189441,0.007826365000028,0.0002397929999915
synth-rho0.0,ABD-NB-C,5,0.5666666666666667,0.5622895622895623,0.6807917386514226,0.1715979083447228,0.0080435209999905,0.0002183919998515
synth-rho0.0,LR,5,0.65,0.6499027507641011,0.6286481577747354,0.0980370226271952,0.009136756000089,0.0006902529999024
synth-rho0.0,kNN,5,0.5,0.4949494949494949,1.179017699050978,0.21,0.0074024890000146,0.0079046140001537
synth-rho0.0,CART,5,0.5,0.4994438264738599,13.815510557964274,0.5,0.015480097000136,0.0004749239999455
synth-rho0.0,RF,5,0.5333333333333333,0.5328142380422691,0.6699723433181649,0.1803333333333333,0.4687682420001238,0.0193952990000525
synth-rho0.0,SVM,5,0.5833333333333334,0.5822890559732665,0.680879399919465,0.0631651255203178,0.0480744999999842,0.001897382999914
synth-rho0.0,GNB,6,0.75,0.7442455242966752,0.5388817353123448,0.088361607169619,0.0012809580000521,0.000303317999851
synth-rho0.0,MI-WNB,6,0.6333333333333333,0.6329254727474972,0.6295094837747981,0.0993658942863339,0.0472509459998491,0.0002078679999613
synth-rho0.0,ABD-NB-L,6,0.75,0.7442455242966752,0.5387846328515603,0.0771919210261958,0.0082550040001478,0.0002455660001032
synth-rho0.0,ABD-NB-G,6,0.75,0.7442455242966752,0.5388418174283179,0.0883487667439276,0.0123169050000342,0.0002958649999982
synth-rho0.0,ABD-NB-C,6,0.75,0.7442455242966752,0.538918946711772,0.0551714554270312,0.0127936310000222,0.0003626110001277
synth-rho0.0,LR,6,0.7666666666666667,0.7643097643097643,0.5259177253514599,0.1130608920866392,0.0099614319999545,0.0006259399999635
synth-rho0.0,kNN,6,0.6833333333333333,0.6811188811188811,1.4485212265859333,0.0633333333333332,0.0024781989998245,0.002674713000033
synth-rho0.0,CART,6,0.6,0.5982142857142857,11.05240844637142,0.4,0.0050547499999993,0.0001965660001133
synth-rho0.0,RF,6,0.75,0.7442455242966752,0.565298194989854,0.1071666666666666,0.4194417620001331,0.0185026730000572
synth-rho0.0,SVM,6,0.7833333333333333,0.7783461210571185,0.5438205936529552,0.1232201692570326,0.0480384550000962,0.0018537800001467
synth-rho0.0,GNB,7,0.65,0.6491228070175439,0.6581161101290367,0.1243372292341443,0.0013282899999467,0.0002639710000948
synth-rho0.0,MI-WNB,7,0.5333333333333333,0.5328142380422691,0.662029274033842,0.1430175076952867,0.0417631049999727,0.00019404700015
synth-rho0.0,ABD-NB-L,7,0.65,0.6491228070175439,0.6580243168644314,0.126379638920705,0.0079782620000514,0.000263804000042
synth-rho0.0,ABD-NB-G,7,0.65,0.6491228070175439,0.6580758796002838,0.1263558074337346,0.007568491000029,0.0002626389998567
synth-rho0.0,ABD-NB-C,7,0.65,0.6491228070175439,0.6577315512209968,0.1064810719970978,0.0076732859999992,0.0002559260001362
synth-rho0.0,LR,7,0.6166666666666667,0.6165601555987774,0.6415129039086535,0.1201183811504956,0.0058972049998828,0.0005809050001062
synth-rho0.0,kNN,7,0.6166666666666667,0.613986013986014,1.5387895666226743,0.1166666666666668,0.0023516109999945,0.0024934529999427
synth-rho0.0,CART,7,0.6,0.5982142857142857,11.05240844637142,0.4,0.004816048000066,0.0001982579999548
synth-rho0.0,RF,7,0.6666666666666666,0.6632996632996633,0.6484908203467502,0.1133333333333333,0.4089531449999413,0.016871250999884
synth-rho0.0,SVM,7,0.6666666666666666,0.6651785714285714,0.6543124007932104,0.1307233000803578,0.046455245000061,0.0018162989999837
synth-rho0.0,GNB,8,0.7166666666666667,0.7159565580618212,0.5832115711891206,0.144529817432794,0.0012499580000167,0.0002495189999081
synth-rho0.0,MI-WNB,8,0.65,0.6475524475524476,0.6393070651899554,0.0662876596762896,0.0419089030001487,0.0002051740000297
synth-rho0.0,ABD-NB-L,8,0.7166666666666667,0.7159565580618212,0.5830866760088737,0.1445321011161876,0.0080062669999279,0.0002686790001007
synth-rho0.0,ABD-NB-G,8,0.7166666666666667,0.7159565580618212,0.5831702617779769,0.144530665721576,0.0075709350001034,0.0002834440001606
synth-rho0.0,ABD-NB-C,8,0.7166666666666667,0.7159565580618212,0.5825397257486427,0.1443962725095277,0.0076969730000655,0.0002519839999877
synth-rho0.0,LR,8,0.7333333333333333,0.7330367074527253,0.5219721886193615,0.1115695379470612,0.0072495260001232,0.0005874569999377
synth-rho0.0,kNN,8,0.7166666666666667,0.7165879410947485,1.00044406957177,0.09,0.002367354999933,0.0025810469999214
synth-rho0.0,CART,8,0.5666666666666667,0.5661846496106786,11.973442483569038,0.4333333333333333,0.0050214249999953,0.0001971059998595
synth-rho0.0,RF,8,0.7,0.7,0.5937567279057198,0.0989166666666666,0.4653686589999779,0.0173600499999793
synth-rho0.0,SVM,8,0.7,0.699666295884316,0.5918476835927844,0.1247444497992164,0.0477445169999555,0.0018212259999472
synth-rho0.0,GNB,9,0.6666666666666666,0.6651785714285714,0.5646439258217598,0.1139982866467479,0.0012756660000832,0.0002604900000733
synth-rho0.0,MI-WNB,9,0.6,0.5982142857142857,0.6970682617987773,0.1091584389428691,0.0435521829999743,0.000214557000163
synth-rho0.0,ABD-NB-L,9,0.6666666666666666,0.6651785714285714,0.564739858253252,0.1140405372945372,0.007975129999977,0.0003429939999932
synth-rho0.0,ABD-NB-G,9,0.6666666666666666,0.6651785714285714,0.5646722633480685,0.1140069251489614,0.0086401450000721,0.0002073660000405
synth-rho0.0,ABD-NB-C,9,0.6666666666666666,0.6651785714285714,0.5646639372883452,0.127406031220841,0.0088704429999779,0.0002002239998546
synth-rho0.0,LR,9,0.6666666666666666,0.6666666666666666,0.6176988172450344,0.100739398407587,0.0125102980000519,0.0005757449998782
synth-rho0.0,kNN,9,0.55,0.5488721804511278,1.5931178636124812,0.1500000000000001,0.0023515820000739,0.0025678160000097
synth-rho0.0,CART,9,0.55,0.5498749652681301,12.433959502167848,0.4499999999999999,0.0052246570000988,0.0002016559999447
synth-rho0.0,RF,9,0.5666666666666667,0.5666666666666667,0.6391537512729089,0.1355833333333332,0.407781752999881,0.0166633779999756
synth-rho0.0,SVM,9,0.6666666666666666,0.6651785714285714,0.6263282563967483,0.096285671669189,0.0466939760001423,0.0017924220001077
synth-rho0.0,GNB,10,0.65,0.6451703745423825,0.6351682227802853,0.0841459511473184,0.0012772019999829,0.0003372650000983
synth-rho0.0,MI-WNB,10,0.5,0.4949494949494949,0.6834647201834663,0.1177196121596073,0.0413916940001399,0.0001995529999021
synth-rho0.0,ABD-NB-L,10,0.65,0.6451703745423825,0.6350833120151866,0.0841337750962811,0.0078215739999905,0.0002420460000394
synth-rho0.0,ABD-NB-G,10,0.65,0.6451703745423825,0.635150138384054,0.0841381916050057,0.0075982349999321,0.0002353439999751
synth-rho0.0,ABD-NB-C,10,0.65,0.6451703745423825,0.635376394517393,0.0842266029162431,0.0077612289999251,0.0002176949999466
synth-rho0.0,LR,10,0.6833333333333333,0.6811188811188811,0.6066116621116818,0.0879524259175349,0.0096695499998986,0.0006411150000076
synth-rho0.0,kNN,10,0.6166666666666667,0.6157059314954052,1.054979408561554,0.1133333333333334,0.0024029950000112,0.0025746070000423
synth-rho0.0,CART,10,0.55,0.5498749652681301,12.433959502167848,0.4499999999999999,0.0049175330000252,0.0001998999998704
synth-rho0.0,RF,10,0.6166666666666667,0.607843137254902,0.6524568527974689,0.1278333333333332,0.4128416229998493,0.0185791259998495
synth-rho0.0,SVM,10,0.6333333333333333,0.6296296296296295,0.6392391085272545,0.0871920358551001,0.0469875600001614,0.0018744589999641
synth-rho0.0,GNB,11,0.6333333333333333,0.6316964285714286,0.6232086272887509,0.1625263205036499,0.0012443660000371,0.0003446180000992
synth-rho0.0,MI-WNB,11,0.6666666666666666,0.660633484162896,0.6351992317301317,0.0737623127662145,0.0494321710000349,0.000209439999935
synth-rho0.0,ABD-NB-L,11,0.6333333333333333,0.6316964285714286,0.6232340919951452,0.1625339496930054,0.0082757969998965,0.0002362119998906
synth-rho0.0,ABD-NB-G,11,0.6333333333333333,0.6316964285714286,0.6232109303751899,0.1625277564684346,0.0077511849999609,0.0002540780001254
synth-rho0.0,ABD-NB-C,11,0.6333333333333333,0.6316964285714286,0.6234023943198769,0.1625164211328034,0.0079071190000377,0.0002127529999143
synth-rho0.0,LR,11,0.6166666666666667,0.613986013986014,0.5827675000486049,0.1024495784887285,0.0112529269999868,0.0006840649998594
synth-rho0.0,kNN,11,0.6166666666666667,0.6113770768797522,2.4166524843961943,0.1266666666666667,0.0025278170001001,0.0026598429999467
synth-rho0.0,CART,11,0.4666666666666667,0.4660734149054505,14.736544595161892,0.5333333333333333,0.0051013930001317,0.0001969969998754
synth-rho0.0,RF,11,0.6166666666666667,0.6165601555987774,0.6361797251681671,0.1049999999999999,0.4251498379999248,0.0177487060000203
synth-rho0.0,SVM,11,0.6333333333333333,0.6266968325791855,0.6223554622598987,0.0604734983419752,0.0475274249999984,0.0018738890000804
synth-rho0.0,GNB,12,0.7333333333333333,0.7333333333333333,0.5044516522635801,0.1243923351037494,0.0014437659999657,0.0002842530000179
synth-rho0.0,MI-WNB,12,0.7166666666666667,0.7159565580618212,0.5985611725123248,0.1061411860898596,0.0431614679998801,0.0002246040000954
synth-rho0.0,ABD-NB-L,12,0.7333333333333333,0.7333333333333333,0.5044526424652713,0.1243940105113906,0.0082341629999973,0.0003529699999944
synth-rho0.0,ABD-NB-G,12,0.7333333333333333,0.7333333333333333,0.5044526984958516,0.1243937241634262,0.0079361000000517,0.0002108640001097
synth-rho0.0,ABD-NB-C,12,0.7333333333333333,0.7333333333333333,0.5045123173758899,0.124445294421428,0.0082296340001448,0.0002047499999662
synth-rho0.0,LR,12,0.7666666666666667,0.7666666666666667,0.5149483729061355,0.1193480469537606,0.0048138839999865,0.0006471660001352
synth-rho0.0,kNN,12,0.65,0.6475524475524476,1.021378882996186,0.0500000000000001,0.0025410729999748,0.0028228490000401
synth-rho0.0,CART,12,0.6,0.5995550611790879,11.05240844637142,0.4,0.0050376450001294,0.0002023770000505
synth-rho0.0,RF,12,0.6666666666666666,0.6632996632996633,0.5860302214194907,0.1314166666666666,0.4200627939999322,0.0183743950001371
synth-rho0.0,SVM,12,0.7166666666666667,0.7146853146853147,0.5763126941051975,0.1420284569808973,0.048983225000029,0.0018945029999031
synth-rho0.0,GNB,13,0.6,0.5982142857142857,0.681759906777435,0.1544426346929962,0.0013325630000053,0.0003239960001337
synth-rho0.0,MI-WNB,13,0.5833333333333334,0.5822890559732665,0.7144886436896648,0.1417756533927771,0.0434120279999206,0.0002450300000873
synth-rho0.0,ABD-NB-L,13,0.6,0.5982142857142857,0.6818283188083989,0.1544292279955049,0.0088531169999441,0.0003111610001269
synth-rho0.0,ABD-NB-G,13,0.6,0.5982142857142857,0.6817876419112788,0.1544356302851368,0.0085922099999606,0.0002467690001139
synth-rho0.0,ABD-NB-C,13,0.6,0.5982142857142857,0.6816766184169617,0.1767044423297391,0.0078194430000166,0.0002789420000226
synth-rho0.0,LR,13,0.5166666666666667,0.5154553049289892,0.7144329911443287,0.1713208917649633,0.0089933520000613,0.0006814650000706
synth-rho0.0,kNN,13,0.6,0.5995550611790879,2.0195610320705613,0.1733333333333333,0.0026622130001214,0.0027093809999314
synth-rho0.0,CART,13,0.6,0.5995550611790879,11.05240844637142,0.4,0.0051211160000548,0.000278076000086
synth-rho0.0,RF,13,0.5833333333333334,0.5804195804195804,0.6943559474008508,0.1261666666666666,0.412463617999947,0.017861369000002
synth-rho0.0,SVM,13,0.6,0.5982142857142857,0.7061145302262231,0.1134234288380663,0.0473623130001215,0.0018889269999817
synth-rho0.0,GNB,14,0.6833333333333333,0.6832453459294248,0.6282614336938328,0.1472746114271443,0.0013585379999767,0.0003386340001725
synth-rho0.0,MI-WNB,14,0.5333333333333333,0.5286195286195287,0.6974798774703985,0.128337810139684,0.0432392689999687,0.0002166199999464
synth-rho0.0,ABD-NB-L,14,0.6833333333333333,0.6832453459294248,0.6283630083589731,0.147233445151959,0.0080710390000149,0.0002297070000167
synth-rho0.0,ABD-NB-G,14,0.6833333333333333,0.6832453459294248,0.6282970694250875,0.1472606699543495,0.0077764759998899,0.0002625530000841
synth-rho0.0,ABD-NB-C,14,0.6833333333333333,0.6832453459294248,0.6284773319563927,0.1472824718972427,0.0078524670000206,0.0002517420000458
synth-rho0.0,LR,14,0.6833333333333333,0.6832453459294248,0.5968483146276696,0.1354103939189654,0.0105677269998523,0.0009501320000708
synth-rho0.0,kNN,14,0.6333333333333333,0.6316964285714286,1.9323501932033835,0.1166666666666667,0.0025655550000465,0.0027867869998772
synth-rho0.0,CART,14,0.4,0.3973214285714286,16.578612669557128,0.6,0.0046591160000843,0.0002086219999455
synth-rho0.0,RF,14,0.5833333333333334,0.5832175604334537,0.640814828969528,0.13,0.4807994239999971,0.0394769220001762
synth-rho0.0,SVM,14,0.6166666666666667,0.6165601555987774,0.6648519355393887,0.1685873751010836,0.055107463000013,0.0023273100000551
synth-rho0.0,GNB,15,0.7166666666666667,0.7101449275362319,0.5891101525829247,0.1538564501363576,0.0013939660000232,0.000258894999888
synth-rho0.0,MI-WNB,15,0.6666666666666666,0.6571428571428571,0.620354642412065,0.0685625857075695,0.0442301309999493,0.0002600099999199
synth-rho0.0,ABD-NB-L,15,0.7166666666666667,0.7101449275362319,0.5891593931912426,0.1538779943768769,0.0085576349999882,0.0003013010000358
synth-rho0.0,ABD-NB-G,15,0.7166666666666667,0.7101449275362319,0.5891217749912382,0.1538613043542471,0.0080994740001187,0.0003072599999995
synth-rho0.0,ABD-NB-C,15,0.7166666666666667,0.7101449275362319,0.5891248320980688,0.1538080493344462,0.0081547839999984,0.0002781489999961
synth-rho0.0,LR,15,0.6666666666666666,0.6632996632996633,0.5664404859379698,0.1827273864861355,0.0063810829999511,0.0006903170001351
synth-rho0.0,kNN,15,0.6166666666666667,0.6157059314954052,2.454821860612786,0.1766666666666667,0.0025874670000121,0.0026376339999387
synth-rho0.0,CART,15,0.4666666666666667,0.4642857142857143,14.736544595161892,0.5333333333333333,0.0049019089999546,0.0002144079999197
synth-rho0.0,RF,15,0.65,0.6419437340153453,0.6135813714633961,0.0930833333333333,0.483060370999965,0.0176313610002125
synth-rho0.0,SVM,15,0.6333333333333333,0.6228571428571429,0.6218178580581454,0.0742101758319483,0.0495030839999799,0.0019717980001132
synth-rho0.0,GNB,16,0.7333333333333333,0.7306397306397306,0.5484268751873063,0.1101466669970653,0.0013759260000369,0.000255276999951
synth-rho0.0,MI-WNB,16,0.5833333333333334,0.5775837792171219,0.6224930550740775,0.178562281013594,0.0439546519999112,0.0002093549999244
synth-rho0.0,ABD-NB-L,16,0.7333333333333333,0.7306397306397306,0.5485377059197222,0.1101476733904874,0.0090100460001849,0.0003179109999109
synth-rho0.0,ABD-NB-G,16,0.7333333333333333,0.7306397306397306,0.5484659172278351,0.1101452677615413,0.0077281050000692,0.0002430169997751
synth-rho0.0,ABD-NB-C,16,0.7333333333333333,0.7306397306397306,0.5483127943854181,0.1099131253757326,0.0081731729999319,0.0002055009999821
synth-rho0.0,LR,16,0.7,0.696969696969697,0.5595380329039931,0.0934797070207553,0.004642689999855,0.0005452000000332
synth-rho0.0,kNN,16,0.4833333333333333,0.4831897749374826,1.1207821094289545,0.24,0.0023708060000444,0.0025531219998811
synth-rho0.0,CART,16,0.55,0.5468531468531468,12.433959502167848,0.4499999999999999,0.0049448849999862,0.0002053700000033
synth-rho0.0,RF,16,0.75,0.7465502675302731,0.6074289497998624,0.1293333333333333,0.4079648239999187,0.0176508199999716
synth-rho0.0,SVM,16,0.6833333333333333,0.6811188811188811,0.6218972671473441,0.1451491086038022,0.0528073330001461,0.0025047799999811
synth-rho0.0,GNB,17,0.5666666666666667,0.5647321428571428,0.6901452493883868,0.1691697596696953,0.0014467099999819,0.0003975800000262
synth-rho0.0,MI-WNB,17,0.65,0.6451703745423825,0.6602018411556034,0.0987436583080821,0.0427597060001971,0.0001994780000131
synth-rho0.0,ABD-NB-L,17,0.5666666666666667,0.5647321428571428,0.6901392725136452,0.1691636528199809,0.0086991069999839,0.000355091999836
synth-rho0.0,ABD-NB-G,17,0.5666666666666667,0.5647321428571428,0.6901339275301955,0.1691705023241263,0.0082734199997958,0.0002500099999451
synth-rho0.0,ABD-NB-C,17,0.5666666666666667,0.5647321428571428,0.6900464516473749,0.1691618450712159,0.0085161750000679,0.0001986500001294
synth-rho0.0,LR,17,0.6333333333333333,0.6316964285714286,0.6750765960619114,0.1722713846656634,0.00467958299987,0.0007556360001217
synth-rho0.0,kNN,17,0.55,0.5498749652681301,1.9737653040331835,0.1833333333333333,0.0024638479999339,0.0027319910000187
synth-rho0.0,CART,17,0.5666666666666667,0.5588235294117647,11.973442483569038,0.4333333333333333,0.0051409320001312,0.000262899000063
synth-rho0.0,RF,17,0.5833333333333334,0.5822890559732665,0.6604900266201855,0.10475,0.4173467440000422,0.017592827000044
synth-rho0.0,SVM,17,0.6166666666666667,0.6157059314954052,0.6717980174033837,0.1785565551241447,0.0474258120000286,0.0018992380000781
synth-rho0.0,GNB,18,0.6166666666666667,0.6165601555987774,0.6102603506385686,0.08882676580475,0.0013572620000559,0.0002998039999511
synth-rho0.0,MI-WNB,18,0.5666666666666667,0.5622895622895623,0.6876810007988822,0.1021737014875707,0.0424544149998382,0.0002077750000353
synth-rho0.0,ABD-NB-L,18,0.6166666666666667,0.6165601555987774,0.6102688999492484,0.0888135044286493,0.0081061880000561,0.0002603450000151
synth-rho0.0,ABD-NB-G,18,0.6166666666666667,0.6165601555987774,0.6102612043300429,0.0888223694616599,0.0082249469999169,0.000293025000019
synth-rho0.0,ABD-NB-C,18,0.6166666666666667,0.6165601555987774,0.6105656120659435,0.0888310808959354,0.0079285530000561,0.0003017270000782
synth-rho0.0,LR,18,0.6666666666666666,0.6666666666666666,0.6112546622020992,0.1100854576175929,0.0178264169999238,0.0006967739998344
synth-rho0.0,kNN,18,0.5333333333333333,0.53125,1.5730516502070493,0.1633333333333334,0.0023805490000086,0.0026694089999637
synth-rho0.0,CART,18,0.5,0.4857142857142857,13.815510557964274,0.5,0.0050377110001136,0.000190178999901
synth-rho0.0,RF,18,0.5666666666666667,0.5666666666666667,0.644084877966752,0.09275,0.4162719230000675,0.0199898170001233
synth-rho0.0,SVM,18,0.6333333333333333,0.6329254727474972,0.6138245178874725,0.1198744465852891,0.0481954120000409,0.0021730930000103
synth-rho0.0,GNB,19,0.6833333333333333,0.6825396825396826,0.5517784818938108,0.1361379199894727,0.0012689279999449,0.0003078239999467
synth-rho0.0,MI-WNB,19,0.7,0.696969696969697,0.5937713833708907,0.1429666881127924,0.0427964780001275,0.0002577259999725
synth-rho0.0,ABD-NB-L,19,0.6833333333333333,0.6825396825396826,0.5516423379122043,0.1361151391520159,0.0085786659999484,0.0003473480001048
synth-rho0.0,ABD-NB-G,19,0.6833333333333333,0.6825396825396826,0.5517454996073303,0.1361283540240267,0.0080934959999012,0.0003071839998938
synth-rho0.0,ABD-NB-C,19,0.6833333333333333,0.6825396825396826,0.5517400408039816,0.1360822489379191,0.0082454270000198,0.0002446529999815
synth-rho0.0,LR,19,0.65,0.6491228070175439,0.5693146010836844,0.1220028199386603,0.0071701049998864,0.0006858809999812
synth-rho0.0,kNN,19,0.7,0.7,0.5739820925573604,0.0400000000000001,0.0024139839999861,0.0029123530000561
synth-rho0.0,CART,19,0.5,0.4977678571428571,13.815510557964274,0.5,0.0056273200000305,0.0002001160000872
synth-rho0.0,RF,19,0.7333333333333333,0.7330367074527253,0.5462610355494977,0.1169999999999999,0.4134393760000421,0.0173865209999348
synth-rho0.0,SVM,19,0.65,0.6499027507641011,0.5746733734196482,0.1172794338166617,0.0491578290000234,0.0019658289998005
synth-rho0.0,GNB,20,0.7166666666666667,0.7165879410947485,0.5672483235002185,0.0520164646113771,0.0014342070001021,0.000309340000058
synth-rho0.0,MI-WNB,20,0.65,0.6451703745423825,0.6445831347373107,0.0506739787789123,0.04314786000009,0.0001967329999388
synth-rho0.0,ABD-NB-L,20,0.7166666666666667,0.7165879410947485,0.5673212313686623,0.0520306781281885,0.0086695929999223,0.0002771429999484
synth-rho0.0,ABD-NB-G,20,0.7166666666666667,0.7165879410947485,0.5672660319854456,0.0520182708641372,0.0083730220001143,0.0002988980002101
synth-rho0.0,ABD-NB-C,20,0.7166666666666667,0.7165879410947485,0.5672315517668984,0.0520187173090594,0.0085060679998605,0.0002199519999521
synth-rho0.0,LR,20,0.65,0.6499027507641011,0.5797781341976264,0.0922355489368321,0.0187152109999715,0.0005921770000441
synth-rho0.0,kNN,20,0.6333333333333333,0.6316964285714286,1.021792966996138,0.1066666666666667,0.0065403339999647,0.0028228129999661
synth-rho0.0,CART,20,0.5666666666666667,0.5666666666666667,11.973442483569038,0.4333333333333333,0.00910533199999,0.0043109539999477
synth-rho0.0,RF,20,0.6666666666666666,0.6662958843159066,0.597947008374412,0.1095,0.4337907730000552,0.0184588100000837
synth-rho0.0,SVM,20,0.7666666666666667,0.7666666666666667,0.5977646688384408,0.1345581067438824,0.0481437550001828,0.0019241580000652
synth-rho0.0,GNB,21,0.6166666666666667,0.6157059314954052,0.5975471518633044,0.1398495848785415,0.0013514140000552,0.0003067620000365
synth-rho0.0,MI-WNB,21,0.6166666666666667,0.613986013986014,0.6775693931674899,0.1392808463362662,0.0434923129998878,0.0002405479999652
synth-rho0.0,ABD-NB-L,21,0.6166666666666667,0.6157059314954052,0.5976766260702586,0.139873989037848,0.0082250660000227,0.0003126489998521
synth-rho0.0,ABD-NB-G,21,0.6166666666666667,0.6157059314954052,0.5975716909637542,0.1398530430324595,0.0078075020001051,0.0002746080001543
synth-rho0.0,ABD-NB-C,21,0.6166666666666667,0.6157059314954052,0.5977999960414395,0.1398604455709854,0.0077466819998335,0.0002112619999934
synth-rho0.0,LR,21,0.6666666666666666,0.6662958843159066,0.5843196574646138,0.1159290824483115,0.0168781069999113,0.0006187989999943
synth-rho0.0,kNN,21,0.5833333333333334,0.5832175604334537,1.1317322449946887,0.1466666666666667,0.002431419000004,0.0026273680000485
synth-rho0.0,CART,21,0.4666666666666667,0.4570135746606335,14.736544595161892,0.5333333333333333,0.004540956000028,0.0001923969998642
synth-rho0.0,RF,21,0.6666666666666666,0.6651785714285714,0.647249454950875,0.1308333333333333,0.4127596920000087,0.0173756770000181
synth-rho0.0,SVM,21,0.6,0.5995550611790879,0.646572986327186,0.1194827781007088,0.0476035499998488,0.0018832700000075
synth-rho0.0,GNB,22,0.5833333333333334,0.5628096764791606,0.6436735919322132,0.1446885575945262,0.0012480670000059,0.0003003439999247
synth-rho0.0,MI-WNB,22,0.6666666666666666,0.6571428571428571,0.6799861782215779,0.1525567173910797,0.0427611620000334,0.0001971750000393
synth-rho0.0,ABD-NB-L,22,0.5833333333333334,0.5628096764791606,0.64368006523797,0.1446935846866087,0.0082839450001301,0.0002494279999609
synth-rho0.0,ABD-NB-G,22,0.5833333333333334,0.5628096764791606,0.6436774013666796,0.1446897422697205,0.0079670029999761,0.0002841250000074
synth-rho0.0,ABD-NB-C,22,0.5833333333333334,0.5628096764791606,0.6436519159971223,0.1446811927569443,0.0081373049999911,0.0002898920001825
synth-rho0.0,LR,22,0.65,0.6327601282424948,0.6475838558455019,0.1430042433241141,0.0077618699999675,0.0005855629999587
synth-rho0.0,kNN,22,0.6166666666666667,0.613986013986014,2.0276795170230395,0.1766666666666667,0.0025425320000067,0.0028656300000875
synth-rho0.0,CART,22,0.5833333333333334,0.5832175604334537,11.512925464970229,0.4166666666666666,0.0056666310001673,0.0002493399999821
synth-rho0.0,RF,22,0.6,0.595959595959596,0.6451066719476856,0.0816666666666666,0.4475326020001375,0.0184277920000113
synth-rho0.0,SVM,22,0.65,0.6419437340153453,0.6729321468098685,0.1880916302253741,0.0513530370001262,0.0018849010000394
synth-rho0.0,GNB,23,0.6166666666666667,0.6157059314954052,0.6757211469407968,0.1121126103080518,0.0015811689997917,0.0003307350000341
synth-rho0.0,MI-WNB,23,0.6,0.5982142857142857,0.7044073535011238,0.1154828387510564,0.0504879990000972,0.0002292689998739
synth-rho0.0,ABD-NB-L,23,0.6166666666666667,0.6157059314954052,0.6758330222624095,0.1121438892254998,0.008888043999832,0.0002852580000762
synth-rho0.0,ABD-NB-G,23,0.6166666666666667,0.6157059314954052,0.675741085846764,0.1121216780873792,0.0082558730000528,0.0003102160001162
synth-rho0.0,ABD-NB-C,23,0.6166666666666667,0.6157059314954052,0.6758376323298231,0.1120553962837638,0.0081480950000241,0.0002915749998919
synth-rho0.0,LR,23,0.65,0.6451703745423825,0.6320350074283955,0.0684964701019991,0.012211015000048,0.0007867150000038
synth-rho0.0,kNN,23,0.5666666666666667,0.5661846496106786,1.1500236412494942,0.1333333333333334,0.006849941999917,0.0072533289999228
synth-rho0.0,CART,23,0.5333333333333333,0.5286195286195287,12.894476520766656,0.4666666666666667,0.0088527150001027,0.000303102999851
synth-rho0.0,RF,23,0.65,0.6451703745423825,0.64480829057497,0.0765833333333333,0.4340733440001258,0.0200042330000087
synth-rho0.0,SVM,23,0.6,0.5885714285714285,0.625292647257639,0.0938655283154488,0.048217859000033,0.0019862700000885
synth-rho0.0,GNB,24,0.6333333333333333,0.6316964285714286,0.5899036314470315,0.1156711867058619,0.0012597309998909,0.0003184770000643
synth-rho0.0,MI-WNB,24,0.6833333333333333,0.6811188811188811,0.6221579852177169,0.1079287788844531,0.0430877810001675,0.0002221889999418
synth-rho0.0,ABD-NB-L,24,0.6333333333333333,0.6316964285714286,0.5895660385114234,0.1156777946331086,0.008124141999815,0.0003390879999187
synth-rho0.0,ABD-NB-G,24,0.6333333333333333,0.6316964285714286,0.5897481838409896,0.1156757328098809,0.0082096999999521,0.0003631740000855
synth-rho0.0,ABD-NB-C,24,0.6333333333333333,0.6316964285714286,0.5902902938576411,0.1162011579408998,0.0086431109998557,0.0002728780000325
synth-rho0.0,LR,24,0.6666666666666666,0.6651785714285714,0.5814359694527743,0.0960229348231761,0.0159606390000135,0.0008130839999012
synth-rho0.0,kNN,24,0.5833333333333334,0.5804195804195804,1.1578570350702564,0.1366666666666667,0.0065755739999531,0.0109774160000597
synth-rho0.0,CART,24,0.55,0.5488721804511278,12.433959502167848,0.4499999999999999,0.0139090979998854,0.0004524430000856
synth-rho0.0,RF,24,0.7,0.696969696969697,0.610870651571562,0.1466666666666666,0.4269974729998012,0.0188709310000376
synth-rho0.0,SVM,24,0.6833333333333333,0.6760443307757886,0.6243383633647444,0.0797278592339499,0.0484610379999139,0.0019343769999977
synth-rho0.0,GNB,25,0.6166666666666667,0.613986013986014,0.6413628644784761,0.0847808399336051,0.0012692560001141,0.0002877259998967
synth-rho0.0,MI-WNB,25,0.6,0.5927601809954751,0.637535282264266,0.1133701408698943,0.0440004679999219,0.000203048000003
synth-rho0.0,ABD-NB-L,25,0.6166666666666667,0.613986013986014,0.6412727247536701,0.0847988085950528,0.0082463799999459,0.0002513689998977
synth-rho0.0,ABD-NB-G,25,0.6166666666666667,0.613986013986014,0.6413018682199559,0.0847834935640349,0.0078671379999377,0.0003150520001327
synth-rho0.0,ABD-NB-C,25,0.6166666666666667,0.613986013986014,0.6416029849678758,0.0848675943778552,0.0081644379999943,0.000252588999956
synth-rho0.0,LR,25,0.6833333333333333,0.6825396825396826,0.6257977509626618,0.1248460202650649,0.0207586220001303,0.0006625009998515
synth-rho0.0,kNN,25,0.65,0.6499027507641011,2.023073049259155,0.2499999999999999,0.0023943999999573,0.0025929270000233
synth-rho0.0,CART,25,0.45,0.4498471797721589,15.1970616137607,0.55,0.0048737730000993,0.0001940319998539
synth-rho0.0,RF,25,0.5666666666666667,0.5647321428571428,0.6968122290845167,0.086,0.4228141800001594,0.0189723260000391
synth-rho0.0,SVM,25,0.7,0.696969696969697,0.644663872573412,0.1223973646334286,0.0494398979999459,0.0018876030001138
synth-rho0.0,GNB,26,0.65,0.6491228070175439,0.551781195877431,0.1339307223390416,0.001340343000038,0.0002657800000633
synth-rho0.0,MI-WNB,26,0.65,0.6475524475524476,0.5981183331391399,0.0877785720057894,0.0421308699999372,0.0002054409999345
synth-rho0.0,ABD-NB-L,26,0.65,0.6491228070175439,0.5517758544333091,0.1339124535368105,0.008076666000079,0.0002455640001244
synth-rho0.0,ABD-NB-G,26,0.65,0.6491228070175439,0.5517803421764654,0.1339267699446303,0.0081216440000844,0.0002839379999386
synth-rho0.0,ABD-NB-C,26,0.65,0.6491228070175439,0.5519411836269073,0.134040145120857,0.0078465530000357,0.0002500649998182
synth-rho0.0,LR,26,0.6833333333333333,0.6825396825396826,0.5453048296600509,0.0777396748580968,0.0266232760000093,0.0007739170000604
synth-rho0.0,kNN,26,0.6666666666666666,0.660633484162896,1.0351014285997675,0.0766666666666667,0.0065554469999824,0.0068074820001129
synth-rho0.0,CART,26,0.5333333333333333,0.5328142380422691,12.894476520766656,0.4666666666666667,0.008666637000033,0.0002210630000263
synth-rho0.0,RF,26,0.7166666666666667,0.7146853146853147,0.6079567617140829,0.1263333333333333,0.4407886379999581,0.0172225200001321
synth-rho0.0,SVM,26,0.6833333333333333,0.6811188811188811,0.5974088877871672,0.0446073206127012,0.048307134999959,0.0020935039999585
synth-rho0.0,GNB,27,0.7166666666666667,0.7165879410947485,0.5790553542067054,0.1604122526923609,0.0012304419999509,0.0003096870000263
synth-rho0.0,MI-WNB,27,0.6833333333333333,0.6832453459294248,0.6024880631511118,0.0740417207761213,0.0417865599999913,0.0002151689998299
synth-rho0.0,ABD-NB-L,27,0.7166666666666667,0.7165879410947485,0.5790986184544215,0.1604130475252797,0.0084335520000422,0.0002920480001193
synth-rho0.0,ABD-NB-G,27,0.7166666666666667,0.7165879410947485,0.579082505908502,0.1604173042906456,0.00794096300001,0.0002663570001004
synth-rho0.0,ABD-NB-C,27,0.7166666666666667,0.7165879410947485,0.5791622069603076,0.1604688582732384,0.0084431870000116,0.0003055919999042
synth-rho0.0,LR,27,0.6333333333333333,0.6329254727474972,0.5835864410328641,0.1435490429321538,0.0077921409999817,0.0006482780001988
synth-rho0.0,kNN,27,0.5833333333333334,0.5822890559732665,1.514135694009688,0.1666666666666667,0.0024540379999962,0.0025593559998924
synth-rho0.0,CART,27,0.4333333333333333,0.4276094276094276,15.65757863235951,0.5666666666666667,0.0052223469999717,0.0002120429999195
synth-rho0.0,RF,27,0.6166666666666667,0.6157059314954052,0.6468242525550393,0.1086666666666666,0.4172790049999548,0.0270600510000349
synth-rho0.0,SVM,27,0.6833333333333333,0.6825396825396826,0.6053139536672202,0.1323545570310983,0.0551725320001423,0.0019432290000622
synth-rho0.0,GNB,28,0.7,0.696969696969697,0.5705781712050215,0.0941756836215814,0.0013287360000049,0.0002488060001724
synth-rho0.0,MI-WNB,28,0.65,0.6327601282424948,0.6295986387777189,0.0588817088060981,0.0421530830001302,0.0002190380000683
synth-rho0.0,ABD-NB-L,28,0.7,0.696969696969697,0.5706672638349748,0.0941580465545645,0.0080152929999712,0.0002071379999506
synth-rho0.0,ABD-NB-G,28,0.7,0.696969696969697,0.5706132911781129,0.0941736456981347,0.0075607020000916,0.0002040560000295
synth-rho0.0,ABD-NB-C,28,0.7,0.696969696969697,0.5704161151511061,0.1096992106342795,0.0080701399999725,0.0002097639999192
synth-rho0.0,LR,28,0.7,0.6986607142857143,0.553525349037562,0.0897812578486763,0.0114640470001177,0.0006934670000191
synth-rho0.0,kNN,28,0.7333333333333333,0.7330367074527253,1.466812622840739,0.2033333333333334,0.0025561880001987,0.0025418420000278
synth-rho0.0,CART,28,0.6166666666666667,0.6113770768797522,10.59189142777261,0.3833333333333333,0.004749658000037,0.0002314360001491
synth-rho0.0,RF,28,0.7,0.699666295884316,0.5794607921886168,0.1469166666666666,0.4254993519998606,0.0191824390001329
synth-rho0.0,SVM,28,0.65,0.6499027507641011,0.6051809072372458,0.0525203902614656,0.0493948999999247,0.0019779080000716
synth-rho0.0,GNB,29,0.6833333333333333,0.6811188811188811,0.618483407822151,0.0758614040405719,0.0013600330000826,0.0002731100000801
synth-rho0.0,MI-WNB,29,0.6666666666666666,0.6666666666666666,0.6214701446518343,0.0674067467583823,0.0442967339999995,0.0002060770000298
synth-rho0.0,ABD-NB-L,29,0.6833333333333333,0.6811188811188811,0.6184724774162416,0.0758297364087257,0.0081641079998462,0.0002190330001212
synth-rho0.0,ABD-NB-G,29,0.6833333333333333,0.6811188811188811,0.6184795472964779,0.0758549034129672,0.0082991100000526,0.0002786840000226
synth-rho0.0,ABD-NB-C,29,0.6833333333333333,0.6811188811188811,0.6183455412825966,0.0957631650054312,0.0078583740000794,0.000204394000093
synth-rho0.0,LR,29,0.65,0.6499027507641011,0.6023120752075108,0.1391342612258495,0.0230833789998996,0.0006830599998011
synth-rho0.0,kNN,29,0.6166666666666667,0.6165601555987774,1.5357508740094414,0.1066666666666668,0.0065255509998678,0.002599648999876
synth-rho0.0,CART,29,0.5666666666666667,0.5622895622895623,11.973442483569038,0.4333333333333333,0.0089376519999859,0.0002019230000769
synth-rho0.0,RF,29,0.6333333333333333,0.6329254727474972,0.6093147374053035,0.0875833333333333,0.4175539790001039,0.0170199330000286
synth-rho0.0,SVM,29,0.5666666666666667,0.5661846496106786,0.6232541845605101,0.1114397444463461,0.0473315490000914,0.0018101020000358
synth-rho0.3,GNB,0,0.5833333333333334,0.5832175604334537,0.9171580220234906,0.2477440941640647,0.0013293570000314,0.0002766530001281
synth-rho0.3,MI-WNB,0,0.4666666666666667,0.4660734149054505,0.7045438927248552,0.2009589333104501,0.0413457959998595,0.0001978900002086
synth-rho0.3,ABD-NB-L,0,0.5833333333333334,0.5832175604334537,0.8404547876711582,0.2294834504170894,0.0080117269999391,0.0002270459999635
synth-rho0.3,ABD-NB-G,0,0.6,0.5995550611790879,0.8421214629854686,0.1957517016071838,0.0076895110000805,0.0003375879998657
synth-rho0.3,ABD-NB-C,0,0.5833333333333334,0.5832175604334537,0.8815949253883252,0.2178700811221706,0.0077607929999885,0.0001822930000798
synth-rho0.3,LR,0,0.55,0.5468531468531468,0.6870374346086462,0.1150948505551868,0.037633008000057,0.0007397740000669
synth-rho0.3,kNN,0,0.5166666666666667,0.5154553049289892,2.069982036428153,0.1766666666666668,0.0065281380000214,0.0025513600000977
synth-rho0.3,CART,0,0.5,0.4994438264738599,13.815510557964274,0.5,0.009625109999888,0.0002453510001032
synth-rho0.3,RF,0,0.5333333333333333,0.5333333333333333,0.6881926006202832,0.1034166666666667,0.4288891480000529,0.0172624029999042
synth-rho0.3,SVM,0,0.5333333333333333,0.5286195286195287,0.685957598653402,0.0956051203828338,0.0519774680001319,0.0019863999998506
synth-rho0.3,GNB,1,0.5666666666666667,0.5588235294117647,0.7860057613271183,0.199037763846284,0.0012807880000309,0.000319576000038
synth-rho0.3,MI-WNB,1,0.6,0.5927601809954751,0.6849818891319815,0.1050356095850883,0.0423679339999125,0.0002553950000674
synth-rho0.3,ABD-NB-L,1,0.5833333333333334,0.5737425404944586,0.7390234316775626,0.2215945227730625,0.0078353930000503,0.0002675709999948
synth-rho0.3,ABD-NB-G,1,0.5833333333333334,0.5737425404944586,0.7399917205479085,0.1982997974770181,0.007604006000065,0.0002605150000363
synth-rho0.3,ABD-NB-C,1,0.5666666666666667,0.5588235294117647,0.7374195978362932,0.2277644894530229,0.007572127000003,0.0002149519998511
synth-rho0.3,LR,1,0.6333333333333333,0.6266968325791855,0.6760929706894209,0.0886095914967784,0.0333640409999134,0.0007756219999919
synth-rho0.3,kNN,1,0.55,0.5488721804511278,1.1236918091739505,0.1366666666666668,0.0064935919999697,0.0025290910000421
synth-rho0.3,CART,1,0.6166666666666667,0.6165601555987774,10.59189142777261,0.3833333333333333,0.0096660429999246,0.0043140220000168
synth-rho0.3,RF,1,0.6166666666666667,0.6033342914630642,0.6766733425950039,0.16025,0.429297151000128,0.0165200450001066
synth-rho0.3,SVM,1,0.55,0.5468531468531468,0.6777419062720428,0.1094588217557731,0.0520323559999269,0.0019239609998749
synth-rho0.3,GNB,2,0.5666666666666667,0.5542857142857143,0.927891652774494,0.2708900258454014,0.0012993620000543,0.0003028950000043
synth-rho0.3,MI-WNB,2,0.55,0.5343489508479448,0.7047542686699682,0.1795096652887214,0.0411850850000519,0.000193801000023
synth-rho0.3,ABD-NB-L,2,0.5666666666666667,0.5542857142857143,0.8449381623452237,0.2650048416377668,0.0079148649999751,0.0002755440000328
synth-rho0.3,ABD-NB-G,2,0.5666666666666667,0.5542857142857143,0.8461640499188279,0.2455244377589163,0.0076110230002086,0.0002534919999561
synth-rho0.3,ABD-NB-C,2,0.5833333333333334,0.5737425404944586,0.8650203623997287,0.239530239785138,0.007558612999901,0.0002148179999039
synth-rho0.3,LR,2,0.55,0.5396419437340154,0.6527210793513855,0.118370040115846,0.0222716139999192,0.0006801150000228
synth-rho0.3,kNN,2,0.5833333333333334,0.5804195804195804,1.5621795637730542,0.1166666666666668,0.006470089000004,0.0026166070001636
synth-rho0.3,CART,2,0.55,0.5488721804511278,12.433959502167848,0.4499999999999999,0.0089318839998213,0.0002017879999129
synth-rho0.3,RF,2,0.5833333333333334,0.5628096764791606,0.7132665120176854,0.1744166666666667,0.438932073999922,0.0183120760000292
synth-rho0.3,SVM,2,0.55,0.5396419437340154,0.7004835268708035,0.0497018791556328,0.0529318330000023,0.0020867190000899
synth-rho0.3,GNB,3,0.65,0.6491228070175439,0.9225363085508934,0.205481248337279,0.0012390690001211,0.0002515990001938
synth-rho0.3,MI-WNB,3,0.6833333333333333,0.6789636722050126,0.6498103983879768,0.0872255433132953,0.04247620000001,0.0002336740001283
synth-rho0.3,ABD-NB-L,3,0.65,0.6491228070175439,0.8361917151058003,0.1810189435920208,0.0095971590001227,0.0002574410000306
synth-rho0.3,ABD-NB-G,3,0.65,0.6491228070175439,0.8355027880199813,0.2183910127736631,0.0078722889998061,0.0002259920001961
synth-rho0.3,ABD-NB-C,3,0.65,0.6491228070175439,0.8586209781622082,0.2102475834181273,0.0083565190000172,0.0001847309999902
synth-rho0.3,LR,3,0.6333333333333333,0.6329254727474972,0.6626146308663635,0.0788368843107149,0.024511061000112,0.0006805769999118
synth-rho0.3,kNN,3,0.5166666666666667,0.5165323701028064,2.0417973380702423,0.2000000000000001,0.0065248289999999,0.0067260299999816
synth-rho0.3,CART,3,0.4333333333333333,0.4327030033370411,15.65757863235951,0.5666666666666667,0.0141556719997879,0.0002745340000274
synth-rho0.3,RF,3,0.5666666666666667,0.5647321428571428,0.6814432239991784,0.17625,0.4407802689997879,0.0176527419998819
synth-rho0.3,SVM,3,0.55,0.5468531468531468,0.6771107416169535,0.0669631110451208,0.0528963050001038,0.0019867720000092
synth-rho0.3,GNB,4,0.4833333333333333,0.4820384294068504,1.078300610512875,0.3479919085870196,0.0013723469999149,0.0002558589999352
synth-rho0.3,MI-WNB,4,0.5833333333333334,0.5822890559732665,0.6776630807799463,0.1114968562600812,0.0438933539999197,0.0002329849999114
synth-rho0.3,ABD-NB-L,4,0.4833333333333333,0.4820384294068504,0.968756731296514,0.3183588215897207,0.0087134370000967,0.0002174749999994
synth-rho0.3,ABD-NB-G,4,0.4833333333333333,0.4820384294068504,0.9693584791263914,0.3182684507675423,0.0083198800000445,0.0002209350000157
synth-rho0.3,ABD-NB-C,4,0.4833333333333333,0.4820384294068504,0.989628983560804,0.326538424090771,0.008224761999827,0.0002576560000306
synth-rho0.3,LR,4,0.4666666666666667,0.4642857142857143,0.7005743800720284,0.1750870894234783,0.0242521140000917,0.0006450460000451
synth-rho0.3,kNN,4,0.5333333333333333,0.5328142380422691,0.7259387988293091,0.1766666666666668,0.0064946919999329,0.002632554999991
synth-rho0.3,CART,4,0.4333333333333333,0.4327030033370411,15.65757863235951,0.5666666666666667,0.0095154970001658,0.0002276410000376
synth-rho0.3,RF,4,0.5,0.4949494949494949,0.7230727697793077,0.1370833333333333,0.4395221290001245,0.0175489749999542
synth-rho0.3,SVM,4,0.5333333333333333,0.53125,0.7037601245485675,0.0728968483038769,0.0523355600000741,0.0019756970000344
synth-rho0.3,GNB,5,0.5666666666666667,0.5661846496106786,0.9877437817148824,0.3150022977115896,0.0013239709999197,0.000272318000043
synth-rho0.3,MI-WNB,5,0.5333333333333333,0.5248868778280543,0.6923293819847357,0.1602949143883456,0.0427135679999537,0.0002374420000705
synth-rho0.3,ABD-NB-L,5,0.5666666666666667,0.5661846496106786,0.8953244658783317,0.2908501014747162,0.0082058979999146,0.0002742219999163
synth-rho0.3,ABD-NB-G,5,0.5666666666666667,0.5661846496106786,0.8954810457419217,0.2960694768975729,0.0078090439999414,0.000313320000032
synth-rho0.3,ABD-NB-C,5,0.5333333333333333,0.5328142380422691,0.9282775060158968,0.2576563968106507,0.0082815539999501,0.0001871500001016
synth-rho0.3,LR,5,0.5833333333333334,0.5822890559732665,0.6790856087514459,0.1347487413520635,0.0049138830001993,0.0006450070000028
synth-rho0.3,kNN,5,0.55,0.5468531468531468,1.5695396330184552,0.1800000000000001,0.0025046929999916,0.0026408379999338
synth-rho0.3,CART,5,0.55,0.5468531468531468,12.433959502167848,0.4499999999999999,0.0054245640001227,0.0001926969998748
synth-rho0.3,RF,5,0.5666666666666667,0.5647321428571428,0.6877866816470645,0.114,0.4211734030000116,0.0178755769998133
synth-rho0.3,SVM,5,0.4666666666666667,0.4660734149054505,0.7086787594617553,0.1310367965152284,0.0521225509999112,0.0020619109998278
synth-rho0.3,GNB,6,0.6833333333333333,0.6825396825396826,0.7569755320207183,0.1482489539404967,0.0012764880000304,0.0002492910000455
synth-rho0.3,MI-WNB,6,0.6,0.5982142857142857,0.6778886540838988,0.1356902590685451,0.0425735910000639,0.0001983760000712
synth-rho0.3,ABD-NB-L,6,0.6833333333333333,0.6825396825396826,0.706564413290795,0.1209987130225392,0.0097011660000134,0.0002426319999813
synth-rho0.3,ABD-NB-G,6,0.6833333333333333,0.6825396825396826,0.7081094127841513,0.1211578195082184,0.0091881469998043,0.0002195909999045
synth-rho0.3,ABD-NB-C,6,0.65,0.6499027507641011,0.7164581430180295,0.201721245225347,0.0087311909999243,0.0002618409998831
synth-rho0.3,LR,6,0.6333333333333333,0.6329254727474972,0.6565565769305715,0.0895213702259279,0.0176352470000438,0.000663275000079
synth-rho0.3,kNN,6,0.5833333333333334,0.5804195804195804,0.6298001155660796,0.1233333333333334,0.0074096650000683,0.008283024000093
synth-rho0.3,CART,6,0.3333333333333333,0.3333333333333333,18.420680743952364,0.6666666666666667,0.0142908579998675,0.0003516540000418
synth-rho0.3,RF,6,0.6333333333333333,0.6266968325791855,0.6404801485847449,0.096,0.4982027850001032,0.0182154799999807
synth-rho0.3,SVM,6,0.65,0.6451703745423825,0.6580582942839523,0.0892920334507822,0.0538068179998845,0.0019900180000149
synth-rho0.3,GNB,7,0.5666666666666667,0.5647321428571428,1.0493451578032746,0.2758025121629009,0.0013147350000508,0.0003013180000834
synth-rho0.3,MI-WNB,7,0.55,0.5488721804511278,0.7000988023031502,0.1253518235355873,0.0430566509999152,0.0002203019998887
synth-rho0.3,ABD-NB-L,7,0.5666666666666667,0.5647321428571428,0.9946728766464864,0.2631243572270952,0.0083138470001813,0.0002503079999769
synth-rho0.3,ABD-NB-G,7,0.5666666666666667,0.5647321428571428,0.9962982098357502,0.2762161200682555,0.0080466639999485,0.0002674459999525
synth-rho0.3,ABD-NB-C,7,0.5666666666666667,0.5647321428571428,0.9627767438528488,0.2696869134940695,0.0080898379999325,0.0002324639999642
synth-rho0.3,LR,7,0.6,0.5995550611790879,0.6863351706083366,0.1942827440841294,0.0194642750000184,0.0007904789999884
synth-rho0.3,kNN,7,0.6166666666666667,0.5911111111111111,1.5503420196320064,0.1266666666666668,0.0069412850000389,0.007080999999971
synth-rho0.3,CART,7,0.5333333333333333,0.5248868778280543,12.894476520766656,0.4666666666666667,0.0133936330000778,0.0002324669999325
synth-rho0.3,RF,7,0.6,0.595959595959596,0.674580732189004,0.113,0.4450416340000629,0.0179759159998411
synth-rho0.3,SVM,7,0.6166666666666667,0.613986013986014,0.6677672258444569,0.0643283441517579,0.0542555990000437,0.0020302940001784
synth-rho0.3,GNB,8,0.5833333333333334,0.5804195804195804,0.8190349639417154,0.2004626147070128,0.001260147000039,0.0002725849999478
synth-rho0.3,MI-WNB,8,0.5833333333333334,0.5737425404944586,0.729821005261195,0.1272723507842929,0.0424902849999853,0.0002287360000536
synth-rho0.3,ABD-NB-L,8,0.6,0.595959595959596,0.7618007243690439,0.1574381977709324,0.0079961019998791,0.0002858289999494
synth-rho0.3,ABD-NB-G,8,0.6,0.595959595959596,0.7611363618431598,0.1636894004249325,0.0075865479998356,0.0002174599999307
synth-rho0.3,ABD-NB-C,8,0.6333333333333333,0.6296296296296295,0.787112408909024,0.1771963098340914,0.0077638400000523,0.0002079589999084
synth-rho0.3,LR,8,0.5833333333333334,0.5822890559732665,0.6555459222029111,0.0930634890500969,0.0145797699999548,0.0006906739999976
synth-rho0.3,kNN,8,0.6166666666666667,0.613986013986014,1.0650421355519748,0.0700000000000001,0.0026716360000591,0.0029642659999353
synth-rho0.3,CART,8,0.5333333333333333,0.52,12.894476520766656,0.4666666666666667,0.0053440310000496,0.0001957660001608
synth-rho0.3,RF,8,0.5166666666666667,0.5099971838918614,0.6875966565833148,0.1146666666666666,0.5267439640001612,0.0176548800000091
synth-rho0.3,SVM,8,0.5333333333333333,0.5286195286195287,0.6931631741225304,0.0525202528566273,0.0522067540000534,0.0020050470000114
synth-rho0.3,GNB,9,0.6166666666666667,0.6113770768797522,0.7356237130657907,0.1823514809310852,0.0013156379998235,0.0003109360000053
synth-rho0.3,MI-WNB,9,0.6166666666666667,0.6113770768797522,0.6490144137080406,0.1155482590197078,0.042104504000008,0.0002066910001303
synth-rho0.3,ABD-NB-L,9,0.6166666666666667,0.6113770768797522,0.6930425003546822,0.217839842919727,0.0080552809999971,0.0002211050000369
synth-rho0.3,ABD-NB-G,9,0.6166666666666667,0.6113770768797522,0.698490810934463,0.2186067143917476,0.0078341109999655,0.0002212370000052
synth-rho0.3,ABD-NB-C,9,0.5833333333333334,0.5804195804195804,0.7063823555243351,0.2113203110889993,0.0077072189999398,0.0002431939999496
synth-rho0.3,LR,9,0.55,0.5488721804511278,0.6862996462464234,0.0878733713692145,0.0096206240000356,0.0006742429998212
synth-rho0.3,kNN,9,0.6,0.5995550611790879,0.6376335093868418,0.1200000000000001,0.0034648539999579,0.0033265619999838
synth-rho0.3,CART,9,0.6333333333333333,0.6316964285714286,10.1313744091738,0.3666666666666667,0.0059791480000512,0.000230282000075
synth-rho0.3,RF,9,0.6,0.5995550611790879,0.656714419870255,0.13225,0.4229186510001455,0.0172498950000772
synth-rho0.3,SVM,9,0.6,0.5927601809954751,0.6778522018755159,0.0914363553591009,0.0513657910000802,0.0019757309999022
synth-rho0.3,GNB,10,0.5833333333333334,0.5628096764791606,1.0393324712581091,0.2350829664385818,0.0012561539999751,0.0002648160000262
synth-rho0.3,MI-WNB,10,0.5,0.4791666666666667,0.7940938986401034,0.1793000455773736,0.0425575830001889,0.0002261740000903
synth-rho0.3,ABD-NB-L,10,0.5833333333333334,0.5628096764791606,0.9419200380211852,0.2187347301851937,0.0084868179999375,0.0001964680000128
synth-rho0.3,ABD-NB-G,10,0.5833333333333334,0.5628096764791606,0.9470204509377076,0.2127817400621657,0.0077122279999457,0.0002956629998607
synth-rho0.3,ABD-NB-C,10,0.5666666666666667,0.548611111111111,0.9673967703383513,0.225856589496627,0.0079783009998664,0.000204579999945
synth-rho0.3,LR,10,0.5666666666666667,0.5542857142857143,0.7063402350913486,0.1197416884717401,0.0296836289999191,0.0008115230000385
synth-rho0.3,kNN,10,0.6,0.5982142857142857,0.6129608282175258,0.1166666666666667,0.0067009469998993,0.0069389559998853
synth-rho0.3,CART,10,0.4166666666666667,0.4165045846068352,16.11809565095832,0.5833333333333333,0.0118787740000243,0.0002140369999779
synth-rho0.3,RF,10,0.5,0.4791666666666667,0.719094315196411,0.1300833333333333,0.440684150999914,0.0173476840000148
synth-rho0.3,SVM,10,0.4666666666666667,0.4444444444444444,0.7104757856762617,0.109723025359109,0.0534033410001484,0.0020551650000015
synth-rho0.3,GNB,11,0.5666666666666667,0.5622895622895623,0.8362462101824316,0.2454986173838233,0.0013060620001397,0.0002547479998611
synth-rho0.3,MI-WNB,11,0.5833333333333334,0.5775837792171219,0.6989962525251258,0.1101088514674687,0.0425605749999249,0.0002056659998288
synth-rho0.3,ABD-NB-L,11,0.5666666666666667,0.5622895622895623,0.7769706623157911,0.2313797305816442,0.0080314609999732,0.0002247250001801
synth-rho0.3,ABD-NB-G,11,0.5666666666666667,0.5622895622895623,0.7785893855337761,0.2313724325254104,0.0079966109999531,0.0002255160000004
synth-rho0.3,ABD-NB-C,11,0.5666666666666667,0.5622895622895623,0.7860912408225463,0.2464626190919203,0.0081024399999023,0.00022789500008
synth-rho0.3,LR,11,0.5833333333333334,0.5822890559732665,0.6641246993000214,0.1062006348084425,0.0234523680001075,0.0007757200000924
synth-rho0.3,kNN,11,0.5333333333333333,0.52,2.8375292093158304,0.2533333333333332,0.010618026999964,0.0110283719998278
synth-rho0.3,CART,11,0.35,0.3498193942761878,17.960163725353556,0.65,0.0137872450000031,0.0003593999999793
synth-rho0.3,RF,11,0.65,0.6475524475524476,0.6957796782647119,0.1698333333333332,0.4363718759998392,0.0171809440000743
synth-rho0.3,SVM,11,0.55,0.5437904815544916,0.6743442665598185,0.1104507837946084,0.0528106980000302,0.0020530039998902
synth-rho0.3,GNB,12,0.6333333333333333,0.6329254727474972,0.714619884712149,0.2109404360137924,0.0013417960001333,0.0003410050001093
synth-rho0.3,MI-WNB,12,0.5,0.4977678571428571,0.6511018807617001,0.2036131553108114,0.0433074519999081,0.0002871329998015
synth-rho0.3,ABD-NB-L,12,0.6333333333333333,0.6316964285714286,0.6686070825213205,0.176055681040372,0.0092422430000169,0.0002531019999878
synth-rho0.3,ABD-NB-G,12,0.6333333333333333,0.6316964285714286,0.6687695786067825,0.1817564836917091,0.0083438789999945,0.0002234439998574
synth-rho0.3,ABD-NB-C,12,0.6333333333333333,0.6329254727474972,0.6957781526371263,0.2018637068023232,0.0094429480000144,0.0002472680000664
synth-rho0.3,LR,12,0.7,0.699666295884316,0.6168326277906204,0.1261259331822663,0.0091759389999879,0.0006680129999949
synth-rho0.3,kNN,12,0.6,0.595959595959596,1.9609301670049155,0.1266666666666667,0.0065675980001742,0.0026895759999661
synth-rho0.3,CART,12,0.4333333333333333,0.4230769230769231,15.65757863235951,0.5666666666666667,0.0136740899999949,0.0002375760000177
synth-rho0.3,RF,12,0.6,0.595959595959596,0.6331356785023676,0.0789166666666666,0.4540031510000517,0.0190785900001628
synth-rho0.3,SVM,12,0.65,0.6419437340153453,0.659104148509346,0.0783962346605347,0.0523756750001211,0.0020475359999636
synth-rho0.3,GNB,13,0.4666666666666667,0.4666666666666667,1.1660859122856857,0.3498797061270093,0.0012913919999846,0.0002931919998445
synth-rho0.3,MI-WNB,13,0.4666666666666667,0.4660734149054505,0.7501478422279394,0.1748298820704674,0.0427949549998629,0.000245778000135
synth-rho0.3,ABD-NB-L,13,0.4666666666666667,0.4666666666666667,1.0468423498889492,0.3194758433217596,0.0082116720000158,0.0002479999998286
synth-rho0.3,ABD-NB-G,13,0.4666666666666667,0.4666666666666667,1.0485968984305143,0.3193964101256542,0.0081958190000932,0.0002770280000277
synth-rho0.3,ABD-NB-C,13,0.45,0.4498471797721589,1.0787866270162894,0.3296788507726322,0.0082517630000893,0.0003111379999154
synth-rho0.3,LR,13,0.4666666666666667,0.4666666666666667,0.7651122649876425,0.1811825541905481,0.0156885379999494,0.0006399479998435
synth-rho0.3,kNN,13,0.4666666666666667,0.4660734149054505,2.9535270639845166,0.2233333333333334,0.0024816129998725,0.0025288270001055
synth-rho0.3,CART,13,0.4,0.3973214285714286,16.578612669557128,0.6,0.0049093920001723,0.0001967010000498
synth-rho0.3,RF,13,0.5333333333333333,0.5328142380422691,0.7395028560112161,0.0919166666666666,0.5365031779999754,0.017794300000105
synth-rho0.3,SVM,13,0.55,0.5498749652681301,0.7156531046705329,0.1566309407990933,0.054316856000014,0.0019978249999894
synth-rho0.3,GNB,14,0.6166666666666667,0.6165601555987774,0.8347876354400897,0.1915478021518217,0.0012401819999467,0.0002840790000391
synth-rho0.3,MI-WNB,14,0.5666666666666667,0.5666666666666667,0.7134905833706894,0.1223370137777245,0.0426125300000421,0.0002025169999342
synth-rho0.3,ABD-NB-L,14,0.6166666666666667,0.6165601555987774,0.770781235647421,0.1822022646264111,0.0081996060000619,0.000286859000198
synth-rho0.3,ABD-NB-G,14,0.6166666666666667,0.6165601555987774,0.7711069600633252,0.1830061313866905,0.0079931279999527,0.0002343969999856
synth-rho0.3,ABD-NB-C,14,0.6166666666666667,0.6165601555987774,0.802487645288899,0.1747614640480831,0.0081473819998336,0.0002026920001299
synth-rho0.3,LR,14,0.65,0.6491228070175439,0.661115632959558,0.1025716538372475,0.033888184000034,0.0007726999999704
synth-rho0.3,kNN,14,0.5666666666666667,0.5622895622895623,2.104827628899796,0.2533333333333334,0.0066031610001573,0.0068217880000247
synth-rho0.3,CART,14,0.5,0.4994438264738599,13.815510557964274,0.5,0.0132814570001755,0.0002118279999194
synth-rho0.3,RF,14,0.5833333333333334,0.5822890559732665,0.7113130744408304,0.1134999999999999,0.4429617390001112,0.0178464460000213
synth-rho0.3,SVM,14,0.5833333333333334,0.5804195804195804,0.6914559890411142,0.0409726369208871,0.0516205479998461,0.0021473379999861
synth-rho0.3,GNB,15,0.6166666666666667,0.613986013986014,0.8567192164034344,0.2245142018732364,0.0012576500000704,0.0003072300000894
synth-rho0.3,MI-WNB,15,0.6166666666666667,0.6113770768797522,0.6866105635605907,0.1355427459319131,0.0436655569999402,0.0002182129999255
synth-rho0.3,ABD-NB-L,15,0.6166666666666667,0.613986013986014,0.7887610167069271,0.2058858155555748,0.0085613090000151,0.0002535710000302
synth-rho0.3,ABD-NB-G,15,0.6166666666666667,0.613986013986014,0.7875756419276073,0.205501379782046,0.0080260409999937,0.000229766999837
synth-rho0.3,ABD-NB-C,15,0.6166666666666667,0.613986013986014,0.7957950939038104,0.2447337251482803,0.0080415869999797,0.000275504000001
synth-rho0.3,LR,15,0.6,0.5982142857142857,0.6647285929181931,0.0781939000072396,0.016390291000107,0.000658784000052
synth-rho0.3,kNN,15,0.5666666666666667,0.5647321428571428,1.170770221230264,0.1166666666666668,0.0068413330000112,0.0071140050001758
synth-rho0.3,CART,15,0.3833333333333333,0.3831619894415115,17.03912968815594,0.6166666666666667,0.0133994850000362,0.0002117989999987
synth-rho0.3,RF,15,0.55,0.5468531468531468,0.6561013852047981,0.205,0.4394129390000216,0.0188339540000015
synth-rho0.3,SVM,15,0.5,0.4791666666666667,0.6876616519181324,0.1019453419015585,0.0519524929998169,0.0018867979999868
synth-rho0.3,GNB,16,0.6833333333333333,0.6723196320781835,0.7255949363417398,0.1774526362842735,0.0013111119999393,0.0003281459999016
synth-rho0.3,MI-WNB,16,0.7,0.6945701357466063,0.6109462014067724,0.1113388201909384,0.0422447010000723,0.0002047600000878
synth-rho0.3,ABD-NB-L,16,0.6833333333333333,0.6723196320781835,0.7006788886573919,0.1379742457624935,0.0081710370000109,0.00026074099992
synth-rho0.3,ABD-NB-G,16,0.6833333333333333,0.6723196320781835,0.7020822417298539,0.1698167877073249,0.0082672739999907,0.0002670880001005
synth-rho0.3,ABD-NB-C,16,0.6833333333333333,0.6723196320781835,0.6844558652286089,0.1295423881159464,0.008166231000132,0.0002186340000207
synth-rho0.3,LR,16,0.6666666666666666,0.660633484162896,0.6456936849688996,0.1006359631457736,0.0086408889999347,0.0007231229999433
synth-rho0.3,kNN,16,0.6,0.5982142857142857,0.6557366721980009,0.1066666666666667,0.0065230360000896,0.0027368819999082
synth-rho0.3,CART,16,0.5333333333333333,0.53125,12.894476520766656,0.4666666666666667,0.005729878000011,0.0002732999998897
synth-rho0.3,RF,16,0.65,0.6475524475524476,0.6387677146833725,0.0809166666666666,0.4212928290000945,0.0179692619999514
synth-rho0.3,SVM,16,0.6666666666666666,0.6632996632996633,0.6621173894397733,0.0558546624992479,0.0537101709999205,0.0019913999999516
synth-rho0.3,GNB,17,0.5333333333333333,0.53125,1.0919284691404123,0.2926544238305649,0.0013465040001392,0.000252305999993
synth-rho0.3,MI-WNB,17,0.5666666666666667,0.5661846496106786,0.7377806492469996,0.1070207875009571,0.0420386499999949,0.0002583700002105
synth-rho0.3,ABD-NB-L,17,0.5333333333333333,0.53125,0.980505066676342,0.2661556781114638,0.0080719879999833,0.0003070879999995
synth-rho0.3,ABD-NB-G,17,0.5333333333333333,0.53125,0.983685819023389,0.2666454922027355,0.0086336350000237,0.0003171590001329
synth-rho0.3,ABD-NB-C,17,0.5333333333333333,0.53125,1.0129335847486955,0.2774717408000419,0.0080319720000261,0.0002662619999682
synth-rho0.3,LR,17,0.55,0.5488721804511278,0.7221994993899039,0.1115038181614807,0.0051550460000271,0.0006481059999714
synth-rho0.3,kNN,17,0.4833333333333333,0.4820384294068504,2.966757476456406,0.2533333333333334,0.0024534010001389,0.0026754749999327
synth-rho0.3,CART,17,0.55,0.5468531468531468,12.433959502167848,0.4499999999999999,0.0058196210000005,0.0001973280000129
synth-rho0.3,RF,17,0.55,0.5437904815544916,0.7307283921657041,0.2023333333333333,0.4344940549999592,0.016631936000067
synth-rho0.3,SVM,17,0.5833333333333334,0.5832175604334537,0.6993623366912292,0.0781085768831271,0.0526839700000891,0.0019986659999631
synth-rho0.3,GNB,18,0.6166666666666667,0.6165601555987774,0.7202379836049754,0.157047934842237,0.0012929309998526,0.000255276999951
synth-rho0.3,MI-WNB,18,0.5833333333333334,0.5832175604334537,0.6144586268113981,0.1130813614908175,0.0424466559998109,0.0002005259998441
synth-rho0.3,ABD-NB-L,18,0.65,0.6491228070175439,0.6789306340108958,0.1367466526875068,0.0086333389999708,0.0002788409999538
synth-rho0.3,ABD-NB-G,18,0.65,0.6491228070175439,0.6771643699737472,0.1339532902763769,0.0079439419998834,0.0002454549999129
synth-rho0.3,ABD-NB-C,18,0.6166666666666667,0.6165601555987774,0.7060328309671529,0.1638369374454616,0.0078121650001321,0.0001819229999
synth-rho0.3,LR,18,0.5833333333333334,0.5822890559732665,0.6554486422300574,0.136958271894466,0.0502443000000312,0.0007870980000461
synth-rho0.3,kNN,18,0.6,0.6,0.6524909375847924,0.0733333333333333,0.0083290769998711,0.0050579620001371
synth-rho0.3,CART,18,0.5166666666666667,0.5154553049289892,13.354993539365465,0.4833333333333333,0.0118014350000521,0.0003155029999106
synth-rho0.3,RF,18,0.5333333333333333,0.5328142380422691,0.6826997598227558,0.08825,0.434525345999873,0.0193813969999609
synth-rho0.3,SVM,18,0.5833333333333334,0.5832175604334537,0.671671240826895,0.0755291026556203,0.0547235869998985,0.0019580609998683
synth-rho0.3,GNB,19,0.5833333333333334,0.5822890559732665,0.9945623736126,0.2910357281479039,0.0013040429998909,0.0003534659999786
synth-rho0.3,MI-WNB,19,0.55,0.5498749652681301,0.7251692351511558,0.1194242785919593,0.0424664760000723,0.0002022270000452
synth-rho0.3,ABD-NB-L,19,0.5833333333333334,0.5832175604334537,0.897659883341177,0.2696548003802846,0.0078738979998433,0.0002093580001201
synth-rho0.3,ABD-NB-G,19,0.6,0.6,0.8985231674891766,0.2533559293805924,0.0077418260000285,0.0002118209999935
synth-rho0.3,ABD-NB-C,19,0.6,0.5995550611790879,0.9255842990591452,0.2491350273731839,0.0078279409999595,0.0002461849999235
synth-rho0.3,LR,19,0.5666666666666667,0.5666666666666667,0.6738591521205635,0.0837880513332226,0.0305100929999753,0.0007128489999104
synth-rho0.3,kNN,19,0.6,0.5982142857142857,0.6649307991694383,0.0866666666666668,0.0024314730001151,0.0024804770000628
synth-rho0.3,CART,19,0.55,0.5437904815544916,12.433959502167848,0.4499999999999999,0.0050363220000235,0.0002236390000689
synth-rho0.3,RF,19,0.5666666666666667,0.5661846496106786,0.6580136721073035,0.1043333333333333,0.4154897749999691,0.0163612449998709
synth-rho0.3,SVM,19,0.5666666666666667,0.5661846496106786,0.6638007970172108,0.0745449218783464,0.0527155810000294,0.0020073419998425
synth-rho0.3,GNB,20,0.6,0.6,0.8725777408328578,0.2353956752571172,0.0013246569999409,0.0004172010001184
synth-rho0.3,MI-WNB,20,0.5,0.4909502262443439,0.6870792294615898,0.1543861160312333,0.0420475640000859,0.0002049280001301
synth-rho0.3,ABD-NB-L,20,0.6166666666666667,0.6165601555987774,0.7980868581673259,0.2014076784051181,0.0081091520000882,0.0002605720001156
synth-rho0.3,ABD-NB-G,20,0.6,0.5995550611790879,0.8014949349304724,0.2024693302548221,0.0081168009999146,0.0002525990000776
synth-rho0.3,ABD-NB-C,20,0.6166666666666667,0.6165601555987774,0.8050438271982683,0.1930871280434397,0.0079008329998941,0.0002122440000675
synth-rho0.3,LR,20,0.5666666666666667,0.5647321428571428,0.6653194351812849,0.1258518745242272,0.0132083080000029,0.0005864469999323
synth-rho0.3,kNN,20,0.6,0.5927601809954751,1.1194806168536888,0.1133333333333334,0.0025043110001661,0.0024877569999262
synth-rho0.3,CART,20,0.5166666666666667,0.5165323701028064,13.354993539365465,0.4833333333333333,0.0052053659999273,0.0002102160001413
synth-rho0.3,RF,20,0.55,0.5498749652681301,0.6580669692157494,0.111,0.5079394260001209,0.0179619929999717
synth-rho0.3,SVM,20,0.6,0.5982142857142857,0.670580702396156,0.0474848166630262,0.0531450899998162,0.0020083710001017
synth-rho0.3,GNB,21,0.5666666666666667,0.5647321428571428,0.8281240067971324,0.2333843394373403,0.0013380549999055,0.0002512339999611
synth-rho0.3,MI-WNB,21,0.55,0.5488721804511278,0.6491824513496056,0.1454636623681753,0.0414008550001199,0.0001924599998801
synth-rho0.3,ABD-NB-L,21,0.5833333333333334,0.5822890559732665,0.7674181403740424,0.2339557336387995,0.0079487059999792,0.0002671030001692
synth-rho0.3,ABD-NB-G,21,0.5833333333333334,0.5822890559732665,0.7712333713527324,0.2049364158215563,0.007828432999986,0.0002279459999954
synth-rho0.3,ABD-NB-C,21,0.5666666666666667,0.5647321428571428,0.7869673798000879,0.2310463538097836,0.0091851760000736,0.0002075300001251
synth-rho0.3,LR,21,0.5833333333333334,0.5832175604334537,0.681819073450941,0.0772235099959943,0.0050924800000302,0.0006344179998905
synth-rho0.3,kNN,21,0.5333333333333333,0.5328142380422691,1.16990162121128,0.1600000000000001,0.0023556679998364,0.0025248279998777
synth-rho0.3,CART,21,0.4666666666666667,0.4570135746606335,14.736544595161892,0.5333333333333333,0.0051668440000867,0.0002050379998763
synth-rho0.3,RF,21,0.5166666666666667,0.5132867132867133,0.6725954954377777,0.1251666666666666,0.4304666689999976,0.019854505000012
synth-rho0.3,SVM,21,0.5166666666666667,0.5154553049289892,0.7156644430970833,0.0816087135826679,0.0539622510000299,0.0020402379998358
synth-rho0.3,GNB,22,0.6,0.569377990430622,0.8880409539364599,0.2377170788153562,0.0012926509998578,0.0002636570000049
synth-rho0.3,MI-WNB,22,0.5666666666666667,0.5417156286721504,0.6868908396781225,0.114183477431099,0.0448310430001583,0.000258808999888
synth-rho0.3,ABD-NB-L,22,0.6,0.569377990430622,0.8178687269313583,0.2358714458505564,0.0094864909999614,0.0002264509998894
synth-rho0.3,ABD-NB-G,22,0.6,0.569377990430622,0.8192895110282487,0.2124326207814596,0.0086207720000857,0.0002754590000222
synth-rho0.3,ABD-NB-C,22,0.6,0.569377990430622,0.8413560365441697,0.2665616235096061,0.0080879100000856,0.0002568590000464
synth-rho0.3,LR,22,0.6,0.5769682726204466,0.6822931003059327,0.1212656400177549,0.0047343050000563,0.0006155500000204
synth-rho0.3,kNN,22,0.5,0.4977678571428571,1.6922952394889437,0.2133333333333335,0.0025971729999128,0.0025783710000268
synth-rho0.3,CART,22,0.4333333333333333,0.4230769230769231,15.65757863235951,0.5666666666666667,0.0053698960000474,0.0002563929999723
synth-rho0.3,RF,22,0.5833333333333334,0.5628096764791606,0.6869679321094023,0.0599166666666667,0.4223848840001665,0.0192880609999974
synth-rho0.3,SVM,22,0.6,0.5833333333333333,0.6797849421453992,0.076293032244008,0.0526387759998669,0.0020031080000535
synth-rho0.3,GNB,23,0.5666666666666667,0.5542857142857143,0.9148531153432946,0.2226450103323692,0.0014342980000492,0.0003269310000177
synth-rho0.3,MI-WNB,23,0.5666666666666667,0.5542857142857143,0.7302901404373681,0.1565462606224107,0.04668338700003,0.0002956260000246
synth-rho0.3,ABD-NB-L,23,0.5666666666666667,0.5542857142857143,0.8434309668656474,0.2175246574249012,0.00937922099979,0.0002787709997846
synth-rho0.3,ABD-NB-G,23,0.5833333333333334,0.5688416211555045,0.8410731773324157,0.2060304986855745,0.0092008169999644,0.0002333679999537
synth-rho0.3,ABD-NB-C,23,0.5833333333333334,0.5688416211555045,0.8547917909678866,0.2500399772500435,0.0089296730000114,0.0002136389998668
synth-rho0.3,LR,23,0.6,0.595959595959596,0.6804665669489215,0.0952073588058847,0.0273787990001892,0.0006243699999686
synth-rho0.3,kNN,23,0.5333333333333333,0.52,1.1199727499853809,0.1500000000000001,0.00263493500006,0.0028638979999868
synth-rho0.3,CART,23,0.35,0.3454545454545454,17.960163725353556,0.65,0.0053745720001643,0.0002080609999666
synth-rho0.3,RF,23,0.5166666666666667,0.4928592247158262,0.7121926860989852,0.0885,0.4420181840000623,0.0179903099999592
synth-rho0.3,SVM,23,0.55,0.5107218363032316,0.6917157095214738,0.0826461184874994,0.052979151000045,0.00200334200008
synth-rho0.3,GNB,24,0.5666666666666667,0.5666666666666667,0.9121585785176728,0.2412585208130987,0.0012340060000042,0.0003124310001112
synth-rho0.3,MI-WNB,24,0.6,0.5982142857142857,0.6848426304403815,0.0564315035664022,0.0498229219999757,0.000204444000019
synth-rho0.3,ABD-NB-L,24,0.5666666666666667,0.5666666666666667,0.8307629083903039,0.2509828518938626,0.0078689389999908,0.0002230909999525
synth-rho0.3,ABD-NB-G,24,0.5666666666666667,0.5666666666666667,0.8287160763222867,0.2511935621110236,0.0075061469999582,0.000211462000152
synth-rho0.3,ABD-NB-C,24,0.5666666666666667,0.5666666666666667,0.872538537817454,0.2785207261379996,0.0078354990000661,0.000198796999939
synth-rho0.3,LR,24,0.6,0.6,0.6701268161458651,0.1475088399210673,0.0347996580001108,0.0007163529999161
synth-rho0.3,kNN,24,0.5333333333333333,0.5286195286195287,2.025735274985096,0.1633333333333334,0.0106281509999917,0.0107279310000194
synth-rho0.3,CART,24,0.4833333333333333,0.4831897749374826,14.276027576563084,0.5166666666666666,0.0131204439999237,0.0083099769999535
synth-rho0.3,RF,24,0.5833333333333334,0.5804195804195804,0.6718153639948568,0.0807499999999999,0.4274608659998193,0.0178733109999029
synth-rho0.3,SVM,24,0.5333333333333333,0.5328142380422691,0.6873034822388463,0.0970894590541361,0.0527400949999901,0.0020153250000021
synth-rho0.3,GNB,25,0.4666666666666667,0.4642857142857143,1.018675145410444,0.3218393229319184,0.0013190810000196,0.0002495429998816
synth-rho0.3,MI-WNB,25,0.5,0.4977678571428571,0.8088977704319765,0.2008241546884794,0.0429011919998174,0.000205109999797
synth-rho0.3,ABD-NB-L,25,0.4666666666666667,0.4642857142857143,0.9246244472601794,0.2943788720903817,0.0079824109998298,0.0002211430000897
synth-rho0.3,ABD-NB-G,25,0.4833333333333333,0.4797202797202797,0.9224551532813948,0.2770683323736442,0.007857875999889,0.0002605539998512
synth-rho0.3,ABD-NB-C,25,0.4833333333333333,0.4797202797202797,0.9594792683016437,0.2978317883430653,0.0080002079998848,0.0002072230001886
synth-rho0.3,LR,25,0.55,0.5468531468531468,0.7051465524206304,0.061473474040325,0.0203185990001202,0.0006714879998526
synth-rho0.3,kNN,25,0.45,0.4486215538847117,1.2084850814278236,0.2400000000000001,0.0064825019999261,0.0026436139999077
synth-rho0.3,CART,25,0.4666666666666667,0.4666666666666667,14.736544595161892,0.5333333333333333,0.009763274000079,0.000208984999972
synth-rho0.3,RF,25,0.45,0.4498471797721589,0.7792622622885794,0.1971666666666666,0.4487598779999189,0.0170562729999801
synth-rho0.3,SVM,25,0.5833333333333334,0.5822890559732665,0.6981271153090588,0.0962054108568571,0.0519004669999958,0.0019972439999946
synth-rho0.3,GNB,26,0.6333333333333333,0.6228571428571429,0.8836277048051304,0.2353760199175925,0.0012547339999855,0.000245778999897
synth-rho0.3,MI-WNB,26,0.55,0.5396419437340154,0.672084937799324,0.1143400311566074,0.0429701119999208,0.0001980130000447
synth-rho0.3,ABD-NB-L,26,0.6333333333333333,0.6228571428571429,0.8137690734712296,0.2074288876613419,0.0082877249999455,0.0002291139999215
synth-rho0.3,ABD-NB-G,26,0.6333333333333333,0.6228571428571429,0.8174166524463065,0.1907362405922079,0.0081719439999687,0.0003335339999921
synth-rho0.3,ABD-NB-C,26,0.6333333333333333,0.6228571428571429,0.8413194805816107,0.2156381783465188,0.0082943480001631,0.0002065950000087
synth-rho0.3,LR,26,0.6666666666666666,0.6632996632996633,0.6602240210198,0.2194972464620828,0.0122568819999742,0.0006365659999119
synth-rho0.3,kNN,26,0.5666666666666667,0.5661846496106786,1.6142597190368733,0.1366666666666667,0.0064224690001992,0.0026988649999566
synth-rho0.3,CART,26,0.45,0.4498471797721589,15.1970616137607,0.55,0.0088744120000683,0.0002332939998268
synth-rho0.3,RF,26,0.5,0.4994438264738599,0.7104045955253936,0.2022499999999999,0.4442917500000476,0.0181722849999914
synth-rho0.3,SVM,26,0.6,0.5885714285714285,0.6801702761449001,0.0836959257225289,0.0520202320001317,0.0020921650000218
synth-rho0.3,GNB,27,0.6666666666666666,0.6666666666666666,0.8318160134097886,0.1836440267367714,0.0013431590000436,0.0003248580001127
synth-rho0.3,MI-WNB,27,0.6,0.6,0.6550820516038992,0.1341057854474939,0.045823220000102,0.0002656289998412
synth-rho0.3,ABD-NB-L,27,0.6666666666666666,0.6666666666666666,0.7651934279737983,0.1822409083076284,0.0091357910000624,0.0002489240000613
synth-rho0.3,ABD-NB-G,27,0.6666666666666666,0.6666666666666666,0.7637676668352211,0.1721614545417819,0.0088135270000293,0.0002865569999812
synth-rho0.3,ABD-NB-C,27,0.65,0.6499027507641011,0.7687413901383189,0.1889018251880956,0.0086593140001696,0.0002097130000038
synth-rho0.3,LR,27,0.6166666666666667,0.6165601555987774,0.6452479644227774,0.0503387850196687,0.0082450620000145,0.0010096749999775
synth-rho0.3,kNN,27,0.5833333333333334,0.5832175604334537,1.098338761429297,0.1266666666666667,0.0026474919998236,0.0030868530000134
synth-rho0.3,CART,27,0.45,0.4486215538847117,15.1970616137607,0.55,0.0056207249999715,0.0002265090001856
synth-rho0.3,RF,27,0.5833333333333334,0.5832175604334537,0.6611333524918455,0.0407499999999999,0.4323766479999449,0.0178948620000483
synth-rho0.3,SVM,27,0.6333333333333333,0.6316964285714286,0.66169262856859,0.0987753851877285,0.0543692759999885,0.0021084799998334
synth-rho0.3,GNB,28,0.6333333333333333,0.6296296296296295,0.826450268639842,0.256791998220672,0.0013396859999375,0.0003814140000031
synth-rho0.3,MI-WNB,28,0.65,0.6451703745423825,0.6640435702168914,0.1828840891890853,0.0468864639999537,0.0002132600000095
synth-rho0.3,ABD-NB-L,28,0.6333333333333333,0.6296296296296295,0.7658205350535003,0.2236852609723432,0.0092007040000225,0.0002992009999616
synth-rho0.3,ABD-NB-G,28,0.65,0.6451703745423825,0.7710769606970912,0.2069329197443948,0.0087488100000427,0.0002316979998795
synth-rho0.3,ABD-NB-C,28,0.65,0.6451703745423825,0.7829926029625802,0.1985880419246678,0.0106499710000207,0.0002599029999146
synth-rho0.3,LR,28,0.55,0.5343489508479448,0.6599422925746509,0.1462735598235834,0.0128732939999736,0.0007694820001233
synth-rho0.3,kNN,28,0.5666666666666667,0.5661846496106786,1.1757719644377695,0.1366666666666667,0.0037746509999578,0.0034343030001764
synth-rho0.3,CART,28,0.6166666666666667,0.6157059314954052,10.59189142777261,0.3833333333333333,0.0056505290001496,0.0002353649999804
synth-rho0.3,RF,28,0.5666666666666667,0.548611111111111,0.6644772270929756,0.0511666666666666,0.462604704999876,0.0183006299998851
synth-rho0.3,SVM,28,0.5333333333333333,0.5248868778280543,0.6861677718583152,0.0761632669648106,0.0548563419999936,0.0019524540000475
synth-rho0.3,GNB,29,0.65,0.6499027507641011,0.9109052612051052,0.2598186893237476,0.0012700999998287,0.0003643689999535
synth-rho0.3,MI-WNB,29,0.6166666666666667,0.6165601555987774,0.6477052486431524,0.0985755457476034,0.0425746040000376,0.0003020829999513
synth-rho0.3,ABD-NB-L,29,0.65,0.6499027507641011,0.8642257054584799,0.2418813484509205,0.0081568089999564,0.0002940339998076
synth-rho0.3,ABD-NB-G,29,0.6333333333333333,0.6333333333333333,0.8636283034102828,0.2522323709653361,0.0078464309999617,0.0002443169998969
synth-rho0.3,ABD-NB-C,29,0.6166666666666667,0.6165601555987774,0.834792317419955,0.2365144149200656,0.009336851000171,0.0002171249998355
synth-rho0.3,LR,29,0.6166666666666667,0.6165601555987774,0.659454098833983,0.1216409989949399,0.0052411829999527,0.0006411040001239
synth-rho0.3,kNN,29,0.6,0.5995550611790879,1.5327121813962086,0.1066666666666668,0.0024433660000795,0.0026659400000426
synth-rho0.3,CART,29,0.5166666666666667,0.5132867132867133,13.354993539365465,0.4833333333333333,0.0058138489998782,0.0002301879999322
synth-rho0.3,RF,29,0.6333333333333333,0.6316964285714286,0.6276452096430346,0.14225,0.4230156129999614,0.017018888999928
synth-rho0.3,SVM,29,0.5833333333333334,0.5832175604334537,0.6602987700490607,0.0761428304613926,0.0526326859999244,0.0021390330000485
synth-rho0.6,GNB,0,0.5333333333333333,0.53125,1.260492356446965,0.3456390853155285,0.0012498719997893,0.0002629239997986
synth-rho0.6,MI-WNB,0,0.55,0.5498749652681301,0.8404743744900388,0.2316682176240911,0.0422679089999746,0.000206781000088
synth-rho0.6,ABD-NB-L,0,0.5333333333333333,0.53125,0.9118647085671112,0.2838708120813544,0.0079193009999016,0.0003024340001047
synth-rho0.6,ABD-NB-G,0,0.5333333333333333,0.53125,0.912122565115654,0.2839449045079782,0.0077654490000895,0.0002266349999899
synth-rho0.6,ABD-NB-C,0,0.5333333333333333,0.53125,0.8891454124872283,0.2355218937691709,0.0079931900002065,0.0002089990000513
synth-rho0.6,LR,0,0.55,0.5488721804511278,0.6942357607286317,0.1269199512867062,0.0335378720001244,0.0007309610000447
synth-rho0.6,kNN,0,0.55,0.5488721804511278,1.187324417447102,0.1500000000000001,0.0025004189999435,0.0025044369999704
synth-rho0.6,CART,0,0.55,0.5437904815544916,12.433959502167848,0.4499999999999999,0.0049955570000292,0.0002318730000752
synth-rho0.6,RF,0,0.5833333333333334,0.5775837792171219,0.6903887393870927,0.1898333333333333,0.4366380300000401,0.0178219730000819
synth-rho0.6,SVM,0,0.5666666666666667,0.5647321428571428,0.6930132341181615,0.1036197460118318,0.0521275850001075,0.0022236510001221
synth-rho0.6,GNB,1,0.5833333333333334,0.5737425404944586,1.011491911050625,0.2422424317203518,0.0014086169999245,0.0002601139999569
synth-rho0.6,MI-WNB,1,0.5833333333333334,0.5688416211555045,0.6886046029382963,0.1546882684862809,0.0465190100001109,0.0002080510000723
synth-rho0.6,ABD-NB-L,1,0.5833333333333334,0.5737425404944586,0.7805705647677671,0.2115150740040737,0.0087458470000001,0.0003006350000305
synth-rho0.6,ABD-NB-G,1,0.5833333333333334,0.5737425404944586,0.7806841199331349,0.2114292922244882,0.0079336789999615,0.0002244190000055
synth-rho0.6,ABD-NB-C,1,0.6,0.5885714285714285,0.7813937043711917,0.2176053043002542,0.008037804999958,0.0002110179998453
synth-rho0.6,LR,1,0.6,0.5885714285714285,0.6894575216825422,0.0639046473195219,0.0420264859999406,0.0008083079999323
synth-rho0.6,kNN,1,0.4833333333333333,0.4820384294068504,1.1651069200037505,0.1933333333333333,0.0025520830001823,0.0027373679999982
synth-rho0.6,CART,1,0.6333333333333333,0.6296296296296295,10.1313744091738,0.3666666666666667,0.0058738049999647,0.0002096139999139
synth-rho0.6,RF,1,0.55,0.5437904815544916,0.6528583269294665,0.113,0.4315697799997906,0.0168363499999486
synth-rho0.6,SVM,1,0.5666666666666667,0.5622895622895623,0.6795900601352968,0.0300448948874026,0.0540604039999834,0.0023075839999364
synth-rho0.6,GNB,2,0.5666666666666667,0.5542857142857143,1.2712365300905304,0.3173550053518166,0.0013265720001527,0.0002587139999832
synth-rho0.6,MI-WNB,2,0.55,0.5343489508479448,0.7131056748429778,0.1709431824165931,0.046776760999819,0.0002643950001584
synth-rho0.6,ABD-NB-L,2,0.55,0.5343489508479448,0.9009575460679516,0.3017202340109591,0.008470686999999,0.00032014899989
synth-rho0.6,ABD-NB-G,2,0.55,0.5343489508479448,0.9012269438832772,0.3018349280769797,0.0097160189998248,0.0004052860001593
synth-rho0.6,ABD-NB-C,2,0.5666666666666667,0.5542857142857143,0.897722412542628,0.2935689907383015,0.0086478139999144,0.0002888970000185
synth-rho0.6,LR,2,0.6,0.5927601809954751,0.6701715644279378,0.0637609852722136,0.0557459809999727,0.0007905160000518
synth-rho0.6,kNN,2,0.6166666666666667,0.6033342914630642,0.7176913210085947,0.1266666666666666,0.0025510460000077,0.0026176579999628
synth-rho0.6,CART,2,0.4333333333333333,0.4276094276094276,15.65757863235951,0.5666666666666667,0.0057944560001033,0.0002492920000349
synth-rho0.6,RF,2,0.5166666666666667,0.4998562805403851,0.7833421499679608,0.1816666666666666,0.4580761639999764,0.0203915380000125
synth-rho0.6,SVM,2,0.5666666666666667,0.5622895622895623,0.6962546263980707,0.0766719085268044,0.0688288020000982,0.0022207090000847
synth-rho0.6,GNB,3,0.6166666666666667,0.6113770768797522,1.152773079999298,0.2936219245416623,0.0013196859999879,0.0003045429998564
synth-rho0.6,MI-WNB,3,0.5833333333333334,0.5737425404944586,0.7245692793275554,0.2058212985075752,0.0466219840000121,0.0002491239999926
synth-rho0.6,ABD-NB-L,3,0.6166666666666667,0.6113770768797522,0.8324313652658953,0.2531938588647957,0.0160160550001364,0.0002996880000409
synth-rho0.6,ABD-NB-G,3,0.6166666666666667,0.6113770768797522,0.8324985178214495,0.2531349097622302,0.0084423309999692,0.0002770549999695
synth-rho0.6,ABD-NB-C,3,0.6166666666666667,0.6113770768797522,0.8278634802913092,0.2465695391391098,0.0174633919998541,0.0003768540000237
synth-rho0.6,LR,3,0.6166666666666667,0.6157059314954052,0.6698316900723762,0.0639516752479421,0.1188450069998907,0.0009807799999634
synth-rho0.6,kNN,3,0.55,0.5498749652681301,2.0250360998534287,0.1333333333333334,0.0109105400001681,0.0110127129999
synth-rho0.6,CART,3,0.55,0.5437904815544916,12.433959502167848,0.4499999999999999,0.0184889890001613,0.0003997730000264
synth-rho0.6,RF,3,0.55,0.5468531468531468,0.7085652879022789,0.12175,0.457414609999887,0.0182687829999395
synth-rho0.6,SVM,3,0.5833333333333334,0.5822890559732665,0.68243030968392,0.0997663118660443,0.0524614060000203,0.0020193909999761
synth-rho0.6,GNB,4,0.5166666666666667,0.5154553049289892,1.4058737867686566,0.3588058926592349,0.0013420340001175,0.0002945539999927
synth-rho0.6,MI-WNB,4,0.5333333333333333,0.53125,0.7722218190432427,0.2103396314891313,0.0439978919998793,0.0002338479998797
synth-rho0.6,ABD-NB-L,4,0.5166666666666667,0.5154553049289892,0.9782872630392202,0.3188146260245356,0.0082669109999642,0.0002567679998719
synth-rho0.6,ABD-NB-G,4,0.5166666666666667,0.5154553049289892,0.9783836334680752,0.3151811622333716,0.0083543230000486,0.0002962789999401
synth-rho0.6,ABD-NB-C,4,0.5333333333333333,0.53125,0.9705202901337036,0.3031262493619873,0.0086242219999803,0.0002162539999517
synth-rho0.6,LR,4,0.5,0.4949494949494949,0.6968216708476441,0.1137017427487022,0.0583758770001168,0.0008085290000963
synth-rho0.6,kNN,4,0.6,0.5995550611790879,0.6989077916220982,0.1100000000000001,0.0026203749998785,0.006687219000014
synth-rho0.6,CART,4,0.5666666666666667,0.5661846496106786,11.973442483569038,0.4333333333333333,0.0136645929999303,0.0002943650001725
synth-rho0.6,RF,4,0.6166666666666667,0.6165601555987774,0.6726504570279154,0.1181666666666665,0.5119135800000549,0.0208882889999131
synth-rho0.6,SVM,4,0.5333333333333333,0.5328142380422691,0.6988706409306583,0.072086698620041,0.0585237230000075,0.002237500000092
synth-rho0.6,GNB,5,0.5833333333333334,0.5822890559732665,1.1405808553282957,0.2811893607709474,0.0013422469999113,0.0003397980001409
synth-rho0.6,MI-WNB,5,0.5666666666666667,0.5622895622895623,0.7127941929124214,0.1803583282935593,0.0429017299998122,0.0002064000000245
synth-rho0.6,ABD-NB-L,5,0.5833333333333334,0.5822890559732665,0.8349827554339995,0.2068066337127465,0.0084401040001012,0.0002850240000498
synth-rho0.6,ABD-NB-G,5,0.5833333333333334,0.5822890559732665,0.8348200337728605,0.2068366780405229,0.0080999410001822,0.0002806329998747
synth-rho0.6,ABD-NB-C,5,0.5833333333333334,0.5822890559732665,0.8448495584366379,0.1883456762187098,0.0081790470001124,0.000193500000023
synth-rho0.6,LR,5,0.55,0.5488721804511278,0.6773240572860266,0.0927103555820458,0.0729030139998485,0.0007394459998977
synth-rho0.6,kNN,5,0.6333333333333333,0.6296296296296295,1.1105715810139671,0.12,0.0110348640000665,0.0067813670000305
synth-rho0.6,CART,5,0.5333333333333333,0.5333333333333333,12.894476520766656,0.4666666666666667,0.0138065379999261,0.0002499879999504
synth-rho0.6,RF,5,0.5166666666666667,0.5165323701028064,0.7176719883355879,0.1058333333333333,0.4359303989999716,0.0174153259999911
synth-rho0.6,SVM,5,0.5333333333333333,0.53125,0.6870553030895966,0.0451821298554898,0.0519554989998596,0.0020810560001791
synth-rho0.6,GNB,6,0.5666666666666667,0.5647321428571428,1.1719106413125089,0.2906207082828936,0.0012690240000665,0.000251432999903
synth-rho0.6,MI-WNB,6,0.6,0.595959595959596,0.7357726787624788,0.1074783411799822,0.0428310220002003,0.0002200440001161
synth-rho0.6,ABD-NB-L,6,0.5666666666666667,0.5647321428571428,0.8524762416583374,0.2130907709400918,0.0081611969999357,0.0002408549999017
synth-rho0.6,ABD-NB-G,6,0.5666666666666667,0.5647321428571428,0.852815176362436,0.2131924292453114,0.007822403000091,0.00023695699997
synth-rho0.6,ABD-NB-C,6,0.5666666666666667,0.5647321428571428,0.8537762825541139,0.2124445872673803,0.0083556370000223,0.0002241459999368
synth-rho0.6,LR,6,0.5666666666666667,0.5666666666666667,0.6957890321799755,0.1381718890534139,0.090818377000005,0.0007301630000711
synth-rho0.6,kNN,6,0.6333333333333333,0.6296296296296295,1.0656444529955729,0.0966666666666668,0.0107730980000724,0.0027724690000923
synth-rho0.6,CART,6,0.4166666666666667,0.4165045846068352,16.11809565095832,0.5833333333333333,0.0255779110000275,0.0002807299999858
synth-rho0.6,RF,6,0.7166666666666667,0.7146853146853147,0.6524768863765965,0.1318333333333333,0.4328397739998308,0.0203119509999396
synth-rho0.6,SVM,6,0.6333333333333333,0.6316964285714286,0.6763038893708764,0.087866779873821,0.0557734739998068,0.0020559739998589
synth-rho0.6,GNB,7,0.5833333333333334,0.5804195804195804,1.2798678509452417,0.3136104566346939,0.0014111060002051,0.0002790730000015
synth-rho0.6,MI-WNB,7,0.5833333333333334,0.5804195804195804,0.7881289580808613,0.1906814691883268,0.0446327019999444,0.0002069530000881
synth-rho0.6,ABD-NB-L,7,0.5833333333333334,0.5804195804195804,0.8989538962849845,0.2447323989323044,0.0084192780000194,0.0002818200000547
synth-rho0.6,ABD-NB-G,7,0.5833333333333334,0.5804195804195804,0.8991043808499986,0.2448211669280824,0.0085587830001259,0.0003594380000322
synth-rho0.6,ABD-NB-C,7,0.5833333333333334,0.5804195804195804,0.8956106752411954,0.2386286561296369,0.0082571240000106,0.0002336980001018
synth-rho0.6,LR,7,0.6166666666666667,0.6157059314954052,0.6798315182897157,0.092142903588851,0.0910502069998528,0.0008267749999504
synth-rho0.6,kNN,7,0.65,0.6475524475524476,1.9672738348067669,0.1366666666666666,0.0107148619999861,0.0106776009999975
synth-rho0.6,CART,7,0.5166666666666667,0.5132867132867133,13.354993539365465,0.4833333333333333,0.0221815449999667,0.0002369490000546
synth-rho0.6,RF,7,0.5666666666666667,0.5661846496106786,0.6415355706998384,0.1336666666666666,0.4514834680001058,0.0177670499999749
synth-rho0.6,SVM,7,0.5666666666666667,0.5647321428571428,0.6704207902128794,0.1140318804255988,0.0565632000000277,0.0020429170001534
synth-rho0.6,GNB,8,0.65,0.6378269617706237,1.0815393373228095,0.2428581816441705,0.0012587419998908,0.0003149389999634
synth-rho0.6,MI-WNB,8,0.6333333333333333,0.6266968325791855,0.6869722449504305,0.1727802435069569,0.0439454020001903,0.0002344019999327
synth-rho0.6,ABD-NB-L,8,0.65,0.6378269617706237,0.8103875103828798,0.1906021736952143,0.0081888360000448,0.0002467790000082
synth-rho0.6,ABD-NB-G,8,0.65,0.6378269617706237,0.8107010740274423,0.1905626128952721,0.0080630669999663,0.0002523320001728
synth-rho0.6,ABD-NB-C,8,0.65,0.6378269617706237,0.7918487646056439,0.1727775179142495,0.0081744690000959,0.0002359780000915
synth-rho0.6,LR,8,0.5333333333333333,0.5248868778280543,0.6789134599774561,0.0807178660241277,0.0882407470000998,0.0008725370000775
synth-rho0.6,kNN,8,0.6333333333333333,0.6296296296296295,1.098416810561037,0.0533333333333332,0.0154992640000273,0.0070477819999723
synth-rho0.6,CART,8,0.3833333333333333,0.3748239932413404,17.03912968815594,0.6166666666666667,0.0221436390002054,0.0003560739999102
synth-rho0.6,RF,8,0.4833333333333333,0.4714407502131287,0.7139376523541852,0.1276666666666666,0.4445175779999317,0.0193263250000654
synth-rho0.6,SVM,8,0.55,0.5396419437340154,0.6990977575091829,0.0659498598016405,0.0530008250000264,0.0019915330001367
synth-rho0.6,GNB,9,0.6,0.5995550611790879,1.0018629903262868,0.2703861700686759,0.0015349940001669,0.0003278169999703
synth-rho0.6,MI-WNB,9,0.5833333333333334,0.5804195804195804,0.7060073168256286,0.1613053277088952,0.0439535269999851,0.000244468999881
synth-rho0.6,ABD-NB-L,9,0.5833333333333334,0.5832175604334537,0.7613247216414921,0.1843708137975814,0.0082971719998568,0.0002244750000954
synth-rho0.6,ABD-NB-G,9,0.5833333333333334,0.5832175604334537,0.7622592242546122,0.2000188254353531,0.00813707899988,0.0002937040001143
synth-rho0.6,ABD-NB-C,9,0.5666666666666667,0.5666666666666667,0.7649431002644391,0.1909811321077795,0.0080583339999975,0.0002627890000894
synth-rho0.6,LR,9,0.5333333333333333,0.5328142380422691,0.7071109771104244,0.0864016842732969,0.0795497249998788,0.000817477000055
synth-rho0.6,kNN,9,0.5833333333333334,0.5832175604334537,1.0955071108160404,0.1400000000000001,0.0107768689999829,0.0107568750001973
synth-rho0.6,CART,9,0.4833333333333333,0.4797202797202797,14.276027576563084,0.5166666666666666,0.0134761639999396,0.0003443420000621
synth-rho0.6,RF,9,0.5833333333333334,0.5832175604334537,0.649572323346541,0.0860833333333333,0.4511578869999084,0.0173647609999534
synth-rho0.6,SVM,9,0.6,0.5982142857142857,0.685929554845357,0.0919014318558086,0.0519466719999854,0.0022299120000752
synth-rho0.6,GNB,10,0.5666666666666667,0.5417156286721504,1.35648934225716,0.3028822419250169,0.0012525120000645,0.0003499590000046
synth-rho0.6,MI-WNB,10,0.5666666666666667,0.5417156286721504,0.7617757561203554,0.2141284397202848,0.0444005399999696,0.0002360559999488
synth-rho0.6,ABD-NB-L,10,0.5666666666666667,0.5417156286721504,0.95445855739705,0.257789079453105,0.0079617040000812,0.000244966000082
synth-rho0.6,ABD-NB-G,10,0.5666666666666667,0.5417156286721504,0.9548057066406532,0.257929108822588,0.007596476999879,0.0003055310000945
synth-rho0.6,ABD-NB-C,10,0.5666666666666667,0.5417156286721504,0.9471087098341774,0.2485120283586555,0.0079696039999817,0.0002406349999546
synth-rho0.6,LR,10,0.5833333333333334,0.5804195804195804,0.7149544032326874,0.116371226660424,0.0791350389999934,0.0007326100001137
synth-rho0.6,kNN,10,0.5833333333333334,0.5804195804195804,0.6408604354437205,0.13,0.0024205590000292,0.0066058840000096
synth-rho0.6,CART,10,0.5,0.4994438264738599,13.815510557964274,0.5,0.0094776079999974,0.0002549289999933
synth-rho0.6,RF,10,0.4833333333333333,0.4714407502131287,0.6897484316870296,0.178,0.4793015739999191,0.01765093899985
synth-rho0.6,SVM,10,0.5,0.4857142857142857,0.7123216013994629,0.0911230315402558,0.050771098000041,0.002001668000048
synth-rho0.6,GNB,11,0.6,0.5927601809954751,0.9888849031430028,0.2392235640221625,0.0012786659999619,0.0002477369998814
synth-rho0.6,MI-WNB,11,0.65,0.6419437340153453,0.6455276707682454,0.1060478778243588,0.0443856570000207,0.0002182840000841
synth-rho0.6,ABD-NB-L,11,0.5833333333333334,0.5737425404944586,0.7606554438881419,0.1770412678581924,0.0080420010001489,0.0002409579999493
synth-rho0.6,ABD-NB-G,11,0.5833333333333334,0.5737425404944586,0.7610578844440699,0.1772734242025498,0.0079330920000302,0.0002231129999472
synth-rho0.6,ABD-NB-C,11,0.5833333333333334,0.5737425404944586,0.7630595335890396,0.1824417028236768,0.0076965010000549,0.0002209589999893
synth-rho0.6,LR,11,0.5666666666666667,0.5647321428571428,0.6724557171663347,0.0445599037238387,0.0701412809999055,0.0007758930000818
synth-rho0.6,kNN,11,0.5333333333333333,0.5248868778280543,2.069696945296437,0.1933333333333333,0.0064792660000421,0.0069436620001397
synth-rho0.6,CART,11,0.45,0.4461538461538462,15.1970616137607,0.55,0.0139332000001104,0.0002269589999741
synth-rho0.6,RF,11,0.55,0.5437904815544916,0.6663191165853121,0.0999166666666666,0.4939144669999677,0.0174210789998596
synth-rho0.6,SVM,11,0.5833333333333334,0.5822890559732665,0.6779618463510322,0.0914751565514857,0.0542304420000618,0.0020708740000827
synth-rho0.6,GNB,12,0.6166666666666667,0.6113770768797522,0.871939904548272,0.2824137472960449,0.0013010459999804,0.0002646479999839
synth-rho0.6,MI-WNB,12,0.6166666666666667,0.607843137254902,0.6513793708625556,0.2181527432234385,0.0460273860001052,0.0001980370000183
synth-rho0.6,ABD-NB-L,12,0.6166666666666667,0.6113770768797522,0.6844670515775847,0.2123522577936114,0.0080021820001547,0.000241189999997
synth-rho0.6,ABD-NB-G,12,0.6166666666666667,0.6113770768797522,0.6848212418253349,0.2124526624803002,0.0076895629999853,0.0002735230000325
synth-rho0.6,ABD-NB-C,12,0.6166666666666667,0.6113770768797522,0.6907196924778968,0.2137674651357229,0.0077592319998984,0.0002022389999183
synth-rho0.6,LR,12,0.6333333333333333,0.6266968325791855,0.6415005241584889,0.0566780409137738,0.0631587629998193,0.0007751570001346
synth-rho0.6,kNN,12,0.65,0.6491228070175439,1.9171567301372203,0.0766666666666667,0.0065017280001029,0.0027032810000946
synth-rho0.6,CART,12,0.45,0.4461538461538462,15.1970616137607,0.55,0.0141415890000189,0.0002685849999579
synth-rho0.6,RF,12,0.5833333333333334,0.5775837792171219,0.6823666306687116,0.1850833333333333,0.4502364099998885,0.0177385819999926
synth-rho0.6,SVM,12,0.5666666666666667,0.5588235294117647,0.6707399304528735,0.0467737497553487,0.0510922410001057,0.0019698640001024
synth-rho0.6,GNB,13,0.4833333333333333,0.4831897749374826,1.6403534683156884,0.3621148707124691,0.0012352979999832,0.0002604480000627
synth-rho0.6,MI-WNB,13,0.4833333333333333,0.4831897749374826,0.9605630011129856,0.2868015496630792,0.0453489349999927,0.0002171060000364
synth-rho0.6,ABD-NB-L,13,0.4833333333333333,0.4831897749374826,1.1252235097627072,0.2879346972538856,0.0091247099999236,0.0002628499998991
synth-rho0.6,ABD-NB-G,13,0.4833333333333333,0.4831897749374826,1.1253927051106758,0.2932950719670633,0.0078370979999817,0.0003075729998727
synth-rho0.6,ABD-NB-C,13,0.4833333333333333,0.4831897749374826,1.1241643146013551,0.3057727648361411,0.0080494859998907,0.0001971069998489
synth-rho0.6,LR,13,0.4833333333333333,0.4831897749374826,0.7656677986745383,0.158384905849731,0.1218390300000464,0.0007698770000388
synth-rho0.6,kNN,13,0.5,0.4994438264738599,2.083290498031782,0.1766666666666668,0.0066754499998751,0.0107413339999311
synth-rho0.6,CART,13,0.5833333333333334,0.5804195804195804,11.512925464970229,0.4166666666666666,0.0218433049999475,0.0003374420000454
synth-rho0.6,RF,13,0.4833333333333333,0.4762038862292312,0.7747236375992352,0.1614166666666666,0.427195883999957,0.0191723719999572
synth-rho0.6,SVM,13,0.5333333333333333,0.5333333333333333,0.7147601815579029,0.204040751998012,0.0536703609998312,0.0019717180000498
synth-rho0.6,GNB,14,0.6333333333333333,0.6316964285714286,1.1075952246025385,0.2967532949918043,0.0013197680000303,0.0002955200000087
synth-rho0.6,MI-WNB,14,0.5833333333333334,0.5804195804195804,0.7041545450449342,0.1510283624910675,0.0428458490000593,0.0002050430000508
synth-rho0.6,ABD-NB-L,14,0.65,0.6451703745423825,0.8108438451224501,0.2100759528877051,0.0104926239998803,0.0004180939999969
synth-rho0.6,ABD-NB-G,14,0.65,0.6451703745423825,0.8106610694435953,0.2101722997101749,0.0085398650001025,0.0003251979999276
synth-rho0.6,ABD-NB-C,14,0.6666666666666666,0.6632996632996633,0.8198507494538416,0.2143004163511349,0.0079921489998469,0.000252360000104
synth-rho0.6,LR,14,0.5666666666666667,0.5647321428571428,0.6761180704652696,0.1421415676627764,0.0920536660000834,0.0008102289998532
synth-rho0.6,kNN,14,0.55,0.5488721804511278,1.1594248102209077,0.1466666666666668,0.0108602630000405,0.0108851719999165
synth-rho0.6,CART,14,0.4833333333333333,0.4797202797202797,14.276027576563084,0.5166666666666666,0.022490609999977,0.0003421859998979
synth-rho0.6,RF,14,0.6166666666666667,0.6165601555987774,0.6800436405448674,0.14075,0.4276202420001027,0.0187457030001496
synth-rho0.6,SVM,14,0.55,0.5488721804511278,0.6879169155332444,0.0311532394272283,0.0516087959999822,0.0019908899998881
synth-rho0.6,GNB,15,0.5333333333333333,0.53125,1.239826557036973,0.3508326047079575,0.0012496669999109,0.0002577430000201
synth-rho0.6,MI-WNB,15,0.5,0.4909502262443439,0.7448136038782452,0.1846722128608366,0.0467839929999627,0.0002068700000563
synth-rho0.6,ABD-NB-L,15,0.55,0.5468531468531468,0.8919241826562553,0.2645281517944677,0.0085516230001303,0.0002428489999601
synth-rho0.6,ABD-NB-G,15,0.55,0.5468531468531468,0.891882219583953,0.2646428475860699,0.007802963000131,0.0003126950000478
synth-rho0.6,ABD-NB-C,15,0.5666666666666667,0.5622895622895623,0.8568862672324193,0.2848005911083168,0.007999879999943,0.000223675999905
synth-rho0.6,LR,15,0.5333333333333333,0.5328142380422691,0.6881402658296739,0.1326350569907136,0.0818716780001977,0.0008001159999366
synth-rho0.6,kNN,15,0.6166666666666667,0.6157059314954052,1.5534587613769788,0.0800000000000001,0.0102203210001334,0.0026551540001946
synth-rho0.6,CART,15,0.55,0.5498749652681301,12.433959502167848,0.4499999999999999,0.0136922680001134,0.0002784060000067
synth-rho0.6,RF,15,0.5833333333333334,0.5822890559732665,0.6788605272384594,0.0783333333333333,0.4394241700001657,0.0172145760000148
synth-rho0.6,SVM,15,0.6,0.5927601809954751,0.6892508696014865,0.1047731530850167,0.0519569549999232,0.0020907170001009
synth-rho0.6,GNB,16,0.6166666666666667,0.607843137254902,0.9128289326190568,0.2576878162320315,0.0012787739999566,0.0002852080001503
synth-rho0.6,MI-WNB,16,0.6166666666666667,0.6033342914630642,0.6614501753007308,0.1533953994863429,0.0428567270000712,0.0002224919999207
synth-rho0.6,ABD-NB-L,16,0.6166666666666667,0.607843137254902,0.7034453412474697,0.1621680615743673,0.0082884419998663,0.0002677820000371
synth-rho0.6,ABD-NB-G,16,0.6166666666666667,0.607843137254902,0.7036321129029914,0.1620585717714721,0.0079481940001642,0.0002318940000805
synth-rho0.6,ABD-NB-C,16,0.6,0.5885714285714285,0.7005416325495097,0.1802447503640845,0.007825326999864,0.0002670800001851
synth-rho0.6,LR,16,0.5166666666666667,0.5055413469735721,0.6641090084914779,0.1130096297022642,0.0237936089999948,0.0008030670001062
synth-rho0.6,kNN,16,0.6666666666666666,0.660633484162896,1.045844522165526,0.0399999999999999,0.0025163059999613,0.0025313579999419
synth-rho0.6,CART,16,0.6333333333333333,0.6329254727474972,10.1313744091738,0.3666666666666667,0.0058226269998158,0.0002450790000239
synth-rho0.6,RF,16,0.6166666666666667,0.607843137254902,0.6538946730978225,0.0550833333333333,0.4304165930000181,0.0191591110001354
synth-rho0.6,SVM,16,0.5833333333333334,0.5775837792171219,0.6672926653634098,0.0690672027062295,0.051460440000028,0.0022348820000388
synth-rho0.6,GNB,17,0.5333333333333333,0.5328142380422691,1.3970385942070245,0.3719755228614227,0.0013027210000018,0.0003200149999429
synth-rho0.6,MI-WNB,17,0.5333333333333333,0.5286195286195287,0.8243329137565841,0.2312522873650197,0.042527919999884,0.0002107320001414
synth-rho0.6,ABD-NB-L,17,0.55,0.5468531468531468,0.9716017900124057,0.3047688251883234,0.0079387819998828,0.0002668710001216
synth-rho0.6,ABD-NB-G,17,0.5666666666666667,0.5647321428571428,0.9724158908736654,0.2725761641596816,0.0076672370000778,0.0003034240000943
synth-rho0.6,ABD-NB-C,17,0.5333333333333333,0.53125,0.9721631025191112,0.2811430211650801,0.0081842439999491,0.0002805190001708
synth-rho0.6,LR,17,0.5333333333333333,0.5328142380422691,0.713458193095032,0.1090947236806703,0.0409865920000811,0.0007539339999311
synth-rho0.6,kNN,17,0.5666666666666667,0.5661846496106786,1.6334385238669922,0.1633333333333332,0.0024622999999337,0.0025477340000179
synth-rho0.6,CART,17,0.4833333333333333,0.4831897749374826,14.276027576563084,0.5166666666666666,0.0057341309998264,0.0001982070000394
synth-rho0.6,RF,17,0.5833333333333334,0.5804195804195804,0.7136803041652112,0.1576666666666667,0.4174965479999173,0.0167111069999918
synth-rho0.6,SVM,17,0.5333333333333333,0.5328142380422691,0.691996504583593,0.0351789663197861,0.0537610009998843,0.0020967609998479
synth-rho0.6,GNB,18,0.65,0.6475524475524476,0.8627959191919322,0.1946206118490334,0.0012334380000993,0.0002953480000087
synth-rho0.6,MI-WNB,18,0.6333333333333333,0.6266968325791855,0.6919907395221055,0.1365960041277146,0.0416955739999593,0.0002394499999809
synth-rho0.6,ABD-NB-L,18,0.6666666666666666,0.6632996632996633,0.6936860038279259,0.1149358395221763,0.0080935399998907,0.0002949870001884
synth-rho0.6,ABD-NB-G,18,0.6666666666666666,0.6632996632996633,0.6932027956408544,0.1148725840705632,0.0078568129999894,0.0002955630000087
synth-rho0.6,ABD-NB-C,18,0.6666666666666666,0.6632996632996633,0.6872776005553223,0.1136344240383709,0.0082699290001073,0.0002293259999532
synth-rho0.6,LR,18,0.5333333333333333,0.5328142380422691,0.6750555227611523,0.1195070293731699,0.0330512610000823,0.0007488020000891
synth-rho0.6,kNN,18,0.6333333333333333,0.6329254727474972,0.6583612808112818,0.0699999999999999,0.0024899539998841,0.0026111909999144
synth-rho0.6,CART,18,0.5,0.4994438264738599,13.815510557964274,0.5,0.0052007489998686,0.0002103200001783
synth-rho0.6,RF,18,0.55,0.5437904815544916,0.6782760342482134,0.1334999999999999,0.4293204530001731,0.0180560349999723
synth-rho0.6,SVM,18,0.6,0.5982142857142857,0.6790524574068844,0.0305543163107338,0.0524685010000212,0.0020417069999894
synth-rho0.6,GNB,19,0.5166666666666667,0.5154553049289892,1.520575717885955,0.3530779323371396,0.0012712899999769,0.0002501389999451
synth-rho0.6,MI-WNB,19,0.5166666666666667,0.5165323701028064,0.852798621449346,0.2250271532065175,0.0422316780000073,0.0002045759999873
synth-rho0.6,ABD-NB-L,19,0.5166666666666667,0.5154553049289892,1.037960996128716,0.2822709431008121,0.0079182039999068,0.000232626999832
synth-rho0.6,ABD-NB-G,19,0.5166666666666667,0.5154553049289892,1.038437429461896,0.2824137645229536,0.0079728159998921,0.0002435759997752
synth-rho0.6,ABD-NB-C,19,0.5166666666666667,0.5154553049289892,1.045983943973275,0.2837910278056006,0.0077939809998497,0.0002811340000334
synth-rho0.6,LR,19,0.6,0.5982142857142857,0.6858326866915468,0.122521483691895,0.0246556380000129,0.0006303650000063
synth-rho0.6,kNN,19,0.6666666666666666,0.6632996632996633,0.6485836449525764,0.0866666666666668,0.0024350019998564,0.0025413839998691
synth-rho0.6,CART,19,0.5666666666666667,0.5647321428571428,11.973442483569038,0.4333333333333333,0.0054012509999665,0.0001986550000765
synth-rho0.6,RF,19,0.65,0.6419437340153453,0.6673219894083936,0.1035833333333332,0.4477859800001624,0.0263073319999875
synth-rho0.6,SVM,19,0.6,0.5995550611790879,0.677599591596627,0.0558008915985075,0.0531712540000626,0.0020793439998669
synth-rho0.6,GNB,20,0.5666666666666667,0.5622895622895623,1.2755414402474643,0.345171419673644,0.001380858000175,0.0002931430001353
synth-rho0.6,MI-WNB,20,0.6,0.5995550611790879,0.6865537721943782,0.1504680785317094,0.0438050390000626,0.0002116560001468
synth-rho0.6,ABD-NB-L,20,0.5666666666666667,0.5622895622895623,0.8996259581977666,0.2556054519104392,0.0084753240000736,0.0002651039999364
synth-rho0.6,ABD-NB-G,20,0.5666666666666667,0.5622895622895623,0.9002028517546593,0.2619903020253029,0.0090055829998618,0.0002741190000961
synth-rho0.6,ABD-NB-C,20,0.5666666666666667,0.5622895622895623,0.8910356947629786,0.2547090393529292,0.0080978030000551,0.0002047230000243
synth-rho0.6,LR,20,0.5666666666666667,0.5647321428571428,0.6788275145711451,0.0617342902592006,0.0295911609998711,0.0007495859999835
synth-rho0.6,kNN,20,0.6666666666666666,0.660633484162896,0.5828911283970821,0.04,0.0025930869999228,0.0026233999999476
synth-rho0.6,CART,20,0.5666666666666667,0.5588235294117647,11.973442483569038,0.4333333333333333,0.0053409289998853,0.0002508489999399
synth-rho0.6,RF,20,0.5833333333333334,0.5832175604334537,0.6463989273173403,0.1659166666666666,0.4326695010001913,0.0209599169998
synth-rho0.6,SVM,20,0.6,0.5982142857142857,0.6804242254480266,0.0402913403988692,0.0542719740001302,0.0020485310001276
synth-rho0.6,GNB,21,0.6,0.6,1.0976771165840802,0.3109035841604218,0.0013031149999278,0.0002878479999708
synth-rho0.6,MI-WNB,21,0.6,0.5995550611790879,0.7266016083317439,0.1556047458934393,0.0435016149999683,0.0002028320000135
synth-rho0.6,ABD-NB-L,21,0.6166666666666667,0.6165601555987774,0.8152818368341408,0.2569782307279401,0.0081841889998486,0.0003149930000745
synth-rho0.6,ABD-NB-G,21,0.6166666666666667,0.6165601555987774,0.8158908646421794,0.2571873832725052,0.0085835909999332,0.0002663840000423
synth-rho0.6,ABD-NB-C,21,0.6,0.6,0.7913894637303884,0.2382466337815921,0.0082620139999107,0.0002652359999046
synth-rho0.6,LR,21,0.5833333333333334,0.5822890559732665,0.7027111227161631,0.1355994683754859,0.0809812649999912,0.0008270559999346
synth-rho0.6,kNN,21,0.5666666666666667,0.5622895622895623,1.1084202969760475,0.1266666666666668,0.0107573440000123,0.0069943710000188
synth-rho0.6,CART,21,0.5333333333333333,0.5333333333333333,12.894476520766656,0.4666666666666667,0.0097806789999594,0.0003043389999675
synth-rho0.6,RF,21,0.4666666666666667,0.4570135746606335,0.70076523943524,0.1671666666666666,0.4764264409998304,0.02296355999988
synth-rho0.6,SVM,21,0.5333333333333333,0.5328142380422691,0.7059905636630668,0.1106381066899107,0.0556559740000466,0.0023743089998333
synth-rho0.6,GNB,22,0.5666666666666667,0.5334928229665072,1.0281937991330143,0.299557852892535,0.0014840740000181,0.0002566470000147
synth-rho0.6,MI-WNB,22,0.5666666666666667,0.5238095238095237,0.74361813428882,0.1998274348725514,0.0455363769999621,0.0002671390000159
synth-rho0.6,ABD-NB-L,22,0.5666666666666667,0.5334928229665072,0.781510544702978,0.2036704148008433,0.008757315999901,0.0002948900000774
synth-rho0.6,ABD-NB-G,22,0.5666666666666667,0.5334928229665072,0.7815441135586055,0.2037735994673066,0.0079014529999312,0.0002326349999748
synth-rho0.6,ABD-NB-C,22,0.5666666666666667,0.5334928229665072,0.7836840617880492,0.2040045167420046,0.0081047159999343,0.0002104480001889
synth-rho0.6,LR,22,0.5666666666666667,0.5417156286721504,0.6816076929846548,0.0793968770035875,0.0590204410000296,0.000841887999968
synth-rho0.6,kNN,22,0.5333333333333333,0.53125,1.619054420244403,0.1533333333333335,0.0067813460000252,0.0068519090000336
synth-rho0.6,CART,22,0.4166666666666667,0.4165045846068352,16.11809565095832,0.5833333333333333,0.0092622340000616,0.0001990210000712
synth-rho0.6,RF,22,0.6,0.5833333333333333,0.6899994877392147,0.10925,0.46466081199992,0.0189502359999096
synth-rho0.6,SVM,22,0.5833333333333334,0.546964663243733,0.6800630090175808,0.0527145331976172,0.0559568789999502,0.0021252799999729
synth-rho0.6,GNB,23,0.6,0.5769682726204466,1.1171404800315456,0.2225249284620775,0.0013712669999677,0.0003176369998527
synth-rho0.6,MI-WNB,23,0.5833333333333334,0.5555555555555556,0.744910086036962,0.1211308344095502,0.046012982999855,0.0002776789999643
synth-rho0.6,ABD-NB-L,23,0.6,0.5769682726204466,0.8408295916209774,0.2031787108512489,0.008841269999948,0.0002958090001357
synth-rho0.6,ABD-NB-G,23,0.6,0.5769682726204466,0.8404312796824375,0.2031805899642477,0.0085462220001772,0.0002873369999178
synth-rho0.6,ABD-NB-C,23,0.6,0.5769682726204466,0.8154251739292471,0.1704415295526227,0.0084586609998495,0.0002499170000191
synth-rho0.6,LR,23,0.5666666666666667,0.5622895622895623,0.6841364524058018,0.0649521901125953,0.0384513100000276,0.0007898500000464
synth-rho0.6,kNN,23,0.55,0.5468531468531468,2.4853648850085914,0.15,0.0027531579999049,0.0028218729999025
synth-rho0.6,CART,23,0.4666666666666667,0.4642857142857143,14.736544595161892,0.5333333333333333,0.0059336369999982,0.0002690449998681
synth-rho0.6,RF,23,0.5333333333333333,0.5248868778280543,0.7311137363466449,0.0895,0.4753226689999792,0.0202214470000399
synth-rho0.6,SVM,23,0.5833333333333334,0.5737425404944586,0.684708628154858,0.130863051138775,0.0521838750000824,0.0020437279999896
synth-rho0.6,GNB,24,0.5833333333333334,0.5822890559732665,1.2197464382723815,0.325885652868305,0.001340411000001,0.0003088079999997
synth-rho0.6,MI-WNB,24,0.55,0.5437904815544916,0.7074852163251009,0.1651542661915322,0.044091397000102,0.0002367269999012
synth-rho0.6,ABD-NB-L,24,0.5666666666666667,0.5647321428571428,0.8775358592835812,0.2579615981693151,0.0087718699999186,0.0003130959998998
synth-rho0.6,ABD-NB-G,24,0.5666666666666667,0.5647321428571428,0.8775234573120926,0.2580207844069319,0.0081702370000584,0.0002267730001221
synth-rho0.6,ABD-NB-C,24,0.55,0.5468531468531468,0.8864391904417556,0.2743690722930961,0.0081119200001467,0.0001974379999865
synth-rho0.6,LR,24,0.5333333333333333,0.5328142380422691,0.6863240565903995,0.1157687258297356,0.0454610259998844,0.0007904110000254
synth-rho0.6,kNN,24,0.5833333333333334,0.5804195804195804,1.1018507786178913,0.1,0.0138378550000197,0.01091076900002
synth-rho0.6,CART,24,0.4833333333333333,0.4831897749374826,14.276027576563084,0.5166666666666666,0.0222456030001012,0.0003992040001321
synth-rho0.6,RF,24,0.5666666666666667,0.5647321428571428,0.650121254439803,0.1495833333333333,0.4752018159999807,0.0185494170000311
synth-rho0.6,SVM,24,0.5,0.4977678571428571,0.6924275220057623,0.1371132088686745,0.0530075229999056,0.0020568410000123
synth-rho0.6,GNB,25,0.5,0.4949494949494949,1.3863239486793937,0.3539772041768808,0.0013374160000694,0.0002555269998083
synth-rho0.6,MI-WNB,25,0.4666666666666667,0.4612794612794613,0.7863019965957575,0.2175766046173526,0.042762410000023,0.0002242569998998
synth-rho0.6,ABD-NB-L,25,0.5,0.4949494949494949,0.983218954426468,0.2794731549064014,0.0083193570001185,0.0002951769999981
synth-rho0.6,ABD-NB-G,25,0.5,0.4949494949494949,0.9827767642649016,0.2792606270607926,0.0080684649999511,0.00022403700018
synth-rho0.6,ABD-NB-C,25,0.5,0.4949494949494949,0.9885604722523332,0.2882990517868253,0.00806535300012,0.0002209980000316
synth-rho0.6,LR,25,0.55,0.5468531468531468,0.7124204651429348,0.1065391245535352,0.0522475109999049,0.0007949289999942
synth-rho0.6,kNN,25,0.5333333333333333,0.53125,1.170089854654926,0.15,0.0025654739999936,0.002640564999865
synth-rho0.6,CART,25,0.5333333333333333,0.5333333333333333,12.894476520766656,0.4666666666666667,0.0059241169999495,0.0001959169999281
synth-rho0.6,RF,25,0.5,0.4977678571428571,0.7128620199465766,0.1678333333333333,0.4783165850001296,0.0216441140000824
synth-rho0.6,SVM,25,0.5666666666666667,0.5647321428571428,0.6935068027280151,0.0786107833031416,0.0544034020001618,0.0027289509998809
synth-rho0.6,GNB,26,0.5666666666666667,0.5588235294117647,1.2073591238169283,0.3058383015534918,0.0012515490000168,0.0003244709998853
synth-rho0.6,MI-WNB,26,0.5666666666666667,0.5588235294117647,0.7568292499847744,0.1861523744841403,0.0431687630000396,0.0002525180000247
synth-rho0.6,ABD-NB-L,26,0.5666666666666667,0.5588235294117647,0.8763901357581199,0.225055753724346,0.0096696499999779,0.0003429329999562
synth-rho0.6,ABD-NB-G,26,0.5666666666666667,0.5588235294117647,0.8769577792862898,0.2250006606835098,0.0099545169998691,0.0004141240001445
synth-rho0.6,ABD-NB-C,26,0.5666666666666667,0.5588235294117647,0.8807905394507132,0.2279052893990885,0.0083766049999667,0.0002280049998262
synth-rho0.6,LR,26,0.6,0.595959595959596,0.6755781714906048,0.1379561876452339,0.0551417499998478,0.0007906219998403
synth-rho0.6,kNN,26,0.6,0.5982142857142857,1.1323938030136964,0.0900000000000001,0.0067103530000167,0.0068262780000623
synth-rho0.6,CART,26,0.55,0.5488721804511278,12.433959502167848,0.4499999999999999,0.0142388140000093,0.0002721240000482
synth-rho0.6,RF,26,0.5333333333333333,0.52,0.7253657753623303,0.1478333333333333,0.4647492030001103,0.0194783649999408
synth-rho0.6,SVM,26,0.5833333333333334,0.5775837792171219,0.6831172619470944,0.0412793934288307,0.0574475410001014,0.0023831319999771
synth-rho0.6,GNB,27,0.6166666666666667,0.6165601555987774,1.0178563226511894,0.2699431277905897,0.0013559839999288,0.0002813129999594
synth-rho0.6,MI-WNB,27,0.5666666666666667,0.5647321428571428,0.6783773821464845,0.1941125297171807,0.0447462709998944,0.0002165200000945
synth-rho0.6,ABD-NB-L,27,0.6,0.6,0.7645138362258347,0.2451824151598121,0.0090194619999692,0.0003349090000028
synth-rho0.6,ABD-NB-G,27,0.6,0.6,0.7645000576586678,0.2585414244763154,0.0087631330000021,0.0002567090000411
synth-rho0.6,ABD-NB-C,27,0.6166666666666667,0.6165601555987774,0.7577995527595808,0.2091274381998027,0.0085385059999225,0.000234004000049
synth-rho0.6,LR,27,0.6,0.5995550611790879,0.6517923192450981,0.0900185646899261,0.0521198190001541,0.0008149780001076
synth-rho0.6,kNN,27,0.5666666666666667,0.5661846496106786,0.694793456989906,0.1200000000000001,0.0067419310000786,0.0067866050001157
synth-rho0.6,CART,27,0.4666666666666667,0.4570135746606335,14.736544595161892,0.5333333333333333,0.0141491030001361,0.0002149089998511
synth-rho0.6,RF,27,0.55,0.5488721804511278,0.6740981268108748,0.1666666666666666,0.4709087859998817,0.019535309000048
synth-rho0.6,SVM,27,0.5833333333333334,0.5822890559732665,0.6663461664946283,0.1594377683932835,0.0556783739998536,0.0020711490001303
synth-rho0.6,GNB,28,0.6166666666666667,0.613986013986014,1.1533262927612176,0.269572345610814,0.0013318250000793,0.0002726210000218
synth-rho0.6,MI-WNB,28,0.6333333333333333,0.6296296296296295,0.7309697009290403,0.1753082262026301,0.0467149250000602,0.0002282169998579
synth-rho0.6,ABD-NB-L,28,0.6333333333333333,0.6296296296296295,0.8382903752274393,0.2036595630001787,0.00919956000007,0.0002264610000111
synth-rho0.6,ABD-NB-G,28,0.6333333333333333,0.6296296296296295,0.8388341571099619,0.2103858382854534,0.009647963999896,0.000330576999886
synth-rho0.6,ABD-NB-C,28,0.6333333333333333,0.6296296296296295,0.8443943440101006,0.2043620588046905,0.0085792659999697,0.0002235140000266
synth-rho0.6,LR,28,0.5166666666666667,0.4998562805403851,0.6844184459952632,0.1505455315715584,0.0480758779999632,0.0007981130002008
synth-rho0.6,kNN,28,0.5666666666666667,0.5622895622895623,0.7324895086311359,0.1400000000000002,0.0065363419998902,0.0067924160000529
synth-rho0.6,CART,28,0.4,0.3993325917686318,16.578612669557128,0.6,0.0137424490001194,0.0002288190000854
synth-rho0.6,RF,28,0.5166666666666667,0.4998562805403851,0.709020179228228,0.1175,0.4466337169999406,0.0187170159999823
synth-rho0.6,SVM,28,0.55,0.5396419437340154,0.6924564416637132,0.1138399520844784,0.0517053260000466,0.0020210570000926
synth-rho0.6,GNB,29,0.6166666666666667,0.6165601555987774,1.2508645004609464,0.2984095707965492,0.0012288850000459,0.0002727669998421
synth-rho0.6,MI-WNB,29,0.6333333333333333,0.6329254727474972,0.7362627633504774,0.1716251940502615,0.0427898440000262,0.0002068890000828
synth-rho0.6,ABD-NB-L,29,0.6166666666666667,0.6165601555987774,0.8686344867530169,0.2143656051752218,0.0081468880000556,0.0001913969999804
synth-rho0.6,ABD-NB-G,29,0.6333333333333333,0.6333333333333333,0.8686512077634243,0.2108933298039175,0.0080250450000676,0.0002368579998801
synth-rho0.6,ABD-NB-C,29,0.6333333333333333,0.6333333333333333,0.8654126626030462,0.2193007968650143,0.0080504110001129,0.0002613849999306
synth-rho0.6,LR,29,0.6333333333333333,0.6316964285714286,0.6729191530462401,0.1033282568000888,0.0548332470000332,0.000785986999972
synth-rho0.6,kNN,29,0.6333333333333333,0.6266968325791855,1.9225537487883484,0.1000000000000001,0.0064444280001225,0.0024947859999429
synth-rho0.6,CART,29,0.5,0.4977678571428571,13.815510557964274,0.5,0.0140386479999961,0.0002399459999651
synth-rho0.6,RF,29,0.6333333333333333,0.6329254727474972,0.6314027717114701,0.07975,0.4500285940000594,0.0169566800000211
synth-rho0.6,SVM,29,0.6,0.5995550611790879,0.665858662981784,0.0516674119496591,0.0533593739999105,0.0022981089998665
synth-rho0.9,GNB,0,0.5,0.4994438264738599,1.6194179539032345,0.3548416220593043,0.0014195569999628,0.00031156
synth-rho0.9,MI-WNB,0,0.5333333333333333,0.5333333333333333,1.0519548474379206,0.3048225821732423,0.0418141959999047,0.0002077229999031
synth-rho0.9,ABD-NB-L,0,0.5333333333333333,0.5328142380422691,0.7634732235314168,0.1878456212383256,0.0081103570000777,0.0004614279998804
synth-rho0.9,ABD-NB-G,0,0.5333333333333333,0.5328142380422691,0.7635312555019768,0.2054962522304559,0.0078027140000358,0.0002130949999354
synth-rho0.9,ABD-NB-C,0,0.5333333333333333,0.5328142380422691,0.7639639033228918,0.2055341860776109,0.0080498760000864,0.0002241299998786
synth-rho0.9,LR,0,0.5166666666666667,0.5165323701028064,0.69720188138662,0.084145196046462,0.0189473689999886,0.000815952000039
synth-rho0.9,kNN,0,0.6166666666666667,0.6157059314954052,0.6814661868299464,0.0866666666666665,0.0025300390000211,0.0029129380000085
synth-rho0.9,CART,0,0.6,0.5995550611790879,11.05240844637142,0.4,0.0060572330000923,0.000207907999993
synth-rho0.9,RF,0,0.5833333333333334,0.5804195804195804,0.6401948878172373,0.13175,0.4411943079999219,0.0204665480000585
synth-rho0.9,SVM,0,0.5166666666666667,0.5154553049289892,0.6928326781490417,0.0542442125862547,0.0534570600000279,0.0020390390000102
synth-rho0.9,GNB,1,0.6166666666666667,0.607843137254902,1.3470018229325127,0.2868622067984064,0.0012878770000952,0.0002546560001519
synth-rho0.9,MI-WNB,1,0.6333333333333333,0.6228571428571429,0.8441287369008372,0.1647519867982679,0.0427249550000397,0.0002061469999716
synth-rho0.9,ABD-NB-L,1,0.65,0.6378269617706237,0.718149059917032,0.1787564293058729,0.0083216020000236,0.000231001999964
synth-rho0.9,ABD-NB-G,1,0.65,0.6378269617706237,0.7182230250940219,0.1787762854571014,0.0080164780001723,0.0002550970000356
synth-rho0.9,ABD-NB-C,1,0.65,0.6378269617706237,0.7181421266181734,0.1719923726040173,0.0081963580000774,0.0002023500001087
synth-rho0.9,LR,1,0.6,0.5885714285714285,0.6959001588668098,0.0779037932945907,0.0676493710000158,0.0008001039998362
synth-rho0.9,kNN,1,0.5333333333333333,0.5328142380422691,1.1528741004190806,0.1733333333333334,0.0024960910000118,0.0023494879999361
synth-rho0.9,CART,1,0.55,0.5498749652681301,12.433959502167848,0.4499999999999999,0.0054844880000928,0.0002281229999425
synth-rho0.9,RF,1,0.6333333333333333,0.6329254727474972,0.661262725452104,0.1554999999999999,0.4380701400000362,0.0194501820001278
synth-rho0.9,SVM,1,0.5666666666666667,0.5542857142857143,0.6745048591402784,0.0758148226681603,0.0524208720000842,0.0021098459999393
synth-rho0.9,GNB,2,0.5833333333333334,0.5688416211555045,1.609930847221658,0.3583795661168728,0.0012904459999845,0.0002692059999844
synth-rho0.9,MI-WNB,2,0.5666666666666667,0.548611111111111,0.86727639224927,0.2379314672631201,0.0435634410000602,0.0002191569999467
synth-rho0.9,ABD-NB-L,2,0.5666666666666667,0.548611111111111,0.744871436731182,0.139874504956171,0.0084600339998814,0.0002610210001421
synth-rho0.9,ABD-NB-G,2,0.5666666666666667,0.548611111111111,0.7448889901724857,0.1398799009946476,0.0080502139999225,0.0002639900001213
synth-rho0.9,ABD-NB-C,2,0.5666666666666667,0.548611111111111,0.7445210227081647,0.139751367599603,0.0090346819999922,0.0002467530000558
synth-rho0.9,LR,2,0.5833333333333334,0.5822890559732665,0.6802105819393176,0.0740352677077666,0.0530862220000472,0.0008111019999432
synth-rho0.9,kNN,2,0.55,0.5396419437340154,2.076059421654618,0.1766666666666668,0.0025111029999607,0.0025932769999599
synth-rho0.9,CART,2,0.55,0.5488721804511278,12.433959502167848,0.4499999999999999,0.0056408689999898,0.0002175480001369
synth-rho0.9,RF,2,0.6,0.5885714285714285,0.7221125521840208,0.1424999999999999,0.4411042850001649,0.018383816999858
synth-rho0.9,SVM,2,0.5833333333333334,0.5804195804195804,0.6793381032572487,0.128450825977847,0.0614255000000412,0.0021037870001237
synth-rho0.9,GNB,3,0.6333333333333333,0.6296296296296295,1.2687703841048878,0.2621223053027778,0.0012560449999909,0.0002643410000473
synth-rho0.9,MI-WNB,3,0.6333333333333333,0.6296296296296295,0.7284990278764062,0.1638667294365363,0.0430286529999648,0.0002544399999351
synth-rho0.9,ABD-NB-L,3,0.6333333333333333,0.6296296296296295,0.6824530187200456,0.0993789826514066,0.0084889970000858,0.0002141750001101
synth-rho0.9,ABD-NB-G,3,0.6333333333333333,0.6296296296296295,0.6822481301775389,0.0993159545903528,0.008318299999928,0.0002161120000891
synth-rho0.9,ABD-NB-C,3,0.6333333333333333,0.6296296296296295,0.6818016103217605,0.0992714627042014,0.0086869280000883,0.0002670200001375
synth-rho0.9,LR,3,0.5666666666666667,0.5622895622895623,0.6682297381660725,0.0637443815610017,0.0875462200001493,0.0009511529999599
synth-rho0.9,kNN,3,0.55,0.5488721804511278,1.6162227696311462,0.1566666666666668,0.0027772310002092,0.0027509569999892
synth-rho0.9,CART,3,0.5,0.4857142857142857,13.815510557964274,0.5,0.0056714780000675,0.0002294660000643
synth-rho0.9,RF,3,0.5,0.5,0.7202998315892103,0.1480833333333333,0.4575428790001297,0.0177165710001645
synth-rho0.9,SVM,3,0.6166666666666667,0.6157059314954052,0.6768019471860088,0.0690870348540345,0.0514670140000816,0.002123266999888
synth-rho0.9,GNB,4,0.5,0.4994438264738599,1.6475559474413868,0.3829988933579821,0.0012653450000925,0.0002488359998551
synth-rho0.9,MI-WNB,4,0.5166666666666667,0.5165323701028064,0.8062264913211371,0.2407784458696163,0.0447345039999618,0.0003067089999149
synth-rho0.9,ABD-NB-L,4,0.5333333333333333,0.5333333333333333,0.7605136418237453,0.1725399422929361,0.0091603289999966,0.0002359060001708
synth-rho0.9,ABD-NB-G,4,0.5333333333333333,0.5333333333333333,0.7604227288370499,0.1723660180040646,0.0085977399999137,0.0002450209999551
synth-rho0.9,ABD-NB-C,4,0.5333333333333333,0.5333333333333333,0.7599759566876628,0.1562350209420954,0.0091603260000283,0.0002705599999899
synth-rho0.9,LR,4,0.5666666666666667,0.5661846496106786,0.688265907499691,0.0885879632450176,0.0582539060001181,0.0010035150000931
synth-rho0.9,kNN,4,0.65,0.6419437340153453,1.9914543828443911,0.1966666666666666,0.0024761790000411,0.0023194240000066
synth-rho0.9,CART,4,0.4,0.3973214285714286,16.578612669557128,0.6,0.0060528150002028,0.0002474299999448
synth-rho0.9,RF,4,0.55,0.5488721804511278,0.7096506338816094,0.1313333333333333,0.4263519950000045,0.0182299299999613
synth-rho0.9,SVM,4,0.55,0.5468531468531468,0.6966417121377529,0.0510362393493677,0.0509905960000196,0.002103937000129
synth-rho0.9,GNB,5,0.6166666666666667,0.6165601555987774,1.148631789031069,0.2699556088849728,0.0012809930001367,0.0003598430000693
synth-rho0.9,MI-WNB,5,0.6,0.5995550611790879,0.7355259897088928,0.181672066560279,0.0446350230001826,0.0002761590001227
synth-rho0.9,ABD-NB-L,5,0.6166666666666667,0.613986013986014,0.6591436926903432,0.1098757807408308,0.0084243920000517,0.0002083740000671
synth-rho0.9,ABD-NB-G,5,0.6166666666666667,0.613986013986014,0.6592273236767083,0.1098857011721412,0.0081063269999503,0.0002722380002069
synth-rho0.9,ABD-NB-C,5,0.6166666666666667,0.613986013986014,0.6597739350411739,0.1099471748751921,0.0078999129998464,0.0002011930000662
synth-rho0.9,LR,5,0.55,0.5488721804511278,0.6687960148186709,0.134579369603506,0.0496519569999236,0.0007283080001343
synth-rho0.9,kNN,5,0.6166666666666667,0.6157059314954052,1.5065685827643114,0.0800000000000001,0.0026630540000951,0.002414827999928
synth-rho0.9,CART,5,0.5333333333333333,0.53125,12.894476520766656,0.4666666666666667,0.0056492860001071,0.0002786140000807
synth-rho0.9,RF,5,0.5833333333333334,0.5822890559732665,0.6900381331162196,0.11375,0.4238863309999487,0.0164343670001017
synth-rho0.9,SVM,5,0.6333333333333333,0.6333333333333333,0.6673692981304031,0.0857975414805287,0.0510535379999055,0.0021107969998865
synth-rho0.9,GNB,6,0.55,0.5498749652681301,1.9249734780516128,0.404600248006113,0.0012537140000858,0.0002655680000316
synth-rho0.9,MI-WNB,6,0.5166666666666667,0.5165323701028064,1.0370709935811149,0.2694880057013176,0.0418404080000982,0.0002397000000655
synth-rho0.9,ABD-NB-L,6,0.5166666666666667,0.5165323701028064,0.8158312970268184,0.1975023967819572,0.0079339779999827,0.0002265220000481
synth-rho0.9,ABD-NB-G,6,0.5166666666666667,0.5165323701028064,0.8156551196700176,0.1975179639664888,0.0082957430001897,0.0002696349999951
synth-rho0.9,ABD-NB-C,6,0.5166666666666667,0.5165323701028064,0.8161733321372849,0.197476907280952,0.0079046910000215,0.0002768580000065
synth-rho0.9,LR,6,0.5166666666666667,0.5165323701028064,0.7207903161487494,0.0852968817248669,0.0587795289998211,0.0009451620001073
synth-rho0.9,kNN,6,0.6166666666666667,0.6157059314954052,3.3128067984245217,0.1866666666666667,0.0025265589999889,0.0025105679999342
synth-rho0.9,CART,6,0.55,0.5498749652681301,12.433959502167848,0.4499999999999999,0.0063499240000055,0.0002348850000544
synth-rho0.9,RF,6,0.6,0.6,0.7455349250081499,0.1186666666666666,0.4289645909998398,0.0181746920000023
synth-rho0.9,SVM,6,0.55,0.5498749652681301,0.6904602021032693,0.0440536764398504,0.0504256689998783,0.0020051489998422
synth-rho0.9,GNB,7,0.6,0.5982142857142857,1.282788790116117,0.3163302900334993,0.0012767780001468,0.0002580670000043
synth-rho0.9,MI-WNB,7,0.6333333333333333,0.6296296296296295,0.7370398355390345,0.1435290972073165,0.0424878900000749,0.000236963999896
synth-rho0.9,ABD-NB-L,7,0.6166666666666667,0.613986013986014,0.6753623486206255,0.0889314872083607,0.00831776300015,0.0002858770001239
synth-rho0.9,ABD-NB-G,7,0.6166666666666667,0.613986013986014,0.675350188624402,0.0889124498179212,0.008181770999954,0.0002370030001657
synth-rho0.9,ABD-NB-C,7,0.6166666666666667,0.613986013986014,0.6749534943490452,0.0889645703283547,0.0080995319999601,0.0002274680000482
synth-rho0.9,LR,7,0.5833333333333334,0.5822890559732665,0.6687101916934642,0.0578960975616263,0.0516778129999693,0.0009817860000111
synth-rho0.9,kNN,7,0.5166666666666667,0.5099971838918614,2.069113436409169,0.2000000000000001,0.0024997199998324,0.0024673809998603
synth-rho0.9,CART,7,0.4833333333333333,0.4797202797202797,14.276027576563084,0.5166666666666666,0.0052472810000381,0.000210276999951
synth-rho0.9,RF,7,0.6,0.5995550611790879,0.6561167845825869,0.0429999999999999,0.450442804999966,0.0172215730001425
synth-rho0.9,SVM,7,0.6666666666666666,0.6666666666666666,0.667322367422776,0.0780344016757571,0.0501932910001414,0.0020017930000904
synth-rho0.9,GNB,8,0.6,0.5885714285714285,1.3605307236678503,0.3084405257401375,0.0013219140000728,0.0002507320000404
synth-rho0.9,MI-WNB,8,0.6166666666666667,0.607843137254902,0.7814621955356281,0.2161554262698198,0.0423257219999868,0.0002253640000162
synth-rho0.9,ABD-NB-L,8,0.6,0.5885714285714285,0.7056642149854857,0.1228198659637624,0.0079394790000151,0.0002728829999796
synth-rho0.9,ABD-NB-G,8,0.6,0.5885714285714285,0.7056157633262946,0.1227730263074442,0.0076549479999812,0.0002843009999651
synth-rho0.9,ABD-NB-C,8,0.6,0.5885714285714285,0.7059644520351597,0.1341288518490198,0.0078752639999493,0.0001960980000603
synth-rho0.9,LR,8,0.5,0.4949494949494949,0.686500755759745,0.1048322305632763,0.1027753079999911,0.0008156869998856
synth-rho0.9,kNN,8,0.5166666666666667,0.5055413469735721,1.208466272871494,0.1666666666666668,0.0064801050000369,0.0023503470001742
synth-rho0.9,CART,8,0.45,0.4486215538847117,15.1970616137607,0.55,0.0091001220000634,0.0002304770000591
synth-rho0.9,RF,8,0.4666666666666667,0.4514285714285714,0.7015356212745558,0.1885833333333334,0.438163540000005,0.0176925450000453
synth-rho0.9,SVM,8,0.5666666666666667,0.5622895622895623,0.6875586771959143,0.0872330796938908,0.0509044600000834,0.0020138149998274
synth-rho0.9,GNB,9,0.5666666666666667,0.5661846496106786,1.470234218020722,0.3637799760689412,0.0012506880000273,0.0003003849999458
synth-rho0.9,MI-WNB,9,0.5666666666666667,0.5666666666666667,0.8058305205952571,0.2267950434220186,0.0430628709998472,0.000203946000056
synth-rho0.9,ABD-NB-L,9,0.5833333333333334,0.5832175604334537,0.7196024681414037,0.2101774807040785,0.0082085530000313,0.0002609600001051
synth-rho0.9,ABD-NB-G,9,0.5833333333333334,0.5832175604334537,0.7192744869229902,0.2100153472986396,0.0083741819998977,0.0003234830001019
synth-rho0.9,ABD-NB-C,9,0.5833333333333334,0.5832175604334537,0.7192185152197229,0.1945654647221893,0.008189897999955,0.0003071169999202
synth-rho0.9,LR,9,0.5333333333333333,0.53125,0.7200615753809089,0.0994114327112704,0.0921520130000317,0.0007975600001373
synth-rho0.9,kNN,9,0.6666666666666666,0.6662958843159066,0.6230235552079468,0.0799999999999999,0.0066562649999468,0.006523985000058
synth-rho0.9,CART,9,0.55,0.5468531468531468,12.433959502167848,0.4499999999999999,0.0134546710000904,0.0003277920000073
synth-rho0.9,RF,9,0.6,0.6,0.6700085048705966,0.1376666666666667,0.5396112420000918,0.0174810339999567
synth-rho0.9,SVM,9,0.5,0.4994438264738599,0.6939476525631443,0.0840314124290058,0.0508086629999979,0.0020056630000908
synth-rho0.9,GNB,10,0.5833333333333334,0.5628096764791606,1.515901683102032,0.2924158042064279,0.0013199449999774,0.0003322590000607
synth-rho0.9,MI-WNB,10,0.55,0.52,0.812612165894297,0.1788926742554047,0.0424034950001441,0.0002178990000629
synth-rho0.9,ABD-NB-L,10,0.5666666666666667,0.5417156286721504,0.7415071245916599,0.1577108981291613,0.0081151440001576,0.0002565099998719
synth-rho0.9,ABD-NB-G,10,0.5666666666666667,0.5417156286721504,0.7417445004615231,0.1577499035680335,0.0086913499999354,0.0002144009999938
synth-rho0.9,ABD-NB-C,10,0.5666666666666667,0.5417156286721504,0.7410854315611624,0.1577042878672133,0.0078532349998567,0.0002113140001256
synth-rho0.9,LR,10,0.5833333333333334,0.5737425404944586,0.7115052574489732,0.1086318265346751,0.153699546000098,0.0007734289999916
synth-rho0.9,kNN,10,0.5666666666666667,0.5542857142857143,2.032681260230545,0.1400000000000001,0.0106719069999599,0.0105113750000782
synth-rho0.9,CART,10,0.5333333333333333,0.5328142380422691,12.894476520766656,0.4666666666666667,0.0215245560000312,0.0002686889999949
synth-rho0.9,RF,10,0.5666666666666667,0.548611111111111,0.6813321866628431,0.1699166666666666,0.4270023040000978,0.0177373599999555
synth-rho0.9,SVM,10,0.55,0.5343489508479448,0.6918876709925421,0.0465318945988009,0.0515241579998928,0.0019597939999584
synth-rho0.9,GNB,11,0.6333333333333333,0.6316964285714286,1.2146636923652123,0.304225380429009,0.0013685989999885,0.0002715200000693
synth-rho0.9,MI-WNB,11,0.6333333333333333,0.6316964285714286,0.6809505269725253,0.1540183903133946,0.0429061340000771,0.0002165660000628
synth-rho0.9,ABD-NB-L,11,0.65,0.6475524475524476,0.6708181539075088,0.1326145543493687,0.0082693939998534,0.0002586229998087
synth-rho0.9,ABD-NB-G,11,0.65,0.6475524475524476,0.6705749273937819,0.1327341158828092,0.0083367740000994,0.00034659500011
synth-rho0.9,ABD-NB-C,11,0.65,0.6475524475524476,0.670611170907692,0.1328274934043731,0.0083841990001474,0.0002212259998941
synth-rho0.9,LR,11,0.5833333333333334,0.5832175604334537,0.6755879537448518,0.0715271788804023,0.1194716309998966,0.0008573669999805
synth-rho0.9,kNN,11,0.4833333333333333,0.4797202797202797,2.0749837796356583,0.2166666666666667,0.0065576239999245,0.0064249809997818
synth-rho0.9,CART,11,0.55,0.5488721804511278,12.433959502167848,0.4499999999999999,0.0095458359999156,0.0043805440000141
synth-rho0.9,RF,11,0.65,0.6475524475524476,0.642369752812184,0.1209166666666667,0.500497156999927,0.0168521699999928
synth-rho0.9,SVM,11,0.6166666666666667,0.613986013986014,0.6716401944116551,0.0913181945290285,0.0524800149999009,0.0020131740000124
synth-rho0.9,GNB,12,0.6,0.595959595959596,1.0380902804413903,0.2969248291151701,0.0013029680001181,0.0002686000000267
synth-rho0.9,MI-WNB,12,0.6,0.595959595959596,0.6714235685468165,0.188245543984267,0.0427415829999517,0.0002729310001541
synth-rho0.9,ABD-NB-L,12,0.6,0.595959595959596,0.6317779424332822,0.1596604579248141,0.0082673599999907,0.0003071600001476
synth-rho0.9,ABD-NB-G,12,0.6,0.595959595959596,0.6315311343132994,0.1441430319737051,0.0079265229999236,0.000250552999887
synth-rho0.9,ABD-NB-C,12,0.6,0.595959595959596,0.631634003082083,0.1443382200682789,0.0083590879999064,0.0002808510000704
synth-rho0.9,LR,12,0.6166666666666667,0.6113770768797522,0.6536195661661703,0.0946295234061791,0.1397222579998924,0.0009162460000879
synth-rho0.9,kNN,12,0.5333333333333333,0.5286195286195287,1.5464347269997902,0.1833333333333333,0.0024746159999722,0.0025805619998209
synth-rho0.9,CART,12,0.6166666666666667,0.6113770768797522,10.59189142777261,0.3833333333333333,0.006277510000018,0.0002487070000825
synth-rho0.9,RF,12,0.6333333333333333,0.6316964285714286,0.6632262097352216,0.1361666666666666,0.486986078999962,0.0179056350000337
synth-rho0.9,SVM,12,0.6,0.5982142857142857,0.6711182487229237,0.0781093920317372,0.0508070920000136,0.002023981000093
synth-rho0.9,GNB,13,0.4833333333333333,0.4831897749374826,2.171576102853935,0.4328976610524157,0.0013028159999066,0.0002980770000249
synth-rho0.9,MI-WNB,13,0.4833333333333333,0.4831897749374826,1.18551866687727,0.2981724634537399,0.0428996300001927,0.0002039949999925
synth-rho0.9,ABD-NB-L,13,0.4833333333333333,0.4831897749374826,0.885832400489511,0.2957472400343159,0.008192832000077,0.0002455379999446
synth-rho0.9,ABD-NB-G,13,0.4833333333333333,0.4831897749374826,0.8859992023114571,0.2957497053065371,0.0077515640000456,0.0002216589998624
synth-rho0.9,ABD-NB-C,13,0.4833333333333333,0.4831897749374826,0.8856245673670887,0.2957854691875888,0.0080490609998378,0.0002189940000789
synth-rho0.9,LR,13,0.45,0.4498471797721589,0.7616492626889814,0.1533987115544769,0.0510971450000852,0.00078518600003
synth-rho0.9,kNN,13,0.5,0.4949494949494949,2.1303877186444256,0.2,0.0024987759998111,0.0023288110000976
synth-rho0.9,CART,13,0.4833333333333333,0.4820384294068504,14.276027576563084,0.5166666666666666,0.0054542520001632,0.0001946460001818
synth-rho0.9,RF,13,0.45,0.4498471797721589,0.8045956961361952,0.2215833333333333,0.4403652470000452,0.0177008260000093
synth-rho0.9,SVM,13,0.45,0.4486215538847117,0.7188036132006509,0.1036367557637279,0.0529752959998859,0.0020861569998942
synth-rho0.9,GNB,14,0.5833333333333334,0.5832175604334537,1.4249105364138226,0.3169770132847216,0.0014555899999777,0.0004050960001222
synth-rho0.9,MI-WNB,14,0.5833333333333334,0.5822890559732665,0.83810343390288,0.2391592710518313,0.0461799390000123,0.0002290380000431
synth-rho0.9,ABD-NB-L,14,0.5833333333333334,0.5804195804195804,0.7010083469688623,0.1139514381803256,0.0091532929998265,0.0003118650001852
synth-rho0.9,ABD-NB-G,14,0.5833333333333334,0.5804195804195804,0.7010881894476054,0.1140263124724871,0.0089084640001146,0.0002937459998975
synth-rho0.9,ABD-NB-C,14,0.5833333333333334,0.5804195804195804,0.7015005887048754,0.11424250151529,0.0090811079999184,0.0002202040000156
synth-rho0.9,LR,14,0.5166666666666667,0.5165323701028064,0.6814046736508803,0.1033870871911201,0.1543366870000682,0.0008065810000061
synth-rho0.9,kNN,14,0.55,0.5498749652681301,1.6460666188952842,0.17,0.0067114449998371,0.006552948000035
synth-rho0.9,CART,14,0.5,0.5,13.815510557964274,0.5,0.0143583589999707,0.0002486669998233
synth-rho0.9,RF,14,0.6166666666666667,0.6165601555987774,0.7019984251716945,0.09525,0.4854369969998515,0.0192320050000489
synth-rho0.9,SVM,14,0.6,0.5982142857142857,0.6761701467883738,0.0519132769342481,0.0514699440000185,0.0020696260000931
synth-rho0.9,GNB,15,0.4833333333333333,0.4831897749374826,1.796203341223314,0.4204291453307055,0.0013117489997966,0.0002719000001434
synth-rho0.9,MI-WNB,15,0.4833333333333333,0.4820384294068504,0.9617667080760762,0.2970954374701652,0.0433841919998485,0.0002103009999245
synth-rho0.9,ABD-NB-L,15,0.5166666666666667,0.5154553049289892,0.7943683127546933,0.245191182078459,0.0080879020001702,0.0002070250000087
synth-rho0.9,ABD-NB-G,15,0.5166666666666667,0.5154553049289892,0.794431052589497,0.2451930261885383,0.0081389700001182,0.0002910799998971
synth-rho0.9,ABD-NB-C,15,0.5166666666666667,0.5154553049289892,0.7940273164581425,0.2451801473010161,0.0089661380000052,0.0002907450000293
synth-rho0.9,LR,15,0.5,0.5,0.7025745189150192,0.100122652726318,0.0900363529999594,0.0007286780000868
synth-rho0.9,kNN,15,0.5333333333333333,0.5248868778280543,2.490761903659719,0.1933333333333333,0.0067746649999662,0.006634300000087
synth-rho0.9,CART,15,0.4666666666666667,0.4660734149054505,14.736544595161892,0.5333333333333333,0.0135904669998581,0.0002145440000731
synth-rho0.9,RF,15,0.6,0.5982142857142857,0.6907070747599063,0.102,0.4509056140000211,0.0176771510000435
synth-rho0.9,SVM,15,0.4833333333333333,0.4831897749374826,0.6971563583076319,0.0685868969144445,0.052295334000064,0.0032251329998871
synth-rho0.9,GNB,16,0.6333333333333333,0.6228571428571429,1.075812780932379,0.2262929131254373,0.0012688249998973,0.0002482639999925
synth-rho0.9,MI-WNB,16,0.6333333333333333,0.6228571428571429,0.6644155774617818,0.0932316143065494,0.0443651159998808,0.0002128480000465
synth-rho0.9,ABD-NB-L,16,0.65,0.6378269617706237,0.6394561908511326,0.03918519755476,0.0085829399999965,0.0002956050000193
synth-rho0.9,ABD-NB-G,16,0.65,0.6378269617706237,0.6394365342623665,0.0391940923570571,0.0080451880000964,0.0002930119999291
synth-rho0.9,ABD-NB-C,16,0.65,0.6378269617706237,0.6391820846089374,0.0725939640698087,0.010000201999901,0.0002916819998972
synth-rho0.9,LR,16,0.5833333333333334,0.5688416211555045,0.6714226842987304,0.1229482805736951,0.1030967540000347,0.000737866999998
synth-rho0.9,kNN,16,0.6,0.5982142857142857,1.5547414453959143,0.1133333333333334,0.0065420349999385,0.0065329870001278
synth-rho0.9,CART,16,0.5333333333333333,0.5286195286195287,12.894476520766656,0.4666666666666667,0.0099088339998161,0.0002755449997948
synth-rho0.9,RF,16,0.6,0.5885714285714285,0.6535627521521068,0.1274999999999999,0.4551496609999503,0.0182712109999556
synth-rho0.9,SVM,16,0.65,0.6451703745423825,0.6590979225785704,0.0622984124173393,0.0529158229999211,0.0019594259999848
synth-rho0.9,GNB,17,0.5666666666666667,0.5666666666666667,1.530629843137156,0.3391312065732602,0.001326231999883,0.0002587819999462
synth-rho0.9,MI-WNB,17,0.5666666666666667,0.5661846496106786,0.7475248366828803,0.2108742754462549,0.0433637959999941,0.0002655319999576
synth-rho0.9,ABD-NB-L,17,0.5833333333333334,0.5832175604334537,0.7272305102569072,0.1896511438023308,0.0080847869999161,0.0002751970000645
synth-rho0.9,ABD-NB-G,17,0.5833333333333334,0.5832175604334537,0.727165182368162,0.1896124371193617,0.0080070809999597,0.0002777849999802
synth-rho0.9,ABD-NB-C,17,0.5833333333333334,0.5832175604334537,0.7271765826682591,0.1896168599497315,0.0086995329997989,0.0002096000000619
synth-rho0.9,LR,17,0.5166666666666667,0.5165323701028064,0.6971194264697637,0.0976552899717837,0.0889275540000653,0.0007734389998859
synth-rho0.9,kNN,17,0.5,0.4949494949494949,1.232665629465448,0.2166666666666667,0.0066790760001822,0.0066931819999354
synth-rho0.9,CART,17,0.5833333333333334,0.5832175604334537,11.512925464970229,0.4166666666666666,0.0143220989998553,0.000250172999813
synth-rho0.9,RF,17,0.5833333333333334,0.5737425404944586,0.6596966155636221,0.0642499999999999,0.4582265730000472,0.0190460409999104
synth-rho0.9,SVM,17,0.55,0.5488721804511278,0.687043345040076,0.0347748071317665,0.0513068360000943,0.002050378000149
synth-rho0.9,GNB,18,0.65,0.6499027507641011,1.0806538680650677,0.2489391435043236,0.0012525580000328,0.0002628029999414
synth-rho0.9,MI-WNB,18,0.6166666666666667,0.6157059314954052,0.7119656159448812,0.1934605839840493,0.0417520710000189,0.0002342909999697
synth-rho0.9,ABD-NB-L,18,0.65,0.6491228070175439,0.6673887967241605,0.1050117092114236,0.008070102000147,0.0002968539999983
synth-rho0.9,ABD-NB-G,18,0.65,0.6491228070175439,0.6675348927043535,0.1072106677011857,0.00771827199992,0.0002187959998991
synth-rho0.9,ABD-NB-C,18,0.65,0.6491228070175439,0.6679043150575429,0.1073097022336426,0.007791023999971,0.0002262020000216
synth-rho0.9,LR,18,0.5666666666666667,0.5666666666666667,0.691103159600089,0.04824695368397,0.0967629720000786,0.0007715209999332
synth-rho0.9,kNN,18,0.6333333333333333,0.6329254727474972,2.01065199623084,0.1933333333333333,0.0066675020000275,0.0065747169999212
synth-rho0.9,CART,18,0.4666666666666667,0.4660734149054505,14.736544595161892,0.5333333333333333,0.0134339619999082,0.0002674110000953
synth-rho0.9,RF,18,0.6333333333333333,0.6296296296296295,0.6795664366607949,0.0899166666666666,0.4434055030001218,0.0180807830001867
synth-rho0.9,SVM,18,0.5833333333333334,0.5832175604334537,0.6758614709078403,0.0539544774209135,0.0514591339999697,0.0019833800001833
synth-rho0.9,GNB,19,0.5333333333333333,0.5333333333333333,1.9538602052098624,0.4112727641274893,0.0013433999999961,0.0002651669999522
synth-rho0.9,MI-WNB,19,0.5666666666666667,0.5661846496106786,0.9935496543927412,0.2834098829108112,0.0432842669999899,0.0002089060001253
synth-rho0.9,ABD-NB-L,19,0.55,0.5498749652681301,0.8160254183064956,0.2278095104192685,0.0081208530000367,0.0002648180000051
synth-rho0.9,ABD-NB-G,19,0.55,0.5498749652681301,0.8158222635973355,0.2277711167051548,0.0081439289999707,0.0002428390000659
synth-rho0.9,ABD-NB-C,19,0.55,0.5498749652681301,0.8165850763556943,0.2280399785172986,0.0081104560001676,0.0002280979999795
synth-rho0.9,LR,19,0.5666666666666667,0.5661846496106786,0.6897831431588138,0.1087349939848013,0.0826622730000963,0.0008373370001208
synth-rho0.9,kNN,19,0.6166666666666667,0.613986013986014,2.022204449240172,0.1866666666666666,0.0067202980001184,0.0066631680001592
synth-rho0.9,CART,19,0.4,0.3973214285714286,16.578612669557128,0.6,0.0139004750001276,0.0002375789999859
synth-rho0.9,RF,19,0.5833333333333334,0.5822890559732665,0.74482821369643,0.1603333333333334,0.4473378259999663,0.016892160999987
synth-rho0.9,SVM,19,0.5666666666666667,0.5666666666666667,0.6789818314002518,0.0142749156285527,0.0508697789998677,0.0020475390001593
synth-rho0.9,GNB,20,0.5333333333333333,0.5286195286195287,1.7718693986468836,0.4353481308067235,0.0012964019999799,0.0003001420000146
synth-rho0.9,MI-WNB,20,0.5166666666666667,0.5099971838918614,0.8373303751625666,0.2994222875604893,0.0421857470000759,0.0002051159999609
synth-rho0.9,ABD-NB-L,20,0.5333333333333333,0.5286195286195287,0.7739475472405953,0.2080456425226883,0.0082919259998561,0.000230035999948
synth-rho0.9,ABD-NB-G,20,0.5333333333333333,0.5286195286195287,0.7739597031707305,0.2258513234530487,0.0078863500000352,0.0002412889998595
synth-rho0.9,ABD-NB-C,20,0.5333333333333333,0.5286195286195287,0.7734573322709666,0.2257458531040577,0.0086094609998781,0.0002492280000296
synth-rho0.9,LR,20,0.5833333333333334,0.5804195804195804,0.6833924623128557,0.0808905218660518,0.0821872259998599,0.0007927090000521
synth-rho0.9,kNN,20,0.65,0.6499027507641011,1.986264406193239,0.1533333333333333,0.006548242000008,0.0064708049999353
synth-rho0.9,CART,20,0.5666666666666667,0.5666666666666667,11.973442483569038,0.4333333333333333,0.0139726729998983,0.0003842359999453
synth-rho0.9,RF,20,0.6166666666666667,0.6165601555987774,0.6393354677930478,0.1045,0.4354346150000765,0.0175856659998316
synth-rho0.9,SVM,20,0.4833333333333333,0.4762038862292312,0.6931048255704497,0.0916965761065468,0.0516308859998844,0.0020391410000684
synth-rho0.9,GNB,21,0.5666666666666667,0.5647321428571428,1.4284313654795229,0.3366605311168376,0.0013436900001124,0.000273388000096
synth-rho0.9,MI-WNB,21,0.5833333333333334,0.5804195804195804,0.8700534922564223,0.2055888348953491,0.0463702949998605,0.0002050830000825
synth-rho0.9,ABD-NB-L,21,0.55,0.5437904815544916,0.7345747316028505,0.1290634866393151,0.0080455760000859,0.0002197599999362
synth-rho0.9,ABD-NB-G,21,0.55,0.5437904815544916,0.7344814501410594,0.1290522327049525,0.0079730580000614,0.0002784769999379
synth-rho0.9,ABD-NB-C,21,0.55,0.5437904815544916,0.7344155032228874,0.1290276549934138,0.0079264610001246,0.0002155729998776
synth-rho0.9,LR,21,0.5166666666666667,0.5055413469735721,0.7123579514007738,0.0684404186776308,0.0950660229998447,0.0008074749998741
synth-rho0.9,kNN,21,0.5833333333333334,0.5832175604334537,0.7468736122537248,0.1466666666666667,0.0065616729998509,0.0066980479998619
synth-rho0.9,CART,21,0.4333333333333333,0.4171428571428571,15.65757863235951,0.5666666666666667,0.0136959889998706,0.0002969979998397
synth-rho0.9,RF,21,0.55,0.5396419437340154,0.7177960794028478,0.1164166666666666,0.44676821500002,0.0175928300000123
synth-rho0.9,SVM,21,0.5333333333333333,0.5286195286195287,0.6957384368277962,0.0497256820858902,0.0539161680001143,0.001949833000026
synth-rho0.9,GNB,22,0.65,0.6419437340153453,1.118463619924018,0.2390992128057148,0.0013476249998802,0.0002856470000551
synth-rho0.9,MI-WNB,22,0.6166666666666667,0.5977849023608277,0.6612397465459616,0.1076543229115372,0.0426006840000354,0.0002033970001775
synth-rho0.9,ABD-NB-L,22,0.6333333333333333,0.6228571428571429,0.6643308050095972,0.064124523606256,0.0080852539999796,0.0002764060000117
synth-rho0.9,ABD-NB-G,22,0.6333333333333333,0.6228571428571429,0.6644273571640895,0.0705116089153426,0.0079988319998847,0.000244271999918
synth-rho0.9,ABD-NB-C,22,0.6333333333333333,0.6228571428571429,0.6644207720194374,0.0706766129860995,0.0078811380001297,0.0001957320000656
synth-rho0.9,LR,22,0.6333333333333333,0.6180555555555556,0.6774276061896206,0.0786374855008602,0.0827449529999739,0.0007901179999407
synth-rho0.9,kNN,22,0.5833333333333334,0.5832175604334537,1.573051650207049,0.1333333333333335,0.0064611089999289,0.0023910110000997
synth-rho0.9,CART,22,0.65,0.6491228070175439,9.67085739057499,0.35,0.0095198139999865,0.0002048759999979
synth-rho0.9,RF,22,0.65,0.6378269617706237,0.6264203844217292,0.0885833333333334,0.4353797280000435,0.0177794040000662
synth-rho0.9,SVM,22,0.6,0.5885714285714285,0.6699656160905149,0.0975262181352468,0.0503753509999569,0.0020591940001395
synth-rho0.9,GNB,23,0.6333333333333333,0.6228571428571429,1.2607173161719345,0.2746245309538495,0.0013079149998702,0.0003216600000541
synth-rho0.9,MI-WNB,23,0.65,0.6378269617706237,0.7630578027533157,0.1252814821888982,0.0424201179998817,0.000212890000057
synth-rho0.9,ABD-NB-L,23,0.65,0.6378269617706237,0.6943604258367078,0.1600064271789524,0.0080273359999409,0.0002248169998892
synth-rho0.9,ABD-NB-G,23,0.65,0.6378269617706237,0.6945049920547768,0.1599932993216202,0.0078483689999302,0.0002276039999742
synth-rho0.9,ABD-NB-C,23,0.65,0.6378269617706237,0.6945766001714765,0.1600319123408465,0.0079841500000839,0.0001895000000331
synth-rho0.9,LR,23,0.5666666666666667,0.5661846496106786,0.6836008371757988,0.0465476980762672,0.0779662560000815,0.0007935950000046
synth-rho0.9,kNN,23,0.5166666666666667,0.5099971838918614,2.97242077768292,0.2066666666666666,0.0025233360001948,0.0023765040000398
synth-rho0.9,CART,23,0.4833333333333333,0.4762038862292312,14.276027576563084,0.5166666666666666,0.0051753120001194,0.0001979539999865
synth-rho0.9,RF,23,0.6,0.5885714285714285,0.750002617858282,0.1435833333333333,0.4355394589999832,0.0169156990000374
synth-rho0.9,SVM,23,0.6333333333333333,0.6333333333333333,0.6751956679879662,0.0874557924805485,0.0506427450000046,0.0020760160000463
synth-rho0.9,GNB,24,0.55,0.5498749652681301,1.5671829180160073,0.3297776842076284,0.0013079330001346,0.0003004039999723
synth-rho0.9,MI-WNB,24,0.55,0.5498749652681301,0.8211614197746068,0.2315475664840013,0.0419945529999949,0.0003101360000528
synth-rho0.9,ABD-NB-L,24,0.55,0.5498749652681301,0.740716094777493,0.1432183855662121,0.0086246420000861,0.000265440000021
synth-rho0.9,ABD-NB-G,24,0.55,0.5498749652681301,0.7405082152539374,0.1432113484789243,0.0079440659999363,0.0002374849998432
synth-rho0.9,ABD-NB-C,24,0.55,0.5498749652681301,0.7407995272427221,0.1432793364239651,0.0078280949999225,0.000223275999815
synth-rho0.9,LR,24,0.5166666666666667,0.5154553049289892,0.6944579706654912,0.0873826371817328,0.0072086650000073,0.0006563419999565
synth-rho0.9,kNN,24,0.5333333333333333,0.52,0.7374912518386415,0.1800000000000001,0.0024188949998915,0.0023313580002195
synth-rho0.9,CART,24,0.55,0.5396419437340154,12.433959502167848,0.4499999999999999,0.0055930470000475,0.0002784359999168
synth-rho0.9,RF,24,0.6166666666666667,0.613986013986014,0.66795630786387,0.0874999999999999,0.4296766580000621,0.0176266470000427
synth-rho0.9,SVM,24,0.5666666666666667,0.5661846496106786,0.6957982611276409,0.0748905813723448,0.0535020979998535,0.0020193809998545
synth-rho0.9,GNB,25,0.4666666666666667,0.4642857142857143,1.7264059049208182,0.4053440142644117,0.0019346340000083,0.0004142880000017
synth-rho0.9,MI-WNB,25,0.5,0.5,0.9439574460853004,0.2986648551783846,0.0440756159998727,0.0002446270000291
synth-rho0.9,ABD-NB-L,25,0.4833333333333333,0.4831897749374826,0.78822780913391,0.2150958424527521,0.0085613759999887,0.0002423720000024
synth-rho0.9,ABD-NB-G,25,0.4833333333333333,0.4831897749374826,0.7884623046960895,0.2152110950756411,0.0105610099999466,0.0002500650000456
synth-rho0.9,ABD-NB-C,25,0.4833333333333333,0.4831897749374826,0.7885235112701767,0.2152101839666654,0.0082588409998152,0.0003141300001061
synth-rho0.9,LR,25,0.5333333333333333,0.5328142380422691,0.710162466730376,0.1087111977283531,0.0835822710000684,0.0007729230001132
synth-rho0.9,kNN,25,0.5666666666666667,0.5647321428571428,2.007425070173961,0.1333333333333334,0.0064632239998445,0.0023399910000989
synth-rho0.9,CART,25,0.5833333333333334,0.5832175604334537,11.512925464970229,0.4166666666666666,0.0097320620000118,0.0002021640000293
synth-rho0.9,RF,25,0.5666666666666667,0.5666666666666667,0.6713225422010151,0.1226666666666666,0.4578887820000545,0.0169936070001313
synth-rho0.9,SVM,25,0.5,0.4949494949494949,0.6997344904179574,0.0636261046408548,0.0521171620000586,0.0020311579999088
synth-rho0.9,GNB,26,0.5833333333333334,0.5804195804195804,1.4453117172023544,0.3086877356090119,0.0012451849997887,0.0002739050000855
synth-rho0.9,MI-WNB,26,0.5833333333333334,0.5775837792171219,0.8199618384750748,0.1970801635061976,0.0424179249998815,0.0002158409999992
synth-rho0.9,ABD-NB-L,26,0.5833333333333334,0.5804195804195804,0.7263392116624268,0.1664799179330093,0.008136807000028,0.0003051229998618
synth-rho0.9,ABD-NB-G,26,0.5833333333333334,0.5804195804195804,0.7260531236028627,0.1663891871763447,0.0079442549999839,0.0003340260000186
synth-rho0.9,ABD-NB-C,26,0.5833333333333334,0.5804195804195804,0.7259286665244752,0.1664827037381244,0.0079426440001952,0.0002431640000395
synth-rho0.9,LR,26,0.55,0.5498749652681301,0.680453784080494,0.0666734050468688,0.0466101460001482,0.0007679699999698
synth-rho0.9,kNN,26,0.5833333333333334,0.5822890559732665,1.5558170874148736,0.1233333333333334,0.0024981199999274,0.0023991420000584
synth-rho0.9,CART,26,0.45,0.4486215538847117,15.1970616137607,0.55,0.0058157190001111,0.0002427350000289
synth-rho0.9,RF,26,0.6666666666666666,0.6632996632996633,0.6640447080956646,0.1011666666666666,0.4370463409998137,0.0177202570000645
synth-rho0.9,SVM,26,0.5333333333333333,0.53125,0.6834147796913307,0.0459018868320188,0.0520533179999347,0.0022514390000196
synth-rho0.9,GNB,27,0.5166666666666667,0.5165323701028064,1.1577299629123246,0.3298726390683731,0.0013087849999919,0.000257233999946
synth-rho0.9,MI-WNB,27,0.5,0.4949494949494949,0.7277218878252654,0.2436998222537909,0.041994650000106,0.0002480159998867
synth-rho0.9,ABD-NB-L,27,0.5,0.4977678571428571,0.6571476226233633,0.2003721135807278,0.0081277540000428,0.0002824109999437
synth-rho0.9,ABD-NB-G,27,0.5,0.4977678571428571,0.6570101993756633,0.2003241998263439,0.0078158329999951,0.0002711360000375
synth-rho0.9,ABD-NB-C,27,0.5166666666666667,0.5154553049289892,0.6567626313646888,0.1836712566347084,0.0078287100000125,0.0002193850000367
synth-rho0.9,LR,27,0.6166666666666667,0.6165601555987774,0.6531009435857301,0.0463209815614894,0.0527172879999398,0.0008128419999593
synth-rho0.9,kNN,27,0.5333333333333333,0.5286195286195287,1.1827179496832183,0.1533333333333333,0.0024542030000702,0.0024306160000833
synth-rho0.9,CART,27,0.5,0.4994438264738599,13.815510557964274,0.5,0.0059162200000173,0.0002042559999608
synth-rho0.9,RF,27,0.55,0.5468531468531468,0.6784724566543332,0.1146666666666667,0.4617773579998356,0.0169732530000601
synth-rho0.9,SVM,27,0.5666666666666667,0.5647321428571428,0.6737871428140781,0.1224442612196183,0.0504500229999393,0.0021882000000914
synth-rho0.9,GNB,28,0.65,0.6475524475524476,1.5170726500441352,0.2887888093998533,0.0013141009999344,0.0002673090000371
synth-rho0.9,MI-WNB,28,0.6333333333333333,0.6316964285714286,0.8019105514420485,0.195665987840522,0.0431522349999795,0.0001966239999546
synth-rho0.9,ABD-NB-L,28,0.65,0.6475524475524476,0.7257989777963422,0.1704923841989753,0.0101022629999079,0.0002707219998683
synth-rho0.9,ABD-NB-G,28,0.65,0.6475524475524476,0.7259497722739974,0.170411534327247,0.0093819890000759,0.0002554099999088
synth-rho0.9,ABD-NB-C,28,0.65,0.6475524475524476,0.7266870773068793,0.1705156163790415,0.0096288170000207,0.0002809709999382
synth-rho0.9,LR,28,0.5333333333333333,0.52,0.6948738296733201,0.1068966094755088,0.0441306380000696,0.0007360409999819
synth-rho0.9,kNN,28,0.6,0.595959595959596,2.0172027060326667,0.1366666666666666,0.0024411699998836,0.00279641599991
synth-rho0.9,CART,28,0.4666666666666667,0.4642857142857143,14.736544595161892,0.5333333333333333,0.006958983000004,0.0002729119999003
synth-rho0.9,RF,28,0.5666666666666667,0.5647321428571428,0.7611633323811364,0.1984166666666666,0.4474394399999255,0.0176722690000588
synth-rho0.9,SVM,28,0.5833333333333334,0.5775837792171219,0.6794150042010068,0.1128606349264978,0.0516026469999815,0.0025643609999406
synth-rho0.9,GNB,29,0.6333333333333333,0.6329254727474972,1.66436896037655,0.3231465992498001,0.0013797599999634,0.0002643909999733
synth-rho0.9,MI-WNB,29,0.6166666666666667,0.6165601555987774,1.0025209797890968,0.257588339098974,0.0425297869999212,0.0002354439998271
synth-rho0.9,ABD-NB-L,29,0.6333333333333333,0.6329254727474972,0.7267614014772393,0.1540308252874858,0.0081224870000369,0.0003050719999464
synth-rho0.9,ABD-NB-G,29,0.6333333333333333,0.6329254727474972,0.7266654106266143,0.1539630147191216,0.0085034840001299,0.000241411999923
synth-rho0.9,ABD-NB-C,29,0.6333333333333333,0.6329254727474972,0.7266393891138733,0.1539088504312217,0.0084546070002033,0.0002569169998878
synth-rho0.9,LR,29,0.5833333333333334,0.5822890559732665,0.6818877256903713,0.084354723108298,0.0719827800000985,0.0007432470001731
synth-rho0.9,kNN,29,0.55,0.5396419437340154,2.0368144034190667,0.1933333333333334,0.0024623829999654,0.0023608819999481
synth-rho0.9,CART,29,0.5,0.4949494949494949,13.815510557964274,0.5,0.0055465189998358,0.0001923019999594
synth-rho0.9,RF,29,0.6166666666666667,0.6165601555987774,0.7073133513299437,0.1063333333333333,0.4451501059998008,0.016812082999877
synth-rho0.9,SVM,29,0.6166666666666667,0.613986013986014,0.6708145739014668,0.0725930234287798,0.0509704759999749,0.0020448519999263
synth-blocks,GNB,0,0.9666666666666668,0.9665178571428572,0.0933808213789172,0.0246668318238778,0.0012892679999367,0.0002732420000484
synth-blocks,MI-WNB,0,0.9666666666666668,0.9665178571428572,0.1266164776448818,0.0316797188684756,0.0677829950000159,0.0002117500000622
synth-blocks,ABD-NB-L,0,0.9666666666666668,0.9665178571428572,0.0665438030504565,0.0276366419351494,0.0118165609999323,0.000259571000015
synth-blocks,ABD-NB-G,0,0.9833333333333332,0.9832915622389308,0.064721489774349,0.0297805053152663,0.0129548149998299,0.0003013109999301
synth-blocks,ABD-NB-C,0,0.9833333333333332,0.9832915622389308,0.0642387143278254,0.0294450432745127,0.0113648100000318,0.0002332440001282
synth-blocks,LR,0,0.9666666666666668,0.9665178571428572,0.0782976480299899,0.0361108602081563,0.0859298880000096,0.0008157070001288
synth-blocks,kNN,0,0.9666666666666668,0.9665178571428572,0.5151304067203325,0.04,0.0059212349999597,0.0834570509998684
synth-blocks,CART,0,0.9333333333333332,0.9330357142857144,1.8420680743952365,0.0666666666666666,0.0143183430000135,0.0002154149999569
synth-blocks,RF,0,0.9666666666666668,0.9665178571428572,0.1425005549322699,0.08075,0.4371342240001468,0.0164979640001092
synth-blocks,SVM,0,0.95,0.9496503496503496,0.0956460533475758,0.0520618861636456,0.0188689769997836,0.0010729109999374
synth-blocks,GNB,1,0.95,0.9499861072520144,0.164399038394203,0.0387870540840781,0.0013364479998472,0.0003330490001189
synth-blocks,MI-WNB,1,0.9666666666666668,0.9666666666666668,0.1704983778196856,0.0440381585476686,0.0676433419998829,0.0002403649998541
synth-blocks,ABD-NB-L,1,0.95,0.9499861072520144,0.1096497467656124,0.0424073058773768,0.0114186890000382,0.0002466890000505
synth-blocks,ABD-NB-G,1,0.95,0.9499861072520144,0.0962500627624608,0.0437718248220222,0.0111648770000556,0.0002493849999609
synth-blocks,ABD-NB-C,1,0.95,0.9499861072520144,0.0972299616273146,0.0439906029741186,0.0112573840001459,0.0002861189998384
synth-blocks,LR,1,0.9333333333333332,0.9332591768631812,0.1112644507195439,0.0503537219749542,0.0516882919998806,0.0007287900000392
synth-blocks,kNN,1,0.9666666666666668,0.9666666666666668,0.5166013241829139,0.0466666666666666,0.0019594729999425,0.0957936949998838
synth-blocks,CART,1,0.9333333333333332,0.9332591768631812,1.8420680743952365,0.0666666666666666,0.0071731180000824,0.0001951799999915
synth-blocks,RF,1,0.95,0.9499861072520144,0.1414537100844936,0.08275,0.448340632000054,0.0164587479998772
synth-blocks,SVM,1,0.95,0.9499861072520144,0.1120528316881181,0.0429037309012215,0.0169597789999897,0.0008959970000432
synth-blocks,GNB,2,0.9833333333333332,0.9833287024173382,0.0465290771572544,0.0156175244235001,0.0013101239999286,0.0002727680000589
synth-blocks,MI-WNB,2,0.9833333333333332,0.9833287024173382,0.0389733489911773,0.0151286269809305,0.0713975260000552,0.000291696999966
synth-blocks,ABD-NB-L,2,0.9833333333333332,0.9833287024173382,0.0292054434243321,0.0143140023081021,0.0120236879999993,0.000246208000135
synth-blocks,ABD-NB-G,2,0.9833333333333332,0.9833287024173382,0.0213482273659774,0.013918814136169,0.0122043480000684,0.000273825000022
synth-blocks,ABD-NB-C,2,0.9833333333333332,0.9833287024173382,0.021459468101683,0.01388351792371,0.0120545679999395,0.0002425980001135
synth-blocks,LR,2,0.9833333333333332,0.9833287024173382,0.0262354458457165,0.0173390102821538,0.0658573120001619,0.0008166750001237
synth-blocks,kNN,2,0.9833333333333332,0.9833287024173382,0.0349424501597131,0.0133333333333333,0.0020722540000406,0.1152880809997896
synth-blocks,CART,2,0.9,0.899888765294772,2.763102111592855,0.0999999999999999,0.0059903030000896,0.0003511329998673
synth-blocks,RF,2,0.9833333333333332,0.9833287024173382,0.0729250947138586,0.0635833333333333,0.4206794780000109,0.0248351820000607
synth-blocks,SVM,2,0.9833333333333332,0.9833287024173382,0.0457793014829365,0.0225544207629047,0.0171684599999935,0.0008980570000858
synth-blocks,GNB,3,0.9333333333333332,0.9333333333333332,0.1369813119406045,0.0543086850545624,0.0012633940000341,0.0003125200000795
synth-blocks,MI-WNB,3,0.9333333333333332,0.9333333333333332,0.188512628614253,0.0663842790810196,0.0680030190001161,0.0002123510000728
synth-blocks,ABD-NB-L,3,0.9333333333333332,0.9333333333333332,0.0957441306450893,0.0492307701751055,0.0117060219999984,0.0003044579998459
synth-blocks,ABD-NB-G,3,0.9666666666666668,0.9666295884315907,0.0629259897499595,0.0335572664203168,0.0113043449998713,0.0002537290001782
synth-blocks,ABD-NB-C,3,0.9666666666666668,0.9666295884315907,0.0655210708860056,0.0338065831802855,0.011443483999983,0.0002872659999866
synth-blocks,LR,3,0.9833333333333332,0.9833287024173382,0.0516430436425862,0.0397242896927225,0.0842202930000439,0.0008311139999932
synth-blocks,kNN,3,0.95,0.949874686716792,0.0807569867534208,0.0133333333333333,0.0060287579999567,0.1472395749999577
synth-blocks,CART,3,0.9,0.9,2.763102111592855,0.0999999999999999,0.0071565670000381,0.000224051999794
synth-blocks,RF,3,0.9333333333333332,0.9333333333333332,0.137506860528311,0.0738333333333333,0.3924149790000228,0.0163876169999639
synth-blocks,SVM,3,0.95,0.9499861072520144,0.0862003158202461,0.0371750527910278,0.017974673000026,0.0009216519999881
synth-blocks,GNB,4,0.9833333333333332,0.9832915622389308,0.0426617298149022,0.0193991585215619,0.0012471640000057,0.0003113710001798
synth-blocks,MI-WNB,4,0.9833333333333332,0.9832915622389308,0.0305538533257149,0.0103849064612305,0.0692042709999896,0.0002154290000362
synth-blocks,ABD-NB-L,4,0.9833333333333332,0.9832915622389308,0.0376365775291807,0.0228888843569426,0.0115762370000993,0.0003020760000254
synth-blocks,ABD-NB-G,4,0.9666666666666668,0.9665178571428572,0.0612185678295378,0.0376983661782156,0.0112099089999446,0.0002792560001125
synth-blocks,ABD-NB-C,4,0.9666666666666668,0.9665178571428572,0.0608689643681248,0.037601682932908,0.0114518160000898,0.0002106619999722
synth-blocks,LR,4,0.9666666666666668,0.9665178571428572,0.0799187648491312,0.0362748331688441,0.0060699329999351,0.0006531920000725
synth-blocks,kNN,4,0.9833333333333332,0.9832915622389308,0.0727165509326826,0.0366666666666666,0.0018479520001619,0.1377954399999907
synth-blocks,CART,4,0.9166666666666666,0.916083916083916,2.302585092994045,0.0833333333333333,0.0094907929999408,0.0002121269999406
synth-blocks,RF,4,0.9666666666666668,0.9666295884315907,0.1188278491013849,0.067,0.4032660329999089,0.0162634170001183
synth-blocks,SVM,4,0.95,0.949874686716792,0.1214430518136138,0.0566600834419851,0.017135898999868,0.000823131000061
synth-blocks,GNB,5,0.9666666666666668,0.9666295884315907,0.0904999160555879,0.0352517121116978,0.0012981090001176,0.0002573300000676
synth-blocks,MI-WNB,5,0.9666666666666668,0.9666295884315907,0.1363277434834096,0.0397390977282127,0.0672955770000953,0.0002012869999816
synth-blocks,ABD-NB-L,5,0.9666666666666668,0.9666295884315907,0.0663133286822704,0.0320796383625865,0.0113580260001526,0.0002407550000498
synth-blocks,ABD-NB-G,5,0.9833333333333332,0.9833287024173382,0.0475339223697197,0.0368030114186039,0.0111165839998648,0.0002243460000954
synth-blocks,ABD-NB-C,5,0.9833333333333332,0.9833287024173382,0.0474483211768411,0.0366663611352434,0.0111927990001277,0.0001972009999917
synth-blocks,LR,5,0.95,0.9499861072520144,0.0749673255162624,0.0330416307993003,0.0501499929998772,0.0006904229999236
synth-blocks,kNN,5,0.9666666666666668,0.9666295884315907,0.0688092583004664,0.0399999999999999,0.0018385289999969,0.116158648999999
synth-blocks,CART,5,0.8666666666666667,0.8666666666666667,3.684136148790473,0.1333333333333333,0.0058526469999833,0.0001927630000864
synth-blocks,RF,5,0.9166666666666666,0.9166435120866908,0.1446804092572831,0.0933333333333333,0.3925454929999432,0.0166164680001656
synth-blocks,SVM,5,0.9833333333333332,0.9833287024173382,0.0510220556089627,0.0418449725179077,0.0172747220001383,0.000937747999842
synth-blocks,GNB,6,1.0,1.0,0.0033479700833383,0.0030857873591601,0.0012472359999264,0.0002598819999093
synth-blocks,MI-WNB,6,1.0,1.0,0.002092516358357,0.0020350852081497,0.0699659709998741,0.0002684660000795
synth-blocks,ABD-NB-L,6,1.0,1.0,0.0086257789548412,0.0075853611453571,0.0115176940000765,0.0002361469998959
synth-blocks,ABD-NB-G,6,0.9833333333333332,0.9833287024173382,0.0237891401678904,0.0159381929477801,0.011168624999982,0.0002648770000632
synth-blocks,ABD-NB-C,6,0.9833333333333332,0.9833287024173382,0.0233522298855594,0.0157649245059895,0.0113259490001382,0.0002265570001327
synth-blocks,LR,6,1.0,1.0,0.0209756572224099,0.0172658376503645,0.0487150769999971,0.0007405379999454
synth-blocks,kNN,6,0.9833333333333332,0.9833287024173382,0.0275043317825727,0.0066666666666666,0.0018490509999082,0.1675772979999692
synth-blocks,CART,6,0.95,0.9496503496503496,1.3815510557964277,0.05,0.0069410369999332,0.0002131429998826
synth-blocks,RF,6,1.0,1.0,0.053570844033584,0.047,0.4063811809999151,0.0178269610000825
synth-blocks,SVM,6,1.0,1.0,0.019959947763194,0.0177803249863575,0.0177630199998475,0.0009439850000489
synth-blocks,GNB,7,0.9666666666666668,0.9666295884315907,0.1765272699402252,0.0352285378830066,0.0012716449998606,0.0002787759999591
synth-blocks,MI-WNB,7,0.9333333333333332,0.9333333333333332,0.1954986387149618,0.0454031600316978,0.0684823459998824,0.0002163460001156
synth-blocks,ABD-NB-L,7,0.9666666666666668,0.9666295884315907,0.122369695899965,0.0252975313382025,0.0115651609999076,0.0002569610001046
synth-blocks,ABD-NB-G,7,0.9666666666666668,0.9666295884315907,0.0995083164133549,0.0332481137204573,0.0119989410000016,0.0002580719999514
synth-blocks,ABD-NB-C,7,0.9666666666666668,0.9666295884315907,0.0981874450844895,0.0334033441477852,0.0111609440000393,0.0002140799999779
synth-blocks,LR,7,0.9666666666666668,0.9666295884315907,0.1038154741332627,0.0421210703030925,0.1050629090000256,0.0007958739997775
synth-blocks,kNN,7,0.9166666666666666,0.916083916083916,0.1198137715453258,0.0266666666666666,0.0059679459998278,0.1473157329999139
synth-blocks,CART,7,0.8666666666666667,0.8660714285714286,3.684136148790473,0.1333333333333333,0.005991596000058,0.0002653149999787
synth-blocks,RF,7,0.9333333333333332,0.9333333333333332,0.1752550369289574,0.0731666666666665,0.3939818839999134,0.0168030649999764
synth-blocks,SVM,7,0.9666666666666668,0.9666295884315907,0.1120167493711514,0.0498109382279404,0.0165440529999614,0.0008666160001666
synth-blocks,GNB,8,0.9666666666666668,0.9666295884315907,0.2754134377943261,0.0428115314498789,0.0012966580000011,0.0002992730001096
synth-blocks,MI-WNB,8,0.95,0.9499861072520144,0.300146386173452,0.0507069336206961,0.0709672089999458,0.0002728829999796
synth-blocks,ABD-NB-L,8,0.9666666666666668,0.9666295884315907,0.1712160705621626,0.0444729072422823,0.0119355360000099,0.0002436020001823
synth-blocks,ABD-NB-G,8,0.95,0.949874686716792,0.1229105584531443,0.0350001443007851,0.0117157319998568,0.0002879209998809
synth-blocks,ABD-NB-C,8,0.95,0.949874686716792,0.1225699839663683,0.0347382723819938,0.0114446939999197,0.0002835860000232
synth-blocks,LR,8,0.9666666666666668,0.9665178571428572,0.1287094620337431,0.0333808327397104,0.0955252909998307,0.0008419610001055
synth-blocks,kNN,8,0.9666666666666668,0.9665178571428572,0.9492187355555284,0.0566666666666666,0.0060473399998954,0.0909286890000657
synth-blocks,CART,8,0.95,0.9499861072520144,1.3815510557964277,0.05,0.0087451599999894,0.0003163430001222
synth-blocks,RF,8,0.95,0.9499861072520144,0.1462226269734823,0.0678333333333335,0.4396726859999944,0.0173826049999661
synth-blocks,SVM,8,0.9666666666666668,0.9665178571428572,0.1471319953688938,0.0363636575595969,0.0201397209998503,0.0010800539998854
synth-blocks,GNB,9,0.9666666666666668,0.9663299663299664,0.0434914496825527,0.0292925340071492,0.0014096719999088,0.0002674390000265
synth-blocks,MI-WNB,9,0.95,0.9496503496503496,0.0737164863379459,0.0361212702008032,0.0720131079999646,0.0002308370001173
synth-blocks,ABD-NB-L,9,0.9666666666666668,0.9663299663299664,0.0508098915457979,0.0255528155752723,0.0126916060000894,0.0002998669999669
synth-blocks,ABD-NB-G,9,0.9666666666666668,0.9663299663299664,0.0568291005736665,0.0420613385548334,0.0122958300000846,0.000279866000028
synth-blocks,ABD-NB-C,9,0.9666666666666668,0.9663299663299664,0.0572164690129572,0.0423595034694882,0.0125128069998936,0.0002985290000196
synth-blocks,LR,9,0.9666666666666668,0.9663299663299664,0.0754239427124059,0.0454938018603576,0.0423838589999832,0.0007507940001687
synth-blocks,kNN,9,0.9666666666666668,0.9663299663299664,0.0991452406962956,0.0366666666666666,0.0019693389999702,0.0836205639998297
synth-blocks,CART,9,0.85,0.849624060150376,4.144653167389282,0.15,0.0064850860001115,0.0002283799999531
synth-blocks,RF,9,0.95,0.9496503496503496,0.2054911974078865,0.1427499999999999,0.3989873400000761,0.0171285139999781
synth-blocks,SVM,9,0.9666666666666668,0.9663299663299664,0.0799961165136143,0.0501944334570597,0.0228650789999846,0.0011158570000588
synth-blocks,GNB,10,0.9833333333333332,0.9833287024173382,0.0297410413298039,0.0100578051530305,0.0015072720000262,0.000304233999941
synth-blocks,MI-WNB,10,0.9833333333333332,0.9833287024173382,0.0324376447794516,0.023902059673961,0.0762092550000943,0.0002270959998895
synth-blocks,ABD-NB-L,10,0.9833333333333332,0.9833287024173382,0.0292433876371418,0.0101777411271838,0.0114421980001679,0.0003120940000371
synth-blocks,ABD-NB-G,10,0.9833333333333332,0.9833287024173382,0.0357572022237516,0.0228789755190186,0.0113417180000396,0.000226671000064
synth-blocks,ABD-NB-C,10,0.9833333333333332,0.9833287024173382,0.0357548908804557,0.0229050606050151,0.0115466110000852,0.0002214880000792
synth-blocks,LR,10,0.9833333333333332,0.9833287024173382,0.0485822291678701,0.02522048316468,0.0387915189999148,0.000720807000107
synth-blocks,kNN,10,1.0,1.0,0.0404175179425803,0.0333333333333333,0.002030895999951,0.1151045859999158
synth-blocks,CART,10,0.9166666666666666,0.9166435120866908,2.302585092994045,0.0833333333333333,0.0071477989999948,0.0002508499999294
synth-blocks,RF,10,0.9666666666666668,0.9666666666666668,0.1163078073937553,0.0654999999999999,0.4194949400000496,0.0179312010000103
synth-blocks,SVM,10,0.9833333333333332,0.9833287024173382,0.0457594423222371,0.0259642624263336,0.0180625289999625,0.000990473999991
synth-blocks,GNB,11,0.9833333333333332,0.9832915622389308,0.2208432823157025,0.0215880065506627,0.0012621860000763,0.0003080889998727
synth-blocks,MI-WNB,11,0.9666666666666668,0.9666295884315907,0.2311677541830725,0.0334075607388464,0.0701150019999659,0.0002165200000945
synth-blocks,ABD-NB-L,11,0.9833333333333332,0.9832915622389308,0.1379857729051764,0.0246971602665593,0.0120149029999083,0.0002542360000461
synth-blocks,ABD-NB-G,11,0.9666666666666668,0.9665178571428572,0.0976081725327214,0.0265167910942377,0.0119470090000959,0.0002944970001408
synth-blocks,ABD-NB-C,11,0.9666666666666668,0.9665178571428572,0.098166650837366,0.0266875453287298,0.0116721629999574,0.0002944689999822
synth-blocks,LR,11,0.9666666666666668,0.9665178571428572,0.1092337611866176,0.0281693156994262,0.0383865939998031,0.0008060920001753
synth-blocks,kNN,11,0.9666666666666668,0.9665178571428572,0.5087679303621517,0.0333333333333333,0.001936526999998,0.1077644459999191
synth-blocks,CART,11,0.95,0.9499861072520144,1.3815510557964277,0.05,0.0069687200000316,0.0002023350000399
synth-blocks,RF,11,0.9833333333333332,0.9832915622389308,0.1520538506935275,0.067,0.4089477990000887,0.0169388019999132
synth-blocks,SVM,11,0.9666666666666668,0.9665178571428572,0.1465205899290108,0.0370211671447687,0.0189966119999098,0.0011130460000003
synth-blocks,GNB,12,0.9666666666666668,0.9665178571428572,0.0533274054258572,0.0258927649340846,0.0016084459998637,0.0003118600000107
synth-blocks,MI-WNB,12,0.9666666666666668,0.9665178571428572,0.0908892347371533,0.0285451494364728,0.0681171399999129,0.0002281989998209
synth-blocks,ABD-NB-L,12,0.9666666666666668,0.9665178571428572,0.0539811336968256,0.0380211335745527,0.0123183659998176,0.0002971710000565
synth-blocks,ABD-NB-G,12,0.9666666666666668,0.9665178571428572,0.0673758822824382,0.0392192156291066,0.0115414320000581,0.0002193620000525
synth-blocks,ABD-NB-C,12,0.9666666666666668,0.9665178571428572,0.0667116018456301,0.0388473554216961,0.0114822250000088,0.0002174560002004
synth-blocks,LR,12,0.9666666666666668,0.9666295884315907,0.0766827613122996,0.0307232647035737,0.0440354280001429,0.001107520000005
synth-blocks,kNN,12,0.95,0.9496503496503496,0.1062982679417203,0.0066666666666666,0.0019133179998789,0.1346948120001343
synth-blocks,CART,12,0.9333333333333332,0.9330357142857144,1.8420680743952365,0.0666666666666666,0.0063537349999478,0.0002096109999456
synth-blocks,RF,12,0.95,0.9496503496503496,0.1194105167855644,0.0823333333333334,0.4121168589999797,0.0185622730000432
synth-blocks,SVM,12,0.9666666666666668,0.9665178571428572,0.0779676162895976,0.0242114516836181,0.0183218500001203,0.0011152810000112
synth-blocks,GNB,13,0.9833333333333332,0.9832915622389308,0.0841532926171293,0.0169382255665174,0.0014412689999971,0.000273338999932
synth-blocks,MI-WNB,13,0.9666666666666668,0.9666295884315907,0.1059279678687479,0.0255414387679354,0.0823285779999878,0.0002963909998925
synth-blocks,ABD-NB-L,13,0.9833333333333332,0.9832915622389308,0.0607221711370464,0.0191310617026345,0.0133177309999155,0.0002747739999904
synth-blocks,ABD-NB-G,13,0.9833333333333332,0.9832915622389308,0.0686617336181327,0.0352094039456914,0.0124503080000977,0.0003055530000892
synth-blocks,ABD-NB-C,13,0.9833333333333332,0.9832915622389308,0.0696886235515124,0.0371945399160285,0.0125054120001095,0.0002244929999051
synth-blocks,LR,13,0.9666666666666668,0.9665178571428572,0.0825553104810388,0.0434736645719677,0.0967215890000261,0.0009061709999969
synth-blocks,kNN,13,0.9833333333333332,0.9832915622389308,0.51581077329567,0.0633333333333333,0.0059864800000468,0.1385160700001506
synth-blocks,CART,13,0.9,0.899888765294772,2.763102111592855,0.0999999999999999,0.006957998000189,0.0002640210000208
synth-blocks,RF,13,0.9666666666666668,0.9666295884315907,0.1407816727076233,0.0714166666666666,0.4151906789998065,0.0164648780000788
synth-blocks,SVM,13,0.9833333333333332,0.9832915622389308,0.0815070105209832,0.040486534438688,0.0172048300000824,0.0009634010000354
synth-blocks,GNB,14,0.95,0.9499861072520144,0.1481787548246469,0.0398218100831267,0.0013705019998724,0.0003474929999356
synth-blocks,MI-WNB,14,0.95,0.9499861072520144,0.1809344874682664,0.0490938226792459,0.0692607690000386,0.0002105639998717
synth-blocks,ABD-NB-L,14,0.95,0.9499861072520144,0.1012953701986587,0.0419171454805878,0.0115699909999875,0.0003062080002109
synth-blocks,ABD-NB-G,14,0.9666666666666668,0.9666666666666668,0.0795667570821141,0.0338171507181028,0.0111953900000116,0.0002275439999266
synth-blocks,ABD-NB-C,14,0.9666666666666668,0.9666666666666668,0.081522708325655,0.0340201462323483,0.0112051569999493,0.0002067440000246
synth-blocks,LR,14,0.9666666666666668,0.9666666666666668,0.078048121341377,0.0408840207619087,0.0823455990000638,0.0007407190000776
synth-blocks,kNN,14,0.9666666666666668,0.9666666666666668,0.5188494659089026,0.0433333333333333,0.0058861699999397,0.1436698390000401
synth-blocks,CART,14,0.8666666666666667,0.8666666666666667,3.684136148790473,0.1333333333333333,0.007463798000117,0.0002118369998242
synth-blocks,RF,14,0.95,0.9499861072520144,0.1532834529031035,0.0679166666666665,0.3936680639999395,0.0166450730000633
synth-blocks,SVM,14,0.9666666666666668,0.9666666666666668,0.0889954967445148,0.0379335811015713,0.0170129440000437,0.0009720910002215
synth-blocks,GNB,15,0.9833333333333332,0.9833287024173382,0.0515609455846246,0.0189124435985166,0.0012847949999468,0.000269530999958
synth-blocks,MI-WNB,15,0.9666666666666668,0.9666666666666668,0.0609356409275589,0.0239993719696507,0.0683959089999461,0.0002293319998898
synth-blocks,ABD-NB-L,15,0.9833333333333332,0.9833287024173382,0.0362269370189914,0.0204921802263379,0.0119048399999428,0.0002763249999588
synth-blocks,ABD-NB-G,15,0.9833333333333332,0.9833287024173382,0.0223572963354217,0.0170946731826161,0.0118171879998953,0.0002206809999734
synth-blocks,ABD-NB-C,15,0.9833333333333332,0.9833287024173382,0.0229030395449303,0.0173176442097955,0.0113923609999346,0.000212263000094
synth-blocks,LR,15,0.9833333333333332,0.9833287024173382,0.025723415489337,0.0204842609716822,0.0907729780001318,0.0007527379998464
synth-blocks,kNN,15,1.0,1.0,0.0356228167350506,0.03,0.006176127000117,0.0872051119999923
synth-blocks,CART,15,0.9166666666666666,0.9164578111946532,2.302585092994045,0.0833333333333333,0.0062884970000141,0.0002615690000311
synth-blocks,RF,15,0.9666666666666668,0.9666666666666668,0.0951238765858731,0.07825,0.3998589079999419,0.0169560240001374
synth-blocks,SVM,15,1.0,1.0,0.0293805981099021,0.0234055420089222,0.0179475649999858,0.0011198520001016
synth-blocks,GNB,16,0.95,0.9499861072520144,0.1270808441592649,0.0491852841401873,0.0013550450000821,0.0002596009999251
synth-blocks,MI-WNB,16,0.95,0.9499861072520144,0.1654348621407619,0.05075390457034,0.0701650329999665,0.0002599280001049
synth-blocks,ABD-NB-L,16,0.95,0.9499861072520144,0.084673752247211,0.0468046429184841,0.0122402960000727,0.0003242629998112
synth-blocks,ABD-NB-G,16,0.9666666666666668,0.9666295884315907,0.0574164159024077,0.0263285771412029,0.0118180250001387,0.0002847640000709
synth-blocks,ABD-NB-C,16,0.9666666666666668,0.9666295884315907,0.0570372912896978,0.0266248829341344,0.0119435550000162,0.000235701000065
synth-blocks,LR,16,0.95,0.949874686716792,0.0768199027566173,0.050263794343604,0.0270541209999919,0.0008008600000266
synth-blocks,kNN,16,0.9666666666666668,0.9666295884315907,0.0750748769705776,0.0166666666666666,0.0026758710000649,0.0689994039998964
synth-blocks,CART,16,0.95,0.949874686716792,1.3815510557964277,0.05,0.0058451160000458,0.0002461619999394
synth-blocks,RF,16,0.95,0.9499861072520144,0.1211581888720155,0.0674166666666666,0.3965799090001383,0.0164676360000157
synth-blocks,SVM,16,0.95,0.9499861072520144,0.0762797052365017,0.0426508054196186,0.0173685960000966,0.0009233910000148
synth-blocks,GNB,17,0.9333333333333332,0.9332591768631812,0.1246314017271363,0.0516984685575214,0.0013791470000796,0.0002579150000201
synth-blocks,MI-WNB,17,0.95,0.949874686716792,0.1332487465300324,0.0453203722948346,0.0767581059999429,0.0003142210000532
synth-blocks,ABD-NB-L,17,0.9333333333333332,0.9332591768631812,0.0928085180614439,0.0498891467667026,0.0117836590000024,0.0002472190001299
synth-blocks,ABD-NB-G,17,0.9333333333333332,0.9332591768631812,0.0761815150982811,0.0518309961279312,0.0130565179999848,0.0003121779998309
synth-blocks,ABD-NB-C,17,0.9333333333333332,0.9332591768631812,0.0762563669765512,0.0518130524793236,0.0113052309998238,0.0002240530000108
synth-blocks,LR,17,0.9666666666666668,0.9666295884315907,0.0898075248760981,0.0392908017510558,0.0905914630000097,0.0008752990001994
synth-blocks,kNN,17,0.95,0.949874686716792,0.09886014956458,0.0133333333333333,0.0020268989999294,0.145920611000065
synth-blocks,CART,17,0.8833333333333333,0.883300916921367,3.223619130191664,0.1166666666666667,0.0059698019999814,0.0002573349997874
synth-blocks,RF,17,0.95,0.949874686716792,0.1375789971129278,0.0974166666666666,0.3932457230000636,0.0168630369998936
synth-blocks,SVM,17,0.95,0.949874686716792,0.0914348072237519,0.0598836914765136,0.0174382340001102,0.0010517630000776
synth-blocks,GNB,18,0.9833333333333332,0.9832915622389308,0.0190371883011659,0.0134104630970017,0.0013352150001537,0.0002672519999578
synth-blocks,MI-WNB,18,0.9833333333333332,0.9832915622389308,0.0184336574062591,0.0138077901920133,0.0696351950000462,0.0002273879999847
synth-blocks,ABD-NB-L,18,0.9833333333333332,0.9832915622389308,0.0269967022765081,0.0214987784288084,0.0116853949998585,0.0002515870000934
synth-blocks,ABD-NB-G,18,0.9833333333333332,0.9832915622389308,0.0369861642011227,0.0292546306792565,0.0113534740000886,0.0002233729999261
synth-blocks,ABD-NB-C,18,0.9833333333333332,0.9832915622389308,0.0365978205882062,0.0290644111851645,0.0112038730001131,0.0002083630001834
synth-blocks,LR,18,0.9833333333333332,0.9832915622389308,0.0498180648980623,0.0237547358480062,0.1052324600000247,0.0008063450000008
synth-blocks,kNN,18,0.9666666666666668,0.9666666666666668,0.0746796015269556,0.0166666666666666,0.0021980010001243,0.1138148019999789
synth-blocks,CART,18,0.9166666666666666,0.9164578111946532,2.302585092994045,0.0833333333333333,0.0060845319999316,0.0002055259999451
synth-blocks,RF,18,1.0,1.0,0.1115021299289389,0.09425,0.3837114069999643,0.0163611719999607
synth-blocks,SVM,18,1.0,1.0,0.0430125229555636,0.0370722310353092,0.0166353419999722,0.0009270949999518
synth-blocks,GNB,19,0.95,0.949874686716792,0.1795276973670018,0.0443550573693838,0.0012649940001665,0.0002567199999248
synth-blocks,MI-WNB,19,0.95,0.949874686716792,0.1919413165500798,0.0426348683943673,0.0677151830000184,0.0002119100001891
synth-blocks,ABD-NB-L,19,0.95,0.949874686716792,0.1170029221999272,0.0400032769845804,0.0115091420000226,0.0002941610000561
synth-blocks,ABD-NB-G,19,0.95,0.949874686716792,0.102418304063144,0.0418371954464743,0.0115444440000374,0.0002832049999597
synth-blocks,ABD-NB-C,19,0.95,0.949874686716792,0.0989397301453056,0.0414069720130114,0.0111560699999699,0.0002282019997892
synth-blocks,LR,19,0.95,0.949874686716792,0.1061832966088338,0.0366332943870116,0.084590758999866,0.0008128560000386
synth-blocks,kNN,19,0.95,0.9496503496503496,0.0997475581398935,0.01,0.0061889290000181,0.0793315050000273
synth-blocks,CART,19,0.9166666666666666,0.9166435120866908,2.302585092994045,0.0833333333333333,0.0058109540000259,0.0001983709998967
synth-blocks,RF,19,0.95,0.949874686716792,0.1254162455401087,0.0760833333333334,0.4188197220000802,0.018603971000175
synth-blocks,SVM,19,0.95,0.949874686716792,0.1328234936705773,0.0398012917584893,0.0177817269998286,0.0010951369999929
synth-blocks,GNB,20,0.9666666666666668,0.9666295884315907,0.0683399920269856,0.0269519421435588,0.0014067049999084,0.0003517550001106
synth-blocks,MI-WNB,20,0.9666666666666668,0.9666295884315907,0.0756329569219747,0.0154160786062664,0.0726185220000843,0.0002514709999559
synth-blocks,ABD-NB-L,20,0.9666666666666668,0.9666295884315907,0.0557804748550076,0.0236349288205336,0.0118671180000546,0.000327900000002
synth-blocks,ABD-NB-G,20,0.9666666666666668,0.9666295884315907,0.0536102463608071,0.0374613905753611,0.01224701000001,0.0002568630000041
synth-blocks,ABD-NB-C,20,0.9666666666666668,0.9666295884315907,0.0537357778608386,0.0376131965676009,0.0129606509999575,0.0003455109999777
synth-blocks,LR,20,0.9833333333333332,0.9833287024173382,0.0527596040189204,0.0411804437535281,0.0861596249999365,0.0007857919999878
synth-blocks,kNN,20,0.9666666666666668,0.9666295884315907,0.0781135695838102,0.0333333333333333,0.0140891779999492,0.1392234780000762
synth-blocks,CART,20,0.9166666666666666,0.9166435120866908,2.302585092994045,0.0833333333333333,0.005992143999947,0.0002675890000318
synth-blocks,RF,20,0.9666666666666668,0.9666295884315907,0.115370239627551,0.054,0.424453443999937,0.0197084559999893
synth-blocks,SVM,20,0.9666666666666668,0.9666295884315907,0.0657238549989866,0.0460366302986829,0.0190575329997955,0.0012924440000006
synth-blocks,GNB,21,0.9666666666666668,0.9666295884315907,0.2521522230586799,0.0359920000146227,0.0015623639999375,0.0003477699999621
synth-blocks,MI-WNB,21,0.95,0.9499861072520144,0.2874529096807146,0.0498173115496617,0.0720622520000233,0.0002616100000523
synth-blocks,ABD-NB-L,21,0.9666666666666668,0.9666295884315907,0.1660804126576061,0.0391014446926671,0.0124803710000378,0.000329535999981
synth-blocks,ABD-NB-G,21,0.9666666666666668,0.9665178571428572,0.1283342573832323,0.0232618333263755,0.0121622920000845,0.0003686059999381
synth-blocks,ABD-NB-C,21,0.9666666666666668,0.9665178571428572,0.1283412923910448,0.0314285253341695,0.012176318999991,0.0002829459999702
synth-blocks,LR,21,0.95,0.949874686716792,0.1527807274818267,0.0403798288500865,0.0823192029999972,0.0008098879998215
synth-blocks,kNN,21,0.95,0.9496503496503496,0.57797246410624,0.0433333333333333,0.0060294699999303,0.0992388499998924
synth-blocks,CART,21,0.8833333333333333,0.8830409356725146,3.223619130191664,0.1166666666666667,0.0073982820001674,0.0002071210001304
synth-blocks,RF,21,0.9666666666666668,0.9666295884315907,0.1997575500611851,0.0920833333333332,0.3997232780000104,0.0175017490000755
synth-blocks,SVM,21,0.9333333333333332,0.9332591768631812,0.1776340339024132,0.0419585443548805,0.0170182419999491,0.0010196850000738
synth-blocks,GNB,22,0.9833333333333332,0.9832915622389308,0.0552480601558886,0.0188181265033097,0.0013432140001441,0.0003238869999222
synth-blocks,MI-WNB,22,0.9666666666666668,0.9666295884315907,0.08754052069911,0.0293709363448812,0.0702474710001297,0.0002288840000801
synth-blocks,ABD-NB-L,22,0.9833333333333332,0.9832915622389308,0.0432799900701756,0.0194393735359213,0.0117877069999394,0.0002296359998581
synth-blocks,ABD-NB-G,22,1.0,1.0,0.0292057646291964,0.0237152310515789,0.011068848999912,0.0002214220000951
synth-blocks,ABD-NB-C,22,1.0,1.0,0.0286236661610707,0.0233694388603513,0.0117304460000013,0.0002014499998495
synth-blocks,LR,22,0.9833333333333332,0.9832915622389308,0.0427851281142688,0.0240028221407821,0.0604294439999648,0.0008376440000574
synth-blocks,kNN,22,0.9833333333333332,0.9832915622389308,0.0312233909711429,0.0099999999999999,0.0020069080001121,0.1036452200000894
synth-blocks,CART,22,0.8833333333333333,0.8830409356725146,3.223619130191664,0.1166666666666667,0.0073151290000623,0.0002191990001847
synth-blocks,RF,22,0.9666666666666668,0.9665178571428572,0.1069709364175645,0.0579999999999999,0.4100966060000246,0.0196535740001309
synth-blocks,SVM,22,1.0,1.0,0.0301869109103276,0.0267872309219183,0.0194718579998607,0.0015279140000075
synth-blocks,GNB,23,0.9833333333333332,0.9832915622389308,0.0178095229412671,0.0118622257198602,0.0014167169999836,0.0003437269999722
synth-blocks,MI-WNB,23,0.9833333333333332,0.9832915622389308,0.0182120669801172,0.0127397171788419,0.0748218730000189,0.0002502439999716
synth-blocks,ABD-NB-L,23,0.9833333333333332,0.9832915622389308,0.0205486888669308,0.0152371490138854,0.0126452970000627,0.0002495069998076
synth-blocks,ABD-NB-G,23,0.9833333333333332,0.9832915622389308,0.0281904626719637,0.0085211273618905,0.0130288180000661,0.0002836680000655
synth-blocks,ABD-NB-C,23,0.9833333333333332,0.9832915622389308,0.0279260587861811,0.0084360270697279,0.0121250660001805,0.0004299519998767
synth-blocks,LR,23,0.9833333333333332,0.9832915622389308,0.0319680408926027,0.0105753552001961,0.0068064270001286,0.0006779889999961
synth-blocks,kNN,23,1.0,1.0,0.0467799943007611,0.0399999999999999,0.0020254559999557,0.1147683159999815
synth-blocks,CART,23,0.9333333333333332,0.9330357142857144,1.8420680743952365,0.0666666666666666,0.0070032900000569,0.0002221600000211
synth-blocks,RF,23,0.9833333333333332,0.9832915622389308,0.1275453231724108,0.1083333333333332,0.4136705250000432,0.0182754540001042
synth-blocks,SVM,23,0.9833333333333332,0.9832915622389308,0.0502972034767707,0.0261024607299319,0.0194489429998157,0.0016700329999821
synth-blocks,GNB,24,0.9833333333333332,0.9832915622389308,0.0335408311166439,0.0124852179506122,0.0013705750000099,0.0002700830000321
synth-blocks,MI-WNB,24,0.9833333333333332,0.9832915622389308,0.0214457420542656,0.0137291866880586,0.0735468160000891,0.0002190779998727
synth-blocks,ABD-NB-L,24,0.9833333333333332,0.9832915622389308,0.0330070718699411,0.0218587437701211,0.0131510129999696,0.000506955999981
synth-blocks,ABD-NB-G,24,0.9666666666666668,0.9666295884315907,0.0553296697073548,0.0327143549756211,0.0147074060000704,0.000294796000162
synth-blocks,ABD-NB-C,24,0.9666666666666668,0.9666295884315907,0.0546988811174022,0.0323570862234556,0.0128928589999759,0.0002895769998758
synth-blocks,LR,24,0.95,0.9499861072520144,0.0630708357085492,0.040907281237785,0.0824068079998596,0.0007824100000561
synth-blocks,kNN,24,0.9833333333333332,0.9832915622389308,0.0360180921786726,0.0066666666666666,0.0024137249999967,0.1097336959999211
synth-blocks,CART,24,0.9833333333333332,0.9832915622389308,0.4605170185988093,0.0166666666666667,0.0064395990000321,0.0002650690000791
synth-blocks,RF,24,0.9833333333333332,0.9832915622389308,0.089912502157313,0.0734166666666667,0.4165657099999862,0.0185823940000773
synth-blocks,SVM,24,0.9833333333333332,0.9832915622389308,0.0656073654062121,0.0320424833999397,0.01760464400013,0.0010228450000795
synth-blocks,GNB,25,0.9833333333333332,0.9832915622389308,0.023894867638869,0.0150569101439535,0.0013600199999928,0.0003506710002056
synth-blocks,MI-WNB,25,0.9666666666666668,0.9666295884315907,0.0684238575180953,0.0324527437283707,0.0697098820000974,0.0002714140000534
synth-blocks,ABD-NB-L,25,0.9833333333333332,0.9832915622389308,0.0251214483388736,0.0182652637630509,0.013129630000094,0.0003113380000741
synth-blocks,ABD-NB-G,25,0.9833333333333332,0.9832915622389308,0.0258770702304064,0.0189428470709294,0.012231328000098,0.0002994870001202
synth-blocks,ABD-NB-C,25,0.9833333333333332,0.9832915622389308,0.0263772591180996,0.0193102790095104,0.0117941080000036,0.0002258300000903
synth-blocks,LR,25,0.9833333333333332,0.9832915622389308,0.0294685548069959,0.0241359917396876,0.0946074050000334,0.000746313000036
synth-blocks,kNN,25,0.9833333333333332,0.9832915622389308,0.0386615093482832,0.0166666666666666,0.0061104039998554,0.1027347889998964
synth-blocks,CART,25,0.9333333333333332,0.9333333333333332,1.8420680743952365,0.0666666666666666,0.0076608140000189,0.0002872219999972
synth-blocks,RF,25,0.9666666666666668,0.9666295884315907,0.1184143253564867,0.0571666666666666,0.4142138830000021,0.0192554489999565
synth-blocks,SVM,25,0.9833333333333332,0.9832915622389308,0.0410352914022576,0.0311333421789488,0.0173731820000284,0.0010943570000563
synth-blocks,GNB,26,0.9166666666666666,0.9164578111946532,0.3454811885510739,0.0763601842744709,0.0014696779999212,0.0003199729999323
synth-blocks,MI-WNB,26,0.9166666666666666,0.9164578111946532,0.4198976545441979,0.0858416098665172,0.0717666620000727,0.0002915069999289
synth-blocks,ABD-NB-L,26,0.9166666666666666,0.9164578111946532,0.2091934124062555,0.0634579586717109,0.0124809980000009,0.0002787769999486
synth-blocks,ABD-NB-G,26,0.95,0.9499861072520144,0.127333712467709,0.0410431158086033,0.0118757180000557,0.0002788659999168
synth-blocks,ABD-NB-C,26,0.95,0.9499861072520144,0.1253119452073666,0.0411062064385675,0.0134911129998727,0.0003541549999681
synth-blocks,LR,26,0.9333333333333332,0.9332591768631812,0.1505761836488786,0.0321799064298516,0.0802852940000775,0.0008041410001169
synth-blocks,kNN,26,0.9333333333333332,0.9332591768631812,0.5875618665212993,0.04,0.0060113709998859,0.1180422540001018
synth-blocks,CART,26,0.85,0.8499583217560434,4.144653167389282,0.15,0.0145724090000385,0.0002514059999612
synth-blocks,RF,26,0.9,0.8995535714285714,0.2062607544507262,0.0899999999999999,0.4440955280001617,0.0170574779999697
synth-blocks,SVM,26,0.95,0.9499861072520144,0.1541840176031997,0.0311330330819459,0.016641631000084,0.0009619190000194
synth-blocks,GNB,27,1.0,1.0,0.0010459413877321,0.0010247284998957,0.001359574999924,0.0002652670000315
synth-blocks,MI-WNB,27,1.0,1.0,0.0012338786210031,0.0012216039853952,0.0696969799998896,0.0002189570000155
synth-blocks,ABD-NB-L,27,1.0,1.0,0.0049299535864327,0.0046935479983475,0.0120551170000453,0.0002651299998888
synth-blocks,ABD-NB-G,27,1.0,1.0,0.0090232142473986,0.008492891830221,0.0116672120000203,0.0002635099999679
synth-blocks,ABD-NB-C,27,1.0,1.0,0.00897924948548,0.008450396637961,0.0114879900002051,0.0002509990001726
synth-blocks,LR,27,0.9833333333333332,0.9833287024173382,0.0307676057666081,0.0244309296310513,0.1261990159998731,0.0008588880000388
synth-blocks,kNN,27,0.9833333333333332,0.9833287024173382,0.0519699709519127,0.0199999999999999,0.0084733480000522,0.1163215179999497
synth-blocks,CART,27,0.9833333333333332,0.9833287024173382,0.4605170185988093,0.0166666666666667,0.0139373750000686,0.0002077139999983
synth-blocks,RF,27,1.0,1.0,0.0779797274109375,0.0679999999999999,0.4057897130001038,0.0157525289998829
synth-blocks,SVM,27,1.0,1.0,0.0221294642080637,0.0192707468842366,0.0184755420000328,0.0009787829999368
synth-blocks,GNB,28,0.9166666666666666,0.9164578111946532,0.1941679418491923,0.066921658812259,0.0013484419998803,0.0002729809998527
synth-blocks,MI-WNB,28,0.95,0.9496503496503496,0.178796073042506,0.0474122743072786,0.0708254250000663,0.0002133529999355
synth-blocks,ABD-NB-L,28,0.9166666666666666,0.9164578111946532,0.1364404889963595,0.060930488760919,0.0113697570000113,0.0002699169999687
synth-blocks,ABD-NB-G,28,0.9166666666666666,0.9164578111946532,0.1341355052783789,0.0597638061190862,0.0117251889998897,0.0002793670000755
synth-blocks,ABD-NB-C,28,0.9166666666666666,0.9164578111946532,0.1361862157854569,0.0598517359649332,0.0112510950000341,0.0002716250000958
synth-blocks,LR,28,0.9333333333333332,0.9332591768631812,0.134846041920022,0.0547643800311247,0.0806243980000545,0.0008110019998639
synth-blocks,kNN,28,0.9166666666666666,0.916083916083916,0.999827973356766,0.0499999999999999,0.0018726430000697,0.0875122859999919
synth-blocks,CART,28,0.8833333333333333,0.8830409356725146,3.223619130191664,0.1166666666666667,0.0065480410000873,0.0002413290001186
synth-blocks,RF,28,0.9333333333333332,0.9330357142857144,0.1564921198734812,0.0535833333333333,0.3899061570000413,0.0161448110000037
synth-blocks,SVM,28,0.9333333333333332,0.9332591768631812,0.1418448872855097,0.060419946974178,0.0166278229999079,0.0008908439999686
synth-blocks,GNB,29,0.9666666666666668,0.9666295884315907,0.0851080442638888,0.0266684240172807,0.0012751010001466,0.0002560610000728
synth-blocks,MI-WNB,29,0.9666666666666668,0.9666295884315907,0.1104825918948237,0.0370968755780718,0.0679053349999776,0.0002116419998401
synth-blocks,ABD-NB-L,29,0.9666666666666668,0.9666295884315907,0.0687994659571964,0.0337854901496482,0.0115601640000022,0.0002409210001133
synth-blocks,ABD-NB-G,29,0.9666666666666668,0.9666295884315907,0.0644933189946627,0.0491143449391208,0.0113490579999506,0.000352256999804
synth-blocks,ABD-NB-C,29,0.9666666666666668,0.9666295884315907,0.0650645196277318,0.0493753871233848,0.011522222999929,0.0002513780000299
synth-blocks,LR,29,0.9666666666666668,0.9665178571428572,0.0760201878370498,0.0242643791557801,0.0239432830001078,0.0007118850001006
synth-blocks,kNN,29,0.9833333333333332,0.9832915622389308,0.0705652668947635,0.0366666666666666,0.0018040249999558,0.1068398739998883
synth-blocks,CART,29,0.8833333333333333,0.8830409356725146,3.223619130191664,0.1166666666666667,0.0061686850001478,0.0001956260000497
synth-blocks,RF,29,0.9333333333333332,0.9333333333333332,0.1276694258263237,0.0855833333333333,0.3865515439999853,0.0165247730001283
synth-blocks,SVM,29,0.9666666666666668,0.9665178571428572,0.0750885135169034,0.0557608482718038,0.0174030509999738,0.0008677270000134
synth-conflict,GNB,0,0.7166666666666667,0.7146853146853147,1.6065999469646557,0.2306820363429474,0.0013002430000597,0.0002516509998713
synth-conflict,MI-WNB,0,0.85,0.8499583217560434,0.443635430039404,0.105728265220784,0.0451855620001424,0.000201484000172
synth-conflict,ABD-NB-L,0,0.8333333333333334,0.8333333333333334,0.4676900992830007,0.1017438863308136,0.0083163389999754,0.0002294510002229
synth-conflict,ABD-NB-G,0,0.85,0.8499583217560434,0.4956308488597561,0.1210999638321402,0.0081857580000814,0.0003265429998009
synth-conflict,ABD-NB-C,0,0.85,0.8499583217560434,0.4947121070852037,0.1210622417527262,0.0083807570001681,0.0002194459998463
synth-conflict,LR,0,0.8333333333333334,0.8333333333333334,0.4413540568314829,0.1003308011967544,0.0259560340000462,0.0007010120000359
synth-conflict,kNN,0,0.8333333333333334,0.8331479421579533,1.71209517031899,0.1033333333333332,0.0024280330001147,0.0023052369999732
synth-conflict,CART,0,0.6666666666666666,0.6666666666666666,9.210340371976182,0.3333333333333333,0.004578100999879,0.0001885039998796
synth-conflict,RF,0,0.85,0.849624060150376,0.4479275936946737,0.1342499999999999,0.3911332519999178,0.0182262519999767
synth-conflict,SVM,0,0.8333333333333334,0.8331479421579533,0.4400916354484619,0.1031114366155438,0.0268304260000604,0.0012934300000324
synth-conflict,GNB,1,0.6666666666666666,0.660633484162896,1.5096981184130598,0.290790902133666,0.0013112799999817,0.0002629779999097
synth-conflict,MI-WNB,1,0.8333333333333334,0.8333333333333334,0.2802734091093085,0.0892928899240672,0.0450652360000276,0.0001940380000178
synth-conflict,ABD-NB-L,1,0.8333333333333334,0.8333333333333334,0.2874908411979098,0.1314010389288074,0.0084434069999588,0.0002690779999738
synth-conflict,ABD-NB-G,1,0.8166666666666667,0.8166157265907197,0.2914382265491009,0.1218119180657956,0.0082635589999426,0.0002258010001696
synth-conflict,ABD-NB-C,1,0.8166666666666667,0.8166157265907197,0.2914686029663237,0.1217574309368513,0.0082150309999633,0.000188762000107
synth-conflict,LR,1,0.8333333333333334,0.8331479421579533,0.3106733124737013,0.1109819059751046,0.1448701819999769,0.0008162799999809
synth-conflict,kNN,1,0.7833333333333333,0.783273131425396,0.3676699839003613,0.0799999999999999,0.0066765890001079,0.0064502779998747
synth-conflict,CART,1,0.7333333333333333,0.7333333333333333,7.368272297580946,0.2666666666666667,0.008858021999913,0.0002283839999108
synth-conflict,RF,1,0.8,0.7991071428571428,0.422192864178487,0.0495,0.4103446289998373,0.0165388369998709
synth-conflict,SVM,1,0.8333333333333334,0.8333333333333334,0.3171025710210041,0.1006763266632345,0.028412673000048,0.0012937289998262
synth-conflict,GNB,2,0.7,0.6914285714285715,1.1909908079420812,0.2699964758124565,0.0012448490001588,0.0002619069998672
synth-conflict,MI-WNB,2,0.9,0.8995535714285714,0.3126931193845373,0.0685859238960156,0.0455104000000119,0.0002015929999288
synth-conflict,ABD-NB-L,2,0.9166666666666666,0.916083916083916,0.3188959339930804,0.0692939970741193,0.008537651999859,0.0002067110001462
synth-conflict,ABD-NB-G,2,0.8833333333333333,0.8830409356725146,0.3358589508415285,0.0959425619870862,0.0082095879999997,0.0002200259998517
synth-conflict,ABD-NB-C,2,0.8833333333333333,0.8830409356725146,0.3358833393028974,0.0958938795425877,0.0082351849998758,0.0002296640000167
synth-conflict,LR,2,0.9,0.8995535714285714,0.3190415955739061,0.082009297513665,0.1219241400001465,0.0007939839999835
synth-conflict,kNN,2,0.8833333333333333,0.8825174825174825,2.0296935113538086,0.1433333333333332,0.0065479610000238,0.0063417420001314
synth-conflict,CART,2,0.9,0.8995535714285714,2.763102111592855,0.0999999999999999,0.0088960489999863,0.0002059280000139
synth-conflict,RF,2,0.9166666666666666,0.916083916083916,0.3197300445644531,0.1121666666666666,0.4139070450000872,0.0170642410000709
synth-conflict,SVM,2,0.9166666666666666,0.916083916083916,0.3016600664569251,0.1121690701623179,0.0299883749999025,0.001267862999839
synth-conflict,GNB,3,0.7666666666666667,0.7666666666666667,1.4096482060959985,0.2127354781326675,0.0012540679999801,0.0002506420000827
synth-conflict,MI-WNB,3,0.8666666666666667,0.8666666666666667,0.3632490172865327,0.0838471854305905,0.0453110799999194,0.0002027240000188
synth-conflict,ABD-NB-L,3,0.8666666666666667,0.8666666666666667,0.3799781347052849,0.088869948482798,0.0084891919998426,0.0003159979999054
synth-conflict,ABD-NB-G,3,0.8166666666666667,0.8166157265907197,0.4009463203335979,0.1119671593496037,0.0084575379999023,0.0002584280000519
synth-conflict,ABD-NB-C,3,0.8166666666666667,0.8166157265907197,0.4004063461854284,0.1118145094559042,0.0083917879999262,0.0002258259999052
synth-conflict,LR,3,0.8333333333333334,0.8333333333333334,0.3742671235267161,0.0581217904736542,0.1139607019999857,0.0008088800000223
synth-conflict,kNN,3,0.7833333333333333,0.7818181818181819,2.1258321946170384,0.0866666666666666,0.0064224039999771,0.002251096000009
synth-conflict,CART,3,0.6666666666666666,0.6662958843159066,9.210340371976182,0.3333333333333333,0.0089967549999983,0.0002039779999449
synth-conflict,RF,3,0.8333333333333334,0.8325892857142857,0.3969787189671107,0.1125,0.4143475920000128,0.0154614890000175
synth-conflict,SVM,3,0.85,0.849624060150376,0.362423038397826,0.0604988212990102,0.0279614300000048,0.0013071710000076
synth-conflict,GNB,4,0.8833333333333333,0.8817234581807942,0.251736804910771,0.1025066349106411,0.0013029710000864,0.0003003290000833
synth-conflict,MI-WNB,4,0.9666666666666668,0.9666295884315907,0.1508553651370265,0.0996173739795027,0.0446524069998304,0.0002422479999495
synth-conflict,ABD-NB-L,4,0.9833333333333332,0.9832915622389308,0.1139593421075577,0.0828201699575792,0.0083475559999897,0.0002938359998552
synth-conflict,ABD-NB-G,4,0.9666666666666668,0.9666295884315907,0.1016928936592302,0.068864553405162,0.0084512809999068,0.000250799000014
synth-conflict,ABD-NB-C,4,0.9666666666666668,0.9666295884315907,0.101569978902114,0.0687589581957065,0.0097216920000846,0.000204573000019
synth-conflict,LR,4,0.95,0.949874686716792,0.1901844360647962,0.1294345582228816,0.1425602550000348,0.0007431009998981
synth-conflict,kNN,4,0.95,0.9496503496503496,0.20425768230715,0.1033333333333332,0.0065952769998602,0.0022063460000936
synth-conflict,CART,4,0.8833333333333333,0.8817234581807942,3.223619130191664,0.1166666666666667,0.0086019559998931,0.0001894889999221
synth-conflict,RF,4,0.9666666666666668,0.9665178571428572,0.2177800048102603,0.1748333333333333,0.4169393189999937,0.0170568160001494
synth-conflict,SVM,4,0.9833333333333332,0.9832915622389308,0.1520742179587897,0.1136044010943339,0.0294624550001572,0.0013875489999009
synth-conflict,GNB,5,0.7666666666666667,0.765625,1.3514301084260594,0.2493689714807187,0.0013092420001612,0.000251518999903
synth-conflict,MI-WNB,5,0.85,0.8499583217560434,0.3105442553146716,0.0814325712759953,0.0452563219998864,0.0002036030000454
synth-conflict,ABD-NB-L,5,0.85,0.8499583217560434,0.3256621098877158,0.0756776248335548,0.0085238140000001,0.0002195479999045
synth-conflict,ABD-NB-G,5,0.85,0.8499583217560434,0.3337505481557475,0.0837840632244741,0.0081244379998679,0.0002664809999259
synth-conflict,ABD-NB-C,5,0.85,0.8499583217560434,0.3334830252426759,0.0839435477722651,0.0082420459998502,0.0002069689999188
synth-conflict,LR,5,0.8833333333333333,0.883300916921367,0.304660209583015,0.0694381415823324,0.1127816489999986,0.0007910949998404
synth-conflict,kNN,5,0.85,0.8499583217560434,1.1842398108822962,0.0866666666666667,0.0066701129999273,0.0063688400000501
synth-conflict,CART,5,0.7833333333333333,0.7827903091060986,5.986721241784519,0.2166666666666666,0.0086609770000904,0.0002202460000262
synth-conflict,RF,5,0.8333333333333334,0.8331479421579533,0.427496369649089,0.0814999999999999,0.4028865110001334,0.0167206229998555
synth-conflict,SVM,5,0.85,0.8499583217560434,0.3187135991133588,0.0789338861012408,0.0271794810000756,0.0012410770000315
synth-conflict,GNB,6,0.85,0.8499583217560434,0.758772619628509,0.1670134240625757,0.0012970149998636,0.0002539120000619
synth-conflict,MI-WNB,6,0.95,0.949874686716792,0.1655425224579526,0.0845982385844095,0.0448659509997924,0.0002538790001835
synth-conflict,ABD-NB-L,6,0.9333333333333332,0.9332591768631812,0.1567865097755732,0.0862484031387189,0.0088034759999118,0.0002234639998732
synth-conflict,ABD-NB-G,6,0.95,0.949874686716792,0.1293059444412853,0.0633024444505316,0.008130852000022,0.0002590409999356
synth-conflict,ABD-NB-C,6,0.95,0.949874686716792,0.1293874938344061,0.0633113648572827,0.0082655879998583,0.0002509720000034
synth-conflict,LR,6,0.9666666666666668,0.9665178571428572,0.1947266868796093,0.0957850241904957,0.116158132999999,0.0007777099999657
synth-conflict,kNN,6,0.9166666666666666,0.9164578111946532,0.2144494021658072,0.0533333333333332,0.0034484760001305,0.0072979300000497
synth-conflict,CART,6,0.8333333333333334,0.8331479421579533,4.605170185988091,0.1666666666666666,0.0090913760000148,0.0002144709999356
synth-conflict,RF,6,0.9333333333333332,0.9330357142857144,0.2641123783416466,0.1238333333333333,0.4070496750000529,0.0172259959999792
synth-conflict,SVM,6,0.9333333333333332,0.9332591768631812,0.1775215708824295,0.0924022221785325,0.0279644929998994,0.0014082279999456
synth-conflict,GNB,7,0.7333333333333333,0.7321428571428572,1.3777939500712109,0.2410421254553374,0.0014882440000292,0.0003732870000021
synth-conflict,MI-WNB,7,0.8666666666666667,0.8666666666666667,0.4072479896887541,0.0817355802355767,0.0484140549999665,0.0003341569999975
synth-conflict,ABD-NB-L,7,0.8666666666666667,0.8666666666666667,0.4290305547306812,0.0964575052317755,0.0100777960001323,0.0003482100000837
synth-conflict,ABD-NB-G,7,0.85,0.8499583217560434,0.4686483400809529,0.0793886540331099,0.0106096459999207,0.0003103530000316
synth-conflict,ABD-NB-C,7,0.85,0.8499583217560434,0.4700259440807967,0.0795127892840346,0.0083838489999834,0.0001862019998952
synth-conflict,LR,7,0.8666666666666667,0.8666666666666667,0.4077357459297259,0.1287670176981834,0.0920575110001209,0.0007902649999778
synth-conflict,kNN,7,0.8333333333333334,0.8331479421579533,1.6500436638203266,0.07,0.0067781200000354,0.006508181999834
synth-conflict,CART,7,0.7833333333333333,0.783273131425396,5.986721241784519,0.2166666666666666,0.0084431689999746,0.0002276090001487
synth-conflict,RF,7,0.8333333333333334,0.8331479421579533,0.4246913829454153,0.1064166666666666,0.404212255000175,0.0166600889999699
synth-conflict,SVM,7,0.8666666666666667,0.8666666666666667,0.3746197329083227,0.0592623462269058,0.0277196300000923,0.0014311120000911
synth-conflict,GNB,8,0.7833333333333333,0.7818181818181819,0.904934213924528,0.2024835707688418,0.001319217000173,0.000248054999929
synth-conflict,MI-WNB,8,0.8833333333333333,0.883300916921367,0.2736874269261484,0.0833867479064308,0.0462253840000812,0.0002363879998483
synth-conflict,ABD-NB-L,8,0.8833333333333333,0.883300916921367,0.2782508134428753,0.0528039346699891,0.0091437019998465,0.0002939290000085
synth-conflict,ABD-NB-G,8,0.8833333333333333,0.883300916921367,0.2934997618544023,0.0886785397867543,0.0083470639999632,0.00029203400004
synth-conflict,ABD-NB-C,8,0.8833333333333333,0.883300916921367,0.2936330449353471,0.0886885147659296,0.0084851259998686,0.0002211630001056
synth-conflict,LR,8,0.8833333333333333,0.883300916921367,0.2809313034927114,0.0513181546213998,0.0713269110001419,0.0007661849999749
synth-conflict,kNN,8,0.9,0.899888765294772,0.2401008676660131,0.0366666666666667,0.0025579080001989,0.0030940849999296
synth-conflict,CART,8,0.8,0.7991071428571428,5.52620422318571,0.1999999999999999,0.0049373550000382,0.0001948290000655
synth-conflict,RF,8,0.9,0.899888765294772,0.3248052974226939,0.0970833333333332,0.4409871180000664,0.0176544710000143
synth-conflict,SVM,8,0.9,0.9,0.2849361110160616,0.0735544947267158,0.0283637709999311,0.0012788659998932
synth-conflict,GNB,9,0.6333333333333333,0.6329254727474972,2.0033868084982718,0.3200504714234927,0.0013114490000134,0.0002504710000721
synth-conflict,MI-WNB,9,0.7666666666666667,0.765625,0.6119488775795437,0.1435394657647631,0.046526225999969,0.0002481859999079
synth-conflict,ABD-NB-L,9,0.7666666666666667,0.765625,0.6439403473847725,0.1142888134588019,0.0099721880001197,0.0002645229999416
synth-conflict,ABD-NB-G,9,0.7666666666666667,0.765625,0.731552725550131,0.1630205202473914,0.009192657000085,0.0002530060000935
synth-conflict,ABD-NB-C,9,0.7666666666666667,0.765625,0.7315611261822885,0.1629194375898326,0.0092794520001007,0.0002715659998102
synth-conflict,LR,9,0.7666666666666667,0.765625,0.5750773440962974,0.1315070689779548,0.0969540559999586,0.0008110189999115
synth-conflict,kNN,9,0.7,0.6986607142857143,1.7826925723939202,0.12,0.0026947260000724,0.0065241929999046
synth-conflict,CART,9,0.65,0.6475524475524476,9.67085739057499,0.35,0.0126631919999908,0.0002519839999877
synth-conflict,RF,9,0.75,0.7482517482517483,0.5805144954215333,0.0786666666666666,0.4227659949999633,0.018751451000071
synth-conflict,SVM,9,0.7666666666666667,0.765625,0.5883550506735012,0.1494303308306138,0.0262057889999596,0.0013746829999945
synth-conflict,GNB,10,0.7166666666666667,0.7165879410947485,1.5177268753583155,0.2474833797664352,0.0015135409998947,0.0002967010000247
synth-conflict,MI-WNB,10,0.8166666666666667,0.8166157265907197,0.4322903617435088,0.1239485354821879,0.0490400569999565,0.0002028740000241
synth-conflict,ABD-NB-L,10,0.8,0.8,0.4626595714610983,0.1061475391810495,0.0091488809998736,0.0002218910001374
synth-conflict,ABD-NB-G,10,0.8166666666666667,0.8166157265907197,0.5179689777083518,0.1605690316659292,0.0096193639999455,0.0002646929999627
synth-conflict,ABD-NB-C,10,0.8166666666666667,0.8166157265907197,0.5186629400554704,0.1606986542869115,0.0090699209999911,0.0002243649998945
synth-conflict,LR,10,0.8333333333333334,0.8333333333333334,0.4255779495297877,0.1012592563867701,0.1295936409999285,0.0008549130000119
synth-conflict,kNN,10,0.7666666666666667,0.7666666666666667,2.996256994013419,0.1599999999999999,0.0069346889999906,0.0065915150000819
synth-conflict,CART,10,0.7833333333333333,0.783273131425396,5.986721241784519,0.2166666666666666,0.0130740679999235,0.0002149980000467
synth-conflict,RF,10,0.8166666666666667,0.8162071846282373,0.4443666739509651,0.1058333333333333,0.4129805299999134,0.0177610190000905
synth-conflict,SVM,10,0.8,0.8,0.4599208539575899,0.0840512027196551,0.0274135570000453,0.0013310130000263
synth-conflict,GNB,11,0.75,0.7499305362600722,1.476607587149109,0.2508127488283279,0.0012417560001267,0.0002937259998816
synth-conflict,MI-WNB,11,0.85,0.8499583217560434,0.2741904656853423,0.0999274046348559,0.046544681999876,0.0002252589999898
synth-conflict,ABD-NB-L,11,0.85,0.8499583217560434,0.288468501603388,0.0801698436525933,0.0088620760000139,0.0002384030001394
synth-conflict,ABD-NB-G,11,0.85,0.8499583217560434,0.2672241617948274,0.0972637248120316,0.0082839570000032,0.0002317050000328
synth-conflict,ABD-NB-C,11,0.85,0.8499583217560434,0.2669986271709984,0.0972758863637708,0.0087630319999334,0.0002586499999779
synth-conflict,LR,11,0.8666666666666667,0.8665183537263625,0.308100803588537,0.098664467765818,0.114275735999854,0.0008415109998622
synth-conflict,kNN,11,0.85,0.849624060150376,0.328295972796574,0.0166666666666667,0.0066445279999243,0.0064719519998561
synth-conflict,CART,11,0.75,0.7482517482517483,6.907755278982137,0.25,0.0129295839999485,0.0002619540000523
synth-conflict,RF,11,0.8666666666666667,0.8653198653198653,0.3955322425359375,0.1045833333333333,0.4193705340001088,0.0190305629998874
synth-conflict,SVM,11,0.85,0.8499583217560434,0.3263889354802351,0.0569982924435093,0.0287354039999172,0.0014810099999067
synth-conflict,GNB,12,0.6833333333333333,0.6832453459294248,0.9986618248669136,0.2945100249478661,0.0013443939999433,0.000309383000058
synth-conflict,MI-WNB,12,0.8666666666666667,0.8665183537263625,0.304009189922919,0.1098776387311482,0.0479431419998945,0.0002477980001458
synth-conflict,ABD-NB-L,12,0.8833333333333333,0.8830409356725146,0.3009105100086573,0.0825470637796173,0.0095359219999409,0.0002708550000534
synth-conflict,ABD-NB-G,12,0.8666666666666667,0.8665183537263625,0.304252981266066,0.0842424318647964,0.0086928099999568,0.0002859339999758
synth-conflict,ABD-NB-C,12,0.8666666666666667,0.8665183537263625,0.303974855640534,0.0842332722464371,0.0089612269998724,0.0002184170000418
synth-conflict,LR,12,0.8666666666666667,0.8665183537263625,0.3124506475315082,0.0870914660502101,0.1159686399998918,0.0008324509999511
synth-conflict,kNN,12,0.8166666666666667,0.8153846153846154,0.7265732514530736,0.06,0.0067875550000735,0.0065239570001267
synth-conflict,CART,12,0.8166666666666667,0.8166157265907197,5.0656872045869,0.1833333333333333,0.0086631789999955,0.0002848890001132
synth-conflict,RF,12,0.8333333333333334,0.8316498316498316,0.4002316456511859,0.1275833333333333,0.4279641370001172,0.0189959540000472
synth-conflict,SVM,12,0.8833333333333333,0.8830409356725146,0.3129086386362306,0.0873184303805842,0.0291338170000017,0.0014810300001499
synth-conflict,GNB,13,0.7,0.699666295884316,1.5108635107989237,0.2717076134116255,0.0015005610000571,0.0002547949998188
synth-conflict,MI-WNB,13,0.8333333333333334,0.8325892857142857,0.4795487366298524,0.0973613661152061,0.0493855119998443,0.0002079159999084
synth-conflict,ABD-NB-L,13,0.8333333333333334,0.8325892857142857,0.503253473589799,0.0857950075806431,0.0085007109998969,0.000249925999924
synth-conflict,ABD-NB-G,13,0.8166666666666667,0.8162071846282373,0.5747677078386323,0.1178820965315136,0.0087799320001522,0.0002320379999218
synth-conflict,ABD-NB-C,13,0.8166666666666667,0.8162071846282373,0.5745369838207142,0.1178400934267761,0.0105074089999561,0.0002116820000992
synth-conflict,LR,13,0.8166666666666667,0.8162071846282373,0.4563106286950649,0.1096506382842416,0.0973634720000973,0.0008248340000136
synth-conflict,kNN,13,0.8,0.7991071428571428,2.999295686626652,0.1166666666666667,0.0066512010000678,0.0022573109999939
synth-conflict,CART,13,0.7833333333333333,0.7783461210571185,5.986721241784519,0.2166666666666666,0.0088713179998194,0.0002112520000991
synth-conflict,RF,13,0.8166666666666667,0.8162071846282373,0.5585342945528785,0.1590833333333333,0.4193316759999561,0.0174137760000121
synth-conflict,SVM,13,0.8166666666666667,0.8162071846282373,0.4840924952929061,0.1225274926867928,0.0302223179999145,0.0013809550000587
synth-conflict,GNB,14,0.75,0.7493734335839599,1.2691468498877212,0.2286813003787358,0.001295286000186,0.000261188000195
synth-conflict,MI-WNB,14,0.8666666666666667,0.8665183537263625,0.2988432415796675,0.0559113205905026,0.0479081020000649,0.0002065769999717
synth-conflict,ABD-NB-L,14,0.8666666666666667,0.8665183537263625,0.3117896071822735,0.0877848259534119,0.008519994999915,0.0002850419998594
synth-conflict,ABD-NB-G,14,0.8666666666666667,0.8665183537263625,0.3252980610281654,0.0890507062469001,0.0083829820000573,0.0002668170000106
synth-conflict,ABD-NB-C,14,0.8666666666666667,0.8665183537263625,0.3261785649503924,0.0891351388614603,0.0087548730000435,0.0002096929999879
synth-conflict,LR,14,0.8833333333333333,0.883300916921367,0.2992425838085709,0.1017754298607035,0.1300037500000144,0.000830310000083
synth-conflict,kNN,14,0.8,0.7997775305895439,0.762986619075368,0.0666666666666666,0.0067385039999408,0.0064542820000497
synth-conflict,CART,14,0.7666666666666667,0.765625,6.447238260383328,0.2333333333333332,0.0131000720000429,0.0002802680000968
synth-conflict,RF,14,0.8333333333333334,0.8331479421579533,0.3889418697852819,0.1099166666666666,0.4240058500001851,0.0173730789999808
synth-conflict,SVM,14,0.8833333333333333,0.883300916921367,0.3239102924282242,0.1113639745426896,0.0298151909998978,0.0014314500001546
synth-conflict,GNB,15,0.8,0.7997775305895439,0.8403454383747582,0.1695653588707872,0.001296732000128,0.0003571460001694
synth-conflict,MI-WNB,15,0.85,0.8499583217560434,0.2686763542368827,0.0837085411801403,0.0476663409999673,0.0002284170000166
synth-conflict,ABD-NB-L,15,0.8666666666666667,0.8666666666666667,0.259834234747581,0.0439694251887711,0.0093619270000999,0.0002834530000654
synth-conflict,ABD-NB-G,15,0.8666666666666667,0.8665183537263625,0.2522000498772532,0.0830563479983019,0.0091632040000604,0.0003535699997883
synth-conflict,ABD-NB-C,15,0.8666666666666667,0.8665183537263625,0.2516332463812723,0.0828304896545501,0.0090572320000319,0.0003317169998808
synth-conflict,LR,15,0.8833333333333333,0.883300916921367,0.299345644495442,0.1030835556276448,0.0980003020001731,0.0008227959999658
synth-conflict,kNN,15,0.85,0.849624060150376,0.340528792381244,0.0266666666666666,0.0066559199999574,0.0066897620001782
synth-conflict,CART,15,0.8,0.8,5.52620422318571,0.1999999999999999,0.0089208219999363,0.0003065659998355
synth-conflict,RF,15,0.85,0.8499583217560434,0.3288118049010463,0.10125,0.4271217240000169,0.0187364720000005
synth-conflict,SVM,15,0.8666666666666667,0.8666666666666667,0.2610940840882205,0.1103946266456998,0.0287833699999282,0.001501171999962
synth-conflict,GNB,16,0.8,0.7997775305895439,1.5891173828482283,0.1945517261868306,0.0014019989998814,0.0002846200000021
synth-conflict,MI-WNB,16,0.9166666666666666,0.9164578111946532,0.279798115415328,0.0983497364596488,0.046088458999975,0.0002947880000192
synth-conflict,ABD-NB-L,16,0.9,0.8995535714285714,0.3049402106813207,0.1163587429691262,0.0085741000000325,0.0003235679998851
synth-conflict,ABD-NB-G,16,0.9,0.899888765294772,0.2682642051884069,0.0510109288160945,0.0085834599999543,0.0002743600000485
synth-conflict,ABD-NB-C,16,0.9,0.899888765294772,0.2689454229432244,0.0528816112269646,0.008889057000033,0.0002799649998905
synth-conflict,LR,16,0.9,0.8995535714285714,0.2763294966357891,0.1123266796643953,0.1391983549999622,0.0008677180001086
synth-conflict,kNN,16,0.8666666666666667,0.8660714285714286,0.2975647149571228,0.0166666666666666,0.00666790199989,0.0065060869999342
synth-conflict,CART,16,0.85,0.847930160518164,4.144653167389282,0.15,0.0087024939998627,0.0043510440000318
synth-conflict,RF,16,0.8833333333333333,0.8825174825174825,0.3475716198136093,0.0949166666666666,0.4159296319999157,0.0181320570000025
synth-conflict,SVM,16,0.8666666666666667,0.8660714285714286,0.2662098379041726,0.0927174881562564,0.0279184779999468,0.0013893089999328
synth-conflict,GNB,17,0.6833333333333333,0.6825396825396826,1.517373814145358,0.2663607896885662,0.0013542760000291,0.0002605500001209
synth-conflict,MI-WNB,17,0.85,0.8499583217560434,0.5354606801160011,0.168868998662117,0.047227729000042,0.0002121760001045
synth-conflict,ABD-NB-L,17,0.85,0.8499583217560434,0.5709036862655226,0.1638510501024431,0.0089714719999847,0.0003049080000891
synth-conflict,ABD-NB-G,17,0.8333333333333334,0.8333333333333334,0.627683219744981,0.1517781725151749,0.0089358909999646,0.0002587459998721
synth-conflict,ABD-NB-C,17,0.8333333333333334,0.8333333333333334,0.6280986785013738,0.1476971451290353,0.0086142349998681,0.0002167100001315
synth-conflict,LR,17,0.8666666666666667,0.8666666666666667,0.5048620578737483,0.1721315310528635,0.1307468899999548,0.0008021500000268
synth-conflict,kNN,17,0.8166666666666667,0.8166157265907197,2.5630372651972064,0.1366666666666667,0.0068784289999257,0.0068548340000234
synth-conflict,CART,17,0.7,0.699666295884316,8.289306334778564,0.3,0.0087340739999035,0.0002239509999526
synth-conflict,RF,17,0.85,0.8499583217560434,0.4404719447231481,0.1390833333333334,0.4131146400000034,0.0165007999999033
synth-conflict,SVM,17,0.85,0.8499583217560434,0.5152615393204176,0.1337286217854026,0.0274292810001952,0.00131192799995
synth-conflict,GNB,18,0.75,0.7482517482517483,0.8882727659095268,0.1934903091205293,0.0013423770001281,0.0003004409998084
synth-conflict,MI-WNB,18,0.9333333333333332,0.9332591768631812,0.2123364708287394,0.0810423610439431,0.0456844809998528,0.0002135839999937
synth-conflict,ABD-NB-L,18,0.9333333333333332,0.9332591768631812,0.2065161385279631,0.0653536073407604,0.0086151880000215,0.0002373719999013
synth-conflict,ABD-NB-G,18,0.9333333333333332,0.9332591768631812,0.2191299569236678,0.0660004941095537,0.0083662770000501,0.0002245719999791
synth-conflict,ABD-NB-C,18,0.9333333333333332,0.9332591768631812,0.2185255175151337,0.0659036772350419,0.0082085179999467,0.0002133039999989
synth-conflict,LR,18,0.9333333333333332,0.9332591768631812,0.224047030471028,0.0890535164062182,0.062519519000034,0.0007821100000455
synth-conflict,kNN,18,0.9333333333333332,0.9332591768631812,1.1110958493258252,0.1466666666666666,0.0026859279998916,0.0022627159999046
synth-conflict,CART,18,0.8333333333333334,0.8285714285714285,4.605170185988091,0.1666666666666666,0.0051009760002216,0.0001968940000551
synth-conflict,RF,18,0.9,0.8995535714285714,0.3036953089998742,0.1435833333333333,0.3959919330000048,0.017342668999845
synth-conflict,SVM,18,0.9333333333333332,0.9332591768631812,0.2265999147966055,0.1204061946158754,0.0288946089999626,0.0014330009998957
synth-conflict,GNB,19,0.85,0.849624060150376,0.7654712609347385,0.1225105940919437,0.0014032869999027,0.0002538649998768
synth-conflict,MI-WNB,19,0.8833333333333333,0.8817234581807942,0.2190217696426391,0.0691689724428412,0.0461279369999374,0.0002068480000616
synth-conflict,ABD-NB-L,19,0.9333333333333332,0.9330357142857144,0.1964544482124599,0.0680129137408481,0.0088307610001265,0.000245022999934
synth-conflict,ABD-NB-G,19,0.8833333333333333,0.8817234581807942,0.2242054265393248,0.0695485623753318,0.0087102670001968,0.0002932380000402
synth-conflict,ABD-NB-C,19,0.8833333333333333,0.8817234581807942,0.2236821322869863,0.0692762569498001,0.0093972230001782,0.0003082289999838
synth-conflict,LR,19,0.8833333333333333,0.8817234581807942,0.2555989666817676,0.0897644773210522,0.083868276999965,0.0008407430000261
synth-conflict,kNN,19,0.8833333333333333,0.8817234581807942,0.2718163917688473,0.0299999999999999,0.0027653770000597,0.0024255339999399
synth-conflict,CART,19,0.8,0.7997775305895439,5.52620422318571,0.1999999999999999,0.0051607709999643,0.000260032000142
synth-conflict,RF,19,0.9,0.898989898989899,0.2889135082554633,0.1171666666666666,0.4263195280000218,0.016550344000052
synth-conflict,SVM,19,0.9166666666666666,0.916083916083916,0.2049629909531832,0.0865241485129049,0.0286861089998637,0.0014457249999395
synth-conflict,GNB,20,0.7833333333333333,0.7803435651929034,0.8829228315880011,0.1970173248903923,0.0012818169998354,0.0002897029999076
synth-conflict,MI-WNB,20,0.8833333333333333,0.8825174825174825,0.3043579973613111,0.0836174045985746,0.0464778490002117,0.0002164879999781
synth-conflict,ABD-NB-L,20,0.8833333333333333,0.8825174825174825,0.3046222046140562,0.1086419303958461,0.0086609799998313,0.000284984000018
synth-conflict,ABD-NB-G,20,0.8833333333333333,0.8825174825174825,0.3196927896351516,0.089897717082603,0.0087902410000424,0.0002195189999838
synth-conflict,ABD-NB-C,20,0.8833333333333333,0.8825174825174825,0.3188112205890793,0.0898171032429229,0.008604441999978,0.0002406639998753
synth-conflict,LR,20,0.8833333333333333,0.8817234581807942,0.3097116436544258,0.0618389371234551,0.1477362890000222,0.0007892329999776
synth-conflict,kNN,20,0.8666666666666667,0.8642533936651584,1.6201810059998591,0.0966666666666666,0.0065942190001351,0.0023812899999029
synth-conflict,CART,20,0.7833333333333333,0.7803435651929034,5.986721241784519,0.2166666666666666,0.0087105410000276,0.0002176699999836
synth-conflict,RF,20,0.8666666666666667,0.8642533936651584,0.3533666900490778,0.1024166666666667,0.4156818589999602,0.0173851139998078
synth-conflict,SVM,20,0.8833333333333333,0.8817234581807942,0.3233914497667062,0.0642228721800804,0.0279904809999607,0.0013109190001614
synth-conflict,GNB,21,0.75,0.7499305362600722,1.7669686706867012,0.2348763970899248,0.0012794249998933,0.0002527569999983
synth-conflict,MI-WNB,21,0.7333333333333333,0.7321428571428572,0.4813201755639074,0.12602928429117,0.0455374450000363,0.0002006689999234
synth-conflict,ABD-NB-L,21,0.75,0.7493734335839599,0.5096138965364064,0.1685954509456386,0.0086766879999231,0.0002516859999559
synth-conflict,ABD-NB-G,21,0.7333333333333333,0.7321428571428572,0.5505004252771636,0.1648710234350598,0.0088675530000728,0.0002742760000273
synth-conflict,ABD-NB-C,21,0.7333333333333333,0.7321428571428572,0.5498371088386135,0.1647598347478138,0.0086290339997958,0.0002076920000035
synth-conflict,LR,21,0.75,0.7493734335839599,0.4788839580251943,0.1154237061592434,0.1318223650000618,0.0007719459999862
synth-conflict,kNN,21,0.7333333333333333,0.7306397306397306,1.776330096035739,0.1066666666666667,0.0025140400000509,0.0023023319999992
synth-conflict,CART,21,0.6666666666666666,0.6571428571428571,9.210340371976182,0.3333333333333333,0.0048821949999364,0.0001900620000014
synth-conflict,RF,21,0.75,0.7465502675302731,0.5654459853200289,0.0825833333333333,0.4342126389999521,0.0171519410000655
synth-conflict,SVM,21,0.75,0.7493734335839599,0.4642666738192031,0.1343936937023572,0.0269718039999133,0.0013897270000597
synth-conflict,GNB,22,0.6333333333333333,0.6296296296296295,1.5417911050819642,0.2856576122690445,0.0013101189999815,0.000270128000011
synth-conflict,MI-WNB,22,0.9333333333333332,0.9333333333333332,0.2201525857397891,0.0851073929542039,0.0461104210000939,0.0002749839998159
synth-conflict,ABD-NB-L,22,0.95,0.9499861072520144,0.2113037881375627,0.0890370372296991,0.0096698869999727,0.0002661060000264
synth-conflict,ABD-NB-G,22,0.9166666666666666,0.9166435120866908,0.1847399102620471,0.0702533323860113,0.0082919839999249,0.0002950529999452
synth-conflict,ABD-NB-C,22,0.9166666666666666,0.9166435120866908,0.1843599393271128,0.0699804438810555,0.0086173959998632,0.0002623130001211
synth-conflict,LR,22,0.9166666666666666,0.9166435120866908,0.2502260786275906,0.0911681604135434,0.0092223440001362,0.000680224000007
synth-conflict,kNN,22,0.9166666666666666,0.9164578111946532,0.2676832485803254,0.0933333333333332,0.0024844639999628,0.0023169389999111
synth-conflict,CART,22,0.8166666666666667,0.8166157265907197,5.0656872045869,0.1833333333333333,0.0048009500001171,0.0002042579999397
synth-conflict,RF,22,0.95,0.9496503496503496,0.2754938612941959,0.1619166666666666,0.3881848759999684,0.0173481029999038
synth-conflict,SVM,22,0.9166666666666666,0.9166435120866908,0.2469188294800648,0.1244531594549631,0.0284220240000649,0.0013163350001832
synth-conflict,GNB,23,0.7833333333333333,0.783273131425396,0.6207685140185838,0.1593147617523648,0.0013584509999873,0.0002600669999992
synth-conflict,MI-WNB,23,0.85,0.8499583217560434,0.3292289758731454,0.0593751807940823,0.0457811349999701,0.0001992439999867
synth-conflict,ABD-NB-L,23,0.8666666666666667,0.8665183537263625,0.314984708409088,0.0738382915430936,0.0086703370000122,0.0002403299999969
synth-conflict,ABD-NB-G,23,0.85,0.8499583217560434,0.364142904271461,0.0530159259190294,0.008331734999956,0.000255394000078
synth-conflict,ABD-NB-C,23,0.85,0.8499583217560434,0.3630571361475135,0.0602988763497197,0.0085502230001566,0.0002405899999757
synth-conflict,LR,23,0.8666666666666667,0.8665183537263625,0.3586095557150998,0.0644652836456285,0.0715958660000524,0.0007399060000352
synth-conflict,kNN,23,0.8166666666666667,0.8166157265907197,1.679699279640818,0.09,0.0026690949998737,0.0026697680000324
synth-conflict,CART,23,0.75,0.7499305362600722,6.907755278982137,0.25,0.0046134449999044,0.0001916090000122
synth-conflict,RF,23,0.85,0.849624060150376,0.3779059608316146,0.0651666666666666,0.3897013220000644,0.0170302629999241
synth-conflict,SVM,23,0.85,0.8499583217560434,0.3340968696303389,0.0914816806739458,0.0273760689999562,0.001195564999989
synth-conflict,GNB,24,0.8,0.8,0.949084501017318,0.1577307331359329,0.0012482600000112,0.0002633940000578
synth-conflict,MI-WNB,24,0.8666666666666667,0.8660714285714286,0.3431259974759453,0.0863450810266485,0.0458849459998873,0.0002008500000556
synth-conflict,ABD-NB-L,24,0.8833333333333333,0.8830409356725146,0.3682425911089353,0.1244752883192586,0.0087866510000367,0.0002456810000239
synth-conflict,ABD-NB-G,24,0.8666666666666667,0.8660714285714286,0.3876337318888261,0.0967668385379367,0.0083760259999507,0.0002411129999018
synth-conflict,ABD-NB-C,24,0.8666666666666667,0.8660714285714286,0.3890690627102749,0.096711362802013,0.0085234440000476,0.0002931590001935
synth-conflict,LR,24,0.8833333333333333,0.8830409356725146,0.3456664057570415,0.0834040472525714,0.0072843670000111,0.0006421369998861
synth-conflict,kNN,24,0.85,0.848951048951049,1.6173493553866023,0.0733333333333332,0.0023421429998506,0.0022656250000636
synth-conflict,CART,24,0.8333333333333334,0.8333333333333334,4.605170185988091,0.1666666666666666,0.0046274559999801,0.0001874740000857
synth-conflict,RF,24,0.8666666666666667,0.8660714285714286,0.3945393542619365,0.0791666666666666,0.3868365480000193,0.0190237140000135
synth-conflict,SVM,24,0.8833333333333333,0.8830409356725146,0.3209498611366539,0.0886586416384751,0.0273297759999877,0.0013588249998974
synth-conflict,GNB,25,0.7333333333333333,0.7285067873303167,0.7836643623330891,0.1862129968279429,0.0013277329999255,0.0002545469999404
synth-conflict,MI-WNB,25,0.85,0.848951048951049,0.3391542504413913,0.0714975217702817,0.048001104999912,0.0002173089999359
synth-conflict,ABD-NB-L,25,0.8666666666666667,0.8660714285714286,0.332566094497927,0.0710473626506037,0.009614952999982,0.0002812719999383
synth-conflict,ABD-NB-G,25,0.85,0.848951048951049,0.3716620883738266,0.0792679969267812,0.0081148660001417,0.0002624520000154
synth-conflict,ABD-NB-C,25,0.85,0.848951048951049,0.3725843419938965,0.0791739749680073,0.0082574319999366,0.0001749189998463
synth-conflict,LR,25,0.8833333333333333,0.8825174825174825,0.3405793644520478,0.0783107168517605,0.0239095869999346,0.0006913370000347
synth-conflict,kNN,25,0.8333333333333334,0.8331479421579533,1.1980404056176173,0.0433333333333333,0.0025131570000667,0.0022690099999636
synth-conflict,CART,25,0.7333333333333333,0.7330367074527253,7.368272297580946,0.2666666666666667,0.0044817670000156,0.000222573999963
synth-conflict,RF,25,0.8666666666666667,0.8653198653198653,0.3863846576731137,0.0790833333333333,0.3978081149998616,0.0167420959999162
synth-conflict,SVM,25,0.8666666666666667,0.8660714285714286,0.333768587280365,0.1236721237501192,0.0277783599999565,0.0013125580001087
synth-conflict,GNB,26,0.6833333333333333,0.6832453459294248,1.6681827827021256,0.2738376462955716,0.001288772999942,0.0002939859998605
synth-conflict,MI-WNB,26,0.8666666666666667,0.8665183537263625,0.4061373063335303,0.132878584814817,0.0450227780002023,0.0002002400001401
synth-conflict,ABD-NB-L,26,0.8666666666666667,0.8665183537263625,0.427690629491203,0.111942497116596,0.0084362220000002,0.0002327720001176
synth-conflict,ABD-NB-G,26,0.85,0.849624060150376,0.4642917019179849,0.0993078555365603,0.0082990360001531,0.0002099140001519
synth-conflict,ABD-NB-C,26,0.85,0.849624060150376,0.4653549147919686,0.0993760648467393,0.0083458189999419,0.0002483840000877
synth-conflict,LR,26,0.85,0.849624060150376,0.3984122030530793,0.0784484967120652,0.1496677659999932,0.0007781259998864
synth-conflict,kNN,26,0.8166666666666667,0.8166157265907197,0.7900956754143188,0.0333333333333333,0.006706991999863,0.002307404000021
synth-conflict,CART,26,0.7166666666666667,0.7159565580618212,7.828789316179755,0.2833333333333333,0.0086235250000754,0.000207765000141
synth-conflict,RF,26,0.8166666666666667,0.8166157265907197,0.4801846726817976,0.0875,0.4284723230000509,0.0172557680000409
synth-conflict,SVM,26,0.85,0.849624060150376,0.4022867970805925,0.0895489153092142,0.0270924599999489,0.0014773639998111
synth-conflict,GNB,27,0.75,0.7499305362600722,1.2392375317448592,0.2278353811449747,0.0013842120001754,0.000326053000208
synth-conflict,MI-WNB,27,0.9333333333333332,0.9333333333333332,0.1827769999402714,0.0796418418178128,0.0472468030000072,0.0001934700001129
synth-conflict,ABD-NB-L,27,0.9333333333333332,0.9333333333333332,0.1817449893706698,0.0528361564316002,0.0084838979998949,0.0002478859998973
synth-conflict,ABD-NB-G,27,0.9333333333333332,0.9333333333333332,0.1446455007818335,0.0421867059222563,0.0082489060000625,0.0002446280000185
synth-conflict,ABD-NB-C,27,0.9333333333333332,0.9333333333333332,0.144551326559124,0.0423244756006136,0.0084229440001308,0.0002054359999874
synth-conflict,LR,27,0.9166666666666666,0.9166435120866908,0.2126076072602648,0.0992130559382689,0.051337667000098,0.0007897289999618
synth-conflict,kNN,27,0.9333333333333332,0.9333333333333332,0.2281531392130587,0.0599999999999999,0.0025219899998774,0.0022943929998291
synth-conflict,CART,27,0.9333333333333332,0.9333333333333332,1.8420680743952365,0.0666666666666666,0.00460185299994,0.0001895300001706
synth-conflict,RF,27,0.9,0.9,0.2789604188344255,0.1481666666666666,0.4069519879999461,0.0172446910000871
synth-conflict,SVM,27,0.9333333333333332,0.9333333333333332,0.1802229225464561,0.0853411771258378,0.0289664649999394,0.0013726509998832
synth-conflict,GNB,28,0.7833333333333333,0.783273131425396,1.6572866097841463,0.2311772976537863,0.0012331880000147,0.0002551960001255
synth-conflict,MI-WNB,28,0.8166666666666667,0.8166157265907197,0.4927288818676107,0.1376386373550635,0.0471661060000769,0.0002533860001676
synth-conflict,ABD-NB-L,28,0.8166666666666667,0.8166157265907197,0.5297800038349465,0.1270480480224331,0.0086020630001257,0.00022798100008
synth-conflict,ABD-NB-G,28,0.8166666666666667,0.8166157265907197,0.5914090934630628,0.129683998428988,0.0082151379999686,0.0002726029999848
synth-conflict,ABD-NB-C,28,0.8166666666666667,0.8166157265907197,0.5909946818298921,0.1296787020576505,0.0086059280001791,0.0002298899999004
synth-conflict,LR,28,0.8333333333333334,0.8331479421579533,0.4628783920459771,0.111605815478517,0.064855112000032,0.0007981769999787
synth-conflict,kNN,28,0.7666666666666667,0.7664071190211346,2.178799758456171,0.1233333333333333,0.0024867960000847,0.0023427799999353
synth-conflict,CART,28,0.7166666666666667,0.7165879410947485,7.828789316179755,0.2833333333333333,0.0047655880000547,0.0001975929999389
synth-conflict,RF,28,0.7666666666666667,0.7664071190211346,0.50811074766586,0.0956666666666666,0.3916658289999759,0.0174413919999096
synth-conflict,SVM,28,0.7833333333333333,0.783273131425396,0.4981214505918521,0.1404187831774773,0.0272329449999233,0.0013659950000146
synth-conflict,GNB,29,0.7,0.696969696969697,1.273727650554496,0.2378924357943098,0.0013342979998469,0.0002995350000674
synth-conflict,MI-WNB,29,0.9333333333333332,0.9333333333333332,0.2325852169066499,0.0543964324176849,0.0460802110001168,0.0002393380000285
synth-conflict,ABD-NB-L,29,0.9,0.9,0.2407207414950967,0.0753970235724567,0.0087210730000606,0.0002589599998827
synth-conflict,ABD-NB-G,29,0.9333333333333332,0.9333333333333332,0.2218331451025192,0.0646708098353084,0.0084092760000658,0.0002932180000243
synth-conflict,ABD-NB-C,29,0.9333333333333332,0.9333333333333332,0.2217954694234989,0.0514473652813859,0.0084881029999905,0.0002086750000671
synth-conflict,LR,29,0.95,0.9499861072520144,0.246878685167973,0.0990033358293805,0.0747805130001779,0.000870986000109
synth-conflict,kNN,29,0.8833333333333333,0.883300916921367,1.1470358923727582,0.0833333333333332,0.002518708000025,0.0023002220000307
synth-conflict,CART,29,0.85,0.8499583217560434,4.144653167389282,0.15,0.0048465689999375,0.0002292130000114
synth-conflict,RF,29,0.9166666666666666,0.9164578111946532,0.3092028754306627,0.1473333333333334,0.4529787120000037,0.0165199169998686
synth-conflict,SVM,29,0.9333333333333332,0.9332591768631812,0.236946803557279,0.0551820021164106,0.028115618999891,0.0012618969999493
synth-classdep,GNB,0,0.6833333333333333,0.6825396825396826,0.7196766271676929,0.1738247357775854,0.001341770999943,0.00025487899984
synth-classdep,MI-WNB,0,0.65,0.6491228070175439,0.6241426154834236,0.1270917974900092,0.0427528320001329,0.0002026009999553
synth-classdep,ABD-NB-L,0,0.7,0.6986607142857143,0.6459625574174398,0.1451827054322349,0.0082311529999969,0.0002234499997939
synth-classdep,ABD-NB-G,0,0.7166666666666667,0.7146853146853147,0.644316007589448,0.1953508109543374,0.0075966609999795,0.0002888730000449
synth-classdep,ABD-NB-C,0,0.4,0.3993325917686318,1.2577327470712365,0.4324893855300341,0.0078677120000065,0.0002006079998864
synth-classdep,LR,0,0.6166666666666667,0.6113770768797522,0.6277749368422589,0.0857262781942207,0.0055556699999215,0.0006761229999483
synth-classdep,kNN,0,0.9666666666666668,0.9666295884315907,0.5629860430400531,0.0799999999999999,0.0024928610000642,0.0025298529999417
synth-classdep,CART,0,0.8333333333333334,0.8325892857142857,4.605170185988091,0.1666666666666666,0.0049140250000618,0.0002253520001431
synth-classdep,RF,0,0.9666666666666668,0.9666295884315907,0.2306513158403546,0.1533333333333333,0.3922185419999096,0.0168939809998391
synth-classdep,SVM,0,0.9666666666666668,0.9666295884315907,0.1043751158067773,0.0287701601836486,0.0333661409999876,0.0013090329998703
synth-classdep,GNB,1,0.5666666666666667,0.5588235294117647,0.8812334830118733,0.2852638106194525,0.0012697959998604,0.0002802770000016
synth-classdep,MI-WNB,1,0.5666666666666667,0.5661846496106786,0.7051480902340311,0.1614344083780368,0.0426845930001036,0.000208030000067
synth-classdep,ABD-NB-L,1,0.5833333333333334,0.5775837792171219,0.7374394754127367,0.1674080752487107,0.0080106830000659,0.0002385120001235
synth-classdep,ABD-NB-G,1,0.5666666666666667,0.5622895622895623,0.737195201348854,0.1840734723441329,0.0081220930001109,0.0002072940001198
synth-classdep,ABD-NB-C,1,0.3333333333333333,0.3303571428571428,1.6774020537700869,0.5224335803696429,0.0083246149999922,0.0002611760000945
synth-classdep,LR,1,0.5833333333333334,0.5804195804195804,0.6806965176731823,0.1196178961232597,0.0309588519999124,0.0007107970000106
synth-classdep,kNN,1,0.9333333333333332,0.9330357142857144,0.1752957596858326,0.04,0.0065567510000619,0.0068653040000299
synth-classdep,CART,1,0.9166666666666666,0.9166435120866908,2.302585092994045,0.0833333333333333,0.013045816000158,0.000212989999909
synth-classdep,RF,1,0.9666666666666668,0.9666295884315907,0.2449327623777484,0.1720833333333333,0.4053795419999915,0.0167777589999786
synth-classdep,SVM,1,0.9666666666666668,0.9666295884315907,0.1128551434134584,0.0629558820218811,0.0329587390001506,0.0013842700000168
synth-classdep,GNB,2,0.6166666666666667,0.6113770768797522,0.7800451428042265,0.1902279454386476,0.0012256590000561,0.0002519240001674
synth-classdep,MI-WNB,2,0.65,0.6419437340153453,0.6334371662150808,0.0839080976518459,0.042391329000111,0.0001921460000176
synth-classdep,ABD-NB-L,2,0.6166666666666667,0.6113770768797522,0.6767227736370461,0.1302011369094806,0.0079714180001246,0.0002458869998918
synth-classdep,ABD-NB-G,2,0.6333333333333333,0.6266968325791855,0.6772573739957174,0.1499247972700072,0.0079138319999856,0.0002408190000551
synth-classdep,ABD-NB-C,2,0.4833333333333333,0.4831897749374826,1.4093916567028937,0.3987385426891238,0.0080328080000526,0.0001948740000443
synth-classdep,LR,2,0.6166666666666667,0.6113770768797522,0.661842095315272,0.1133580714248992,0.0715388749999874,0.0007882820000304
synth-classdep,kNN,2,1.0,1.0,0.1068684502051516,0.0899999999999999,0.0105975480000779,0.011089284000036
synth-classdep,CART,2,0.9,0.899888765294772,2.763102111592855,0.0999999999999999,0.0207199909998507,0.0002216020000105
synth-classdep,RF,2,0.9833333333333332,0.9832915622389308,0.1944435261569767,0.1459166666666667,0.3931131229999209,0.0170643920000657
synth-classdep,SVM,2,0.9833333333333332,0.9832915622389308,0.0480512182216327,0.0155913982548706,0.0340221700000711,0.0014246369999
synth-classdep,GNB,3,0.6,0.5995550611790879,0.9531009778694486,0.2320181688317705,0.0012415339999733,0.0003017659998931
synth-classdep,MI-WNB,3,0.5833333333333334,0.5822890559732665,0.7850322926678907,0.1764587932677899,0.0415697629998703,0.0002349649998905
synth-classdep,ABD-NB-L,3,0.6,0.5995550611790879,0.8028893551039206,0.1853105730775816,0.0083157509998272,0.000335090000135
synth-classdep,ABD-NB-G,3,0.5833333333333334,0.5832175604334537,0.8054301502973473,0.1616072018440784,0.0076959700002134,0.0002108099999986
synth-classdep,ABD-NB-C,3,0.3833333333333333,0.3831619894415115,1.2753359253051229,0.4332220303416624,0.0079148700001496,0.0002200320000156
synth-classdep,LR,3,0.5666666666666667,0.5622895622895623,0.6914733922555834,0.1558892101531365,0.052822118999984,0.0007502949999889
synth-classdep,kNN,3,0.95,0.949874686716792,0.1888893124211777,0.0866666666666667,0.0064382739999473,0.0025529859999551
synth-classdep,CART,3,0.8333333333333334,0.8331479421579533,4.605170185988091,0.1666666666666666,0.0090053250000892,0.0002179670000259
synth-classdep,RF,3,0.9666666666666668,0.9666666666666668,0.2608787238043629,0.1773333333333334,0.4553903589999208,0.0174226309998175
synth-classdep,SVM,3,0.9833333333333332,0.9832915622389308,0.0731251429911571,0.0371763087623937,0.035655886999848,0.0020818880000206
synth-classdep,GNB,4,0.6166666666666667,0.6165601555987774,1.1004431814161657,0.2387360461769398,0.0012546990001283,0.0002991619999193
synth-classdep,MI-WNB,4,0.6833333333333333,0.6832453459294248,0.7588689146492165,0.1692725252600137,0.0435899629999312,0.0002853679998224
synth-classdep,ABD-NB-L,4,0.6166666666666667,0.6165601555987774,0.8712557421472733,0.1820674860946647,0.0083321199999772,0.0002219340001374
synth-classdep,ABD-NB-G,4,0.6166666666666667,0.6165601555987774,0.870266034594156,0.2025443491657231,0.0090471490000254,0.0001819209999212
synth-classdep,ABD-NB-C,4,0.4333333333333333,0.4333333333333333,1.4663772817835827,0.4595518751695964,0.0079577249998692,0.0001990060000025
synth-classdep,LR,4,0.6333333333333333,0.6333333333333333,0.6835173882915355,0.2479772306648056,0.0734105379999618,0.0007881139999881
synth-classdep,kNN,4,1.0,1.0,0.0824028110358116,0.0699999999999999,0.0066266900000755,0.0067123739997896
synth-classdep,CART,4,0.9166666666666666,0.9155167558434244,2.302585092994045,0.0833333333333333,0.0135884589999477,0.0002449850001084
synth-classdep,RF,4,0.9833333333333332,0.9832915622389308,0.1878749152650866,0.1639166666666666,0.4056688269999995,0.0170809749999989
synth-classdep,SVM,4,1.0,1.0,0.0322119477191836,0.0294504974279798,0.0331399880001299,0.0013583719999132
synth-classdep,GNB,5,0.7333333333333333,0.7285067873303167,0.539041865084489,0.1053173786319081,0.0012700290001248,0.0002618959999836
synth-classdep,MI-WNB,5,0.6833333333333333,0.6789636722050126,0.5513084347152445,0.1044104563021044,0.0424967149999702,0.0002047329999186
synth-classdep,ABD-NB-L,5,0.7333333333333333,0.7285067873303167,0.5271257637249464,0.0443912736955504,0.0079367309999724,0.0002161949998935
synth-classdep,ABD-NB-G,5,0.7333333333333333,0.7285067873303167,0.5281750503302435,0.0348612246289721,0.0077355780001653,0.000247563999892
synth-classdep,ABD-NB-C,5,0.4333333333333333,0.4230769230769231,1.1039841923072589,0.4001139541749851,0.0080250630001046,0.000221700999873
synth-classdep,LR,5,0.7333333333333333,0.7306397306397306,0.5582113110902233,0.0883601683789197,0.0213270350000129,0.0006803400001444
synth-classdep,kNN,5,1.0,1.0,0.0627318730740013,0.0533333333333333,0.0024234479999449,0.0025356369999371
synth-classdep,CART,5,0.9166666666666666,0.9155167558434244,2.302585092994045,0.0833333333333333,0.004722466999965,0.0001894560000437
synth-classdep,RF,5,1.0,1.0,0.1814093908974901,0.1560833333333333,0.3878744199998891,0.0165381119998073
synth-classdep,SVM,5,0.9833333333333332,0.9832915622389308,0.0334296084650684,0.0268078428401365,0.0333321290002004,0.0014648339999894
synth-classdep,GNB,6,0.7666666666666667,0.7664071190211346,0.5464771948613143,0.1709519650201616,0.0013854229998742,0.0002690259998416
synth-classdep,MI-WNB,6,0.7,0.6986607142857143,0.5787455797233179,0.0615070209332193,0.0432098680000763,0.0001964830000815
synth-classdep,ABD-NB-L,6,0.7833333333333333,0.783273131425396,0.522611982987554,0.1346727234295961,0.0086857030000828,0.0004552970001441
synth-classdep,ABD-NB-G,6,0.8,0.8,0.522489466626317,0.1628621822715812,0.0082779000001664,0.0002585859999726
synth-classdep,ABD-NB-C,6,0.4833333333333333,0.4831897749374826,1.4549518814362696,0.4347641610871207,0.0085624529999677,0.0003000369999881
synth-classdep,LR,6,0.6833333333333333,0.6825396825396826,0.5822644698579922,0.0782234704048218,0.0170093449999058,0.0006790530001126
synth-classdep,kNN,6,0.9833333333333332,0.9832915622389308,0.0620515064986637,0.0299999999999999,0.0024785870000414,0.0024924379999902
synth-classdep,CART,6,0.9,0.898989898989899,2.763102111592855,0.0999999999999999,0.0046845720000874,0.0002231190001111
synth-classdep,RF,6,1.0,1.0,0.1843182852320803,0.1610833333333333,0.3948539019997952,0.0177093920001425
synth-classdep,SVM,6,0.9833333333333332,0.9832915622389308,0.0495475826076616,0.0256594269314382,0.0340469720001692,0.0014306450000276
synth-classdep,GNB,7,0.6333333333333333,0.6329254727474972,0.88346469663619,0.2090729152562914,0.0013002169998799,0.0002668469999207
synth-classdep,MI-WNB,7,0.6833333333333333,0.6811188811188811,0.6462639017346433,0.0958800677816992,0.0417772430000695,0.0002051050000773
synth-classdep,ABD-NB-L,7,0.6333333333333333,0.6329254727474972,0.7351111155917717,0.1483892463447829,0.0091521740000644,0.0003130430000055
synth-classdep,ABD-NB-G,7,0.6333333333333333,0.6329254727474972,0.7351488773394342,0.1306619962995705,0.0087901420001799,0.0003187820000221
synth-classdep,ABD-NB-C,7,0.4,0.3993325917686318,1.5605126113807095,0.4333920923496596,0.0087944749998314,0.0002217850001215
synth-classdep,LR,7,0.6666666666666666,0.6662958843159066,0.6638599762966834,0.0790853692975418,0.0316599660000065,0.0007795960000294
synth-classdep,kNN,7,0.95,0.9499861072520144,0.1371263834692411,0.0333333333333333,0.0025333250000585,0.0031925769999361
synth-classdep,CART,7,0.8666666666666667,0.8665183537263625,3.684136148790473,0.1333333333333333,0.0048605940000925,0.0001949590000549
synth-classdep,RF,7,0.9833333333333332,0.9833287024173382,0.2197681676797124,0.1648333333333333,0.4638517969999611,0.0163185070000508
synth-classdep,SVM,7,0.95,0.9499861072520144,0.0698426705679803,0.0494502192473305,0.0342049639998549,0.0017048340000656
synth-classdep,GNB,8,0.6333333333333333,0.6329254727474972,0.946111013916108,0.1881776264409553,0.0013803599999846,0.0002610429999094
synth-classdep,MI-WNB,8,0.65,0.6475524475524476,0.7606200253688918,0.160846441926401,0.0456249769999885,0.0002465569998548
synth-classdep,ABD-NB-L,8,0.6333333333333333,0.6329254727474972,0.7965302828849846,0.1450819200742366,0.0086704010000175,0.0002701969999634
synth-classdep,ABD-NB-G,8,0.6333333333333333,0.6329254727474972,0.7985187717269593,0.1566889852271607,0.0093068159999347,0.0002800070001285
synth-classdep,ABD-NB-C,8,0.3333333333333333,0.3333333333333333,1.6029220842192065,0.5026522685677768,0.0097478929999397,0.0002489880000666
synth-classdep,LR,8,0.6333333333333333,0.6266968325791855,0.7060048993735878,0.2277527792821301,0.0353462530001706,0.0007328970000344
synth-classdep,kNN,8,0.9666666666666668,0.9666295884315907,0.145640143865341,0.0499999999999999,0.0025869460000649,0.0026588329999412
synth-classdep,CART,8,0.8333333333333334,0.8325892857142857,4.605170185988091,0.1666666666666666,0.0048071030000755,0.0001990749999549
synth-classdep,RF,8,0.9666666666666668,0.9666666666666668,0.24848778186822,0.1720833333333333,0.396320457999991,0.0186139119998642
synth-classdep,SVM,8,0.9666666666666668,0.9666295884315907,0.057155846851869,0.0454163176620597,0.0350541759999032,0.0017823470000166
synth-classdep,GNB,9,0.65,0.6491228070175439,0.6238778895005991,0.1971831980433566,0.0014349069999752,0.0003052030001526
synth-classdep,MI-WNB,9,0.6333333333333333,0.6316964285714286,0.6055263671425888,0.0735402210781644,0.0481428599998707,0.0002346189999116
synth-classdep,ABD-NB-L,9,0.65,0.6491228070175439,0.5774968286376247,0.1312148767639953,0.0089781920000859,0.0002190719999362
synth-classdep,ABD-NB-G,9,0.6666666666666666,0.6651785714285714,0.5777180673275399,0.1141391063949014,0.0087152389999118,0.0002570990000094
synth-classdep,ABD-NB-C,9,0.4166666666666667,0.4152046783625731,1.2637881510608322,0.3959189305124716,0.0116104420001192,0.0003882549999616
synth-classdep,LR,9,0.6833333333333333,0.6825396825396826,0.5937346226271192,0.0567067951453768,0.0413627810000889,0.0007318349998968
synth-classdep,kNN,9,0.95,0.9499861072520144,0.1242131973092336,0.01,0.0067120080000222,0.0069797919998109
synth-classdep,CART,9,0.8666666666666667,0.8660714285714286,3.684136148790473,0.1333333333333333,0.0091487740000957,0.000332391000029
synth-classdep,RF,9,0.9666666666666668,0.9666295884315907,0.2149608049189154,0.1675,0.420643415999848,0.0189383300000827
synth-classdep,SVM,9,0.9666666666666668,0.9666295884315907,0.1026813286889944,0.0465893421427129,0.0338919719999921,0.0014546840000093
synth-classdep,GNB,10,0.6666666666666666,0.6662958843159066,0.6795907276089218,0.1442665129139795,0.0014220399998521,0.0003565590000107
synth-classdep,MI-WNB,10,0.5833333333333334,0.5822890559732665,0.6301238348545289,0.1391544821899862,0.0434407650000139,0.0002174730000206
synth-classdep,ABD-NB-L,10,0.6666666666666666,0.6662958843159066,0.618724161644892,0.0874222850146474,0.0089459150001403,0.0002814480001234
synth-classdep,ABD-NB-G,10,0.65,0.6499027507641011,0.6198454258661549,0.0933228148734146,0.0085354199998164,0.0002767360001598
synth-classdep,ABD-NB-C,10,0.3833333333333333,0.3831619894415115,1.4749639354903228,0.4539859557998944,0.0085897580001983,0.0002948179999293
synth-classdep,LR,10,0.6166666666666667,0.613986013986014,0.6263811834127295,0.1236756927045075,0.0407356679997974,0.0007676869997794
synth-classdep,kNN,10,0.9166666666666666,0.9166435120866908,0.2008558494304621,0.0166666666666666,0.0066942149999249,0.0070467909999933
synth-classdep,CART,10,0.7833333333333333,0.783273131425396,5.986721241784519,0.2166666666666666,0.0093075960000987,0.0002671710001322
synth-classdep,RF,10,0.9166666666666666,0.9164578111946532,0.2879842811179427,0.1470833333333333,0.4262662199998885,0.0170005270001638
synth-classdep,SVM,10,0.9166666666666666,0.9166435120866908,0.1766195326979353,0.0502983553712095,0.0339926650001416,0.0015749579999919
synth-classdep,GNB,11,0.7333333333333333,0.7333333333333333,0.5755373887879663,0.1357203496984718,0.0014293199999428,0.0003551759998572
synth-classdep,MI-WNB,11,0.7166666666666667,0.7159565580618212,0.5787484741436921,0.1010451742766616,0.0481462919999557,0.0002290009999796
synth-classdep,ABD-NB-L,11,0.7333333333333333,0.7333333333333333,0.5458403778737612,0.1410613424740335,0.0089149419998193,0.0003121939998891
synth-classdep,ABD-NB-G,11,0.7333333333333333,0.7333333333333333,0.542347762632595,0.1504431726773193,0.0100616309998713,0.0002853010000762
synth-classdep,ABD-NB-C,11,0.4333333333333333,0.4327030033370411,1.2228468262181726,0.418557865804924,0.0098449380000147,0.0002535839998927
synth-classdep,LR,11,0.6666666666666666,0.6651785714285714,0.5814752133786789,0.1831456498350307,0.0321666140000616,0.000778382000135
synth-classdep,kNN,11,1.0,1.0,0.0786837518472414,0.0666666666666666,0.0068226299999878,0.0068814520000159
synth-classdep,CART,11,0.8666666666666667,0.8665183537263625,3.684136148790473,0.1333333333333333,0.0089770320000752,0.0003255389999594
synth-classdep,RF,11,1.0,1.0,0.1902846542736617,0.1652499999999999,0.4193445210000845,0.0164156870000624
synth-classdep,SVM,11,1.0,1.0,0.0182681874595293,0.0162582079380006,0.0333371489998626,0.00159653899982
synth-classdep,GNB,12,0.5833333333333334,0.5832175604334537,1.0277815788593712,0.2551681430257915,0.0013098540000555,0.0002597459999833
synth-classdep,MI-WNB,12,0.55,0.5488721804511278,0.7324827859675705,0.1373535822912718,0.0421985109999241,0.0002461610001773
synth-classdep,ABD-NB-L,12,0.5833333333333334,0.5832175604334537,0.8340203964920396,0.21477524976835,0.008035252999889,0.0002719090000482
synth-classdep,ABD-NB-G,12,0.5833333333333334,0.5832175604334537,0.8409827899840789,0.2098288258936692,0.0084799030000795,0.0002438569999867
synth-classdep,ABD-NB-C,12,0.4,0.3973214285714286,1.3929952750407677,0.4272114878734287,0.008203911999999,0.0002896710000186
synth-classdep,LR,12,0.55,0.5468531468531468,0.7075345312637846,0.1389456535284689,0.0513583899999048,0.0008669119999922
synth-classdep,kNN,12,0.9,0.8995535714285714,0.1761831682611461,0.0499999999999999,0.0028068330000223,0.0068800550000105
synth-classdep,CART,12,0.7833333333333333,0.7827903091060986,5.986721241784519,0.2166666666666666,0.0092950660000497,0.000248934999945
synth-classdep,RF,12,0.9666666666666668,0.9666295884315907,0.259439865331598,0.1715833333333333,0.4121358029999555,0.0182397440000841
synth-classdep,SVM,12,0.95,0.949874686716792,0.1080248786943715,0.0604296755766869,0.033413677999988,0.0014733170000909
synth-classdep,GNB,13,0.55,0.5488721804511278,0.9208777313065049,0.2547874285152802,0.0014092510000409,0.0002623440000206
synth-classdep,MI-WNB,13,0.55,0.5498749652681301,0.6973424318417775,0.1712901657323457,0.043943008000042,0.0002243419999103
synth-classdep,ABD-NB-L,13,0.5666666666666667,0.5661846496106786,0.7688216770230911,0.1768962193641825,0.0083167109999067,0.0002771479998955
synth-classdep,ABD-NB-G,13,0.5666666666666667,0.5647321428571428,0.7690004992057318,0.204135417840665,0.008059613000114,0.0003680119998534
synth-classdep,ABD-NB-C,13,0.3666666666666666,0.3659621802002225,1.340812362968164,0.4557517325387474,0.0081456270002036,0.0002597889999833
synth-classdep,LR,13,0.6166666666666667,0.6165601555987774,0.6920449326645725,0.1613819091073747,0.0407372130000567,0.0007789510000293
synth-classdep,kNN,13,0.9666666666666668,0.9665178571428572,0.5496775814364235,0.07,0.0068033779998586,0.0073405240000283
synth-classdep,CART,13,0.85,0.849624060150376,4.144653167389282,0.15,0.0092255720001048,0.000304916999994
synth-classdep,RF,13,0.9833333333333332,0.9832915622389308,0.1941484628744857,0.1508333333333333,0.4004628870000033,0.0161996589999944
synth-classdep,SVM,13,0.9833333333333332,0.9832915622389308,0.0704110697545343,0.0167063177012215,0.032884284000147,0.0014190490001055
synth-classdep,GNB,14,0.5833333333333334,0.5804195804195804,1.0083069242443867,0.29909010782538,0.0012846219999573,0.0002993969999351
synth-classdep,MI-WNB,14,0.5666666666666667,0.5588235294117647,0.7533372013346449,0.1788403169787083,0.0423506429999633,0.0001980669999284
synth-classdep,ABD-NB-L,14,0.5666666666666667,0.5622895622895623,0.8213898900422476,0.216892356130561,0.0082769989999178,0.0002591630000097
synth-classdep,ABD-NB-G,14,0.5666666666666667,0.5622895622895623,0.8190318410290075,0.2166861223412048,0.0081833509998432,0.0002667890000793
synth-classdep,ABD-NB-C,14,0.3166666666666666,0.3118881118881119,1.5421795764174029,0.5300091888021884,0.0079671849998703,0.0002178189999995
synth-classdep,LR,14,0.5833333333333334,0.5804195804195804,0.6966496282546876,0.1499663843923193,0.0494854510000095,0.0007850599999983
synth-classdep,kNN,14,0.9333333333333332,0.9330357142857144,0.1413375757895028,0.0833333333333333,0.0066846559998339,0.0067872209999677
synth-classdep,CART,14,0.8833333333333333,0.8825174825174825,3.223619130191664,0.1166666666666667,0.0128188720000252,0.0002801540001655
synth-classdep,RF,14,0.9333333333333332,0.9332591768631812,0.2654919870862237,0.1831666666666666,0.3940776950000781,0.0170120560001123
synth-classdep,SVM,14,0.95,0.9496503496503496,0.0839177776839434,0.0545903115258568,0.0315054400000462,0.0013718919999519
synth-classdep,GNB,15,0.5833333333333334,0.5822890559732665,0.990734148786189,0.3045251174881321,0.0012403399998675,0.0002527799999825
synth-classdep,MI-WNB,15,0.5666666666666667,0.5647321428571428,0.7831309851698575,0.1667289371411442,0.0414467139999032,0.00022823900008
synth-classdep,ABD-NB-L,15,0.5833333333333334,0.5804195804195804,0.8210538153298828,0.2442607494994204,0.0081776979998267,0.0002517479999823
synth-classdep,ABD-NB-G,15,0.5833333333333334,0.5804195804195804,0.8242822543202799,0.2115723499711105,0.0088712130000203,0.0003577560000849
synth-classdep,ABD-NB-C,15,0.4,0.3993325917686318,1.555511827246125,0.4625145928307675,0.0081595190001735,0.0002920249999078
synth-classdep,LR,15,0.55,0.5468531468531468,0.7092158076270735,0.1154781959075295,0.0414843789999395,0.0007714089999808
synth-classdep,kNN,15,0.9666666666666668,0.9665178571428572,0.1177405366391464,0.0533333333333333,0.0024866600001587,0.0026991080001153
synth-classdep,CART,15,0.8166666666666667,0.8162071846282373,5.0656872045869,0.1833333333333333,0.0047880950000944,0.0002033359999131
synth-classdep,RF,15,1.0,1.0,0.2403798983777853,0.2038333333333333,0.3846808289999899,0.0168492469999819
synth-classdep,SVM,15,0.9833333333333332,0.9832915622389308,0.0470900275835947,0.0161484292771741,0.0333397250001326,0.0013786580000214
synth-classdep,GNB,16,0.75,0.7499305362600722,0.6453594068759645,0.1027190467647077,0.0012706250001883,0.0002706959999159
synth-classdep,MI-WNB,16,0.75,0.7493734335839599,0.6138017680426275,0.182536045945953,0.042581200999848,0.0002008830001614
synth-classdep,ABD-NB-L,16,0.75,0.7499305362600722,0.5912979979450098,0.0935470323965406,0.0080634470000404,0.0002683509999314
synth-classdep,ABD-NB-G,16,0.7666666666666667,0.7664071190211346,0.5940251429150841,0.1382586350660827,0.0080373670000426,0.000244887000008
synth-classdep,ABD-NB-C,16,0.4833333333333333,0.4820384294068504,1.1396401134844814,0.3449114646425548,0.0079517589999795,0.0003221950000806
synth-classdep,LR,16,0.7166666666666667,0.7146853146853147,0.5994300113889612,0.107426312208912,0.0232367090000025,0.0006909159999395
synth-classdep,kNN,16,0.9833333333333332,0.9833287024173382,0.0762473766776068,0.0299999999999999,0.0024209079999764,0.0025623129999985
synth-classdep,CART,16,0.9166666666666666,0.9164578111946532,2.302585092994045,0.0833333333333333,0.0047145600001385,0.0001935029999913
synth-classdep,RF,16,1.0,1.0,0.1776361067345847,0.1554166666666666,0.4185255079999024,0.0169222170000011
synth-classdep,SVM,16,0.9833333333333332,0.9833287024173382,0.0300932671118571,0.0219372471310223,0.0348735420000139,0.0014668859998892
synth-classdep,GNB,17,0.6166666666666667,0.6165601555987774,0.9556373767175886,0.2561220778966976,0.0013081820000024,0.000258733999999
synth-classdep,MI-WNB,17,0.65,0.6491228070175439,0.7136806680002119,0.2185533452572997,0.0427861599998777,0.0002135629999884
synth-classdep,ABD-NB-L,17,0.6333333333333333,0.6329254727474972,0.7890194286899945,0.1917496384144503,0.0080814810000902,0.0002838259999862
synth-classdep,ABD-NB-G,17,0.6333333333333333,0.6329254727474972,0.7886131428547543,0.2121264307898345,0.0080304670000259,0.0002254379999158
synth-classdep,ABD-NB-C,17,0.35,0.3483709273182957,1.578625956552131,0.5015311585464631,0.0078352949999498,0.0002938630000244
synth-classdep,LR,17,0.5666666666666667,0.5661846496106786,0.6847281470539393,0.1202850757487208,0.0630722880000576,0.0007852639998873
synth-classdep,kNN,17,0.9166666666666666,0.9164578111946532,0.5969630354927128,0.0333333333333333,0.0064940360000491,0.0026079130000198
synth-classdep,CART,17,0.85,0.848951048951049,4.144653167389282,0.15,0.0085069619999558,0.0002257419998841
synth-classdep,RF,17,0.9666666666666668,0.9666666666666668,0.236136457466103,0.1435,0.4521363400001519,0.0177160460000322
synth-classdep,SVM,17,0.9333333333333332,0.9332591768631812,0.1504226313061447,0.0439699087239333,0.0381446940000387,0.0014740560000063
synth-classdep,GNB,18,0.6833333333333333,0.6832453459294248,0.6599117207013655,0.1605760271754438,0.0013361649998842,0.0003067949999149
synth-classdep,MI-WNB,18,0.7,0.6986607142857143,0.5998814417769059,0.0875623262849249,0.0459473839998736,0.0002219160001004
synth-classdep,ABD-NB-L,18,0.6833333333333333,0.6832453459294248,0.5979334588996684,0.1583939979751477,0.008212844999889,0.0002582399999937
synth-classdep,ABD-NB-G,18,0.7,0.699666295884316,0.5995347391500461,0.1655077969356174,0.0081374420001338,0.0002249029998893
synth-classdep,ABD-NB-C,18,0.5,0.5,1.223388916714852,0.3820152375405082,0.0096115700000609,0.0003688949998377
synth-classdep,LR,18,0.6833333333333333,0.6811188811188811,0.5881085203788489,0.0748457929452,0.0331652120000853,0.0007593499999529
synth-classdep,kNN,18,0.9833333333333332,0.9833287024173382,0.0849493705173526,0.0466666666666666,0.0065030709999973,0.0025417219999326
synth-classdep,CART,18,0.8833333333333333,0.8830409356725146,3.223619130191664,0.1166666666666667,0.0125533689999883,0.0002296360000855
synth-classdep,RF,18,0.9833333333333332,0.9833287024173382,0.1838977815342823,0.1598333333333333,0.4169030309999471,0.0185166090000166
synth-classdep,SVM,18,1.0,1.0,0.0181275338416174,0.0170658477229652,0.0367826660001355,0.0014755159998003
synth-classdep,GNB,19,0.7166666666666667,0.7159565580618212,0.5607514663522281,0.0564215749501912,0.001428659999874,0.0002855440000075
synth-classdep,MI-WNB,19,0.75,0.7499305362600722,0.5527357028456713,0.100305961424087,0.0431700619999446,0.0001995039999656
synth-classdep,ABD-NB-L,19,0.7166666666666667,0.7159565580618212,0.5440673809072075,0.1012427711155772,0.0078925069999513,0.0002845210001396
synth-classdep,ABD-NB-G,19,0.7166666666666667,0.7159565580618212,0.5420258742961104,0.1076234282388116,0.0084172079998552,0.0002605740000944
synth-classdep,ABD-NB-C,19,0.4166666666666667,0.4125874125874126,1.6044413231031305,0.4912009485694922,0.0086230389999855,0.0001978870000129
synth-classdep,LR,19,0.7166666666666667,0.7165879410947485,0.5616873880286501,0.1127047730566075,0.0327765140000337,0.0008024080000268
synth-classdep,kNN,19,0.9833333333333332,0.9832167832167832,0.0880849208186548,0.0533333333333332,0.0108052160001079,0.0068936829998165
synth-classdep,CART,19,0.7833333333333333,0.7818181818181819,5.986721241784519,0.2166666666666666,0.008946460000061,0.0002426379999178
synth-classdep,RF,19,1.0,1.0,0.2100743405940449,0.1808333333333333,0.4274434290000499,0.0169283720001658
synth-classdep,SVM,19,0.9833333333333332,0.9832167832167832,0.0365138120841839,0.0283410462760496,0.0328391159998773,0.0014323610000701
synth-classdep,GNB,20,0.6833333333333333,0.6811188811188811,0.8215176652870892,0.2032711036126159,0.0016429940001216,0.0002672120001534
synth-classdep,MI-WNB,20,0.65,0.6491228070175439,0.7204688199671204,0.1839928239068114,0.0442914079999354,0.0002174299997932
synth-classdep,ABD-NB-L,20,0.7,0.6986607142857143,0.7038830552900922,0.1746671826675438,0.0081065219999345,0.0002562140000463
synth-classdep,ABD-NB-G,20,0.7,0.6986607142857143,0.6965808647298547,0.1747146401660581,0.0080946030000177,0.0002176930001951
synth-classdep,ABD-NB-C,20,0.3666666666666666,0.3638392857142857,1.3417757264220322,0.4665683606685863,0.0083191819999228,0.0002226429999154
synth-classdep,LR,20,0.65,0.6491228070175439,0.6487838949927881,0.0886610758029098,0.0372464439999475,0.000720160000128
synth-classdep,kNN,20,0.95,0.9499861072520144,0.528250634880316,0.07,0.006954209000014,0.0068245859999933
synth-classdep,CART,20,0.8166666666666667,0.8166157265907197,5.0656872045869,0.1833333333333333,0.0129767690000335,0.0002539299998716
synth-classdep,RF,20,0.9333333333333332,0.9332591768631812,0.2533267307768481,0.1305833333333333,0.4366728519999014,0.0199206560000675
synth-classdep,SVM,20,0.9666666666666668,0.9666295884315907,0.09685442010463,0.0346754204861154,0.0332652320000761,0.0014558770001258
synth-classdep,GNB,21,0.5833333333333334,0.5832175604334537,1.0154722808494423,0.2465654131400241,0.0015007590000095,0.0002911910000875
synth-classdep,MI-WNB,21,0.5833333333333334,0.5832175604334537,0.7548763854040246,0.1775293845548304,0.0446484779999991,0.0001988730000448
synth-classdep,ABD-NB-L,21,0.5833333333333334,0.5832175604334537,0.82940533284767,0.1834997256739594,0.0084994289998121,0.0002829370000654
synth-classdep,ABD-NB-G,21,0.5833333333333334,0.5832175604334537,0.8304421645014551,0.1683179295957752,0.0084381730000586,0.0002550140000039
synth-classdep,ABD-NB-C,21,0.4333333333333333,0.4333333333333333,1.4013353183447257,0.4652764472312275,0.0084566519999498,0.0003110039999683
synth-classdep,LR,21,0.5666666666666667,0.5666666666666667,0.7098331481928378,0.110740648393967,0.0565729080001347,0.0007955139999467
synth-classdep,kNN,21,0.95,0.9499861072520144,0.1415258092331489,0.0499999999999999,0.0068620680001458,0.0070998099999997
synth-classdep,CART,21,0.8833333333333333,0.883300916921367,3.223619130191664,0.1166666666666667,0.0086515259999941,0.0002760980000857
synth-classdep,RF,21,0.9166666666666666,0.9166435120866908,0.2500806913641298,0.1384166666666666,0.4440838990001339,0.0200949379998292
synth-classdep,SVM,21,0.9666666666666668,0.9666295884315907,0.0867606657365756,0.0438609848491185,0.036079976999872,0.0016893179999897
synth-classdep,GNB,22,0.6166666666666667,0.6157059314954052,0.8807794292084481,0.196065336808277,0.0014692170000216,0.0003502679999201
synth-classdep,MI-WNB,22,0.5666666666666667,0.5661846496106786,0.7380212914242964,0.1698095020160121,0.049749199999951,0.0002796969999963
synth-classdep,ABD-NB-L,22,0.6166666666666667,0.6157059314954052,0.7496189789453446,0.1571063186357424,0.0117410059999656,0.0003152300000692
synth-classdep,ABD-NB-G,22,0.6166666666666667,0.6157059314954052,0.7522034549949089,0.1571948003869211,0.0089981009998609,0.0003483269999833
synth-classdep,ABD-NB-C,22,0.45,0.4486215538847117,1.405155551254222,0.3935416662007756,0.011653903000024,0.0004634040001292
synth-classdep,LR,22,0.5666666666666667,0.5661846496106786,0.7219994351468839,0.0951764107613793,0.0406117509999148,0.0009045979998063
synth-classdep,kNN,22,1.0,1.0,0.1175334946391705,0.0966666666666666,0.0027231340000071,0.0070436640000934
synth-classdep,CART,22,0.7666666666666667,0.7664071190211346,6.447238260383328,0.2333333333333332,0.0093195040001319,0.0003514069999255
synth-classdep,RF,22,0.9833333333333332,0.9833287024173382,0.2315023899615106,0.182,0.4079491740001231,0.0175576589999764
synth-classdep,SVM,22,1.0,1.0,0.0321067176353472,0.0294309101539123,0.0345105970000076,0.0014452220000293
synth-classdep,GNB,23,0.6166666666666667,0.613986013986014,0.6475818087271427,0.1912223338433369,0.0015401179998661,0.0003162499999689
synth-classdep,MI-WNB,23,0.5833333333333334,0.5775837792171219,0.6088543489676387,0.1216364710806314,0.0440679180001097,0.0002323310000065
synth-classdep,ABD-NB-L,23,0.6166666666666667,0.613986013986014,0.5946652804483666,0.1399957425199267,0.0087710880000031,0.0002436149998175
synth-classdep,ABD-NB-G,23,0.6166666666666667,0.613986013986014,0.5960304260087864,0.1402995599045449,0.0084024639998006,0.0003091529999892
synth-classdep,ABD-NB-C,23,0.4666666666666667,0.4612794612794613,1.2266330255421922,0.3603971353628923,0.0083144049999646,0.0002140470000995
synth-classdep,LR,23,0.6166666666666667,0.613986013986014,0.6167364476633919,0.059682450069743,0.0305705910000142,0.0007832549999875
synth-classdep,kNN,23,0.9833333333333332,0.9832915622389308,0.1099071428183842,0.0699999999999999,0.0028144000000338,0.0028337149999515
synth-classdep,CART,23,0.8166666666666667,0.8153846153846154,5.0656872045869,0.1833333333333333,0.0050174440000319,0.0002218880001692
synth-classdep,RF,23,1.0,1.0,0.2003782176075156,0.1723333333333333,0.4037534710000727,0.0176255370001854
synth-classdep,SVM,23,1.0,1.0,0.0419371841185874,0.0359306972651228,0.0339449760001571,0.0014160010000523
synth-classdep,GNB,24,0.7333333333333333,0.7330367074527253,0.8001958679100849,0.1961067045490633,0.0013555919999816,0.0003405129998554
synth-classdep,MI-WNB,24,0.6833333333333333,0.6825396825396826,0.6462433782162431,0.1601201376523734,0.0430134599998837,0.0002109800000198
synth-classdep,ABD-NB-L,24,0.75,0.7499305362600722,0.6864943601701853,0.1783796385064354,0.0081669959999999,0.0002605399999993
synth-classdep,ABD-NB-G,24,0.75,0.7499305362600722,0.6851761310885998,0.178446904000229,0.0084532429998489,0.0002828849999332
synth-classdep,ABD-NB-C,24,0.35,0.3454545454545454,1.4965659020425763,0.4779472159220914,0.0083823469999515,0.0002999830001044
synth-classdep,LR,24,0.6666666666666666,0.6662958843159066,0.6473721665111275,0.1335384864237807,0.0365457129998958,0.0007181630001014
synth-classdep,kNN,24,1.0,1.0,0.0776081098282819,0.0666666666666666,0.0026560539999991,0.0026994149998245
synth-classdep,CART,24,0.8833333333333333,0.8825174825174825,3.223619130191664,0.1166666666666667,0.0048829089998889,0.0003021930001523
synth-classdep,RF,24,1.0,1.0,0.1927289163380124,0.16875,0.4204203619999589,0.0172827709998273
synth-classdep,SVM,24,1.0,1.0,0.0212938339000634,0.0176784870993007,0.0339410409999345,0.0015486599997984
synth-classdep,GNB,25,0.7,0.699666295884316,0.6609169219951768,0.1239043353620124,0.0012536130000171,0.0002637479999521
synth-classdep,MI-WNB,25,0.7,0.696969696969697,0.6072317749489078,0.1139160977002404,0.0432321270000102,0.0002084830000512
synth-classdep,ABD-NB-L,25,0.7,0.699666295884316,0.5975731338549,0.1024314549378116,0.0081196730000101,0.0002747779999481
synth-classdep,ABD-NB-G,25,0.7166666666666667,0.7159565580618212,0.5988275115613911,0.0997490991200582,0.0081958640000721,0.0003055760000734
synth-classdep,ABD-NB-C,25,0.4166666666666667,0.4165045846068352,1.2290506617982069,0.4008583653721091,0.0083534119999058,0.0003123829999367
synth-classdep,LR,25,0.6833333333333333,0.6789636722050126,0.6029426839421201,0.0915893374816066,0.0175148480000189,0.000725070000044
synth-classdep,kNN,25,0.95,0.9499861072520144,0.1133411108752387,0.0333333333333333,0.0026681639999424,0.0027237120000336
synth-classdep,CART,25,0.9333333333333332,0.9332591768631812,1.8420680743952365,0.0666666666666666,0.0054439989999082,0.0002481809999608
synth-classdep,RF,25,0.9666666666666668,0.9666666666666668,0.2018253017439448,0.1283333333333332,0.3946509059999243,0.0167046079998272
synth-classdep,SVM,25,0.9666666666666668,0.9666666666666668,0.0850110228811283,0.0396921828243625,0.0340979780000907,0.0013669970001046
synth-classdep,GNB,26,0.6333333333333333,0.6329254727474972,0.7846985998196101,0.2356171224386349,0.0012680129998443,0.0003058740001051
synth-classdep,MI-WNB,26,0.6333333333333333,0.6266968325791855,0.6527677991010723,0.1088881169178801,0.0427911070000845,0.0002176299999518
synth-classdep,ABD-NB-L,26,0.6333333333333333,0.6329254727474972,0.6905937962395288,0.1648443620352822,0.0081134869999459,0.0002380179998908
synth-classdep,ABD-NB-G,26,0.65,0.6491228070175439,0.6884085746633725,0.1844193793538401,0.0079815580002104,0.0002462000002196
synth-classdep,ABD-NB-C,26,0.35,0.3498193942761878,1.580293327667294,0.4649997034599589,0.0083359980001205,0.0002214810001532
synth-classdep,LR,26,0.6,0.5982142857142857,0.6536474008772415,0.0680032471035072,0.0155632610001248,0.0007649740000488
synth-classdep,kNN,26,0.9666666666666668,0.9665178571428572,0.1544389953931565,0.0833333333333332,0.002577606999921,0.0025628169998981
synth-classdep,CART,26,0.9166666666666666,0.9166435120866908,2.302585092994045,0.0833333333333333,0.0054379069999868,0.0005920959999912
synth-classdep,RF,26,0.9666666666666668,0.9665178571428572,0.2511268615442396,0.1659166666666666,0.3930734570001277,0.0179607710001619
synth-classdep,SVM,26,0.9666666666666668,0.9665178571428572,0.0943174508114989,0.0386869899652051,0.0319542080001156,0.0013734389999626
synth-classdep,GNB,27,0.7166666666666667,0.7165879410947485,0.7136512508987729,0.163426442318617,0.0012826709998989,0.0002512270000352
synth-classdep,MI-WNB,27,0.7,0.699666295884316,0.6119546549722795,0.0679291336863719,0.0418479620000198,0.0001958080001713
synth-classdep,ABD-NB-L,27,0.6833333333333333,0.6825396825396826,0.6264465947666865,0.1309420541429631,0.0080654020000565,0.0002353520001179
synth-classdep,ABD-NB-G,27,0.6833333333333333,0.6825396825396826,0.6304845334879629,0.1208235070196365,0.0078382710000823,0.0002642120000473
synth-classdep,ABD-NB-C,27,0.4833333333333333,0.4820384294068504,1.3877886911114232,0.4414013282372663,0.0078261880000809,0.0001777089998995
synth-classdep,LR,27,0.7,0.6986607142857143,0.59154321852242,0.0891033937292194,0.022942225999941,0.0006374019999384
synth-classdep,kNN,27,0.9666666666666668,0.9665178571428572,0.108546409667709,0.0333333333333333,0.0024456030000692,0.002641623000045
synth-classdep,CART,27,0.85,0.848951048951049,4.144653167389282,0.15,0.004627819999996,0.0001923520001128
synth-classdep,RF,27,1.0,1.0,0.1891173928773398,0.1642499999999999,0.3846728910000365,0.0165516439999464
synth-classdep,SVM,27,0.9666666666666668,0.9665178571428572,0.0643836909518629,0.0434047890060014,0.0328908889998729,0.0014702710000165
synth-classdep,GNB,28,0.5833333333333334,0.5775837792171219,0.7775875909862527,0.2008692283876816,0.0012647599999127,0.0003397329999188
synth-classdep,MI-WNB,28,0.6,0.5885714285714285,0.6534560572233364,0.1157570805633425,0.0452233650000835,0.0002089649999561
synth-classdep,ABD-NB-L,28,0.6,0.5927601809954751,0.6861735505473509,0.1347707392284821,0.0082936769999832,0.0003258990000176
synth-classdep,ABD-NB-G,28,0.6,0.5927601809954751,0.6859251289164148,0.1352904427857161,0.0081114899999192,0.000286436999886
synth-classdep,ABD-NB-C,28,0.3333333333333333,0.3303571428571428,1.485821134844538,0.4789566109901482,0.0084794560000318,0.0002286460000959
synth-classdep,LR,28,0.55,0.5343489508479448,0.6485212141261468,0.1307548091257956,0.0242207199999029,0.0008438549998572
synth-classdep,kNN,28,1.0,1.0,0.0957112726394411,0.0799999999999999,0.0023920879998513,0.0024824259999149
synth-classdep,CART,28,0.8333333333333334,0.8303167420814479,4.605170185988091,0.1666666666666666,0.0051716740001666,0.0001926899999489
synth-classdep,RF,28,0.9666666666666668,0.9666295884315907,0.2238794459150112,0.1726666666666667,0.4480849409999337,0.0196393080000234
synth-classdep,SVM,28,1.0,1.0,0.0144794043558302,0.0139150690972211,0.0333580629999232,0.0016899069998999
synth-classdep,GNB,29,0.6166666666666667,0.6165601555987774,0.9423539671836484,0.2230250346289269,0.0013824779998685,0.0002958350000881
synth-classdep,MI-WNB,29,0.6,0.6,0.7354269167568509,0.2008767883651601,0.0437098219999825,0.0002283060000536
synth-classdep,ABD-NB-L,29,0.6333333333333333,0.6329254727474972,0.7754651005807953,0.2070742791751141,0.0087785469997925,0.0002438639999127
synth-classdep,ABD-NB-G,29,0.6166666666666667,0.6165601555987774,0.7794179420807228,0.1912899360151192,0.0084040419999382,0.0002158089998829
synth-classdep,ABD-NB-C,29,0.4,0.3993325917686318,1.6276723894375995,0.501571606718631,0.0081121350001467,0.0002033069999924
synth-classdep,LR,29,0.6333333333333333,0.6329254727474972,0.6869083170314807,0.1060676630838358,0.0052312269999674,0.000618538000026
synth-classdep,kNN,29,0.9166666666666666,0.9166435120866908,0.174822435110471,0.02,0.0032078389999696,0.0026422969999657
synth-classdep,CART,29,0.8833333333333333,0.8830409356725146,3.223619130191664,0.1166666666666667,0.0052993499998592,0.0001965240001027
synth-classdep,RF,29,0.9666666666666668,0.9666295884315907,0.238433558851306,0.1554166666666666,0.4449241840000013,0.0206214999998337
synth-classdep,SVM,29,0.9666666666666668,0.9666295884315907,0.112573707132338,0.05072395340148,0.0339102119999097,0.0018846680000024
synth-nonlin,GNB,0,0.8833333333333333,0.883300916921367,0.2430290445795604,0.0626615978364391,0.0014272700000219,0.000263096000026
synth-nonlin,MI-WNB,0,0.8833333333333333,0.883300916921367,0.2528724205079548,0.1010517517670034,0.0251785180000752,0.0002031610001722
synth-nonlin,ABD-NB-L,0,0.8666666666666667,0.8665183537263625,0.2448337621970814,0.1083945165377241,0.0051020430000789,0.0002045000001089
synth-nonlin,ABD-NB-G,0,0.8833333333333333,0.883300916921367,0.2458756986047721,0.0893614964601452,0.0049827969999114,0.000328361999891
synth-nonlin,ABD-NB-C,0,0.8833333333333333,0.883300916921367,0.2482585459650726,0.0934419391493054,0.0051313229998868,0.0002027519999501
synth-nonlin,LR,0,0.8833333333333333,0.883300916921367,0.2339953898887806,0.1120765087649954,0.0599538509998183,0.000786699999935
synth-nonlin,kNN,0,0.8833333333333333,0.883300916921367,1.10221894866627,0.0333333333333334,0.0062043020000146,0.0020831420001741
synth-nonlin,CART,0,0.8666666666666667,0.8666666666666667,3.684136148790473,0.1333333333333333,0.002793548999989,0.0043009519999941
synth-nonlin,RF,0,0.9166666666666666,0.9164578111946532,0.2482919692317004,0.1119166666666666,0.3853199759998915,0.018230782000046
synth-nonlin,SVM,0,0.8833333333333333,0.883300916921367,0.2657193256276763,0.0853671343597357,0.0226630019999447,0.0011724299999968
synth-nonlin,GNB,1,0.9333333333333332,0.9332591768631812,0.202968408636873,0.0587664382916756,0.0012651520000872,0.0002443870000661
synth-nonlin,MI-WNB,1,0.9333333333333332,0.9332591768631812,0.2056708797079259,0.0654403863300728,0.0218049580000752,0.000210263000099
synth-nonlin,ABD-NB-L,1,0.9166666666666666,0.9166435120866908,0.2196108092844376,0.0667001250056912,0.0070223280001755,0.0004047150000587
synth-nonlin,ABD-NB-G,1,0.9,0.9,0.2295521829486924,0.0803532460609255,0.0051312810001036,0.0002017520000663
synth-nonlin,ABD-NB-C,1,0.9,0.9,0.2291675962923937,0.0890327956513483,0.0051296700000875,0.0002649900000051
synth-nonlin,LR,1,0.95,0.949874686716792,0.2139316801057083,0.0856905116210234,0.0660050600001795,0.0007731139999123
synth-nonlin,kNN,1,0.8666666666666667,0.8665183537263625,0.6940671764629954,0.02,0.0062806469998122,0.0021314260000053
synth-nonlin,CART,1,0.7833333333333333,0.783273131425396,5.986721241784519,0.2166666666666666,0.0068168640000294,0.0002450399999816
synth-nonlin,RF,1,0.9166666666666666,0.9166435120866908,0.2612733823109557,0.0874166666666666,0.3742738450000615,0.0162323260001358
synth-nonlin,SVM,1,0.9333333333333332,0.9330357142857144,0.2321057761319802,0.0769685291355438,0.023759745999996,0.0013341389999368
synth-nonlin,GNB,2,0.9333333333333332,0.9330357142857144,0.2727937376501605,0.1041300461118976,0.0013418270000329,0.0002972800000407
synth-nonlin,MI-WNB,2,0.9166666666666666,0.9164578111946532,0.2791560908714999,0.131759209252245,0.0218292779998137,0.0001875670000117
synth-nonlin,ABD-NB-L,2,0.9333333333333332,0.9330357142857144,0.2792558232810245,0.121836465088779,0.0053244179998728,0.0002156190000732
synth-nonlin,ABD-NB-G,2,0.9166666666666666,0.916083916083916,0.2844249828847032,0.1359090539628904,0.0050744400000439,0.0002662729998519
synth-nonlin,ABD-NB-C,2,0.9166666666666666,0.916083916083916,0.2837660735630013,0.1194884936025897,0.0052131420000023,0.0002294419998634
synth-nonlin,LR,2,0.9333333333333332,0.9332591768631812,0.2685978065470992,0.1087583881616899,0.0722818760000336,0.0007929729999887
synth-nonlin,kNN,2,0.9,0.899888765294772,0.6519716990578579,0.0366666666666666,0.006217862000085,0.0020013700000163
synth-nonlin,CART,2,0.8,0.7997775305895439,5.52620422318571,0.1999999999999999,0.011070262999965,0.0002666349998889
synth-nonlin,RF,2,0.8666666666666667,0.8653198653198653,0.2626042818242304,0.0929166666666665,0.3754848260000472,0.0169361260000187
synth-nonlin,SVM,2,0.9166666666666666,0.916083916083916,0.2484829356282201,0.0593953114692913,0.0220155609999892,0.0012715180000668
synth-nonlin,GNB,3,0.8666666666666667,0.8660714285714286,0.3502193068405227,0.1140491030853764,0.0012935239999478,0.0002913900000294
synth-nonlin,MI-WNB,3,0.8333333333333334,0.8325892857142857,0.3552181672022433,0.1115457979126759,0.0225612060000912,0.0002758620000804
synth-nonlin,ABD-NB-L,3,0.8666666666666667,0.8653198653198653,0.3504999605716054,0.05993968885887,0.0054820400000608,0.000216163999994
synth-nonlin,ABD-NB-G,3,0.8833333333333333,0.8825174825174825,0.3548970991478678,0.1006882513663805,0.0053758560000005,0.0002270390000376
synth-nonlin,ABD-NB-C,3,0.8833333333333333,0.8825174825174825,0.3542196729602063,0.0966798553348522,0.0052540919998591,0.0002618679998249
synth-nonlin,LR,3,0.9,0.8995535714285714,0.3461154199893261,0.1256714137596994,0.0740945550001015,0.0008183850000023
synth-nonlin,kNN,3,0.8333333333333334,0.8316498316498316,1.1792568762311206,0.05,0.006228985000007,0.0021100100000239
synth-nonlin,CART,3,0.8166666666666667,0.8153846153846154,5.0656872045869,0.1833333333333333,0.0026071799998135,0.0042667150000852
synth-nonlin,RF,3,0.85,0.847930160518164,0.435711606898426,0.1119166666666667,0.366485872000112,0.016195393000089
synth-nonlin,SVM,3,0.8333333333333334,0.8316498316498316,0.3964157942453448,0.0910043787824421,0.0218327860000044,0.0012714289998712
synth-nonlin,GNB,4,0.8833333333333333,0.8806479113384484,0.2837074528718423,0.0748580158945914,0.001347904999875,0.0002727899998262
synth-nonlin,MI-WNB,4,0.9166666666666666,0.9155167558434244,0.281924608959482,0.0758352971883804,0.0234727279998878,0.0001920089998748
synth-nonlin,ABD-NB-L,4,0.8666666666666667,0.8642533936651584,0.3131383254293415,0.0690923445891087,0.0058388820000345,0.0003179299999374
synth-nonlin,ABD-NB-G,4,0.8666666666666667,0.8642533936651584,0.3309903979573301,0.0937723202991692,0.0057502530000874,0.0002378629999384
synth-nonlin,ABD-NB-C,4,0.8833333333333333,0.8817234581807942,0.3301696979295406,0.1140590464732349,0.0059392170001046,0.0002184459999625
synth-nonlin,LR,4,0.8666666666666667,0.8653198653198653,0.2863844588281514,0.093873925538867,0.0565930280001794,0.0007788450000134
synth-nonlin,kNN,4,0.8666666666666667,0.8628571428571428,2.419645263057854,0.12,0.002110372999823,0.002144545999954
synth-nonlin,CART,4,0.85,0.847930160518164,4.144653167389282,0.15,0.0067418080000152,0.0002256170000691
synth-nonlin,RF,4,0.8666666666666667,0.8642533936651584,0.3145784594446293,0.0355833333333333,0.4205327230001785,0.0246347529998729
synth-nonlin,SVM,4,0.8666666666666667,0.8642533936651584,0.2846669989460374,0.0584955619667183,0.025708651000059,0.0012493060000906
synth-nonlin,GNB,5,0.9166666666666666,0.9166435120866908,0.2370046006026025,0.0599297448888008,0.0028240450001248,0.0003836450000562
synth-nonlin,MI-WNB,5,0.9,0.899888765294772,0.2395808499808823,0.0727892459903337,0.0279841650001344,0.0002375090000441
synth-nonlin,ABD-NB-L,5,0.9,0.899888765294772,0.2509936637735945,0.126728906253557,0.0059312230000614,0.0002533570000196
synth-nonlin,ABD-NB-G,5,0.9166666666666666,0.9164578111946532,0.2580135888752665,0.0823705155923835,0.006692447999967,0.0001944809998803
synth-nonlin,ABD-NB-C,5,0.9166666666666666,0.9164578111946532,0.2577671365525675,0.0820839677390675,0.0056582839999919,0.0002134750000095
synth-nonlin,LR,5,0.9,0.899888765294772,0.2372215747844439,0.0771441870995814,0.105831180999985,0.0032766040001206
synth-nonlin,kNN,5,0.8333333333333334,0.8331479421579533,0.762779577075392,0.0566666666666667,0.0063545770001383,0.0023047170000154
synth-nonlin,CART,5,0.8666666666666667,0.8666666666666667,3.684136148790473,0.1333333333333333,0.0044351070000629,0.0002151939997929
synth-nonlin,RF,5,0.9166666666666666,0.9166435120866908,0.2713412084370947,0.0713333333333332,0.4752670699999726,0.0207226410000203
synth-nonlin,SVM,5,0.8833333333333333,0.883300916921367,0.2785408202481161,0.0302234866822197,0.0224061589999564,0.0011765930000819
synth-nonlin,GNB,6,1.0,1.0,0.1184979929963088,0.101626570013292,0.0012929930001064,0.0002688590000161
synth-nonlin,MI-WNB,6,1.0,1.0,0.1117207249672333,0.0977189784935507,0.0273046920001434,0.0003013959999407
synth-nonlin,ABD-NB-L,6,0.9833333333333332,0.9833287024173382,0.1552058306119143,0.1127062654821086,0.0093885859998863,0.000304491999941
synth-nonlin,ABD-NB-G,6,0.95,0.9499861072520144,0.1688142384268298,0.1043699865265386,0.0061497239998971,0.0002833179999015
synth-nonlin,ABD-NB-C,6,0.95,0.9499861072520144,0.1707706020800955,0.1297486659593121,0.0053769180001381,0.0002609040000152
synth-nonlin,LR,6,1.0,1.0,0.1096742004675584,0.0954421374682738,0.1027424480000718,0.0007441420000304
synth-nonlin,kNN,6,0.9833333333333332,0.9833287024173382,0.1274267967422754,0.0866666666666666,0.0104262120000839,0.0021734300000844
synth-nonlin,CART,6,0.9666666666666668,0.9666666666666668,0.9210340371976184,0.0333333333333333,0.0109079039998505,0.0002218919998995
synth-nonlin,RF,6,0.95,0.9499861072520144,0.1567247163591915,0.101,0.3707616560000133,0.017782139000019
synth-nonlin,SVM,6,0.9833333333333332,0.9832915622389308,0.1118189871183374,0.0987352633224713,0.0240122659999997,0.001315581999961
synth-nonlin,GNB,7,0.8333333333333334,0.8331479421579533,0.4361184272930271,0.0661068365158993,0.0014664430000266,0.000290798999913
synth-nonlin,MI-WNB,7,0.85,0.849624060150376,0.4347010799306376,0.0728772024141305,0.0236455020001358,0.0002442350000819
synth-nonlin,ABD-NB-L,7,0.8333333333333334,0.8331479421579533,0.4270738639195929,0.1081820750690883,0.0061826099999962,0.000240045000055
synth-nonlin,ABD-NB-G,7,0.8333333333333334,0.8331479421579533,0.4385087833495214,0.0577201468473015,0.0058835739998812,0.0002281289998791
synth-nonlin,ABD-NB-C,7,0.8333333333333334,0.8331479421579533,0.4425288060483183,0.0772902733943197,0.0058391099998971,0.0002248580001378
synth-nonlin,LR,7,0.8333333333333334,0.8331479421579533,0.4526997183058364,0.1011018274341002,0.100756562000015,0.0008124739999857
synth-nonlin,kNN,7,0.8166666666666667,0.8166157265907197,1.6124577964910032,0.0666666666666666,0.002322119999917,0.014419787999941
synth-nonlin,CART,7,0.75,0.7499305362600722,6.907755278982137,0.25,0.0107924809999531,0.0001965429999017
synth-nonlin,RF,7,0.8333333333333334,0.8333333333333334,0.3877336610778318,0.0690833333333331,0.3708697009999468,0.017309078000153
synth-nonlin,SVM,7,0.85,0.8499583217560434,0.3871497599230188,0.0855583627563627,0.0232828020000397,0.0010863420000077
synth-nonlin,GNB,8,0.8666666666666667,0.8653198653198653,0.3039266827631965,0.0789122232245884,0.0011535110002114,0.0002969529998608
synth-nonlin,MI-WNB,8,0.8833333333333333,0.8825174825174825,0.3045437951623795,0.0917093982095543,0.0240613960002065,0.000187712999832
synth-nonlin,ABD-NB-L,8,0.8666666666666667,0.8653198653198653,0.310484066844998,0.0893454656900814,0.0051465960000314,0.0002668170000106
synth-nonlin,ABD-NB-G,8,0.8666666666666667,0.8653198653198653,0.3188900069056038,0.0843875505106729,0.0052211219999662,0.0002126270001099
synth-nonlin,ABD-NB-C,8,0.8666666666666667,0.8653198653198653,0.3190190319805161,0.0882601359254168,0.005490366999993,0.0002564349999829
synth-nonlin,LR,8,0.8666666666666667,0.8653198653198653,0.307048410816332,0.0977299791796537,0.1036788740000247,0.0007500369999888
synth-nonlin,kNN,8,0.9,0.898989898989899,1.564965300434738,0.12,0.0102344580000135,0.0020004059999791
synth-nonlin,CART,8,0.8,0.797979797979798,5.52620422318571,0.1999999999999999,0.0107900680000057,0.0002693259998522
synth-nonlin,RF,8,0.8833333333333333,0.8825174825174825,0.348122354138191,0.0614999999999999,0.3889060179999433,0.0182626719999916
synth-nonlin,SVM,8,0.8833333333333333,0.8817234581807942,0.3438129232143258,0.0452571837506849,0.0222410659998786,0.0012257979999503
synth-nonlin,GNB,9,0.8333333333333334,0.8331479421579533,0.4167332763238495,0.1231329418884447,0.0012521549999746,0.0003128969999579
synth-nonlin,MI-WNB,9,0.8166666666666667,0.8162071846282373,0.4299851124183839,0.1021831101138752,0.0229345290001674,0.0002009569998335
synth-nonlin,ABD-NB-L,9,0.8166666666666667,0.8162071846282373,0.3774304379672607,0.0887031138722705,0.0062411330000031,0.0002355680001073
synth-nonlin,ABD-NB-G,9,0.8166666666666667,0.8162071846282373,0.3624293856565443,0.0826600562181601,0.0057894560000022,0.0002349760000015
synth-nonlin,ABD-NB-C,9,0.8,0.7997775305895439,0.3618533612549565,0.0868964644759862,0.0057830939999803,0.0002853119999599
synth-nonlin,LR,9,0.8,0.7997775305895439,0.3991257239247884,0.0669603124722491,0.0643894219999765,0.0009897370000544
synth-nonlin,kNN,9,0.8166666666666667,0.8162071846282373,0.7856962496504107,0.05,0.0071131219999642,0.0062389669999447
synth-nonlin,CART,9,0.7833333333333333,0.7827903091060986,5.986721241784519,0.2166666666666666,0.0027286270001241,0.0001883939999061
synth-nonlin,RF,9,0.8166666666666667,0.8162071846282373,0.4053334936462549,0.07775,0.3704793350000273,0.0160248590000264
synth-nonlin,SVM,9,0.8166666666666667,0.8162071846282373,0.4388605951465353,0.0952684258300416,0.0214212399998814,0.0010685540000849
synth-nonlin,GNB,10,0.8833333333333333,0.883300916921367,0.3669082086710353,0.0823555875648364,0.0014997759999459,0.0002585950001048
synth-nonlin,MI-WNB,10,0.85,0.8499583217560434,0.3750135864462807,0.0870217307920213,0.0221025480000207,0.000232952000033
synth-nonlin,ABD-NB-L,10,0.8833333333333333,0.883300916921367,0.328956904457153,0.0606779019992039,0.0052942209999855,0.0002209859999311
synth-nonlin,ABD-NB-G,10,0.8833333333333333,0.883300916921367,0.3172527430911331,0.0962981520137387,0.0054619390000425,0.0002233650000107
synth-nonlin,ABD-NB-C,10,0.8833333333333333,0.883300916921367,0.3178040382907128,0.0989655915350532,0.0053336880000642,0.0002220300000317
synth-nonlin,LR,10,0.8833333333333333,0.883300916921367,0.3621883621040399,0.1109122562686245,0.1403926640000463,0.0007587410000269
synth-nonlin,kNN,10,0.8833333333333333,0.883300916921367,1.557053857482236,0.08,0.0105459769999924,0.0106454050001048
synth-nonlin,CART,10,0.8333333333333334,0.8331479421579533,4.605170185988091,0.1666666666666666,0.01089575900005,0.0002270700001645
synth-nonlin,RF,10,0.8666666666666667,0.8666666666666667,0.4056958142443591,0.0730833333333332,0.3943991109999842,0.0168644339998991
synth-nonlin,SVM,10,0.8666666666666667,0.8666666666666667,0.3851737040521361,0.0961186021380461,0.0216257839999798,0.0011392249998607
synth-nonlin,GNB,11,0.9,0.899888765294772,0.2958620857680891,0.1004276344648273,0.0012201819999972,0.0002465709999341
synth-nonlin,MI-WNB,11,0.9166666666666666,0.9164578111946532,0.2925013736657432,0.0778532119477545,0.0220657079999,0.0001873890000751
synth-nonlin,ABD-NB-L,11,0.9166666666666666,0.9166435120866908,0.3222914191349322,0.1242450649996546,0.0051716299999498,0.0002171999999518
synth-nonlin,ABD-NB-G,11,0.9333333333333332,0.9332591768631812,0.3391808060105102,0.1484952425940223,0.0051833160000569,0.0002142380001259
synth-nonlin,ABD-NB-C,11,0.9333333333333332,0.9332591768631812,0.3400007269491481,0.1489467262896927,0.005163795000044,0.0002316200000223
synth-nonlin,LR,11,0.9166666666666666,0.9164578111946532,0.3023006089823751,0.1086782196618812,0.1616252619999159,0.0007494640001368
synth-nonlin,kNN,11,0.8,0.7997775305895439,1.6694295106504211,0.0666666666666666,0.0150017450000632,0.0145030810001571
synth-nonlin,CART,11,0.7833333333333333,0.783273131425396,5.986721241784519,0.2166666666666666,0.0107512039999164,0.0001895959999274
synth-nonlin,RF,11,0.85,0.849624060150376,0.3494924848391086,0.0741666666666666,0.356970960000126,0.0179658029999245
synth-nonlin,SVM,11,0.85,0.848951048951049,0.3738986297793335,0.0924420223165821,0.0226078559999223,0.0012041559998579
synth-nonlin,GNB,12,0.8666666666666667,0.8660714285714286,0.3043433188404112,0.075830758701319,0.0012487770000007,0.0002461619999394
synth-nonlin,MI-WNB,12,0.85,0.849624060150376,0.3019729530642402,0.0951130108362112,0.023501989999886,0.0001873759999853
synth-nonlin,ABD-NB-L,12,0.8166666666666667,0.8162071846282373,0.3343939372288673,0.0910014396216414,0.0056154530000185,0.0003033319999303
synth-nonlin,ABD-NB-G,12,0.8333333333333334,0.8325892857142857,0.3528299476418468,0.0753989031155736,0.0052180130001033,0.0002402070001608
synth-nonlin,ABD-NB-C,12,0.8333333333333334,0.8325892857142857,0.3533047831397802,0.0813300998646353,0.0053768460002174,0.0002449080000133
synth-nonlin,LR,12,0.85,0.8499583217560434,0.3044267807808585,0.0694877016055262,0.0745142719999876,0.000797933000058
synth-nonlin,kNN,12,0.8666666666666667,0.8660714285714286,0.7340894189619538,0.0599999999999999,0.0066367179999815,0.0063809569999193
synth-nonlin,CART,12,0.8333333333333334,0.8331479421579533,4.605170185988091,0.1666666666666666,0.0068662329999824,0.0002423800001452
synth-nonlin,RF,12,0.8666666666666667,0.8660714285714286,0.3090809711386933,0.1241666666666666,0.3885134799998013,0.0178104930000699
synth-nonlin,SVM,12,0.8333333333333334,0.8316498316498316,0.2988252334743488,0.0776617294070684,0.0218380929998147,0.0012510649999057
synth-nonlin,GNB,13,0.8833333333333333,0.8830409356725146,0.2908790352454007,0.0735564549457856,0.0011999449998256,0.0002922860001035
synth-nonlin,MI-WNB,13,0.8666666666666667,0.8660714285714286,0.3071405660607733,0.0537106249712265,0.0226976499998272,0.0001994589999867
synth-nonlin,ABD-NB-L,13,0.8666666666666667,0.8660714285714286,0.2828672909675558,0.0607849044722347,0.0056586390001029,0.0002547580002101
synth-nonlin,ABD-NB-G,13,0.8666666666666667,0.8653198653198653,0.2797143059307486,0.0650887223572587,0.0060835829999632,0.0003568950000953
synth-nonlin,ABD-NB-C,13,0.8666666666666667,0.8653198653198653,0.2789626293049691,0.0687086359548126,0.0057631559998299,0.0002842189999228
synth-nonlin,LR,13,0.8666666666666667,0.8660714285714286,0.2714276519319539,0.0958243651233978,0.106074099999887,0.000822208000045
synth-nonlin,kNN,13,0.8333333333333334,0.8316498316498316,0.2712462095054161,0.0533333333333333,0.0066907859998082,0.0063859609999781
synth-nonlin,CART,13,0.85,0.849624060150376,4.144653167389282,0.15,0.0070067430001472,0.000231918000054
synth-nonlin,RF,13,0.9,0.8995535714285714,0.3175248588560548,0.1105,0.4355417389999729,0.0186806370002159
synth-nonlin,SVM,13,0.8666666666666667,0.8660714285714286,0.3212010211368893,0.0833468638970673,0.0233574540000063,0.0011986859999524
synth-nonlin,GNB,14,0.8833333333333333,0.883300916921367,0.2804561864681901,0.0919599717445728,0.0013454990000809,0.0002532500000143
synth-nonlin,MI-WNB,14,0.85,0.8499583217560434,0.2840600037172545,0.1041375410188934,0.0237821790001362,0.0002452730000186
synth-nonlin,ABD-NB-L,14,0.8833333333333333,0.8830409356725146,0.2817759727647562,0.0655706982673424,0.0060444799999004,0.0002304099998582
synth-nonlin,ABD-NB-G,14,0.8833333333333333,0.8830409356725146,0.2853363960575327,0.0796257524528488,0.0055957590000161,0.0003017860001364
synth-nonlin,ABD-NB-C,14,0.8833333333333333,0.8830409356725146,0.2846484350743841,0.0661330252051862,0.0054920219999985,0.0002364070001021
synth-nonlin,LR,14,0.8833333333333333,0.8830409356725146,0.2874118473841331,0.0803050756711758,0.0889656919998742,0.0008455560000584
synth-nonlin,kNN,14,0.85,0.848951048951049,2.0263697276088606,0.1133333333333332,0.0034281309999641,0.0109214829999473
synth-nonlin,CART,14,0.7333333333333333,0.7333333333333333,7.368272297580946,0.2666666666666667,0.0069779660000222,0.0002115289998982
synth-nonlin,RF,14,0.85,0.849624060150376,0.342751093837638,0.1085833333333333,0.4080757790000007,0.0179110419999233
synth-nonlin,SVM,14,0.8833333333333333,0.8825174825174825,0.3335211555806203,0.0675041393831078,0.0233878690000892,0.0014448770000399
synth-nonlin,GNB,15,0.95,0.9496503496503496,0.2191647641362327,0.0906881919976053,0.0013430410001546,0.0002488790000825
synth-nonlin,MI-WNB,15,0.9666666666666668,0.9665178571428572,0.2131207959024108,0.1104047961899855,0.0233127989999957,0.0002058140000826
synth-nonlin,ABD-NB-L,15,0.9166666666666666,0.9164578111946532,0.2494638481137088,0.1072801907788615,0.0059962640000321,0.000338364000072
synth-nonlin,ABD-NB-G,15,0.8833333333333333,0.883300916921367,0.2615279522831368,0.1506844448359007,0.0058560720001423,0.0002231430000847
synth-nonlin,ABD-NB-C,15,0.8833333333333333,0.883300916921367,0.2608941324103861,0.1465340066296625,0.0061782020000009,0.0002664450000793
synth-nonlin,LR,15,0.9333333333333332,0.9330357142857144,0.218288412296274,0.0922761020820246,0.1118184990000372,0.0008022080000955
synth-nonlin,kNN,15,0.9,0.898989898989899,0.6705669950007086,0.0533333333333332,0.0022014789999502,0.0022052510000776
synth-nonlin,CART,15,0.8333333333333334,0.8325892857142857,4.605170185988091,0.1666666666666666,0.002875172999893,0.0001876480000646
synth-nonlin,RF,15,0.9166666666666666,0.9164578111946532,0.2834863455176034,0.1158333333333333,0.4085090169999148,0.017803952000122
synth-nonlin,SVM,15,0.95,0.9496503496503496,0.2111762161724324,0.0710255112012115,0.0237645639999755,0.0012853749999521
synth-nonlin,GNB,16,0.9333333333333332,0.9332591768631812,0.2523269111138843,0.0981354567566401,0.0014334800000597,0.0002625009999519
synth-nonlin,MI-WNB,16,0.95,0.9499861072520144,0.243984936676131,0.1176521161249864,0.0222452190000694,0.0002358140000069
synth-nonlin,ABD-NB-L,16,0.9,0.899888765294772,0.2826884203968026,0.1172065775414234,0.0055226299998594,0.0002114619999247
synth-nonlin,ABD-NB-G,16,0.9,0.899888765294772,0.3028766050244695,0.1129009256173815,0.0050920599999244,0.0002002270000502
synth-nonlin,ABD-NB-C,16,0.9,0.899888765294772,0.3043730940395301,0.106604851655901,0.0054171339997992,0.0001978099999178
synth-nonlin,LR,16,0.9,0.899888765294772,0.2782394047773328,0.0543777259540602,0.0267673109999577,0.0007469919999039
synth-nonlin,kNN,16,0.9,0.899888765294772,1.1349913062317338,0.0933333333333333,0.00216846599983,0.0020008270000744
synth-nonlin,CART,16,0.8,0.797979797979798,5.52620422318571,0.1999999999999999,0.0027764559999923,0.0001902459998746
synth-nonlin,RF,16,0.8833333333333333,0.8830409356725146,0.2913432656853859,0.0964166666666666,0.3522213799999463,0.0185107060001428
synth-nonlin,SVM,16,0.9,0.8995535714285714,0.2700964178367204,0.0668854228768375,0.0218222940000032,0.0012082030000328
synth-nonlin,GNB,17,0.8333333333333334,0.8331479421579533,0.3342113299815075,0.0923650973735372,0.0012509360001331,0.0002920379999977
synth-nonlin,MI-WNB,17,0.8333333333333334,0.8331479421579533,0.3576912870686949,0.1154389879016594,0.0220910900000035,0.0001950470000338
synth-nonlin,ABD-NB-L,17,0.8333333333333334,0.8331479421579533,0.3056021246121758,0.1122064586709071,0.0054713229999379,0.0002350199999909
synth-nonlin,ABD-NB-G,17,0.8666666666666667,0.8665183537263625,0.2903512961278381,0.1137885404705809,0.0052055090000067,0.0002566879998084
synth-nonlin,ABD-NB-C,17,0.8666666666666667,0.8665183537263625,0.2916241118844146,0.1227765310719942,0.0055479630000263,0.0002103250001255
synth-nonlin,LR,17,0.8333333333333334,0.8331479421579533,0.3088225937276258,0.0908432187816965,0.0440965430000233,0.0008016679998945
synth-nonlin,kNN,17,0.85,0.849624060150376,0.7370500624434465,0.0433333333333334,0.0024520270001175,0.0023898660001577
synth-nonlin,CART,17,0.8666666666666667,0.8665183537263625,3.684136148790473,0.1333333333333333,0.0030203660001006,0.0002364259999012
synth-nonlin,RF,17,0.85,0.849624060150376,0.3698405264765462,0.0856666666666666,0.366719066999849,0.0175230229999669
synth-nonlin,SVM,17,0.85,0.849624060150376,0.3848495445571921,0.0674538294253364,0.0225150940000276,0.001216045999854
synth-nonlin,GNB,18,0.9333333333333332,0.9330357142857144,0.1744680370376919,0.0549777472579022,0.0012823270001263,0.0002602829999887
synth-nonlin,MI-WNB,18,0.9333333333333332,0.9330357142857144,0.1677778468932605,0.0897043863824567,0.0222270199999456,0.0002285619998474
synth-nonlin,ABD-NB-L,18,0.95,0.9496503496503496,0.1936458068505776,0.0979332683346265,0.0055093470000429,0.0002375710000706
synth-nonlin,ABD-NB-G,18,0.95,0.949874686716792,0.2034318158654673,0.1087254247877059,0.0052473440000539,0.0002185789999202
synth-nonlin,ABD-NB-C,18,0.95,0.949874686716792,0.204386370677058,0.1113541293777858,0.0053084690000559,0.0002189480001106
synth-nonlin,LR,18,0.9333333333333332,0.9330357142857144,0.1676059622556542,0.0686586530582772,0.0673360789999151,0.0007933259998935
synth-nonlin,kNN,18,0.9166666666666666,0.9166435120866908,0.1896986718647516,0.0066666666666667,0.0063892179998674,0.0021508340000764
synth-nonlin,CART,18,0.85,0.8499583217560434,4.144653167389282,0.15,0.0068234139998821,0.0002103710000938
synth-nonlin,RF,18,0.9166666666666666,0.9164578111946532,0.1811837277991917,0.0655833333333333,0.3844967689999521,0.0198539810000966
synth-nonlin,SVM,18,0.9333333333333332,0.9330357142857144,0.1861581185642241,0.0750687813780428,0.0233754780001618,0.0012303639998663
synth-nonlin,GNB,19,0.8833333333333333,0.8830409356725146,0.3445688754137627,0.0654129180662602,0.0013602239998817,0.0002545079998981
synth-nonlin,MI-WNB,19,0.9166666666666666,0.9166435120866908,0.341016964201381,0.0901475822547568,0.0239685880001161,0.0002069610000035
synth-nonlin,ABD-NB-L,19,0.8666666666666667,0.8665183537263625,0.3423127697951392,0.0941382099965222,0.0056776399999307,0.0002397400000972
synth-nonlin,ABD-NB-G,19,0.9,0.9,0.350943273529259,0.1446792548869341,0.0053464320001239,0.000253702000009
synth-nonlin,ABD-NB-C,19,0.8833333333333333,0.883300916921367,0.3539163583179491,0.1295561151744902,0.0053285779999896,0.0002363270000387
synth-nonlin,LR,19,0.9,0.9,0.3478893934084052,0.1000392907726955,0.0445031869999184,0.0007683809999434
synth-nonlin,kNN,19,0.8333333333333334,0.8303167420814479,1.5690984436232598,0.1299999999999999,0.0023059529999045,0.0021100510000451
synth-nonlin,CART,19,0.85,0.849624060150376,4.144653167389282,0.15,0.0027425890000358,0.0001938279999649
synth-nonlin,RF,19,0.85,0.848951048951049,0.3342129553473032,0.0818333333333332,0.3609056989998862,0.0176595880000149
synth-nonlin,SVM,19,0.8666666666666667,0.8660714285714286,0.2941475328608675,0.0675165274800583,0.0235113189999083,0.0014875859999392
synth-nonlin,GNB,20,0.9333333333333332,0.9330357142857144,0.2222653966428323,0.0498352413657781,0.0013609909999559,0.0002539570000408
synth-nonlin,MI-WNB,20,0.9166666666666666,0.9164578111946532,0.2354632830474666,0.033048706848065,0.0243445150001662,0.0003702090000388
synth-nonlin,ABD-NB-L,20,0.9333333333333332,0.9330357142857144,0.241865744366637,0.0823646129496057,0.0058598880000317,0.000227630000154
synth-nonlin,ABD-NB-G,20,0.9333333333333332,0.9332591768631812,0.251596846845021,0.1005133622944707,0.005694258999938,0.0002597989998776
synth-nonlin,ABD-NB-C,20,0.9333333333333332,0.9332591768631812,0.2519059194961597,0.0858683792766096,0.0053599200000462,0.0002039510000031
synth-nonlin,LR,20,0.9166666666666666,0.9164578111946532,0.2273078796421497,0.080804288086675,0.0548247899998841,0.0010384180000073
synth-nonlin,kNN,20,0.9333333333333332,0.9332591768631812,1.060408562392848,0.0933333333333333,0.0032706739998502,0.0033304070000212
synth-nonlin,CART,20,0.9,0.8995535714285714,2.763102111592855,0.0999999999999999,0.003700297000023,0.000296624999919
synth-nonlin,RF,20,0.9166666666666666,0.9164578111946532,0.3048968041523215,0.0781666666666667,0.4100660629999311,0.0172931130000506
synth-nonlin,SVM,20,0.9166666666666666,0.9164578111946532,0.2426993905991414,0.0420560329709332,0.0232525369999621,0.0011586890000216
synth-nonlin,GNB,21,0.8666666666666667,0.8653198653198653,0.3758013200101992,0.1058064055224416,0.0013012539998271,0.000381033999929
synth-nonlin,MI-WNB,21,0.85,0.847930160518164,0.3672043693860132,0.0747596257903713,0.0221717540000554,0.0001920469999276
synth-nonlin,ABD-NB-L,21,0.8833333333333333,0.8825174825174825,0.3747562161101159,0.0939886496785685,0.0056439329998738,0.00026764800009
synth-nonlin,ABD-NB-G,21,0.85,0.849624060150376,0.3829343985153128,0.0880201642756188,0.005452607000052,0.00027557899989
synth-nonlin,ABD-NB-C,21,0.85,0.849624060150376,0.3847904899574726,0.078295386722548,0.0054377849999127,0.0002600249999886
synth-nonlin,LR,21,0.85,0.847930160518164,0.3765855404002337,0.0908195768446301,0.0602133510001294,0.0007870880001519
synth-nonlin,kNN,21,0.7833333333333333,0.7783461210571185,2.1336655884378004,0.0799999999999999,0.0062915979999615,0.0021145079999769
synth-nonlin,CART,21,0.7833333333333333,0.7757976430008624,5.986721241784519,0.2166666666666666,0.0067022079999787,0.0002383650000865
synth-nonlin,RF,21,0.8166666666666667,0.8141368628555337,0.4411471447186599,0.1074999999999999,0.3769483529999888,0.0167909839999538
synth-nonlin,SVM,21,0.8166666666666667,0.8124467178175618,0.4687048707206264,0.1062772984121976,0.0229965440000796,0.0012443770001482
synth-nonlin,GNB,22,0.9333333333333332,0.9330357142857144,0.209924759282556,0.0817504256199631,0.001322066999819,0.0002619629999571
synth-nonlin,MI-WNB,22,0.9333333333333332,0.9330357142857144,0.205992427628572,0.0772392859564056,0.0227862900001127,0.000200654000082
synth-nonlin,ABD-NB-L,22,0.9333333333333332,0.9330357142857144,0.2353031953430402,0.0991965553034259,0.0059592650000013,0.0002801839998483
synth-nonlin,ABD-NB-G,22,0.9333333333333332,0.9330357142857144,0.2497293753072248,0.0985901331360475,0.0053801189999376,0.0002196110001477
synth-nonlin,ABD-NB-C,22,0.9333333333333332,0.9330357142857144,0.2507987644948345,0.1015315399556741,0.0056162949999816,0.0002299959999163
synth-nonlin,LR,22,0.9333333333333332,0.9330357142857144,0.2254945289377802,0.0721619132258545,0.0602239910001571,0.000801734000106
synth-nonlin,kNN,22,0.9166666666666666,0.9164578111946532,1.0689223227889475,0.09,0.0063472940000792,0.0022662510000373
synth-nonlin,CART,22,0.9,0.898989898989899,2.763102111592855,0.0999999999999999,0.0071549439999216,0.0002016969999658
synth-nonlin,RF,22,0.9166666666666666,0.916083916083916,0.2499634448458751,0.0880833333333333,0.3847936009999557,0.0352745599998343
synth-nonlin,SVM,22,0.9166666666666666,0.9164578111946532,0.2486242453067396,0.0703513947547774,0.0295309339999221,0.001485508000087
synth-nonlin,GNB,23,0.8666666666666667,0.8653198653198653,0.3289034826415155,0.0713932556295311,0.0014208000000053,0.0002630399999361
synth-nonlin,MI-WNB,23,0.8333333333333334,0.8316498316498316,0.3341302954398086,0.0467131670679077,0.0234854129998893,0.0002222500002062
synth-nonlin,ABD-NB-L,23,0.8333333333333334,0.8316498316498316,0.3142611655567249,0.0921041136275837,0.0056234839998978,0.0002324600000065
synth-nonlin,ABD-NB-G,23,0.85,0.847930160518164,0.3108083221762791,0.0722347400232435,0.0054710619999696,0.0002471970001352
synth-nonlin,ABD-NB-C,23,0.8666666666666667,0.8653198653198653,0.3096590336288004,0.0557205760204823,0.005565123999986,0.0002081980001094
synth-nonlin,LR,23,0.8666666666666667,0.8653198653198653,0.3268796002996643,0.0814971936347202,0.1211156880001453,0.0007574280000426
synth-nonlin,kNN,23,0.8,0.7963800904977376,0.7293268529345905,0.1066666666666667,0.0106521100001373,0.0107564089998959
synth-nonlin,CART,23,0.7833333333333333,0.7757976430008624,5.986721241784519,0.2166666666666666,0.0029006470001604,0.0042755590000069
synth-nonlin,RF,23,0.8666666666666667,0.8642533936651584,0.3571152903939709,0.1084166666666666,0.4176539380000577,0.0184020649999183
synth-nonlin,SVM,23,0.85,0.8465473145780051,0.3613375279142457,0.0642789071571639,0.0269035510000321,0.0019394490000195
synth-nonlin,GNB,24,0.9,0.899888765294772,0.242886271888285,0.0679936135567664,0.001308913999992,0.000264363000042
synth-nonlin,MI-WNB,24,0.9333333333333332,0.9333333333333332,0.2364971697768717,0.0796538174029115,0.0223366929999428,0.0002344980000543
synth-nonlin,ABD-NB-L,24,0.8833333333333333,0.883300916921367,0.2546558090271207,0.0822371582854742,0.0054783200000656,0.0002223720000529
synth-nonlin,ABD-NB-G,24,0.8833333333333333,0.883300916921367,0.2618258807104874,0.0851187835290392,0.0051907499998833,0.0002592729999832
synth-nonlin,ABD-NB-C,24,0.8833333333333333,0.883300916921367,0.2615772345885616,0.0848596001435344,0.0052511119999962,0.0001871790000222
synth-nonlin,LR,24,0.8833333333333333,0.883300916921367,0.2329368448607053,0.0630068640147684,0.0340448800000103,0.0007846850000987
synth-nonlin,kNN,24,0.85,0.8499583217560434,1.1256089458166507,0.0999999999999999,0.0021925829998963,0.002060634000145
synth-nonlin,CART,24,0.85,0.8499583217560434,4.144653167389282,0.15,0.0034895139999662,0.000282019999986
synth-nonlin,RF,24,0.9,0.8995535714285714,0.29350021470756,0.0929166666666666,0.4341744239998206,0.0175687430000834
synth-nonlin,SVM,24,0.9,0.8995535714285714,0.287574600291077,0.0772146659486119,0.0233162019999326,0.0011525600000368
synth-nonlin,GNB,25,0.9,0.899888765294772,0.3103612658401513,0.101730191769008,0.0011730080000234,0.0002546800001255
synth-nonlin,MI-WNB,25,0.9166666666666666,0.9166435120866908,0.317967446729677,0.1195739426236918,0.0226576489999388,0.0002084370000829
synth-nonlin,ABD-NB-L,25,0.9,0.899888765294772,0.3143327144657732,0.0984687528958304,0.0054181809998681,0.0002050010000402
synth-nonlin,ABD-NB-G,25,0.9,0.899888765294772,0.3175852233853288,0.120487728309273,0.0051129549999586,0.0002798460000121
synth-nonlin,ABD-NB-C,25,0.9,0.899888765294772,0.3194535843449644,0.0878985641769422,0.0054151889999047,0.0002206350000051
synth-nonlin,LR,25,0.9,0.899888765294772,0.308922444896232,0.0523441397902542,0.0294625599999562,0.0007569689998945
synth-nonlin,kNN,25,0.8333333333333334,0.8331479421579533,0.7309726772169812,0.0533333333333332,0.0023317769998811,0.0021277809998991
synth-nonlin,CART,25,0.8166666666666667,0.8166157265907197,5.0656872045869,0.1833333333333333,0.002986926999938,0.000222567000037
synth-nonlin,RF,25,0.85,0.8499583217560434,0.3235130795285935,0.0788333333333332,0.3538194339998881,0.0169536930000049
synth-nonlin,SVM,25,0.9,0.899888765294772,0.3046283882967483,0.1073716301456531,0.0228340599999228,0.0012344179999672
synth-nonlin,GNB,26,0.8166666666666667,0.8162071846282373,0.421865640686284,0.1322900237955623,0.0013204639999457,0.0003247929998906
synth-nonlin,MI-WNB,26,0.8333333333333334,0.8325892857142857,0.4310572876143803,0.1076553493050639,0.0230147909999232,0.0002065650000986
synth-nonlin,ABD-NB-L,26,0.8333333333333334,0.8325892857142857,0.4084208642052724,0.1210773005513821,0.0055911599999944,0.0002240040000742
synth-nonlin,ABD-NB-G,26,0.8333333333333334,0.8331479421579533,0.4133324686313102,0.0973533971717884,0.0068298929998036,0.0002602690001367
synth-nonlin,ABD-NB-C,26,0.8166666666666667,0.8162071846282373,0.4130265511902006,0.1022936286006916,0.0055052400000477,0.0001892830000542
synth-nonlin,LR,26,0.8,0.7991071428571428,0.4211442447733439,0.0871124764266844,0.0703796239999974,0.0007478580000679
synth-nonlin,kNN,26,0.8166666666666667,0.8166157265907197,2.0688604804576203,0.0766666666666666,0.002265565000016,0.002036008999994
synth-nonlin,CART,26,0.7833333333333333,0.7818181818181819,5.986721241784519,0.2166666666666666,0.0028644460001032,0.0001994280000872
synth-nonlin,RF,26,0.8333333333333334,0.8333333333333334,0.363866073694412,0.1096666666666666,0.4869419289998404,0.0177760929998385
synth-nonlin,SVM,26,0.8166666666666667,0.8166157265907197,0.3634462338487953,0.1113869513740311,0.0224101569999675,0.001340515000038
synth-nonlin,GNB,27,0.9,0.8995535714285714,0.2305335216401173,0.0709121622476633,0.001300067999864,0.0003184700001384
synth-nonlin,MI-WNB,27,0.9,0.8995535714285714,0.2367933079081197,0.0966548788200104,0.0230051399998956,0.0002078449999771
synth-nonlin,ABD-NB-L,27,0.9,0.8995535714285714,0.2654552890979163,0.0925795060541249,0.0058079160000943,0.0002619100000629
synth-nonlin,ABD-NB-G,27,0.9,0.8995535714285714,0.2863328653865405,0.0946520053816511,0.0054044680000515,0.000226510000175
synth-nonlin,ABD-NB-C,27,0.9,0.8995535714285714,0.2869170170637101,0.1020288803180449,0.0057800909999059,0.0002023110000664
synth-nonlin,LR,27,0.9,0.8995535714285714,0.2396192216889433,0.0741359002456081,0.1075478420000308,0.0007727199999862
synth-nonlin,kNN,27,0.8666666666666667,0.8666666666666667,1.1382370408449425,0.04,0.0071038879998468,0.0024315040000146
synth-nonlin,CART,27,0.8,0.7997775305895439,5.52620422318571,0.1999999999999999,0.0032892199999423,0.0002012779998494
synth-nonlin,RF,27,0.9,0.899888765294772,0.257405555832139,0.1160833333333333,0.3692740420001428,0.0165039229998456
synth-nonlin,SVM,27,0.9,0.8995535714285714,0.2480792992238029,0.0571834017354841,0.0230584690000341,0.001259076999986
synth-nonlin,GNB,28,0.9,0.899888765294772,0.3033054431718792,0.0756649042224355,0.001253490000181,0.0002619879999201
synth-nonlin,MI-WNB,28,0.9,0.899888765294772,0.3263430999368342,0.0690545746774297,0.023400674999948,0.0002022470000611
synth-nonlin,ABD-NB-L,28,0.9166666666666666,0.916083916083916,0.2769667422636055,0.090592746723246,0.0053512529998442,0.0002247489999263
synth-nonlin,ABD-NB-G,28,0.9166666666666666,0.916083916083916,0.2655093083594658,0.0777632613808214,0.0053591839998716,0.0002763719999165
synth-nonlin,ABD-NB-C,28,0.9166666666666666,0.916083916083916,0.2635153618611254,0.081337016479866,0.0053817790001176,0.0002004309999392
synth-nonlin,LR,28,0.9166666666666666,0.916083916083916,0.2909300981074962,0.0914644344768509,0.0318552410001302,0.000674484000001
synth-nonlin,kNN,28,0.8166666666666667,0.8162071846282373,1.1691753406843697,0.07,0.0022944310001093,0.002108908000082
synth-nonlin,CART,28,0.8666666666666667,0.8665183537263625,3.684136148790473,0.1333333333333333,0.0029507149999972,0.0001959789999546
synth-nonlin,RF,28,0.9,0.8995535714285714,0.3236368031408534,0.1091666666666666,0.3545375759999842,0.0172627330000523
synth-nonlin,SVM,28,0.9,0.8995535714285714,0.2920738772429614,0.0992122530091935,0.0222654300000613,0.0012109340000279
synth-nonlin,GNB,29,0.9166666666666666,0.9166435120866908,0.1927086245635356,0.0769271791679153,0.001173448000145,0.0002431249999972
synth-nonlin,MI-WNB,29,0.9666666666666668,0.9666295884315907,0.1878660771386417,0.0998644055758369,0.0217771630000243,0.0001883769998585
synth-nonlin,ABD-NB-L,29,0.9333333333333332,0.9332591768631812,0.2142906779899026,0.1016498638530108,0.0056378430001586,0.0002446440000767
synth-nonlin,ABD-NB-G,29,0.9333333333333332,0.9332591768631812,0.2215912025568717,0.127353384020474,0.0050630180001007,0.0002603129998988
synth-nonlin,ABD-NB-C,29,0.9333333333333332,0.9332591768631812,0.2221369283072977,0.1272558022602797,0.005294423000123,0.0002228939999895
synth-nonlin,LR,29,0.95,0.949874686716792,0.1844226098072372,0.0805504616903848,0.0335405920000084,0.0007162849999531
synth-nonlin,kNN,29,0.9333333333333332,0.9333333333333332,0.1773556679681752,0.0533333333333332,0.0022800950000601,0.0021053550001397
synth-nonlin,CART,29,0.85,0.8499583217560434,4.144653167389282,0.15,0.0029686969999147,0.0002447439999286
synth-nonlin,RF,29,0.95,0.949874686716792,0.1911451282566995,0.1013333333333332,0.3519939899999826,0.0163009149998742
synth-nonlin,SVM,29,0.95,0.949874686716792,0.2061806892079191,0.0641763973104229,0.0229625030001443,0.0013235750000148
synth-sklearn,GNB,0,0.8833333333333333,0.8825174825174825,0.7122979599591327,0.0932752974170358,0.0014821659999597,0.0003398919998289
synth-sklearn,MI-WNB,0,0.8666666666666667,0.8653198653198653,0.5642906619491366,0.0931282573008388,0.0702910979998705,0.0002030779999131
synth-sklearn,ABD-NB-L,0,0.8833333333333333,0.8825174825174825,0.5374503235431857,0.0912385388283991,0.0123177549999127,0.0003058449999571
synth-sklearn,ABD-NB-G,0,0.9,0.8995535714285714,0.459286195162031,0.1152701145542745,0.0125774319999436,0.0002906029999394
synth-sklearn,ABD-NB-C,0,0.8833333333333333,0.8830409356725146,0.4751947526103332,0.1162308876496828,0.0121576250000998,0.0003071510000154
synth-sklearn,LR,0,0.9,0.899888765294772,0.4259646629920123,0.1656299059217064,0.0234557830001449,0.0008603530000073
synth-sklearn,kNN,0,0.9166666666666666,0.9164578111946532,0.6063642044641261,0.0366666666666666,0.0029371789999004,0.1049773150000419
synth-sklearn,CART,0,0.8833333333333333,0.883300916921367,3.223619130191664,0.1166666666666667,0.0069405990000177,0.0002265200000692
synth-sklearn,RF,0,0.9333333333333332,0.9330357142857144,0.2559675833238961,0.1315833333333332,0.4296129660001497,0.0183693879998827
synth-sklearn,SVM,0,0.9,0.898989898989899,0.3077159613544966,0.0685898606802532,0.0385983920000398,0.0014261349999742
synth-sklearn,GNB,1,0.85,0.848951048951049,0.7151079028810372,0.142417949896012,0.0013071819998913,0.000276415999906
synth-sklearn,MI-WNB,1,0.8333333333333334,0.8316498316498316,0.6065507368141546,0.1325173700973503,0.0740995050000492,0.0002157110000098
synth-sklearn,ABD-NB-L,1,0.85,0.848951048951049,0.5303808333452917,0.1468452115852527,0.0126978640000743,0.000361711999858
synth-sklearn,ABD-NB-G,1,0.8333333333333334,0.8316498316498316,0.4321487621657059,0.1118161905087085,0.0129575660000682,0.0003021060001628
synth-sklearn,ABD-NB-C,1,0.85,0.848951048951049,0.3807419604984792,0.1354486411837588,0.0123521939999591,0.0003618099999584
synth-sklearn,LR,1,0.8666666666666667,0.8660714285714286,0.434103794185914,0.1101651467645679,0.0054664279998632,0.0006744629999957
synth-sklearn,kNN,1,0.9833333333333332,0.9833287024173382,0.0976743232337142,0.0599999999999999,0.0020322530001521,0.0731874549999247
synth-sklearn,CART,1,0.95,0.9499861072520144,1.3815510557964277,0.05,0.0069222920001266,0.0002766469999642
synth-sklearn,RF,1,0.9666666666666668,0.9666666666666668,0.1764252833146169,0.1042499999999999,0.4256612619999487,0.0184994920000463
synth-sklearn,SVM,1,0.9833333333333332,0.9833287024173382,0.1434586944677245,0.0762429159691289,0.0462245179999172,0.0023268630000075
synth-sklearn,GNB,2,0.9333333333333332,0.9333333333333332,0.2273050004202748,0.0816892013125902,0.0020364980000522,0.0003944620000311
synth-sklearn,MI-WNB,2,0.9166666666666666,0.9166435120866908,0.2219813377137238,0.0763378746104606,0.0851528680000228,0.0003408299999136
synth-sklearn,ABD-NB-L,2,0.9333333333333332,0.9333333333333332,0.2062404094151683,0.0832324582891632,0.0139194579999184,0.0003475599999092
synth-sklearn,ABD-NB-G,2,0.9,0.9,0.2085035445907168,0.081239808278187,0.0118851729998823,0.0003456089998508
synth-sklearn,ABD-NB-C,2,0.8833333333333333,0.883300916921367,0.2179757216927485,0.0853040845016798,0.0119748069998877,0.0002680640000107
synth-sklearn,LR,2,0.8833333333333333,0.8830409356725146,0.2895480771687292,0.1002600663744491,0.0057043869999233,0.0006440150000344
synth-sklearn,kNN,2,0.9666666666666668,0.9666295884315907,0.5596622592951047,0.0633333333333333,0.0018768140000702,0.0755742940000345
synth-sklearn,CART,2,0.9,0.9,2.763102111592855,0.0999999999999999,0.0073633799997878,0.0002565059999142
synth-sklearn,RF,2,0.9666666666666668,0.9666295884315907,0.1624918364751236,0.0991666666666667,0.4666417930000079,0.0181525939999573
synth-sklearn,SVM,2,0.9333333333333332,0.9332591768631812,0.1428896541761536,0.0611606052057002,0.0390468529999452,0.0015925000000152
synth-sklearn,GNB,3,0.8333333333333334,0.8325892857142857,0.9373885894488092,0.1801412829450329,0.0014116009999725,0.0003016170001046
synth-sklearn,MI-WNB,3,0.8,0.7991071428571428,0.6474292806834654,0.1170343326626825,0.0754188690000319,0.0002922650000982
synth-sklearn,ABD-NB-L,3,0.8333333333333334,0.8325892857142857,0.6858532082032635,0.1553247588888855,0.0135201119999237,0.0003677340000649
synth-sklearn,ABD-NB-G,3,0.8333333333333334,0.8325892857142857,0.569206423074713,0.1605662381406534,0.0136284600000635,0.0002601159999358
synth-sklearn,ABD-NB-C,3,0.8166666666666667,0.8153846153846154,0.5872508660160792,0.1414751149785628,0.0133844499998758,0.0002352310000333
synth-sklearn,LR,3,0.8,0.7997775305895439,0.4219053569372252,0.1088264143164289,0.0053613229999882,0.0006550410000727
synth-sklearn,kNN,3,0.8833333333333333,0.8825174825174825,0.2030071334683811,0.0366666666666666,0.0020468739999159,0.087076338000088
synth-sklearn,CART,3,0.75,0.7499305362600722,6.907755278982137,0.25,0.008036544999868,0.0002771259999008
synth-sklearn,RF,3,0.9,0.899888765294772,0.2326565947579563,0.1079166666666667,0.4189224259998809,0.0164746329999161
synth-sklearn,SVM,3,0.9,0.8995535714285714,0.2078131258172127,0.0438079872905957,0.0384398129999681,0.0016821140000047
synth-sklearn,GNB,4,0.8333333333333334,0.8331479421579533,0.4901384953064268,0.1226530186100749,0.0013711320000311,0.0003030809998563
synth-sklearn,MI-WNB,4,0.8333333333333334,0.8331479421579533,0.4292190033379209,0.1273247119880475,0.0712116269999114,0.0002836279998064
synth-sklearn,ABD-NB-L,4,0.85,0.8499583217560434,0.3949457235879484,0.091653987452186,0.0115713519999189,0.0002850020000551
synth-sklearn,ABD-NB-G,4,0.85,0.8499583217560434,0.3633921280484508,0.0846568837272433,0.0117164270000102,0.0002574590000676
synth-sklearn,ABD-NB-C,4,0.8166666666666667,0.8166157265907197,0.3574248278698385,0.0885270277514924,0.0117393489999813,0.0002338619999591
synth-sklearn,LR,4,0.85,0.8499583217560434,0.4148427073196436,0.1013171655157092,0.0056696929998452,0.0006850229999599
synth-sklearn,kNN,4,0.9333333333333332,0.9332591768631812,0.6084053041901388,0.0733333333333333,0.0018247030000111,0.0968022490001203
synth-sklearn,CART,4,0.9,0.898989898989899,2.763102111592855,0.0999999999999999,0.0073287739999159,0.0002331110001705
synth-sklearn,RF,4,0.95,0.9499861072520144,0.2110438192954542,0.0771666666666666,0.4214666889999989,0.0169240709999485
synth-sklearn,SVM,4,0.9166666666666666,0.9164578111946532,0.1956340779737956,0.0541557410363704,0.0380236019998392,0.0014117579999037
synth-sklearn,GNB,5,0.8333333333333334,0.8325892857142857,0.4016734475201368,0.1116638820546413,0.0013285969998833,0.0003605179999794
synth-sklearn,MI-WNB,5,0.8833333333333333,0.883300916921367,0.3180460185373661,0.0877440071146332,0.0695794989999285,0.0002038519999132
synth-sklearn,ABD-NB-L,5,0.8333333333333334,0.8325892857142857,0.3484791693959629,0.0949097357896321,0.0115527450000172,0.0002913650000664
synth-sklearn,ABD-NB-G,5,0.85,0.849624060150376,0.3622354684470347,0.1138446579017458,0.011471530000108,0.0002674289999049
synth-sklearn,ABD-NB-C,5,0.8333333333333334,0.8331479421579533,0.4058982312472021,0.0983684975466734,0.0119434840000849,0.0002094679998663
synth-sklearn,LR,5,0.8,0.7997775305895439,0.3965951289271223,0.1190303763299594,0.0054455399999824,0.000669961000085
synth-sklearn,kNN,5,0.95,0.949874686716792,0.1571925968746734,0.0366666666666666,0.0018222940000214,0.0880500429998392
synth-sklearn,CART,5,0.9,0.9,2.763102111592855,0.0999999999999999,0.0079352529999141,0.0002019670000663
synth-sklearn,RF,5,0.9666666666666668,0.9666295884315907,0.170617395464128,0.1093333333333333,0.4118527890000223,0.0163614180000877
synth-sklearn,SVM,5,0.9666666666666668,0.9666295884315907,0.1489045036863091,0.0682941648727266,0.0380251679998764,0.0013995009999234
synth-sklearn,GNB,6,0.8666666666666667,0.8665183537263625,0.4891156014179039,0.1162732796959369,0.0013655899999776,0.0002588770000784
synth-sklearn,MI-WNB,6,0.8666666666666667,0.8665183537263625,0.3567454314380259,0.1031975899110722,0.0693647130001409,0.0002243229998839
synth-sklearn,ABD-NB-L,6,0.8666666666666667,0.8665183537263625,0.376786270782082,0.113627488820271,0.0114732060001188,0.0002303060000485
synth-sklearn,ABD-NB-G,6,0.8666666666666667,0.8665183537263625,0.3261977040639994,0.0958767728325276,0.0112649940001574,0.0002669830000741
synth-sklearn,ABD-NB-C,6,0.8833333333333333,0.8830409356725146,0.3320474185622712,0.0944198769239165,0.0111724859998503,0.0001964040000075
synth-sklearn,LR,6,0.8666666666666667,0.8666666666666667,0.29576783251131,0.1122779180878679,0.0057005500000286,0.0005433349999748
synth-sklearn,kNN,6,0.9,0.9,1.0374138406860896,0.0799999999999999,0.0018251910000799,0.0558434829999896
synth-sklearn,CART,6,0.8833333333333333,0.883300916921367,3.223619130191664,0.1166666666666667,0.0084337459998096,0.00028244300006
synth-sklearn,RF,6,0.95,0.9499861072520144,0.2101227626421667,0.0996666666666666,0.432059615000071,0.0171487220000017
synth-sklearn,SVM,6,0.9166666666666666,0.9166435120866908,0.2051142199207929,0.0838035809689644,0.0379941240000789,0.0014529190000303
synth-sklearn,GNB,7,0.8833333333333333,0.883300916921367,0.5716976180181631,0.0792591800300631,0.0013997050000398,0.0002643039999838
synth-sklearn,MI-WNB,7,0.8666666666666667,0.8665183537263625,0.5030211463920485,0.1124913982861669,0.072017403000018,0.0002566870000464
synth-sklearn,ABD-NB-L,7,0.8833333333333333,0.883300916921367,0.4475080233735286,0.075934937643485,0.0117737769999166,0.0002715509999688
synth-sklearn,ABD-NB-G,7,0.9,0.9,0.3898012725547967,0.0865519670631269,0.0114102970001113,0.0002378359999966
synth-sklearn,ABD-NB-C,7,0.9,0.899888765294772,0.3797948379191415,0.0858745587811075,0.0113408219999655,0.0002806130000863
synth-sklearn,LR,7,0.8666666666666667,0.8665183537263625,0.4095411539829324,0.1345093612050836,0.0053614389998983,0.0007054850000258
synth-sklearn,kNN,7,0.9166666666666666,0.9166435120866908,0.592168334285183,0.0433333333333333,0.0017867760000171,0.0437125319999722
synth-sklearn,CART,7,0.9333333333333332,0.9332591768631812,1.8420680743952365,0.0666666666666666,0.0078966199998831,0.0002146260001154
synth-sklearn,RF,7,0.95,0.9499861072520144,0.6250647303014584,0.1180000000000001,0.4187631160000364,0.018047228000114
synth-sklearn,SVM,7,0.9333333333333332,0.9333333333333332,0.2044003438244007,0.0466486403456547,0.0369916730001023,0.0016676790000929
synth-sklearn,GNB,8,0.8,0.8,0.6437622370989986,0.1359795460223189,0.0013653579999299,0.0003079999999044
synth-sklearn,MI-WNB,8,0.7666666666666667,0.7666666666666667,0.5255766262750905,0.1460963334227201,0.071337959999937,0.000292988999945
synth-sklearn,ABD-NB-L,8,0.8166666666666667,0.8166157265907197,0.5087015520105779,0.122018340930277,0.0197299999999813,0.0003898940001363
synth-sklearn,ABD-NB-G,8,0.8166666666666667,0.8166157265907197,0.4423225330304161,0.0915068787841565,0.0117542039999989,0.0002599679999093
synth-sklearn,ABD-NB-C,8,0.8166666666666667,0.8166157265907197,0.4408087134934308,0.0936797560954621,0.0117799600000125,0.0002353419999963
synth-sklearn,LR,8,0.7666666666666667,0.765625,0.4631269694166871,0.1182057701406276,0.0055005760000312,0.0005878140000277
synth-sklearn,kNN,8,0.9166666666666666,0.9166435120866908,1.0455323256385674,0.0766666666666666,0.0017878959999961,0.0602765829999043
synth-sklearn,CART,8,0.8666666666666667,0.8660714285714286,3.684136148790473,0.1333333333333333,0.0076609820000612,0.0002053289999821
synth-sklearn,RF,8,0.9166666666666666,0.9166435120866908,0.2354313585800898,0.11675,0.4420948970000609,0.0181928530000732
synth-sklearn,SVM,8,0.8833333333333333,0.883300916921367,0.2470232218254517,0.077457718677096,0.038575819000016,0.0015805410000666
synth-sklearn,GNB,9,0.8166666666666667,0.8162071846282373,0.8774807448052224,0.1667732387593907,0.0013340400000743,0.0002561830001468
synth-sklearn,MI-WNB,9,0.8166666666666667,0.8166157265907197,0.6658443703404071,0.1173751356469023,0.0703631579999637,0.0002263769999899
synth-sklearn,ABD-NB-L,9,0.8166666666666667,0.8162071846282373,0.6519242003825013,0.1474223130322238,0.0115000260000215,0.0002797719998852
synth-sklearn,ABD-NB-G,9,0.8166666666666667,0.8166157265907197,0.5471815800868125,0.1273327188997292,0.0111196309999286,0.0002461530000346
synth-sklearn,ABD-NB-C,9,0.8166666666666667,0.8162071846282373,0.5151008062882503,0.1013031062301466,0.011145961000011,0.0002454180000768
synth-sklearn,LR,9,0.8166666666666667,0.8162071846282373,0.5100978309468094,0.0906015960920694,0.0052975660000811,0.0005952189999334
synth-sklearn,kNN,9,0.85,0.849624060150376,0.6573687177089854,0.06,0.0027348380001512,0.0516200370000206
synth-sklearn,CART,9,0.9,0.8995535714285714,2.763102111592855,0.0999999999999999,0.0076994710000235,0.0002099560001624
synth-sklearn,RF,9,0.8666666666666667,0.8666666666666667,0.2656297264973297,0.0798333333333333,0.410050333000072,0.0168772459999217
synth-sklearn,SVM,9,0.9,0.9,0.2612204234540853,0.065785267882371,0.0358570220000729,0.0019507790000261
synth-sklearn,GNB,10,0.85,0.849624060150376,0.8728821280356109,0.1335443875670586,0.0013724020000154,0.0002648029999363
synth-sklearn,MI-WNB,10,0.8666666666666667,0.8660714285714286,0.7123721129665507,0.1634415384468127,0.0694097909999982,0.0002827979999437
synth-sklearn,ABD-NB-L,10,0.85,0.849624060150376,0.6446267972570623,0.1527060831992692,0.0115623059998597,0.0002362459999858
synth-sklearn,ABD-NB-G,10,0.8333333333333334,0.8331479421579533,0.5370892971254175,0.1236608923237405,0.0111179310001716,0.0002916710000135
synth-sklearn,ABD-NB-C,10,0.8166666666666667,0.8162071846282373,0.5539005539511626,0.111265244926058,0.0112822920000326,0.0002075360000617
synth-sklearn,LR,10,0.8166666666666667,0.8166157265907197,0.4410417922017147,0.1612019748603813,0.0051872599999569,0.0006492750001143
synth-sklearn,kNN,10,0.9333333333333332,0.9330357142857144,1.0088338668845571,0.0566666666666666,0.0017877059999591,0.0976277009999648
synth-sklearn,CART,10,0.9333333333333332,0.9330357142857144,1.8420680743952365,0.0666666666666666,0.007222406999972,0.000231130000202
synth-sklearn,RF,10,0.95,0.949874686716792,0.2569271074721582,0.06625,0.4129100170000583,0.017733675999807
synth-sklearn,SVM,10,0.9166666666666666,0.916083916083916,0.2790339609633384,0.065041527631376,0.0355483929999991,0.0014469580000877
synth-sklearn,GNB,11,0.9,0.899888765294772,0.3537359530775749,0.0662150423581381,0.0012635349999072,0.0002690930000426
synth-sklearn,MI-WNB,11,0.8833333333333333,0.883300916921367,0.3171015408601472,0.0843833233805401,0.0695123779998994,0.0002326280000488
synth-sklearn,ABD-NB-L,11,0.9,0.899888765294772,0.2876486854007994,0.0603655690179301,0.0114845940001941,0.0002536540000619
synth-sklearn,ABD-NB-G,11,0.9,0.899888765294772,0.2747506948656212,0.0745248291296209,0.0114676279999912,0.0002987840000514
synth-sklearn,ABD-NB-C,11,0.9333333333333332,0.9332591768631812,0.2532070916654227,0.0735274795543036,0.0114807999998447,0.000265507999984
synth-sklearn,LR,11,0.8833333333333333,0.8825174825174825,0.3522379360596608,0.1294472887384644,0.0055920100001003,0.0006166860000575
synth-sklearn,kNN,11,0.9666666666666668,0.9666295884315907,0.5581913418325233,0.0766666666666666,0.0017695559999992,0.0257592240000121
synth-sklearn,CART,11,0.7833333333333333,0.7818181818181819,5.986721241784519,0.2166666666666666,0.0080142840001826,0.0002328279999801
synth-sklearn,RF,11,0.95,0.949874686716792,0.1690454036456228,0.1251666666666666,0.4287428840000302,0.0172095390000777
synth-sklearn,SVM,11,0.95,0.9499861072520144,0.1342627901302892,0.0434013314758678,0.0374757680001494,0.0015520360000209
synth-sklearn,GNB,12,0.8333333333333334,0.8316498316498316,0.4619645585210653,0.1255513785706294,0.0014160260000153,0.0002583820000836
synth-sklearn,MI-WNB,12,0.85,0.848951048951049,0.3893407091970087,0.0780293508250033,0.0682852340000863,0.0002728339998157
synth-sklearn,ABD-NB-L,12,0.8333333333333334,0.8316498316498316,0.3840664836105312,0.1147690750470103,0.0113069630001518,0.0002773439998691
synth-sklearn,ABD-NB-G,12,0.8166666666666667,0.8153846153846154,0.3541963916489491,0.1055534878314855,0.0108829159999004,0.0002263129999846
synth-sklearn,ABD-NB-C,12,0.8666666666666667,0.8660714285714286,0.3289596307258923,0.0965978940097523,0.0111958739998954,0.000193199000023
synth-sklearn,LR,12,0.8333333333333334,0.8325892857142857,0.3483301317212762,0.0613598980794661,0.0054918910000196,0.0006028579998655
synth-sklearn,kNN,12,1.0,1.0,0.1542319533931805,0.1266666666666666,0.0017615900001146,0.057893421000017
synth-sklearn,CART,12,0.8666666666666667,0.8660714285714286,3.684136148790473,0.1333333333333333,0.0075447679998887,0.0001996320002035
synth-sklearn,RF,12,0.9833333333333332,0.9833287024173382,0.1670476192448203,0.1235833333333333,0.4084838189999118,0.0170421960001476
synth-sklearn,SVM,12,0.9666666666666668,0.9666295884315907,0.1313588920062529,0.0943392484164233,0.0377142869999715,0.001476982999975
synth-sklearn,GNB,13,0.9166666666666666,0.9164578111946532,0.3589463706091171,0.1112735405236241,0.0013493680000919,0.0002994809999563
synth-sklearn,MI-WNB,13,0.9,0.8995535714285714,0.3187772799362312,0.1030304262951461,0.0682036650000554,0.0002104070001678
synth-sklearn,ABD-NB-L,13,0.9166666666666666,0.9164578111946532,0.3080801026339098,0.108814579024842,0.0112884739999117,0.0002407020001555
synth-sklearn,ABD-NB-G,13,0.8833333333333333,0.8830409356725146,0.3045868050156244,0.0995012540595359,0.0112026909998803,0.000225132999958
synth-sklearn,ABD-NB-C,13,0.8833333333333333,0.8830409356725146,0.2952740883878381,0.1041718771889549,0.0112246059998142,0.0002474950001669
synth-sklearn,LR,13,0.9166666666666666,0.9164578111946532,0.3777299891298483,0.1526258940868888,0.0052430620000905,0.0006244170001536
synth-sklearn,kNN,13,0.9666666666666668,0.9666295884315907,0.5826569810018633,0.0966666666666665,0.0017766299999948,0.0521175069998207
synth-sklearn,CART,13,0.95,0.9499861072520144,1.3815510557964277,0.05,0.0070374620001985,0.0001989439999761
synth-sklearn,RF,13,0.9666666666666668,0.9666666666666668,0.1640442779491413,0.0965833333333332,0.4144977779999408,0.0171371459998681
synth-sklearn,SVM,13,0.9666666666666668,0.9666295884315907,0.1304678640553938,0.0662472845925726,0.038403727000059,0.0014906339999924
synth-sklearn,GNB,14,0.8666666666666667,0.8665183537263625,0.3852239511051393,0.0880279282610677,0.0013343799998892,0.0002670589999524
synth-sklearn,MI-WNB,14,0.8833333333333333,0.883300916921367,0.3149107762689341,0.0988309109097839,0.0687701330000436,0.0002285210000536
synth-sklearn,ABD-NB-L,14,0.8666666666666667,0.8665183537263625,0.3091387045571602,0.0939654229871288,0.0119754969998666,0.0002417770001557
synth-sklearn,ABD-NB-G,14,0.8666666666666667,0.8665183537263625,0.2806059546188176,0.0873839918382507,0.0118447960001049,0.0002971910000724
synth-sklearn,ABD-NB-C,14,0.8666666666666667,0.8665183537263625,0.2679068820636777,0.0919470525041276,0.0112917810001818,0.0002151899998352
synth-sklearn,LR,14,0.8,0.797979797979798,0.349875714275941,0.0722263637573204,0.0054083830000308,0.0005768199998783
synth-sklearn,kNN,14,0.9166666666666666,0.9166435120866908,0.1726711510725519,0.0066666666666667,0.001749215000018,0.0014388930001132
synth-sklearn,CART,14,0.9166666666666666,0.9166435120866908,2.302585092994045,0.0833333333333333,0.0069754940000166,0.0002743460001966
synth-sklearn,RF,14,0.9166666666666666,0.9166435120866908,0.1814940252295601,0.1011666666666667,0.4223371260000021,0.0169453749999775
synth-sklearn,SVM,14,0.9166666666666666,0.9166435120866908,0.1957287178698176,0.044106048639856,0.0378448250000928,0.0015381700000034
synth-sklearn,GNB,15,0.8333333333333334,0.8333333333333334,0.8260119933409504,0.1702233513112472,0.0013016799998695,0.0002620889999889
synth-sklearn,MI-WNB,15,0.7833333333333333,0.783273131425396,0.6616251037376532,0.1493760996106145,0.0689965750000283,0.0002205460000368
synth-sklearn,ABD-NB-L,15,0.8333333333333334,0.8333333333333334,0.6170578775776207,0.1503326316718972,0.0118385529999613,0.0002375409999331
synth-sklearn,ABD-NB-G,15,0.8166666666666667,0.8166157265907197,0.5042943999551811,0.1186453068130525,0.0111889009999686,0.00024386400014
synth-sklearn,ABD-NB-C,15,0.8166666666666667,0.8166157265907197,0.5074853747442517,0.1111102894515454,0.0140092839999397,0.0004217309999603
synth-sklearn,LR,15,0.8166666666666667,0.8166157265907197,0.4611201904888992,0.0656291715572887,0.0054403159999765,0.0006306320001385
synth-sklearn,kNN,15,0.9333333333333332,0.9330357142857144,1.460630083087291,0.0933333333333333,0.0018354859998908,0.0481763180000598
synth-sklearn,CART,15,0.8666666666666667,0.8666666666666667,3.684136148790473,0.1333333333333333,0.0070162160000109,0.0002051330000085
synth-sklearn,RF,15,0.95,0.949874686716792,0.6489884977778584,0.0844166666666667,0.4409227759999794,0.0222828040000422
synth-sklearn,SVM,15,0.95,0.949874686716792,0.2561720480863129,0.0844779476227593,0.0373603269999875,0.0016082780000488
synth-sklearn,GNB,16,0.85,0.8499583217560434,0.4221373281524027,0.1164415117450205,0.001272998000104,0.0002845270000761
synth-sklearn,MI-WNB,16,0.8666666666666667,0.8666666666666667,0.3619257673048988,0.0987812938709805,0.0690287320001061,0.0002099179998822
synth-sklearn,ABD-NB-L,16,0.85,0.8499583217560434,0.3450359895670376,0.1000120670997671,0.0117547729998932,0.0002634270001635
synth-sklearn,ABD-NB-G,16,0.85,0.849624060150376,0.3117656663220318,0.0973068709293024,0.0112411489999431,0.0002468449999923
synth-sklearn,ABD-NB-C,16,0.8333333333333334,0.8325892857142857,0.3255657555698557,0.0974543216981864,0.0119573219999438,0.0002261439999529
synth-sklearn,LR,16,0.8833333333333333,0.8830409356725146,0.3268300054522056,0.0838323769391016,0.020774670000037,0.0007203830000435
synth-sklearn,kNN,16,0.9,0.899888765294772,0.1414477601014092,0.0566666666666666,0.0017800129999159,0.1264697709998472
synth-sklearn,CART,16,0.85,0.8499583217560434,4.144653167389282,0.15,0.0065802880001228,0.0002107170000726
synth-sklearn,RF,16,0.9333333333333332,0.9332591768631812,0.2096015365024139,0.0910833333333334,0.4167256440000528,0.0172871949998807
synth-sklearn,SVM,16,0.9,0.899888765294772,0.1822183991326584,0.0818782383152331,0.0366135639999356,0.0015209919999961
synth-sklearn,GNB,17,0.75,0.7482517482517483,1.4448437441864368,0.2387563321879399,0.0012862389999099,0.0002735099999426
synth-sklearn,MI-WNB,17,0.75,0.7493734335839599,0.9984266360951208,0.2052287731541414,0.0692827999998826,0.0002257539999845
synth-sklearn,ABD-NB-L,17,0.7666666666666667,0.7643097643097643,1.0215316794626172,0.2398628034061022,0.011450792000005,0.0002458090000345
synth-sklearn,ABD-NB-G,17,0.7666666666666667,0.7643097643097643,0.809277867823633,0.2286299104543491,0.0111790290000044,0.0002910470000188
synth-sklearn,ABD-NB-C,17,0.7666666666666667,0.7643097643097643,0.8086763011189881,0.2220262287177632,0.0113809720000972,0.0002966810000089
synth-sklearn,LR,17,0.7333333333333333,0.7321428571428572,0.7243943856166062,0.1798025292935872,0.0054142669998782,0.0006398460000127
synth-sklearn,kNN,17,0.8666666666666667,0.8665183537263625,1.1222851620717025,0.04,0.0018937130000722,0.0404712700001255
synth-sklearn,CART,17,0.7666666666666667,0.765625,6.447238260383328,0.2333333333333332,0.0081824119999964,0.0002185439998356
synth-sklearn,RF,17,0.8333333333333334,0.8333333333333334,0.3603868317835467,0.106,0.4160942500000146,0.0176647509999838
synth-sklearn,SVM,17,0.8166666666666667,0.8162071846282373,0.3298483577624751,0.0957650816272174,0.0356698150001193,0.0014437700001508
synth-sklearn,GNB,18,0.85,0.8499583217560434,0.3737127972949911,0.1246513482346541,0.0012915700001485,0.0002716159999636
synth-sklearn,MI-WNB,18,0.8333333333333334,0.8333333333333334,0.3254772965203529,0.1133567812213762,0.0686941449998812,0.000242758000013
synth-sklearn,ABD-NB-L,18,0.85,0.8499583217560434,0.3215787493267936,0.1554488436614352,0.0116908510001394,0.0002961350000987
synth-sklearn,ABD-NB-G,18,0.8666666666666667,0.8666666666666667,0.31381153909223,0.097653076949275,0.0110504790000049,0.0002195360000314
synth-sklearn,ABD-NB-C,18,0.8666666666666667,0.8666666666666667,0.3123551580558795,0.0888433499837316,0.0122290459999021,0.0001962439998806
synth-sklearn,LR,18,0.8166666666666667,0.8162071846282373,0.3574228787066809,0.0696462798110145,0.0050568239998938,0.000634538000213
synth-sklearn,kNN,18,0.8833333333333333,0.8825174825174825,0.2053654595062761,0.0266666666666666,0.0017268919998514,0.0597367639998083
synth-sklearn,CART,18,0.8833333333333333,0.883300916921367,3.223619130191664,0.1166666666666667,0.0074724700000388,0.0002184630000101
synth-sklearn,RF,18,0.9666666666666668,0.9666666666666668,0.1808927826174949,0.1055,0.422687304999954,0.0179600950000349
synth-sklearn,SVM,18,0.9,0.8995535714285714,0.1980359950966076,0.060265384848226,0.03988643699995,0.0015752740000607
synth-sklearn,GNB,19,0.85,0.8499583217560434,0.6831829743524355,0.1348820930312422,0.0013936549999016,0.0002814180002133
synth-sklearn,MI-WNB,19,0.8666666666666667,0.8665183537263625,0.4943417222322383,0.1277446715197275,0.0725056960000074,0.0002517609998449
synth-sklearn,ABD-NB-L,19,0.85,0.8499583217560434,0.5281764445469108,0.106969738669636,0.0121169559999998,0.0002556629999617
synth-sklearn,ABD-NB-G,19,0.8666666666666667,0.8666666666666667,0.4677699220984795,0.1425175349454601,0.0117894669999714,0.0002421159999812
synth-sklearn,ABD-NB-C,19,0.8333333333333334,0.8331479421579533,0.5082839485133014,0.1208686484572262,0.0118693840001924,0.0002287150000483
synth-sklearn,LR,19,0.8666666666666667,0.8665183537263625,0.4291897088493506,0.1114481030225955,0.0056756160001896,0.0006511979997867
synth-sklearn,kNN,19,0.8833333333333333,0.883300916921367,0.2097648852701839,0.0233333333333332,0.0019037480001315,0.0135827090000475
synth-sklearn,CART,19,0.8833333333333333,0.883300916921367,3.223619130191664,0.1166666666666667,0.015183861999958,0.0003044610000415
synth-sklearn,RF,19,0.9333333333333332,0.9333333333333332,0.2166968105768221,0.1059166666666666,0.4287685040001179,0.01944341300009
synth-sklearn,SVM,19,0.9,0.899888765294772,0.2592000738701849,0.0910370839013096,0.0388627090001136,0.0014404710000235
synth-sklearn,GNB,20,0.85,0.849624060150376,0.8947578793125316,0.1508030463177624,0.0014725690000432,0.0003076010000313
synth-sklearn,MI-WNB,20,0.8666666666666667,0.8665183537263625,0.7198455532031146,0.1643746672885147,0.0727198399999906,0.0002647660001002
synth-sklearn,ABD-NB-L,20,0.8666666666666667,0.8665183537263625,0.6594055406239776,0.1661141357206574,0.0138042329999734,0.0003052010001738
synth-sklearn,ABD-NB-G,20,0.85,0.849624060150376,0.5444886361203577,0.1834823752640299,0.0117447909999555,0.0002326059998267
synth-sklearn,ABD-NB-C,20,0.8833333333333333,0.8830409356725146,0.5181936088166752,0.1645909426029159,0.0118035990001317,0.0002686519999315
synth-sklearn,LR,20,0.8333333333333334,0.8331479421579533,0.5181283712104084,0.1030714422968074,0.0057220000001052,0.0006516669998291
synth-sklearn,kNN,20,0.8833333333333333,0.8830409356725146,0.6205600746430691,0.0899999999999999,0.0019240679998802,0.0880390529998749
synth-sklearn,CART,20,0.8833333333333333,0.8830409356725146,3.223619130191664,0.1166666666666667,0.0088845940001647,0.0002281690001382
synth-sklearn,RF,20,0.9333333333333332,0.9332591768631812,0.1896043735334901,0.09725,0.4260369379999247,0.0176365909999276
synth-sklearn,SVM,20,0.9333333333333332,0.9332591768631812,0.233732486083641,0.0816108850333947,0.0385920260000602,0.0015635100000963
synth-sklearn,GNB,21,0.9,0.899888765294772,0.1623370954024056,0.072314981710222,0.0013355319999845,0.0003078990000631
synth-sklearn,MI-WNB,21,0.9333333333333332,0.9333333333333332,0.1690398650572336,0.0356093318881247,0.0703708359999382,0.0002373769998484
synth-sklearn,ABD-NB-L,21,0.9166666666666666,0.9164578111946532,0.1755966246800958,0.0719873789801623,0.0122222610000335,0.0003163999999742
synth-sklearn,ABD-NB-G,21,0.9166666666666666,0.9164578111946532,0.1985249764529731,0.0759414570450997,0.0114363010000033,0.0002320750002127
synth-sklearn,ABD-NB-C,21,0.8833333333333333,0.883300916921367,0.2019093433817328,0.0833547638669892,0.0113541230000464,0.0002119330001733
synth-sklearn,LR,21,0.8833333333333333,0.883300916921367,0.2934389524981225,0.086598571129935,0.0056184279999342,0.0005817499998101
synth-sklearn,kNN,21,0.95,0.949874686716792,0.600286819237661,0.0633333333333333,0.0018438520000927,0.0877330920000076
synth-sklearn,CART,21,0.9,0.899888765294772,2.763102111592855,0.0999999999999999,0.0078893990000779,0.0002809909999541
synth-sklearn,RF,21,0.9666666666666668,0.9666295884315907,0.167491630275408,0.1019166666666666,0.4202175129998977,0.0173506980002002
synth-sklearn,SVM,21,0.9166666666666666,0.9164578111946532,0.1735838468382677,0.0712854212367444,0.037794495000071,0.0016362339999886
synth-sklearn,GNB,22,0.85,0.8499583217560434,0.7823532887381021,0.1358677441133211,0.0012910650000321,0.0002779230001124
synth-sklearn,MI-WNB,22,0.8166666666666667,0.8166157265907197,0.5953524666557792,0.177184802629504,0.071371377999867,0.0002107589998558
synth-sklearn,ABD-NB-L,22,0.85,0.8499583217560434,0.5956231570901982,0.1400674539105574,0.0137424970000665,0.0003477650000149
synth-sklearn,ABD-NB-G,22,0.8333333333333334,0.8331479421579533,0.5221223647431803,0.1323967643032754,0.0138400220000676,0.0003934699998353
synth-sklearn,ABD-NB-C,22,0.8,0.7997775305895439,0.5187095785496951,0.1507745132000781,0.0129636990000108,0.0002345959999274
synth-sklearn,LR,22,0.85,0.849624060150376,0.5046803917797957,0.137864516879428,0.0056419169998207,0.0005634340000142
synth-sklearn,kNN,22,0.9166666666666666,0.9164578111946532,0.629073835039169,0.0299999999999999,0.0018941999999242,0.0897731899999598
synth-sklearn,CART,22,0.9,0.899888765294772,2.763102111592855,0.0999999999999999,0.0075819280000359,0.0002420499999971
synth-sklearn,RF,22,0.9166666666666666,0.9166435120866908,0.2283721215249253,0.0879166666666666,0.4411002249999001,0.0172526529997867
synth-sklearn,SVM,22,0.9166666666666666,0.9164578111946532,0.2701730350447176,0.0832481635367582,0.0362460779999764,0.0015598139998473
synth-sklearn,GNB,23,0.8666666666666667,0.8665183537263625,0.7401261423318862,0.1271503753904297,0.0012962870000592,0.0002996019998136
synth-sklearn,MI-WNB,23,0.85,0.849624060150376,0.5435793891169852,0.0912372131260826,0.0896865019999495,0.0003777599999921
synth-sklearn,ABD-NB-L,23,0.8666666666666667,0.8665183537263625,0.5528100951739453,0.1395240550682037,0.0207050399999388,0.0003289370001766
synth-sklearn,ABD-NB-G,23,0.85,0.8499583217560434,0.4656410926724864,0.1258975183445461,0.0118950440000844,0.0002493269998922
synth-sklearn,ABD-NB-C,23,0.8666666666666667,0.8666666666666667,0.4665538864107413,0.105666794597069,0.0117782889999489,0.0002609369998936
synth-sklearn,LR,23,0.7833333333333333,0.783273131425396,0.4064574083817887,0.1142547543569185,0.0056730199999037,0.0007383409999874
synth-sklearn,kNN,23,0.9666666666666668,0.9666295884315907,0.5544722826439532,0.0733333333333333,0.0019892309999249,0.0842450689999623
synth-sklearn,CART,23,0.8833333333333333,0.8830409356725146,3.223619130191664,0.1166666666666667,0.0070341800001187,0.0002486599998974
synth-sklearn,RF,23,0.9166666666666666,0.9164578111946532,0.2669761449247884,0.0576666666666666,0.4406540379998205,0.0194704250000086
synth-sklearn,SVM,23,0.9333333333333332,0.9330357142857144,0.2046728414658543,0.0625172968517251,0.0417018420000658,0.001841110999976
synth-sklearn,GNB,24,0.85,0.849624060150376,0.4173042935117472,0.1135130373612368,0.0014137640000626,0.000264573999857
synth-sklearn,MI-WNB,24,0.8333333333333334,0.8325892857142857,0.3476203024370549,0.1013999541528988,0.0705350289999842,0.0002071920000616
synth-sklearn,ABD-NB-L,24,0.85,0.849624060150376,0.3495171772529586,0.0691754159609196,0.011721241000032,0.0003062580001369
synth-sklearn,ABD-NB-G,24,0.85,0.849624060150376,0.3374046814823377,0.1248277986263201,0.0114352269999926,0.0002709119999053
synth-sklearn,ABD-NB-C,24,0.8166666666666667,0.8166157265907197,0.3531047625856498,0.049947176623447,0.011930386999893,0.0002805520000492
synth-sklearn,LR,24,0.85,0.849624060150376,0.3772705650923931,0.1098209217944991,0.0061268730000847,0.0007059350000417
synth-sklearn,kNN,24,0.9166666666666666,0.9164578111946532,0.1669890412897087,0.0066666666666666,0.0019235889999436,0.0771858079999674
synth-sklearn,CART,24,0.8666666666666667,0.8666666666666667,3.684136148790473,0.1333333333333333,0.0072679760000937,0.0002730979999796
synth-sklearn,RF,24,0.9666666666666668,0.9666666666666668,0.1719179224416736,0.1330833333333333,0.4146608190001188,0.0172584479998931
synth-sklearn,SVM,24,0.9166666666666666,0.9164578111946532,0.2216590931805203,0.0657611479498671,0.038610822999999,0.0015468770000097
synth-sklearn,GNB,25,0.85,0.8499583217560434,0.691707519607228,0.1630222286003196,0.0014003159999447,0.0002708669999265
synth-sklearn,MI-WNB,25,0.8666666666666667,0.8665183537263625,0.5844048309502413,0.1748262283331146,0.0704047659999105,0.0002338660001441
synth-sklearn,ABD-NB-L,25,0.85,0.8499583217560434,0.5333580976786305,0.1562783223547437,0.0122225780000917,0.0002883849999761
synth-sklearn,ABD-NB-G,25,0.85,0.849624060150376,0.4549210144987038,0.1320649205865404,0.0113697839999531,0.0002545590000408
synth-sklearn,ABD-NB-C,25,0.8666666666666667,0.8665183537263625,0.4212120190015133,0.1225556450844063,0.0124675700001262,0.000350428000047
synth-sklearn,LR,25,0.8166666666666667,0.8166157265907197,0.4521163200853895,0.1058197580259364,0.0062498720001258,0.0006649030001426
synth-sklearn,kNN,25,0.9,0.8995535714285714,1.5193578058410062,0.0966666666666666,0.0018122290000519,0.0880730229998789
synth-sklearn,CART,25,0.8166666666666667,0.8166157265907197,5.0656872045869,0.1833333333333333,0.0078665670000646,0.0002578630001153
synth-sklearn,RF,25,0.9,0.8995535714285714,0.2753063441421287,0.0671666666666666,0.4149556680001751,0.01768766400005
synth-sklearn,SVM,25,0.8833333333333333,0.8825174825174825,0.2369947702248311,0.0879960357303704,0.035573672000055,0.0014481690000138
synth-sklearn,GNB,26,0.8833333333333333,0.8825174825174825,0.4380394276506208,0.0855283621083273,0.0013834159999532,0.0003022749999672
synth-sklearn,MI-WNB,26,0.9,0.8995535714285714,0.3605683599224931,0.1093005306267215,0.0682791990000168,0.0002268759999424
synth-sklearn,ABD-NB-L,26,0.8833333333333333,0.8825174825174825,0.3606433711570661,0.0512524329803172,0.0114487160001317,0.0003404100000352
synth-sklearn,ABD-NB-G,26,0.8833333333333333,0.8825174825174825,0.3340006829684198,0.087138835452491,0.011801878000142,0.0002668229999471
synth-sklearn,ABD-NB-C,26,0.8666666666666667,0.8660714285714286,0.3843449778997438,0.1113091307847693,0.0114687630000389,0.0002692919999844
synth-sklearn,LR,26,0.9166666666666666,0.9166435120866908,0.3090276052272157,0.1212520852638305,0.0051886710000417,0.0005954700000074
synth-sklearn,kNN,26,0.9,0.8995535714285714,0.5888445505402349,0.0366666666666666,0.0017436959999486,0.0899518179999177
synth-sklearn,CART,26,0.8833333333333333,0.883300916921367,3.223619130191664,0.1166666666666667,0.0079584159998375,0.000229212000022
synth-sklearn,RF,26,0.95,0.9499861072520144,0.6321520678253465,0.104,0.4130320250001205,0.0171415150000484
synth-sklearn,SVM,26,0.9,0.899888765294772,0.2278544049948952,0.0785551383818891,0.036000918000127,0.0014573430000837
synth-sklearn,GNB,27,0.7833333333333333,0.783273131425396,0.7894665603492472,0.184011648850592,0.0014275080000061,0.0002868070000658
synth-sklearn,MI-WNB,27,0.7666666666666667,0.7666666666666667,0.556517023302488,0.1473239268743411,0.0683056039999883,0.0002176170000893
synth-sklearn,ABD-NB-L,27,0.8,0.7997775305895439,0.579719555188455,0.1709852575394656,0.011324039999863,0.0002367690001392
synth-sklearn,ABD-NB-G,27,0.8166666666666667,0.8166157265907197,0.4784273947673425,0.1511102955839882,0.0113339499998801,0.0002249330000267
synth-sklearn,ABD-NB-C,27,0.8166666666666667,0.8166157265907197,0.4707385754851936,0.1544417062859545,0.0130463820000841,0.0002463539999553
synth-sklearn,LR,27,0.7666666666666667,0.7666666666666667,0.4405704755111521,0.0680763959516354,0.0058962429998246,0.0007309100001293
synth-sklearn,kNN,27,0.9,0.899888765294772,0.6519716990578579,0.0366666666666666,0.0019499510001423,0.0280126180000479
synth-sklearn,CART,27,0.8666666666666667,0.8665183537263625,3.684136148790473,0.1333333333333333,0.0080561350000607,0.0003078349998304
synth-sklearn,RF,27,0.9166666666666666,0.9164578111946532,0.2746869864984755,0.0713333333333332,0.4916076930001054,0.0168888199998491
synth-sklearn,SVM,27,0.8833333333333333,0.883300916921367,0.2826792387451892,0.0629160576600572,0.0357920789999752,0.0013979479999761
synth-sklearn,GNB,28,0.8666666666666667,0.8660714285714286,0.6048121070210677,0.1455531402649206,0.0012859889998253,0.0003032070001154
synth-sklearn,MI-WNB,28,0.8166666666666667,0.8153846153846154,0.4891323760228699,0.1141254851441174,0.0681890369999109,0.0002035969998814
synth-sklearn,ABD-NB-L,28,0.8833333333333333,0.8830409356725146,0.44687624937908,0.1388399157799579,0.0122709739998754,0.0002542689999245
synth-sklearn,ABD-NB-G,28,0.8833333333333333,0.8830409356725146,0.3678881662026976,0.0744879588540308,0.0115722400000777,0.0002331410000806
synth-sklearn,ABD-NB-C,28,0.8833333333333333,0.8830409356725146,0.3527974405638834,0.1085970205543426,0.0111810539999623,0.000317017000043
synth-sklearn,LR,28,0.8666666666666667,0.8660714285714286,0.3515440758828115,0.1068225650863213,0.005811599000026,0.0005718150000575
synth-sklearn,kNN,28,0.95,0.949874686716792,0.1238179218656116,0.0233333333333332,0.0018779690001338,0.0152776370000538
synth-sklearn,CART,28,0.9166666666666666,0.9164578111946532,2.302585092994045,0.0833333333333333,0.0078746570000021,0.0002209579999998
synth-sklearn,RF,28,0.9333333333333332,0.9330357142857144,0.1746649634164138,0.0764166666666665,0.4413389339999867,0.0185785769999711
synth-sklearn,SVM,28,0.9666666666666668,0.9665178571428572,0.1488675591330334,0.0460443307208083,0.0383958959998835,0.0015098209998996
synth-sklearn,GNB,29,0.8166666666666667,0.8166157265907197,0.5595935704172971,0.149297338149892,0.0013679420001153,0.0002868540000235
synth-sklearn,MI-WNB,29,0.8166666666666667,0.8166157265907197,0.4567360017930145,0.1142809270843256,0.0700142680000226,0.0002465550001033
synth-sklearn,ABD-NB-L,29,0.8,0.8,0.4440228227968295,0.1287830120497275,0.0119448099999317,0.0002902960000028
synth-sklearn,ABD-NB-G,29,0.8,0.8,0.4040991123130236,0.1162021823592293,0.0116023839998433,0.0002553310000621
synth-sklearn,ABD-NB-C,29,0.8,0.8,0.3905491790922243,0.1126060060766301,0.0116971219999868,0.0002753850001226
synth-sklearn,LR,29,0.8333333333333334,0.8331479421579533,0.4403851483061179,0.0859798322171176,0.0057530789999873,0.0006197200000315
synth-sklearn,kNN,29,0.9333333333333332,0.9332591768631812,0.1855843372325595,0.0266666666666666,0.0019179700000222,0.0147991720000391
synth-sklearn,CART,29,0.9,0.899888765294772,2.763102111592855,0.0999999999999999,0.0076902700000118,0.0002093819998663
synth-sklearn,RF,29,0.9666666666666668,0.9666666666666668,0.1711902108692206,0.1396666666666667,0.4228339620001407,0.0198020389998418
synth-sklearn,SVM,29,0.95,0.9499861072520144,0.1621867061826798,0.0703310868951823,0.0424663449998661,0.0015713210000285
iris,ABD-NB,0,1.0,1.0,0.01004312292864653,0.009620956251360627,0.03540350399998715,0.00030783900001551956
iris,ABD-NB,1,0.8666666666666667,0.8666666666666667,0.2016051174857351,0.10012485816937403,0.03460788699999284,0.0002975790000618872
iris,ABD-NB,2,1.0,1.0,0.0019493861687215376,0.001932968238998689,0.03343020199986313,0.0003984400000263122
iris,ABD-NB,3,0.9333333333333333,0.9326599326599326,0.16081725595995336,0.06171713022136478,0.033816835999914474,0.00025384200012013025
iris,ABD-NB,4,1.0,1.0,0.049739097127500055,0.044592637959807974,0.033610437999868736,0.0002485120000983443
iris,ABD-NB,5,0.9333333333333333,0.9326599326599326,0.09400715377081374,0.07137388474804526,0.03366090299982716,0.0002574679999725049
iris,ABD-NB,6,0.8666666666666667,0.8666666666666667,0.4922263677874315,0.13752918788987614,0.0334295549998842,0.0002947610000774148
iris,ABD-NB,7,0.9333333333333333,0.9326599326599326,0.22902692360949498,0.0644243978860165,0.033258439000064755,0.0003255290000652167
iris,ABD-NB,8,1.0,1.0,0.057147968240436976,0.050849842438131884,0.03304301499997564,0.0002463189998707094
iris,ABD-NB,9,1.0,1.0,0.0032503875368088495,0.0032201881878504146,0.03484012499984601,0.000299917999882382
iris,ABD-NB,10,1.0,1.0,0.0442128593493127,0.03905596048902126,0.03443422800000917,0.0002981239999826357
iris,ABD-NB,11,0.9333333333333333,0.9326599326599326,0.1078470662112517,0.07344800292919144,0.03336470299996108,0.00022479400013253326
iris,ABD-NB,12,0.8,0.797979797979798,0.3203193773637408,0.16082950363654933,0.033424435999904745,0.0002694100001008337
iris,ABD-NB,13,0.9333333333333333,0.9326599326599326,0.21888134503203918,0.08847911672077019,0.0327334300000075,0.0002487640001618274
iris,ABD-NB,14,1.0,1.0,0.00252725580925601,0.002512231706985446,0.03390370400006759,0.0003137329999844951
iris,ABD-NB,15,1.0,1.0,0.04504068466614644,0.03867036924778119,0.032782375999886426,0.0002065670000774844
iris,ABD-NB,16,1.0,1.0,0.028049090026370477,0.026366690128905048,0.037141594999866356,0.00036279399978411675
iris,ABD-NB,17,1.0,1.0,0.01520576552007172,0.014219576636529048,0.033665243000086775,0.00022713700013810012
iris,ABD-NB,18,0.8666666666666667,0.8611111111111112,0.6030961720313779,0.1276045560205008,0.034123689999887574,0.00028445299994928064
iris,ABD-NB,19,1.0,1.0,0.041735389865805834,0.03657209146600173,0.0330085999999028,0.00023635299999114068
iris,ABD-NB,20,1.0,1.0,0.04594779982278756,0.03899729430178283,0.03414763699993273,0.0002329080000436079
iris,ABD-NB,21,0.9333333333333333,0.9326599326599326,0.2542819889818758,0.06406730398145222,0.03337478200000987,0.00021091600001454935
iris,ABD-NB,22,0.9333333333333333,0.9326599326599326,0.11126620660530623,0.0700133614403872,0.033632188999945356,0.00024622099999760394
iris,ABD-NB,23,1.0,1.0,0.001242592384381663,0.0012372042061419286,0.03368541499980893,0.0002592419998563855
iris,ABD-NB,24,0.8666666666666667,0.8666666666666667,0.26119802600352415,0.10510235942765785,0.032992492999937895,0.00024564600016674376
iris,ABD-NB,25,0.8666666666666667,0.8666666666666667,0.5159366499996298,0.12410620807408512,0.0325550770000973,0.0002444609999656677
iris,ABD-NB,26,1.0,1.0,0.07249626543956368,0.0601648713584095,0.034439235000036206,0.0002580899999884423
iris,ABD-NB,27,0.9333333333333333,0.9326599326599326,0.11336491263497243,0.029669330831818233,0.03395117900004152,0.0003403830000934249
iris,ABD-NB,28,1.0,1.0,0.018080372671254872,0.016938628278238197,0.03438693999987663,0.0002828710000812862
iris,ABD-NB,29,1.0,1.0,0.02244417000891528,0.019912835157973693,0.03380833500000335,0.0002246159999685915
wine,ABD-NB,0,1.0,1.0,0.0035166870838319033,0.003465953798520105,0.05006315600007838,0.00024163100010810012
wine,ABD-NB,1,1.0,1.0,0.0032772423600336592,0.0031987476477445265,0.05345038600012231,0.000303484000141907
wine,ABD-NB,2,1.0,1.0,0.00287805242617904,0.0028413071431473425,0.04874832600012269,0.000251509999998234
wine,ABD-NB,3,1.0,1.0,0.012051696630445296,0.011021499698853167,0.04904554499989899,0.00024383999993915495
wine,ABD-NB,4,1.0,1.0,0.0004026266219230357,0.0004019361385059206,0.0486787520001144,0.00024969800006147125
wine,ABD-NB,5,0.9444444444444444,0.9440559440559441,0.06104879567545121,0.03716290132754433,0.048154119999935574,0.00021122700013620488
wine,ABD-NB,6,1.0,1.0,0.007472166338539705,0.007037590487977368,0.04838101200016354,0.00028677099999185884
wine,ABD-NB,7,0.8888888888888888,0.888888888888889,0.30418675160861824,0.08708306745108035,0.05158239499996853,0.00029875000018364517
wine,ABD-NB,8,0.9411764705882353,0.9474747474747475,0.36309592898683835,0.056642522064623835,0.051111000999981115,0.0002712959999371378
wine,ABD-NB,9,0.9411764705882353,0.943355119825708,0.09466644928762083,0.05205817262966676,0.049832552999987456,0.00029910100010965834
wine,ABD-NB,10,1.0,1.0,0.038980838149475915,0.029925399712355,0.04892638599994825,0.00030183699982444523
wine,ABD-NB,11,1.0,1.0,0.01777056463544551,0.015272675703699308,0.048391443999889816,0.00028462199998102733
wine,ABD-NB,12,0.9444444444444444,0.9474747474747475,0.15030033339866802,0.07434268881145775,0.048900800999945204,0.0002810420000969316
wine,ABD-NB,13,1.0,1.0,0.002080803514371117,0.0020648654330091,0.04877211999996689,0.0002964259999771457
wine,ABD-NB,14,0.9444444444444444,0.9440559440559441,0.08636032496895003,0.04606380563020885,0.049566490999950474,0.0002589589998933661
wine,ABD-NB,15,1.0,1.0,0.000680121461630028,0.0006772475545465673,0.04876651900008255,0.0002032039999448898
wine,ABD-NB,16,0.9444444444444444,0.9440559440559441,0.3081644528392956,0.06137878990536738,0.049928322999903685,0.00022702900014337501
wine,ABD-NB,17,1.0,1.0,0.002593053675905187,0.0025337967109406723,0.050281133999988015,0.00022935600009077461
wine,ABD-NB,18,0.9411764705882353,0.9474747474747475,0.39241961601950454,0.05868672569340316,0.051513014999954976,0.0002267200000005687
wine,ABD-NB,19,1.0,1.0,0.0017375847864857074,0.0017238348268852066,0.04934205700010352,0.0002558769999723154
wine,ABD-NB,20,1.0,1.0,0.00030174573724446965,0.00030116889575415584,0.04951004600002307,0.00023314700001719757
wine,ABD-NB,21,0.9444444444444444,0.9440559440559441,0.2611934452155487,0.05468399972193205,0.04873744600013197,0.0002482380000401463
wine,ABD-NB,22,1.0,1.0,1.9059765867959676e-05,1.9057801080801795e-05,0.05016394699987359,0.0002882439998757036
wine,ABD-NB,23,1.0,1.0,0.0429714860343963,0.03428149696884966,0.0483144719999018,0.00023270799988495128
wine,ABD-NB,24,1.0,1.0,0.007623668993143384,0.007148801035426625,0.048681017000035354,0.00024190800013457192
wine,ABD-NB,25,1.0,1.0,0.032860445469290574,0.025936417506712658,0.05061390900004881,0.000276613000096404
wine,ABD-NB,26,1.0,1.0,0.004645292101997929,0.004514829367464168,0.05028064299995094,0.0002655470000263449
wine,ABD-NB,27,1.0,1.0,0.016538673223145603,0.014355443728697341,0.0494696330001716,0.0002462820000346255
wine,ABD-NB,28,0.8823529411764706,0.8916666666666666,0.46091502651473254,0.10346976361238364,0.04972840300001735,0.0002869649999865942
wine,ABD-NB,29,0.9411764705882353,0.9407407407407407,0.06369268171147323,0.04117061117463063,0.048822833000031096,0.0002762929998425534
breast-cancer,ABD-NB,0,1.0,1.0,0.018068160273291587,0.014427680028928079,0.07762268800001948,0.0003431770001043333
breast-cancer,ABD-NB,1,0.9298245614035088,0.9246031746031746,0.26464938008372874,0.07624081904522774,0.08102911699984361,0.0003698250000070402
breast-cancer,ABD-NB,2,0.9824561403508771,0.9809555629802873,0.05097413065802785,0.022406365682363878,0.07931058200006191,0.0003621420000854414
breast-cancer,ABD-NB,3,0.9473684210526315,0.9439895185063871,0.41066187104635665,0.04557077814153959,0.07826129199997922,0.00029208999990260054
breast-cancer,ABD-NB,4,0.9649122807017544,0.9623015873015872,0.043944463739675574,0.02764581471826656,0.08074824200002695,0.0002976509999825794
breast-cancer,ABD-NB,5,0.8070175438596491,0.7905111927831607,0.6112285922921482,0.15259299908877605,0.07601210000007086,0.00033389100008207606
breast-cancer,ABD-NB,6,0.9122807017543859,0.9025641025641026,0.23952889971511504,0.07762327027068798,0.07590393300006326,0.00029534600002989464
breast-cancer,ABD-NB,7,0.9473684210526315,0.9415384615384615,0.23375388813230227,0.05117171480824567,0.07757126100000278,0.00030524799990416795
breast-cancer,ABD-NB,8,0.9649122807017544,0.9614864864864865,0.07184604603724447,0.022361068745499778,0.07670329200004744,0.00029789899986099044
breast-cancer,ABD-NB,9,0.9642857142857143,0.9619047619047618,0.18450020083482083,0.02918916636161844,0.07873726000002534,0.0003335320000132924
breast-cancer,ABD-NB,10,0.9649122807017544,0.9629870129870131,0.087573812078003,0.029114370689297463,0.07664588400007233,0.00032460300008096965
breast-cancer,ABD-NB,11,0.9824561403508771,0.981329839502129,0.1120065691350755,0.029096162874346663,0.07590760900006899,0.00030235700000957877
breast-cancer,ABD-NB,12,0.9473684210526315,0.9415384615384615,0.13975922420286205,0.04314151072711095,0.07756648000008681,0.00032195099993259646
breast-cancer,ABD-NB,13,0.9473684210526315,0.942866688940862,0.247309368746755,0.06651292934929315,0.08083592000002682,0.0003732990001026337
breast-cancer,ABD-NB,14,0.8771929824561403,0.8693088765149034,0.5788234600426289,0.10661806815895258,0.0777605420000782,0.00035967700000583136
breast-cancer,ABD-NB,15,0.9122807017543859,0.8999648999648999,0.24397806463916813,0.07299209449242755,0.08182500099997014,0.00039602700007890235
breast-cancer,ABD-NB,16,0.9649122807017544,0.9614864864864865,0.10735322617852301,0.03164430286659449,0.08612011200011693,0.0003591629999846191
breast-cancer,ABD-NB,17,0.9824561403508771,0.981329839502129,0.12601265642915482,0.015589662549316485,0.0758512279999195,0.0003099210000527819
breast-cancer,ABD-NB,18,0.9473684210526315,0.9439895185063871,0.17881797168346633,0.04291535843422637,0.08347614500007694,0.00030827800014776585
breast-cancer,ABD-NB,19,0.9107142857142857,0.9016508605549701,0.2755188817723434,0.0751061282137732,0.08274662799999533,0.00028780900015590305
breast-cancer,ABD-NB,20,0.9122807017543859,0.9066491975106452,0.17381997530707752,0.06543779705277394,0.0831963690000066,0.000301127999819073
breast-cancer,ABD-NB,21,0.9649122807017544,0.9629870129870131,0.18779747407701725,0.028485539813763755,0.0831546540000545,0.00034801399988282355
breast-cancer,ABD-NB,22,0.9122807017543859,0.909495077802477,0.40702651146787366,0.07230021894567848,0.08514505300013298,0.0003079999999044958
breast-cancer,ABD-NB,23,0.9649122807017544,0.9614864864864865,0.11102049713763633,0.027459970623587005,0.0814178200000697,0.00033716600000843755
breast-cancer,ABD-NB,24,0.9122807017543859,0.9047778149014367,0.40236307107731833,0.07859067025588365,0.08111645999997563,0.00030281499994089245
breast-cancer,ABD-NB,25,0.9649122807017544,0.9614864864864865,0.1022131477107516,0.02903896857272202,0.07840867900017656,0.00036555599990606424
breast-cancer,ABD-NB,26,0.9298245614035088,0.9210526315789473,0.17801357729462955,0.05278393738021052,0.07807876899983057,0.0002999410000938951
breast-cancer,ABD-NB,27,0.9649122807017544,0.9614864864864865,0.1783654399598375,0.04223409939570075,0.07931110799995622,0.00034314200001972495
breast-cancer,ABD-NB,28,0.9298245614035088,0.922972972972973,0.3696785355607593,0.07522371367898308,0.07970472900001369,0.0003364859999237524
breast-cancer,ABD-NB,29,0.9642857142857143,0.961111111111111,0.15458028925401107,0.03255162570904626,0.08600282600013998,0.00033668099990791234
digits,ABD-NB,0,0.85,0.8514797469835017,2.3686188972700672,0.14853901320082824,0.5214971559998958,0.001471393999963766
digits,ABD-NB,1,0.8444444444444444,0.844266900058348,2.105591538206743,0.14863225979274133,0.5034741900001336,0.0013755160000528122
digits,ABD-NB,2,0.8166666666666667,0.8192101749058635,2.833771834205712,0.17461769539054867,0.48762248699995325,0.001354429999992135
digits,ABD-NB,3,0.8333333333333334,0.8324727917539214,2.5491422559348282,0.16531597339756474,0.4863691719999679,0.0013831549999849813
digits,ABD-NB,4,0.8666666666666667,0.8661521329143248,2.194132996864373,0.12608807996510762,0.48873051100008524,0.0012392070000259992
digits,ABD-NB,5,0.8388888888888889,0.8313629385574466,2.077136053037203,0.16091769807111406,0.48583970700019563,0.0013100660000873177
digits,ABD-NB,6,0.8333333333333334,0.8339116463715834,2.7223017298167824,0.16313730530308937,0.5008958509999957,0.0015004990000306861
digits,ABD-NB,7,0.8603351955307262,0.8570050039786882,2.214642243131427,0.13723846897158992,0.4983793290000449,0.0013429630000700854
digits,ABD-NB,8,0.8100558659217877,0.8120167430487678,2.623118349564543,0.18151330043743427,0.4953687249999348,0.0012913450000269222
digits,ABD-NB,9,0.8212290502793296,0.8262929717341482,2.929868395005058,0.17144789942389663,0.5046159620001163,0.0015023369999198621
digits,ABD-NB,10,0.8222222222222222,0.8230555909677907,2.7758074428930635,0.16872078047720251,0.5125517380001838,0.0013012100000651117
digits,ABD-NB,11,0.8555555555555555,0.8574980744312665,2.023314213378369,0.14243184574223225,0.5292710740000075,0.0013670190000993898
digits,ABD-NB,12,0.8388888888888889,0.8371345188992247,3.001096083660381,0.15940137129782223,0.4924214640000173,0.0013300670000262471
digits,ABD-NB,13,0.8166666666666667,0.8142602895054101,2.552445944560094,0.18175396235942437,0.494296458000008,0.0013866619999589602
digits,ABD-NB,14,0.8388888888888889,0.8460302482575021,2.3134226174384054,0.14714961072231444,0.5342497520000506,0.001513396000063949
digits,ABD-NB,15,0.7944444444444444,0.80065842278366,3.138323480075644,0.19427228018253564,0.5106362290000561,0.0014226990001589002
digits,ABD-NB,16,0.8611111111111112,0.8598780159561145,2.425553251994143,0.13468251696874603,0.4900410299999294,0.0013968850000765087
digits,ABD-NB,17,0.88268156424581,0.8855254849782893,1.9626873603097397,0.10688425806303076,0.4958255349999945,0.0012822470000628527
digits,ABD-NB,18,0.88268156424581,0.8827747472730957,1.965904545518615,0.1083564596228662,0.4902979870000763,0.0012753539999721397
digits,ABD-NB,19,0.8435754189944135,0.8467891645099384,2.247552011762368,0.14204910798384007,0.49448513700008334,0.0013156420000086655
digits,ABD-NB,20,0.85,0.8475345766593974,1.9775622956384968,0.14180191480154253,0.5093480270002146,0.0013349730002119031
digits,ABD-NB,21,0.8277777777777777,0.834815749607021,2.6252992354154756,0.16109905954584797,0.4843290149999575,0.0014734660001067823
digits,ABD-NB,22,0.8444444444444444,0.8437900656995833,2.4298011248005387,0.14182693058624107,0.48798424699998577,0.0013483620000442897
digits,ABD-NB,23,0.8611111111111112,0.8580944111273704,1.8775486037953553,0.12975959224704742,0.48213323799996033,0.0012436550000529678
digits,ABD-NB,24,0.8444444444444444,0.8447425792162633,2.3790691408797184,0.15571892341994562,0.48476115600010417,0.001403758999913407
digits,ABD-NB,25,0.8222222222222222,0.8256079807289485,3.027451819026785,0.18007950557698899,0.4832016970001405,0.0013837480000802316
digits,ABD-NB,26,0.8444444444444444,0.8454782245213499,2.437449134066107,0.15217142262429573,0.498427571999855,0.0015056959998673847
digits,ABD-NB,27,0.8659217877094972,0.8683130579157329,2.113854956730401,0.12933245565308915,0.4916542609998942,0.0013148810000984668
digits,ABD-NB,28,0.8547486033519553,0.8531609007647672,1.8816499624466994,0.13141269631754435,0.5448516579999705,0.0015666740000597201
digits,ABD-NB,29,0.7988826815642458,0.7970311961540785,3.582221999064509,0.19117703394590466,0.5337840730001062,0.0014678640000056475
iris-red,ABD-NB,0,1.0,1.0,0.0014258694602455372,0.0014130791770187168,0.05112813699997787,0.0003303420000975166
iris-red,ABD-NB,1,0.9333333333333333,0.9326599326599326,0.09661542910705734,0.06272050448299588,0.053850058000080026,0.0002688759998363821
iris-red,ABD-NB,2,1.0,1.0,0.00011077118875118081,0.00011068118618162703,0.0510200649998751,0.0003028539999831992
iris-red,ABD-NB,3,0.9333333333333333,0.9326599326599326,0.2437869014287932,0.06481904032094887,0.052092806999780805,0.00025803600010476657
iris-red,ABD-NB,4,1.0,1.0,0.0159697633690344,0.014561763736190182,0.05236275199990814,0.0002863510001134273
iris-red,ABD-NB,5,1.0,1.0,0.040096892713942615,0.0346079397245423,0.04898137200007113,0.00031648100002712454
iris-red,ABD-NB,6,0.8666666666666667,0.8666666666666667,0.6914871279879556,0.13233616565543516,0.05154623500015987,0.0002995849999933853
iris-red,ABD-NB,7,0.9333333333333333,0.9326599326599326,0.3188888019872364,0.06610861226471854,0.050211746000059065,0.0002597800000785355
iris-red,ABD-NB,8,1.0,1.0,0.011878283744907557,0.011154236680357333,0.04996580800002448,0.0003058859999782726
iris-red,ABD-NB,9,1.0,1.0,0.00018508298947592016,0.000184900992552417,0.047632433999979185,0.0002590369999779796
iris-red,ABD-NB,10,1.0,1.0,0.007523806682654051,0.007257765008310361,0.0493174519999684,0.00024688199982847436
iris-red,ABD-NB,11,0.9333333333333333,0.9326599326599326,0.07311553205886316,0.054235940429400935,0.04856578599992645,0.00034852099997806363
iris-red,ABD-NB,12,0.8666666666666667,0.8666666666666667,0.37829888000590944,0.13499527769866065,0.048782049000010375,0.00023372600003312982
iris-red,ABD-NB,13,0.9333333333333333,0.9326599326599326,0.4501122444633176,0.07751374256521923,0.047860535999916465,0.00031227199997374555
iris-red,ABD-NB,14,1.0,1.0,0.00012172230332838748,0.0001216605348945965,0.04859377999991921,0.00026399299986223923
iris-red,ABD-NB,15,1.0,1.0,0.025035128600202915,0.02132904308665461,0.04762914000002638,0.00024935200008258107
iris-red,ABD-NB,16,1.0,1.0,0.0023073750850044943,0.0022876618365405,0.04696208499990462,0.0003650290000223322
iris-red,ABD-NB,17,1.0,1.0,0.0009419144085427904,0.0009363627202062519,0.04784679599993069,0.00025025800005096244
iris-red,ABD-NB,18,0.8666666666666667,0.8611111111111112,0.7873560104883618,0.13264341239412425,0.04777416100000664,0.00026795400003720715
iris-red,ABD-NB,19,1.0,1.0,0.010815244773111526,0.010061584697085867,0.04689095099979568,0.00024714599999242637
iris-red,ABD-NB,20,1.0,1.0,0.027444460296836205,0.024814884191579904,0.04674713800000063,0.00030463300004157645
iris-red,ABD-NB,21,0.9333333333333333,0.9326599326599326,0.3034866912089086,0.0658821884715941,0.04675561099998049,0.00020962099983989901
iris-red,ABD-NB,22,0.9333333333333333,0.9326599326599326,0.07565086764387445,0.04932573455999033,0.04598048999991988,0.00025378899999850546
iris-red,ABD-NB,23,1.0,1.0,9.05774835248184e-06,9.05748362833858e-06,0.0462554519999685,0.0002756730000328389
iris-red,ABD-NB,24,0.9333333333333333,0.9326599326599326,0.2576405890233857,0.07140800764705832,0.04667279500017685,0.00025998900014201354
iris-red,ABD-NB,25,0.8666666666666667,0.8666666666666667,0.8392949423947946,0.13299163375794953,0.047917718999997305,0.00029275599990796763
iris-red,ABD-NB,26,1.0,1.0,0.021926765501869956,0.01990697836812725,0.04774936500007243,0.0002709159998630639
iris-red,ABD-NB,27,1.0,1.0,0.023329608280121854,0.019799515928767386,0.04912505499987674,0.00029865999999856285
iris-red,ABD-NB,28,1.0,1.0,0.001859246782064114,0.001846655613450654,0.04704628700005742,0.000265515999899435
iris-red,ABD-NB,29,1.0,1.0,0.001284347160037624,0.001272335335965269,0.046637616999987586,0.00024175499993361882
wine-red,ABD-NB,0,1.0,1.0,0.00031330383439143156,0.0003128766804678662,0.09742610700004661,0.00030529800005751895
wine-red,ABD-NB,1,1.0,1.0,0.0006655749323803752,0.0006616708380258185,0.09921464000012747,0.00032079899983727955
wine-red,ABD-NB,2,1.0,1.0,0.00015372473512630428,0.00015360775264106064,0.09997976399995423,0.00031852799997977854
wine-red,ABD-NB,3,1.0,1.0,0.004435328915990104,0.004264861852994382,0.10096759800012478,0.00037159099997552403
wine-red,ABD-NB,4,1.0,1.0,4.968339079592401e-05,4.9661464386341336e-05,0.10051156899999114,0.00032317099999090715
wine-red,ABD-NB,5,0.9444444444444444,0.9440559440559441,0.10413028998251475,0.04706200085295559,0.09911110500001996,0.00030502599997817015
wine-red,ABD-NB,6,1.0,1.0,0.0012778703753858476,0.0012636451488311495,0.09914502499987066,0.0003090259999680711
wine-red,ABD-NB,7,0.8888888888888888,0.888888888888889,0.4793446834842175,0.08391524732071044,0.09949524400008158,0.0002996180000991444
wine-red,ABD-NB,8,0.9411764705882353,0.9474747474747475,0.49704871460791156,0.05790515976899546,0.09926962200006528,0.000305387000025803
wine-red,ABD-NB,9,0.9411764705882353,0.943355119825708,0.15799429796989878,0.0561861202159481,0.0993239370000083,0.000378195999928721
wine-red,ABD-NB,10,1.0,1.0,0.01600629983520234,0.014098954419576296,0.09997270499980004,0.0003081380000367062
wine-red,ABD-NB,11,1.0,1.0,0.0026739897669822515,0.002611256226803693,0.09888518200000362,0.0003653090000170778
wine-red,ABD-NB,12,0.9444444444444444,0.9474747474747475,0.24022204465981156,0.07619936487546879,0.09992353000006915,0.0003388499999346095
wine-red,ABD-NB,13,1.0,1.0,0.00034646567088131536,0.0003455682404466254,0.09947811699998965,0.00047392500005116744
wine-red,ABD-NB,14,0.9444444444444444,0.9440559440559441,0.19306715133699853,0.06216036439645193,0.10271535100014262,0.0003173810000589583
wine-red,ABD-NB,15,1.0,1.0,7.317915478633423e-05,7.313678373910282e-05,0.10443858400003592,0.00037683400000787515
wine-red,ABD-NB,16,0.9444444444444444,0.9440559440559441,0.399872713643211,0.05526724852562803,0.10296727700006159,0.00041091499997492065
wine-red,ABD-NB,17,1.0,1.0,0.000750018509493904,0.0007449788298892202,0.09767208599987498,0.0002985769999668264
wine-red,ABD-NB,18,0.9411764705882353,0.9474747474747475,0.5470149470571446,0.0588178921537138,0.09971637299986469,0.0003121970000847796
wine-red,ABD-NB,19,1.0,1.0,0.00027722932554149327,0.00027659221715359283,0.10187562100009018,0.00036367400002745853
wine-red,ABD-NB,20,1.0,1.0,1.0089848247862483e-05,1.0088978712019525e-05,0.09787275500002579,0.0003178300000854506
wine-red,ABD-NB,21,0.9444444444444444,0.9440559440559441,0.42265710364430853,0.0555192028334387,0.09940495799992277,0.00031199099998957536
wine-red,ABD-NB,22,1.0,1.0,3.214258379215269e-07,3.2142493244791126e-07,0.0996710389999862,0.0003282269999544951
wine-red,ABD-NB,23,1.0,1.0,0.01667336305245101,0.014815591321215212,0.10200002199985647,0.0003178939998633723
wine-red,ABD-NB,24,1.0,1.0,0.006795104130010696,0.006397404315422319,0.10096976999989238,0.0003459360000306333
wine-red,ABD-NB,25,1.0,1.0,0.007385960448701306,0.006984813485493851,0.09964663499999915,0.0003593869998894661
wine-red,ABD-NB,26,1.0,1.0,0.0011158361108327987,0.0011077725039702058,0.10041890599995895,0.00031231599996317527
wine-red,ABD-NB,27,1.0,1.0,0.005184263395909864,0.004950427362959148,0.09855296299997462,0.00029645599988725735
wine-red,ABD-NB,28,0.8823529411764706,0.8916666666666666,0.6947063273907619,0.11374734166962785,0.09715169600008267,0.00031532200000583543
wine-red,ABD-NB,29,0.9411764705882353,0.9407407407407407,0.07707050352361025,0.04315863937092064,0.09782831600000463,0.0002850369999123359
synth-rho0.0,ABD-NB,0,0.6666666666666666,0.6666666666666666,0.5979649254648943,0.08067331652619074,0.04534248599998136,0.0002952950001144927
synth-rho0.0,ABD-NB,1,0.6833333333333333,0.6811188811188811,0.6161651558463849,0.130876257107362,0.04650875799984533,0.00034044099993479904
synth-rho0.0,ABD-NB,2,0.6166666666666667,0.607843137254902,0.5982483481745178,0.1470059295587285,0.04595969599995442,0.0002692589998787298
synth-rho0.0,ABD-NB,3,0.6833333333333333,0.6811188811188811,0.6101745453230841,0.07803680962231593,0.046637866999844846,0.00029319399982341565
synth-rho0.0,ABD-NB,4,0.5666666666666667,0.5661846496106786,0.652680235281817,0.17244875018701225,0.04662789999997585,0.00033876699990287307
synth-rho0.0,ABD-NB,5,0.5666666666666667,0.5622895622895623,0.6810383035307638,0.17148274091201557,0.046035990000063975,0.00035503599997355195
synth-rho0.0,ABD-NB,6,0.75,0.7442455242966752,0.5388817353123478,0.08836160716960006,0.046150287000045864,0.0003778029999921273
synth-rho0.0,ABD-NB,7,0.65,0.6491228070175439,0.6579565983113544,0.1264026078709048,0.047061044999964,0.0003040079998299916
synth-rho0.0,ABD-NB,8,0.7166666666666667,0.7159565580618212,0.5832115711890314,0.1445298174328092,0.047224726999957056,0.0005378149999160087
synth-rho0.0,ABD-NB,9,0.6666666666666666,0.6651785714285714,0.564757166011582,0.11403275356737146,0.04791536300012922,0.0003031769999779499
synth-rho0.0,ABD-NB,10,0.65,0.6451703745423825,0.6360014225765627,0.08446204247101921,0.04788208500008295,0.0003552110001692199
synth-rho0.0,ABD-NB,11,0.6333333333333333,0.6316964285714286,0.6239842701679948,0.16916089363957096,0.04801206199999797,0.00035953099995822413
synth-rho0.0,ABD-NB,12,0.7333333333333333,0.7333333333333333,0.5044558496060961,0.12439788986973697,0.04824650299997302,0.0003120409999155527
synth-rho0.0,ABD-NB,13,0.6,0.5982142857142857,0.6814346390021175,0.17684960992386559,0.04715323999994325,0.00033860899998217064
synth-rho0.0,ABD-NB,14,0.6833333333333333,0.6832453459294248,0.6284040157187181,0.1472189787507823,0.04705703900003755,0.000337458000103652
synth-rho0.0,ABD-NB,15,0.7166666666666667,0.7101449275362319,0.5891760808993441,0.15366500968798566,0.046701650999921185,0.00028710199990200636
synth-rho0.0,ABD-NB,16,0.7333333333333333,0.7306397306397306,0.5479866115056826,0.13621264416846093,0.04886143199996695,0.00029883799993513094
synth-rho0.0,ABD-NB,17,0.5666666666666667,0.5647321428571428,0.6897622602157573,0.16913627839280146,0.04800635100014006,0.0003277180001077795
synth-rho0.0,ABD-NB,18,0.6166666666666667,0.6165601555987774,0.6102603506385168,0.08882676580464678,0.04627261699988594,0.00032638300012877153
synth-rho0.0,ABD-NB,19,0.6833333333333333,0.6825396825396826,0.5516470024642522,0.1360997112056167,0.04867994300002465,0.00035651999996844097
synth-rho0.0,ABD-NB,20,0.7166666666666667,0.7165879410947485,0.5672483235001852,0.05201646461140659,0.04837462599994069,0.0003384560000085912
synth-rho0.0,ABD-NB,21,0.6166666666666667,0.6157059314954052,0.5985590163640145,0.12646729110115298,0.05032137199987119,0.00034122799979741103
synth-rho0.0,ABD-NB,22,0.5833333333333334,0.5628096764791606,0.6436304205196621,0.14467379507519346,0.048268681000081415,0.00032300300017595873
synth-rho0.0,ABD-NB,23,0.6166666666666667,0.6157059314954052,0.6758009266073747,0.1121488317025779,0.047732178999922326,0.00037589699991258385
synth-rho0.0,ABD-NB,24,0.6333333333333333,0.6316964285714286,0.5914818722901317,0.1165939246869092,0.04703897600006712,0.0002849019999757729
synth-rho0.0,ABD-NB,25,0.6,0.5982142857142857,0.6423357418422931,0.10220809809583285,0.04729908300009811,0.0002902439998706541
synth-rho0.0,ABD-NB,26,0.65,0.6491228070175439,0.5517811958774304,0.1339307223390595,0.048899205999987316,0.00036418499985302333
synth-rho0.0,ABD-NB,27,0.7166666666666667,0.7165879410947485,0.5790553542066746,0.16041225269240642,0.04764702199986459,0.0003075790000366396
synth-rho0.0,ABD-NB,28,0.7,0.696969696969697,0.5705781712049622,0.09417568362164302,0.050498441000172534,0.0003394150000985974
synth-rho0.0,ABD-NB,29,0.6833333333333333,0.6811188811188811,0.6184679964255698,0.07583540346070078,0.051455411999995704,0.00030741199998374213
synth-rho0.3,ABD-NB,0,0.5833333333333334,0.5832175604334537,0.8660374800896192,0.23292122169288587,0.05109944599985283,0.00035873999991054006
synth-rho0.3,ABD-NB,1,0.5666666666666667,0.5588235294117647,0.7381889586157498,0.25924323345322664,0.05077514799995697,0.0003161510001064016
synth-rho0.3,ABD-NB,2,0.5833333333333334,0.5737425404944586,0.8645344977812879,0.2572307625717497,0.05321794899987253,0.00031605099979969964
synth-rho0.3,ABD-NB,3,0.65,0.6491228070175439,0.8586209781622082,0.21024758341812738,0.050794021999990946,0.00029015199993409624
synth-rho0.3,ABD-NB,4,0.48333333333333334,0.48203842940685043,0.9686306413841147,0.3183634052427677,0.049112958000023355,0.0002944899999874906
synth-rho0.3,ABD-NB,5,0.5666666666666667,0.5661846496106786,0.9211742613648232,0.2703030755042154,0.05115748499997608,0.0003302749998965737
synth-rho0.3,ABD-NB,6,0.6833333333333333,0.6825396825396826,0.7173191578956438,0.1350742184060367,0.047973877000003995,0.00032306499997503124
synth-rho0.3,ABD-NB,7,0.5666666666666667,0.5647321428571428,0.9655004970678178,0.26900812443807876,0.047910972999943624,0.0003687959999751911
synth-rho0.3,ABD-NB,8,0.6,0.595959595959596,0.7798066698977064,0.20629177661466616,0.04843796999989536,0.00029549600003520027
synth-rho0.3,ABD-NB,9,0.6166666666666667,0.6113770768797522,0.6950561958868515,0.23042013409687798,0.04827467900008742,0.0002744519999851036
synth-rho0.3,ABD-NB,10,0.5833333333333334,0.5628096764791606,0.9644318694192234,0.2262131153896189,0.04841083399992385,0.00026999100009561516
synth-rho0.3,ABD-NB,11,0.5666666666666667,0.5622895622895623,0.7767536645085222,0.23147812704128817,0.04794647299991084,0.00031751999995321967
synth-rho0.3,ABD-NB,12,0.6333333333333333,0.6329254727474972,0.6847071991232728,0.19787507389686848,0.05096656600017013,0.0003947909999624244
synth-rho0.3,ABD-NB,13,0.45,0.44984717977215893,1.0769513756758131,0.32877670687676497,0.05156534999991891,0.0003226500000437227
synth-rho0.3,ABD-NB,14,0.6166666666666667,0.6165601555987774,0.7707334849773683,0.18213859700192092,0.0517409729998235,0.0003057080000417045
synth-rho0.3,ABD-NB,15,0.6166666666666667,0.613986013986014,0.8024511783768908,0.3221392262763103,0.04831482999998116,0.00030600800005231577
synth-rho0.3,ABD-NB,16,0.6833333333333333,0.6723196320781835,0.7007141465037494,0.13793452544340284,0.05337234700004956,0.00029551500006164133
synth-rho0.3,ABD-NB,17,0.5333333333333333,0.53125,1.0129335847486955,0.27747174080004194,0.05240912400017805,0.00032034600008046255
synth-rho0.3,ABD-NB,18,0.6166666666666667,0.6165601555987774,0.6954188005420644,0.1472605775294997,0.05029380099995251,0.0002830969999649824
synth-rho0.3,ABD-NB,19,0.6,0.5995550611790879,0.9226713368796343,0.29231719712302406,0.04881771700001991,0.00027033899982598086
synth-rho0.3,ABD-NB,20,0.6166666666666667,0.6165601555987774,0.8114847446583711,0.19666276053065976,0.04746655100007047,0.0002792210000279738
synth-rho0.3,ABD-NB,21,0.5666666666666667,0.5647321428571428,0.7842044101112707,0.2179457497873749,0.04661555699999553,0.0002833589999227115
synth-rho0.3,ABD-NB,22,0.5833333333333334,0.546964663243733,0.8536091891135376,0.21846232319916006,0.046112363000020196,0.0002787020000596385
synth-rho0.3,ABD-NB,23,0.5666666666666667,0.5542857142857143,0.8440416432188543,0.21760008730325983,0.04679975699991701,0.00036614400005419157
synth-rho0.3,ABD-NB,24,0.5666666666666667,0.5666666666666667,0.8588146191957591,0.25836507499624123,0.047100983999825985,0.0002910549999342038
synth-rho0.3,ABD-NB,25,0.4666666666666667,0.4642857142857143,0.9554983004447591,0.30296702294315436,0.04659746099991935,0.00033750199986570806
synth-rho0.3,ABD-NB,26,0.6333333333333333,0.6228571428571429,0.8323957067291637,0.21290319322187973,0.048242137999977786,0.00027526499980012886
synth-rho0.3,ABD-NB,27,0.65,0.6499027507641011,0.7739760745716671,0.21197895965198724,0.04615590499997779,0.00027629999999589927
synth-rho0.3,ABD-NB,28,0.6333333333333333,0.6296296296296295,0.7797296568439037,0.22930340106141733,0.04764287400007561,0.0003169840001646662
synth-rho0.3,ABD-NB,29,0.6333333333333333,0.6333333333333333,0.840194012823114,0.2475331257536483,0.04755696300003365,0.00030739800013179774
synth-rho0.6,ABD-NB,0,0.5333333333333333,0.53125,0.8859549255927983,0.2551969580209055,0.04642298499993558,0.0003049419999570091
synth-rho0.6,ABD-NB,1,0.5833333333333334,0.5737425404944586,0.7805858748089861,0.21159335670255555,0.048246020000078715,0.0003084329998728208
synth-rho0.6,ABD-NB,2,0.5666666666666667,0.5542857142857143,0.8986365478165627,0.29148783589451793,0.05293629599987071,0.0002823080001235212
synth-rho0.6,ABD-NB,3,0.6166666666666667,0.6113770768797522,0.8324141878832053,0.2532275914060652,0.05866868299995076,0.00029754799993497727
synth-rho0.6,ABD-NB,4,0.5333333333333333,0.53125,0.9737990849429708,0.3274881646636931,0.05133160200011844,0.0003437110001414112
synth-rho0.6,ABD-NB,5,0.5833333333333334,0.5822890559732665,0.8407788925293134,0.19616177631946163,0.047723105999921245,0.00030506899997817527
synth-rho0.6,ABD-NB,6,0.5666666666666667,0.5647321428571428,0.8529053760357067,0.2126812255455645,0.0475655560001087,0.00029197499998190324
synth-rho0.6,ABD-NB,7,0.5833333333333334,0.5804195804195804,0.8992295217285287,0.24489080206968272,0.046914631000163354,0.00028194400010761456
synth-rho0.6,ABD-NB,8,0.65,0.6378269617706237,0.7901666021907879,0.16987187784314473,0.04982415500012394,0.00032930100019257225
synth-rho0.6,ABD-NB,9,0.5833333333333334,0.5832175604334537,0.7607931093463359,0.18434348407936066,0.04576805800002148,0.00034266199986632273
synth-rho0.6,ABD-NB,10,0.5666666666666667,0.5417156286721504,0.9542709132648199,0.2577203609690765,0.04607485999986238,0.00029727899982390227
synth-rho0.6,ABD-NB,11,0.5833333333333334,0.5737425404944586,0.7616100647029411,0.1817867046597471,0.047050365999893984,0.00036301899990576203
synth-rho0.6,ABD-NB,12,0.6166666666666667,0.6113770768797522,0.6842070568696061,0.21228987400669033,0.04901062399994771,0.00035454499993647914
synth-rho0.6,ABD-NB,13,0.48333333333333334,0.4831897749374826,1.125219183099856,0.2879747389014721,0.05026320499996473,0.0002984689999721013
synth-rho0.6,ABD-NB,14,0.65,0.6451703745423825,0.8109533918467159,0.2100273031987659,0.054527257000017926,0.000320258999863654
synth-rho0.6,ABD-NB,15,0.55,0.5468531468531468,0.859530790418013,0.2679765030291583,0.049291111000002275,0.0002736950000326033
synth-rho0.6,ABD-NB,16,0.6166666666666667,0.607843137254902,0.7034031620856257,0.16222786181837726,0.05028854500005764,0.0003906939998614689
synth-rho0.6,ABD-NB,17,0.55,0.5468531468531468,0.9712834253711294,0.3047193768353008,0.04925051199984409,0.00030097900003056566
synth-rho0.6,ABD-NB,18,0.6666666666666666,0.6632996632996633,0.6855142024006057,0.1137016700729487,0.048322187999929156,0.0002949090001038712
synth-rho0.6,ABD-NB,19,0.5166666666666667,0.5154553049289892,1.0419452678670507,0.28300600046052116,0.048602057000152854,0.00029982499995639955
synth-rho0.6,ABD-NB,20,0.5666666666666667,0.5622895622895623,0.8993736423590643,0.2555914579533553,0.04934165099984966,0.000294368999902872
synth-rho0.6,ABD-NB,21,0.6166666666666667,0.6165601555987774,0.7912885430148727,0.2539949395305205,0.04685850999999275,0.00030859800017424277
synth-rho0.6,ABD-NB,22,0.5666666666666667,0.5334928229665072,0.7826419783376609,0.20373406812421743,0.048167766999995365,0.00032432500006507325
synth-rho0.6,ABD-NB,23,0.6,0.5769682726204466,0.8173127859819644,0.18138090103729337,0.04771449000008943,0.00029178600016166456
synth-rho0.6,ABD-NB,24,0.5666666666666667,0.5647321428571428,0.8824822045301288,0.25773500104783587,0.047211004000018875,0.0003410720000829315
synth-rho0.6,ABD-NB,25,0.5,0.4949494949494949,0.9868263350231804,0.2989690598069411,0.048671030999912546,0.0002871229999072966
synth-rho0.6,ABD-NB,26,0.5666666666666667,0.5588235294117647,0.876092230178156,0.22508671598305863,0.052658703000133755,0.0002931550000084826
synth-rho0.6,ABD-NB,27,0.6333333333333333,0.6333333333333333,0.7606084012746757,0.22619891319812352,0.05293769100012469,0.000388266999834741
synth-rho0.6,ABD-NB,28,0.6333333333333333,0.6296296296296295,0.8380340231637048,0.20352023966224816,0.04990776299996469,0.00035935899995820364
synth-rho0.6,ABD-NB,29,0.6166666666666667,0.6165601555987774,0.8686513459139777,0.21438357220259902,0.05103495899993504,0.0002950260000034177
synth-rho0.9,ABD-NB,0,0.5333333333333333,0.5328142380422691,0.7635366755141547,0.20548592897971046,0.05185818799986919,0.00029334300006667036
synth-rho0.9,ABD-NB,1,0.65,0.6378269617706237,0.7182287052582296,0.17877798644969758,0.05283807999990131,0.00028882099991278665
synth-rho0.9,ABD-NB,2,0.5666666666666667,0.548611111111111,0.7444888793392795,0.13973997500678884,0.05111679000015101,0.0004344870001204981
synth-rho0.9,ABD-NB,3,0.6333333333333333,0.6296296296296295,0.6822301991206199,0.09931029910025911,0.05023584400009895,0.0003157819999159983
synth-rho0.9,ABD-NB,4,0.5333333333333333,0.5333333333333333,0.7599398136212566,0.15623962056479082,0.047910459999911836,0.00029877600013605843
synth-rho0.9,ABD-NB,5,0.6166666666666667,0.613986013986014,0.6592248549571647,0.10988542144004164,0.05257864400005019,0.000306531999967774
synth-rho0.9,ABD-NB,6,0.5166666666666667,0.5165323701028064,0.8162240415536957,0.19747273348931316,0.04917577900005199,0.00029654700006176427
synth-rho0.9,ABD-NB,7,0.6166666666666667,0.613986013986014,0.6753507171849981,0.0889131558221029,0.04915451800002302,0.000298628000109602
synth-rho0.9,ABD-NB,8,0.6,0.5885714285714285,0.705611980213729,0.12276901282822454,0.04962174499996763,0.0003727200000867015
synth-rho0.9,ABD-NB,9,0.5833333333333334,0.5832175604334537,0.719203457355516,0.21008102187439057,0.04862865299992336,0.0003307240001504397
synth-rho0.9,ABD-NB,10,0.5666666666666667,0.5417156286721504,0.7417645128390306,0.15775313002586844,0.049325819000159754,0.00039818300001570606
synth-rho0.9,ABD-NB,11,0.65,0.6475524475524476,0.6705538181748114,0.13274414020428588,0.04920106500003385,0.0003083849999256927
synth-rho0.9,ABD-NB,12,0.6,0.595959595959596,0.6315103427744001,0.1441469966282983,0.050636410999914006,0.00034745300013128144
synth-rho0.9,ABD-NB,13,0.48333333333333334,0.4831897749374826,0.8860132004432274,0.29574981652292315,0.049879399000019475,0.00033505300007163896
synth-rho0.9,ABD-NB,14,0.5833333333333334,0.5804195804195804,0.7015340914129731,0.11425884217040465,0.05365071300002455,0.00035607700010586996
synth-rho0.9,ABD-NB,15,0.5166666666666667,0.5154553049289892,0.7941309372131694,0.2451835125910587,0.05158340100001624,0.0002942759999768896
synth-rho0.9,ABD-NB,16,0.65,0.6378269617706237,0.6394347217070538,0.03919480575009771,0.04801165999992918,0.00030324899989864207
synth-rho0.9,ABD-NB,17,0.5833333333333334,0.5832175604334537,0.7271591305460754,0.18960879629451766,0.04737227700002222,0.0003366509999978007
synth-rho0.9,ABD-NB,18,0.65,0.6491228070175439,0.6679314881844635,0.1073161175168667,0.04805552300013005,0.0002775089999431657
synth-rho0.9,ABD-NB,19,0.55,0.5498749652681301,0.816381151128398,0.22797113675564007,0.048090142999853924,0.0002901299999393814
synth-rho0.9,ABD-NB,20,0.5333333333333333,0.5286195286195287,0.7739608588139663,0.22585395462528082,0.047453285999836226,0.00030155099989315204
synth-rho0.9,ABD-NB,21,0.55,0.5437904815544916,0.7344741646525965,0.1290513388524515,0.04723756199996387,0.0003556299998308532
synth-rho0.9,ABD-NB,22,0.6333333333333333,0.6228571428571429,0.6644244775747122,0.07051356619788567,0.04921799699991425,0.00035930100011682953
synth-rho0.9,ABD-NB,23,0.65,0.6378269617706237,0.694574590792852,0.16002777764320517,0.0492033339999125,0.0002845879998858436
synth-rho0.9,ABD-NB,24,0.55,0.5498749652681301,0.7407101381138749,0.14326219512294316,0.0483952639999643,0.00030479999986710027
synth-rho0.9,ABD-NB,25,0.48333333333333334,0.4831897749374826,0.7884825917304833,0.21522102671706114,0.04838935299994773,0.0003603580000799411
synth-rho0.9,ABD-NB,26,0.5833333333333334,0.5804195804195804,0.7260287103409427,0.16638137060611277,0.05106062300001213,0.00029639399986081116
synth-rho0.9,ABD-NB,27,0.5,0.49776785714285715,0.6570144711752509,0.20032572312191874,0.0470154489999004,0.00030470899991996703
synth-rho0.9,ABD-NB,28,0.65,0.6475524475524476,1.5170726500428984,0.28878880939981183,0.046983109999928274,0.00031005999994704325
synth-rho0.9,ABD-NB,29,0.6333333333333333,0.6329254727474972,1.6643689603749308,0.32314659924973643,0.047448860000031345,0.00035320300003149896
synth-blocks,ABD-NB,0,0.9833333333333333,0.9832915622389307,0.06423871432782548,0.029445043274512778,0.06282789600004435,0.0003116210000371211
synth-blocks,ABD-NB,1,0.95,0.9499861072520144,0.09625006276246087,0.04377182482202225,0.061620508000032714,0.0003219750001335342
synth-blocks,ABD-NB,2,0.9833333333333333,0.9833287024173382,0.02134822736597746,0.013918814136169064,0.062460735000058776,0.00036354799999571696
synth-blocks,ABD-NB,3,0.9666666666666667,0.9666295884315907,0.06292598974995951,0.03355726642031687,0.06111293999992995,0.000318476000074952
synth-blocks,ABD-NB,4,0.9666666666666667,0.9665178571428572,0.060868964368124834,0.03760168293290805,0.061313945000165404,0.0002886309998757497
synth-blocks,ABD-NB,5,0.9833333333333333,0.9833287024173382,0.047448321176841106,0.03666636113524342,0.06141926399982367,0.0002908750000187865
synth-blocks,ABD-NB,6,0.9833333333333333,0.9833287024173382,0.02378914016789048,0.015938192947780157,0.06122848600011821,0.0003209700000752491
synth-blocks,ABD-NB,7,0.9666666666666667,0.9666295884315907,0.09950831641335499,0.03324811372045736,0.06276977399988937,0.00035344599996278703
synth-blocks,ABD-NB,8,0.95,0.949874686716792,0.12256998396636837,0.03473827238199385,0.0612398100001883,0.00034099200001946883
synth-blocks,ABD-NB,9,0.9666666666666667,0.9663299663299663,0.05721646901295721,0.04235950346948827,0.06219117099999494,0.0002916589999131247
synth-blocks,ABD-NB,10,0.9833333333333333,0.9833287024173382,0.03575489088045572,0.02290506060501516,0.06092146599985426,0.0002865230001134478
synth-blocks,ABD-NB,11,0.9666666666666667,0.9665178571428572,0.09760817253272146,0.02651679109423774,0.0637676610001563,0.0003447030001098028
synth-blocks,ABD-NB,12,0.9666666666666667,0.9665178571428572,0.06671160184563014,0.038847355421696185,0.06246429800012265,0.0003260199998749158
synth-blocks,ABD-NB,13,0.9833333333333333,0.9832915622389307,0.0686617336181327,0.03520940394569147,0.06545798900015143,0.00036342900011732127
synth-blocks,ABD-NB,14,0.9666666666666667,0.9666666666666667,0.07956675708211411,0.03381715071810283,0.06255501400005414,0.00034346899997217406
synth-blocks,ABD-NB,15,0.9833333333333333,0.9833287024173382,0.022903039544930337,0.017317644209795504,0.060645823999948334,0.000292167999987214
synth-blocks,ABD-NB,16,0.9666666666666667,0.9666295884315907,0.05703729128969788,0.026624882934134484,0.05984635499999058,0.00030232399990381964
synth-blocks,ABD-NB,17,0.9333333333333333,0.9332591768631813,0.0762563669765512,0.051813052479323635,0.05974797999988368,0.0002769540001281712
synth-blocks,ABD-NB,18,0.9833333333333333,0.9832915622389307,0.036986164201122794,0.029254630679256582,0.05921188799993615,0.00031022799998936534
synth-blocks,ABD-NB,19,0.95,0.949874686716792,0.10241830406314406,0.041837195446474386,0.059383672999956616,0.00034514100002525083
synth-blocks,ABD-NB,20,0.9666666666666667,0.9666295884315907,0.05361024636080714,0.037461390575361186,0.05994151200002307,0.0003066579999995156
synth-blocks,ABD-NB,21,0.9666666666666667,0.9665178571428572,0.1283412923910448,0.031428525334169594,0.05906975199991393,0.0003147800000533607
synth-blocks,ABD-NB,22,1.0,1.0,0.02920576462919641,0.02371523105157896,0.058767661000047156,0.00027975299985882884
synth-blocks,ABD-NB,23,0.9833333333333333,0.9832915622389307,0.028190462671963793,0.008521127361890531,0.05985040899986416,0.0003552840000793367
synth-blocks,ABD-NB,24,0.9666666666666667,0.9666295884315907,0.05469888111740221,0.0323570862234556,0.062334445000033156,0.00028423499998098123
synth-blocks,ABD-NB,25,0.9833333333333333,0.9832915622389307,0.026377259118099638,0.019310279009510434,0.06256748000009793,0.0002966579997973895
synth-blocks,ABD-NB,26,0.95,0.9499861072520144,0.12531194520736666,0.04110620643856753,0.06182891599996765,0.0002855689999705646
synth-blocks,ABD-NB,27,1.0,1.0,0.008979249485480055,0.008450396637961068,0.06268629499982126,0.0003089209999416198
synth-blocks,ABD-NB,28,0.9166666666666666,0.9164578111946533,0.1361862157854569,0.05985173596493326,0.0631900199998654,0.00028628099994421063
synth-blocks,ABD-NB,29,0.9666666666666667,0.9666295884315907,0.06449331899466278,0.04911434493912085,0.06268002100000558,0.00032398700000157987
synth-conflict,ABD-NB,0,0.8,0.8,0.46414741583257546,0.1435274935581024,0.04871777599987581,0.00038679799990859465
synth-conflict,ABD-NB,1,0.8333333333333334,0.8333333333333334,0.2931843287519654,0.12126840125881277,0.048318577999907575,0.00027614499981609697
synth-conflict,ABD-NB,2,0.9,0.8995535714285714,0.31931957831923735,0.09859295951454496,0.048236987000109366,0.0002924960001564614
synth-conflict,ABD-NB,3,0.85,0.8499583217560434,0.3800273720773408,0.059301059164375884,0.04819872799998848,0.00025672299989309977
synth-conflict,ABD-NB,4,1.0,1.0,0.12461495039415457,0.10918635798113847,0.04869469100003698,0.00034779099996740115
synth-conflict,ABD-NB,5,0.85,0.8499583217560434,0.3299953193469545,0.05712048556593106,0.04790065399993182,0.0002703530001326726
synth-conflict,ABD-NB,6,0.95,0.9499861072520144,0.1746391160490228,0.07673094481973525,0.04940973499992651,0.0002746879999904195
synth-conflict,ABD-NB,7,0.8666666666666667,0.8666666666666667,0.4198868438079992,0.09009728934848606,0.048985361999939414,0.0003311580001081893
synth-conflict,ABD-NB,8,0.8833333333333333,0.883300916921367,0.27737237469481485,0.06244713566971905,0.04965097100011917,0.00025793999998313666
synth-conflict,ABD-NB,9,0.8,0.797979797979798,0.6185914370773374,0.17912563204858675,0.04825924900001155,0.0003153499999370979
synth-conflict,ABD-NB,10,0.8,0.8,0.4479129886604657,0.10073685068761926,0.048214428999926895,0.0003173869999955059
synth-conflict,ABD-NB,11,0.85,0.8499583217560434,0.30264082291742417,0.08720241077344144,0.04919384599998011,0.00028463700004977
synth-conflict,ABD-NB,12,0.8833333333333333,0.8830409356725146,0.3070291393462885,0.0704538651860922,0.04996373000017229,0.000351245000047129
synth-conflict,ABD-NB,13,0.85,0.848951048951049,0.48276155235660206,0.07696259863544688,0.04978235900011896,0.0002947570001197164
synth-conflict,ABD-NB,14,0.8666666666666667,0.8665183537263625,0.3133873471782754,0.07766309095026326,0.0485880090000137,0.00035482599992064934
synth-conflict,ABD-NB,15,0.8833333333333333,0.883300916921367,0.2700612708390228,0.0701556072847183,0.047881417000098736,0.0003488090001155797
synth-conflict,ABD-NB,16,0.9,0.8995535714285714,0.3296609113830113,0.10485958823110272,0.05107417999988684,0.00034341900004619674
synth-conflict,ABD-NB,17,0.85,0.8499583217560434,0.5538277733854572,0.1661137318288733,0.04857949200004441,0.0003049819999887404
synth-conflict,ABD-NB,18,0.9333333333333333,0.9332591768631813,0.21006125267524195,0.07658440692718756,0.05067351599996073,0.00030568400006814045
synth-conflict,ABD-NB,19,0.9333333333333333,0.9330357142857143,0.1926926390010096,0.0534177527772516,0.04924315500011289,0.00029566500006694696
synth-conflict,ABD-NB,20,0.9,0.898989898989899,0.30517930923137176,0.05274495266420854,0.05009676500003479,0.00037346899989643134
synth-conflict,ABD-NB,21,0.7666666666666667,0.765625,0.49974936790634356,0.12016468462519223,0.047818697000138854,0.00028051399999640125
synth-conflict,ABD-NB,22,0.95,0.949874686716792,0.23378872605400997,0.11220268762121609,0.04857368300008602,0.0003065329999571986
synth-conflict,ABD-NB,23,0.9,0.899888765294772,0.3012734908533803,0.07543088665192631,0.04973254499986979,0.00030331199991451285
synth-conflict,ABD-NB,24,0.8833333333333333,0.8830409356725146,0.36472521817282416,0.11364031120375004,0.048767735000183166,0.0003410719998555578
synth-conflict,ABD-NB,25,0.8666666666666667,0.8665183537263625,0.3226624134200804,0.07196582662910819,0.050007259000039994,0.0003086099998199643
synth-conflict,ABD-NB,26,0.8666666666666667,0.8665183537263625,0.42286051126406504,0.10342432287816486,0.048045017000049484,0.0003032320000784239
synth-conflict,ABD-NB,27,0.9166666666666666,0.9166435120866907,0.2040451042118318,0.08167214508311965,0.04846211300014147,0.00037394300011328596
synth-conflict,ABD-NB,28,0.8,0.7997775305895439,0.5111119634183455,0.14415287479957278,0.048095980999960375,0.00029103899987603654
synth-conflict,ABD-NB,29,0.8833333333333333,0.883300916921367,0.2566762871238058,0.06498498380788806,0.04784897199988336,0.0003542320000633481
synth-classdep,ABD-NB,0,0.7,0.6986607142857143,0.6455467082490809,0.15634156576182928,0.04596046999995451,0.00036342200019134907
synth-classdep,ABD-NB,1,0.5833333333333334,0.5775837792171219,0.7376227479828842,0.1818741043725916,0.04689683799983868,0.0002865779999865481
synth-classdep,ABD-NB,2,0.6166666666666667,0.6113770768797522,0.6767650348918782,0.1302580085294026,0.048640801999908945,0.00029396500008260773
synth-classdep,ABD-NB,3,0.5833333333333334,0.5832175604334537,0.8041334562334473,0.15544382137463905,0.04641516899982889,0.00030108800001471536
synth-classdep,ABD-NB,4,0.6166666666666667,0.6165601555987774,0.8710730661198253,0.1821721552478359,0.048606774000063524,0.00035104300013699685
synth-classdep,ABD-NB,5,0.7333333333333333,0.7285067873303167,0.5272700716817622,0.0444883281239334,0.046801701000049434,0.00035730200011130364
synth-classdep,ABD-NB,6,0.7833333333333333,0.783273131425396,0.5226013937499367,0.13483378978299929,0.04598009100004674,0.0003079240000261052
synth-classdep,ABD-NB,7,0.6333333333333333,0.6329254727474972,0.7350903684723721,0.14837574895363395,0.04758626100010588,0.0003060970000205998
synth-classdep,ABD-NB,8,0.6333333333333333,0.6329254727474972,0.7975933020971697,0.14529296354899285,0.04586527600008594,0.00030607200005761115
synth-classdep,ABD-NB,9,0.65,0.6491228070175439,0.5775620732984251,0.13114333119585003,0.04871383399995466,0.0003502580000258604
synth-classdep,ABD-NB,10,0.6666666666666666,0.6662958843159066,0.6188987046026241,0.0876803967440236,0.04861249000009593,0.0003065609998884611
synth-classdep,ABD-NB,11,0.7333333333333333,0.7333333333333333,0.5452163924435995,0.15006000639310746,0.04819001200007733,0.00034788500011018186
synth-classdep,ABD-NB,12,0.5833333333333334,0.5832175604334537,0.8379262570510185,0.21582338510426316,0.04604948999985936,0.0003388469999663357
synth-classdep,ABD-NB,13,0.5833333333333334,0.5822890559732665,0.7693560867907695,0.2167067318600498,0.045137481999972806,0.0003490309998142038
synth-classdep,ABD-NB,14,0.5666666666666667,0.5622895622895623,0.821014191847912,0.21689857160929452,0.046768892000045525,0.0003645320000487118
synth-classdep,ABD-NB,15,0.5833333333333334,0.5804195804195804,0.821716639957157,0.2444118044612863,0.04655985599993073,0.00033998100002463616
synth-classdep,ABD-NB,16,0.75,0.7499305362600722,0.5918113933344097,0.10674993443667997,0.04831947000002401,0.0002924850000454171
synth-classdep,ABD-NB,17,0.6333333333333333,0.6329254727474972,0.7888823276181177,0.192246570832385,0.0463631269999496,0.0002803190000122413
synth-classdep,ABD-NB,18,0.6833333333333333,0.6832453459294248,0.5981532944206049,0.15183449202761604,0.04642660000013166,0.00034037500017802813
synth-classdep,ABD-NB,19,0.7166666666666667,0.7159565580618212,0.543630108682425,0.10135073813406217,0.047929457999998704,0.00033057899986488337
synth-classdep,ABD-NB,20,0.7,0.6986607142857143,0.6905618585988308,0.20364188389180413,0.048508345999835,0.00031355499982055335
synth-classdep,ABD-NB,21,0.5833333333333334,0.5832175604334537,0.8294980412140156,0.18333924534566487,0.04665675900014321,0.0002791100000649749
synth-classdep,ABD-NB,22,0.6166666666666667,0.6157059314954052,0.7502397717041038,0.15713229828083314,0.04636722899999768,0.0003425069999138941
synth-classdep,ABD-NB,23,0.6166666666666667,0.613986013986014,0.596749103177306,0.1441599315772538,0.04753456200000983,0.0002803859999858105
synth-classdep,ABD-NB,24,0.75,0.7499305362600722,0.6862591563871401,0.17836973650877516,0.046372485999881974,0.0003372410001247772
synth-classdep,ABD-NB,25,0.7,0.699666295884316,0.5977800985717432,0.10251551665044413,0.045600145999969754,0.0002779240001018479
synth-classdep,ABD-NB,26,0.6333333333333333,0.6329254727474972,0.6901602472837574,0.17006026578566308,0.045387617999949725,0.0003922240000520105
synth-classdep,ABD-NB,27,0.6833333333333333,0.6825396825396826,0.6271597249762827,0.13085012483406697,0.04657327599989003,0.0003282310001395672
synth-classdep,ABD-NB,28,0.6,0.5927601809954751,0.6857715642639542,0.13569820020295806,0.045359388999941075,0.00030828000012661505
synth-classdep,ABD-NB,29,0.6166666666666667,0.6165601555987774,0.7794179420807228,0.1912899360151192,0.04476739999995516,0.00026840900000024703
synth-nonlin,ABD-NB,0,0.8833333333333333,0.883300916921367,0.24302904457959015,0.06266159783646863,0.03432670499978485,0.00025474099993516575
synth-nonlin,ABD-NB,1,0.9333333333333333,0.9332591768631813,0.20296840863693813,0.05876643829171142,0.03464684400000806,0.00034153799992964196
synth-nonlin,ABD-NB,2,0.9333333333333333,0.9330357142857143,0.2727937376501649,0.10413004611194145,0.034680088999948566,0.00024859099994500866
synth-nonlin,ABD-NB,3,0.8666666666666667,0.8660714285714286,0.3502193068404927,0.11404910308535325,0.03452383200010445,0.00023099500003809226
synth-nonlin,ABD-NB,4,0.8833333333333333,0.8806479113384484,0.2837074528718639,0.0748580158945792,0.03492230400001972,0.0003073210000366089
synth-nonlin,ABD-NB,5,0.9166666666666666,0.9166435120866907,0.2370046006026548,0.05992974488887422,0.034645115999865084,0.00027226499992138997
synth-nonlin,ABD-NB,6,1.0,1.0,0.11849799299644342,0.10162657001340634,0.03819828999985475,0.00024566699994466035
synth-nonlin,ABD-NB,7,0.8333333333333334,0.8331479421579533,0.4361184272928798,0.06610683651584554,0.03690335200008121,0.00032088600005408807
synth-nonlin,ABD-NB,8,0.8666666666666667,0.8653198653198653,0.3039266827631816,0.0789122232245372,0.034198081000113234,0.0002784420000807586
synth-nonlin,ABD-NB,9,0.8333333333333334,0.8331479421579533,0.41673327632373447,0.12313294188843926,0.03474781099998836,0.00034634999997251725
synth-nonlin,ABD-NB,10,0.8833333333333333,0.883300916921367,0.3669082086708795,0.08235558756474749,0.03416351400005624,0.0002947500001937442
synth-nonlin,ABD-NB,11,0.9,0.899888765294772,0.2958620857681253,0.10042763446483435,0.03713378899988129,0.00029351099988161877
synth-nonlin,ABD-NB,12,0.8666666666666667,0.8660714285714286,0.30434331884046517,0.07583075870134286,0.03690994099997624,0.00028411900007085933
synth-nonlin,ABD-NB,13,0.8833333333333333,0.8830409356725146,0.29087903524539743,0.07355645494578579,0.03726659299991297,0.000342622999824016
synth-nonlin,ABD-NB,14,0.8833333333333333,0.883300916921367,0.28045618646819626,0.09195997174458985,0.03731269000013526,0.0003360379998866847
synth-nonlin,ABD-NB,15,0.95,0.9496503496503497,0.2191647641363286,0.09068819199773967,0.03776422200007801,0.0002911090000452532
synth-nonlin,ABD-NB,16,0.9333333333333333,0.9332591768631813,0.25232691111391264,0.09813545675667633,0.03680730799987941,0.00026027400008388213
synth-nonlin,ABD-NB,17,0.8333333333333334,0.8331479421579533,0.3342113299814649,0.09236509737353865,0.03580511299992395,0.00026093099995705415
synth-nonlin,ABD-NB,18,0.9333333333333333,0.9330357142857143,0.17446803703774713,0.05497774725799039,0.036106114999938654,0.0002673819999472471
synth-nonlin,ABD-NB,19,0.8833333333333333,0.8830409356725146,0.34456887541367454,0.06541291806626408,0.0352490539999053,0.00023862300008659076
synth-nonlin,ABD-NB,20,0.9333333333333333,0.9330357142857143,0.22226539664289868,0.04983524136588017,0.03557306400011839,0.00034246100017298886
synth-nonlin,ABD-NB,21,0.8666666666666667,0.8653198653198653,0.37580132001013256,0.10580640552240551,0.03629441899988706,0.0002742780000062339
synth-nonlin,ABD-NB,22,0.9333333333333333,0.9330357142857143,0.2374653336595759,0.10486304973510735,0.03511983099997451,0.00024666099989190116
synth-nonlin,ABD-NB,23,0.8666666666666667,0.8653198653198653,0.32890348264144553,0.0713932556294277,0.03543957299984868,0.00033334099998683087
synth-nonlin,ABD-NB,24,0.9,0.899888765294772,0.2428862718883017,0.06799361355679863,0.035319295999897804,0.00028117400006522075
synth-nonlin,ABD-NB,25,0.9,0.899888765294772,0.3103612658401687,0.10173019176898945,0.03662930900009087,0.0002542259999245289
synth-nonlin,ABD-NB,26,0.8166666666666667,0.8162071846282373,0.42186564068619475,0.13229002379554755,0.03561163699987446,0.0002638480000314303
synth-nonlin,ABD-NB,27,0.9,0.8995535714285714,0.23053352164017657,0.07091216224773794,0.035774522999872715,0.00028758700000253157
synth-nonlin,ABD-NB,28,0.9,0.899888765294772,0.30330544317180563,0.07566490422244747,0.035319312999945396,0.00025540199999340985
synth-nonlin,ABD-NB,29,0.9166666666666666,0.9166435120866907,0.19270862456362237,0.07692717916802248,0.035949161999951684,0.00025014700008796353
synth-sklearn,ABD-NB,0,0.9,0.8995535714285714,0.45928619516203106,0.11527011455427452,0.0611606910001683,0.0002890519999709795
synth-sklearn,ABD-NB,1,0.85,0.848951048951049,0.3385844946630545,0.12334168451908367,0.061307350999868504,0.0003092590000051132
synth-sklearn,ABD-NB,2,0.9,0.9,0.20850354459071685,0.08123980827818701,0.060601216000122804,0.000267199000063556
synth-sklearn,ABD-NB,3,0.8333333333333334,0.8325892857142857,0.569206423074713,0.16056623814065343,0.06284627400009413,0.00035010400006285636
synth-sklearn,ABD-NB,4,0.85,0.8499583217560434,0.37986761452124257,0.09405191144756177,0.06572134900011406,0.00030196500006240967
synth-sklearn,ABD-NB,5,0.7833333333333333,0.7827903091060986,0.3830140601265776,0.08002047914234267,0.06177962700007811,0.00037616500003423425
synth-sklearn,ABD-NB,6,0.8833333333333333,0.8830409356725146,0.3523434885410521,0.0782867708198236,0.06175499899995884,0.0003368550001141557
synth-sklearn,ABD-NB,7,0.9,0.9,0.38980127255479674,0.08655196706312693,0.06423100899996825,0.0003030039999885048
synth-sklearn,ABD-NB,8,0.8166666666666667,0.8166157265907197,0.4408087134934308,0.09367975609546214,0.06197344299994256,0.00028461199985940766
synth-sklearn,ABD-NB,9,0.8166666666666667,0.8166157265907197,0.49840456107538983,0.11622416306638067,0.060532378000061726,0.00029396600007203233
synth-sklearn,ABD-NB,10,0.8166666666666667,0.8162071846282373,0.60524345054727,0.09775450447712924,0.06005849899997884,0.0003322049999496812
synth-sklearn,ABD-NB,11,0.9,0.899888765294772,0.27475069486562126,0.07452482912962097,0.058883622999928775,0.00032444300018141803
synth-sklearn,ABD-NB,12,0.8166666666666667,0.8153846153846154,0.3667462063050079,0.06986765496555848,0.060226200999977664,0.0003356929998972191
synth-sklearn,ABD-NB,13,0.9166666666666666,0.9164578111946533,0.3066598544623688,0.11506619264687147,0.06092548800006625,0.00030097100011516886
synth-sklearn,ABD-NB,14,0.8666666666666667,0.8665183537263625,0.2679068820636777,0.0919470525041276,0.06007088899991686,0.00032594699996479903
synth-sklearn,ABD-NB,15,0.8166666666666667,0.8166157265907197,0.5042943999551811,0.11864530681305258,0.05897254799992879,0.00030031100004634936
synth-sklearn,ABD-NB,16,0.85,0.849624060150376,0.31176566632203184,0.09730687092930249,0.060787720999996964,0.0003084140000737534
synth-sklearn,ABD-NB,17,0.7666666666666667,0.7643097643097643,0.6691972800219936,0.20946784003473964,0.06036047300017344,0.0002972449999560922
synth-sklearn,ABD-NB,18,0.85,0.8499583217560434,0.3312760538467414,0.07597264425092431,0.06352201000004243,0.00029810099999849626
synth-sklearn,ABD-NB,19,0.8666666666666667,0.8666666666666667,0.4388442521003213,0.09745723444045526,0.06316144599986728,0.00036383500014380843
synth-sklearn,ABD-NB,20,0.85,0.8499583217560434,0.4541287766895378,0.16597063134226098,0.06275683200010462,0.00029845199992450944
synth-sklearn,ABD-NB,21,0.9,0.8995535714285714,0.230065779330909,0.07493416713908903,0.061412270999881,0.0003496350000204984
synth-sklearn,ABD-NB,22,0.8,0.7997775305895439,0.5187095785496951,0.15077451320007818,0.062322300999994695,0.00028511999994407233
synth-sklearn,ABD-NB,23,0.8333333333333334,0.8333333333333334,0.4334211863963455,0.05422181674364783,0.06020530699993287,0.00032720900003369024
synth-sklearn,ABD-NB,24,0.85,0.849624060150376,0.33740468148233776,0.12482779862632015,0.06160070100008852,0.00035215200000493496
synth-sklearn,ABD-NB,25,0.8666666666666667,0.8665183537263625,0.4212120190015133,0.12255564508440639,0.06424885999990693,0.00030019400014680286
synth-sklearn,ABD-NB,26,0.8833333333333333,0.8825174825174825,0.3315052602406589,0.09663844468745558,0.06105998200018803,0.00031543499994768354
synth-sklearn,ABD-NB,27,0.8166666666666667,0.8166157265907197,0.47842739476734253,0.15111029558398828,0.06239515000015672,0.0003587129999687022
synth-sklearn,ABD-NB,28,0.8833333333333333,0.8830409356725146,0.3350929608377132,0.05820275385769921,0.06539741200003846,0.0003313750000870641
synth-sklearn,ABD-NB,29,0.8,0.8,0.4257831338709339,0.13487934470249105,0.07157115799986968,0.00034469599995645694
