dataset,stratum,model,fold,accuracy,macro_f1,log_loss,ece,fit_time,predict_time
iris,real,CFW-NB,0,1.0,1.0,0.026237601126738137,0.024064621065730096,0.004215660999989268,0.0001736570000048232
iris,real,HNB,0,0.9333333333333333,0.9326599326599326,0.12475284108967104,0.06450199254609838,0.0011838009999678434,0.00019202100003212763
iris,real,CFW-NB,1,0.9333333333333333,0.9326599326599326,0.18745649414138227,0.08804784458858401,0.005690733999983877,0.00021118600000136212
iris,real,HNB,1,0.8666666666666667,0.8666666666666667,0.33095457563332403,0.14628365348530648,0.001783832999990409,0.00035006699999939883
iris,real,CFW-NB,2,1.0,1.0,0.009314348114835811,0.009058548427473246,0.005558204000010392,0.0002252879999673496
iris,real,HNB,2,0.8666666666666667,0.8703703703703703,0.2807753791260896,0.07733142973972125,0.0015847539999640503,0.00040535599998747784
iris,real,CFW-NB,3,0.9333333333333333,0.9326599326599326,0.10882348630550072,0.0602487921132263,0.005698136000034992,0.0002053790000218214
iris,real,HNB,3,1.0,1.0,0.07275250943954771,0.06412701029686667,0.0014853430000130174,0.00025765100002672625
iris,real,CFW-NB,4,1.0,1.0,0.07420732542789081,0.06500032222267522,0.0017026639999926374,0.00014342800000122224
iris,real,HNB,4,1.0,1.0,0.0857755009891967,0.0760433872476892,0.0011195229999998446,0.00019899299996950504
iris,real,CFW-NB,5,1.0,1.0,0.10586755725666454,0.08439458672187496,0.0022809889999848565,0.00014515699996309195
iris,real,HNB,5,0.9333333333333333,0.9326599326599326,0.2607426746168612,0.0951643404304636,0.0011487159999887808,0.0002780930000199078
iris,real,CFW-NB,6,0.8666666666666667,0.8666666666666667,0.3133195152131332,0.1423683293142778,0.0018389900000101989,0.00018331299997953465
iris,real,HNB,6,0.9333333333333333,0.9326599326599326,0.2571091222025091,0.09650738667858678,0.0011998029999631399,0.0002355510000029426
iris,real,CFW-NB,7,0.9333333333333333,0.9326599326599326,0.1420961531828768,0.060021169028107724,0.0017086850000396225,0.00024260399999320725
iris,real,HNB,7,1.0,1.0,0.06446932690627122,0.058798709693717165,0.001079408999999032,0.0001856129999850964
iris,real,CFW-NB,8,1.0,1.0,0.08679585232441923,0.07594737976843553,0.0025695230000337688,0.00018608099998118632
iris,real,HNB,8,1.0,1.0,0.05082208170075164,0.04710309658497516,0.000991978999991261,0.00021248999996714701
iris,real,CFW-NB,9,1.0,1.0,0.013535700145080185,0.013157631736763084,0.001761585999986437,0.0001696159999937663
iris,real,HNB,9,0.9333333333333333,0.9326599326599326,0.09608215773351657,0.07386091310655063,0.0008726300000034826,0.0001605759999847578
iris,real,CFW-NB,10,1.0,1.0,0.06355166308604869,0.054661098680489406,0.002835828999991463,0.00018910500000401953
iris,real,HNB,10,0.8666666666666667,0.8659932659932661,0.20369217164507866,0.07103440513055337,0.0009842900000194277,0.00018353199999410208
iris,real,CFW-NB,11,0.8666666666666667,0.8611111111111112,0.1016376427738106,0.07300286091466587,0.0020303069999840773,0.00019379300005084588
iris,real,HNB,11,0.9333333333333333,0.9326599326599326,0.29852522098613166,0.07345544220334581,0.001036596999995254,0.00019224699997266725
iris,real,CFW-NB,12,0.8,0.797979797979798,0.24604270188751837,0.15017124294938444,0.002021916999979112,0.00020087299998294839
iris,real,HNB,12,0.8666666666666667,0.8703703703703703,0.4462615668752753,0.16652037641779904,0.0010439640000186046,0.0001887820000092688
iris,real,CFW-NB,13,0.9333333333333333,0.9326599326599326,0.1635072188923075,0.08880420869435182,0.0017175720000182082,0.00015780000001086592
iris,real,HNB,13,0.8666666666666667,0.8611111111111112,0.2594620056754374,0.11411795694089118,0.001073748000010255,0.00018119000003480323
iris,real,CFW-NB,14,1.0,1.0,0.016361565939993487,0.015837962808114166,0.0017426990000330989,0.00024839799999654133
iris,real,HNB,14,1.0,1.0,0.019743654066738593,0.019382187747718826,0.001107432000026165,0.00026262000000087937
iris,real,CFW-NB,15,1.0,1.0,0.062007213468622244,0.05155967862192587,0.0016253460000257292,0.00013815300002306685
iris,real,HNB,15,1.0,1.0,0.06066177153954106,0.05680757805896905,0.0010870510000131617,0.00019386000002441506
iris,real,CFW-NB,16,1.0,1.0,0.05328591968165493,0.04826049493773535,0.0019389079999996284,0.00019462400001657443
iris,real,HNB,16,0.9333333333333333,0.9326599326599326,0.16449355948461652,0.09159306482070771,0.0010588950000283148,0.0002475830000321366
iris,real,CFW-NB,17,1.0,1.0,0.029616556966592482,0.02726757095471944,0.0014701329999979862,0.0001780520000238539
iris,real,HNB,17,1.0,1.0,0.05292117646377936,0.0486047558455152,0.0010031360000084533,0.00018078199997262345
iris,real,CFW-NB,18,0.8666666666666667,0.8611111111111112,0.3580096011593961,0.10782866851739484,0.0024525370000105795,0.00021362799998314586
iris,real,HNB,18,1.0,1.0,0.10650207311246083,0.08337565142480456,0.0011701549999543204,0.0002957939999532755
iris,real,CFW-NB,19,1.0,1.0,0.06051914020201674,0.05272879952596147,0.0017323619999842776,0.00016222199997173448
iris,real,HNB,19,1.0,1.0,0.04178302374795336,0.03977658989657651,0.0010648960000025909,0.00024931899997682194
iris,real,CFW-NB,20,1.0,1.0,0.06306797602799806,0.05370218611727488,0.002157724000028338,0.0002420929999971122
iris,real,HNB,20,0.9333333333333333,0.9326599326599326,0.16079807001650917,0.07058561295535151,0.001261486000032619,0.00027699899999333866
iris,real,CFW-NB,21,0.9333333333333333,0.9326599326599326,0.14389006639302812,0.056879451107166516,0.0026758289999975204,0.000279168999952617
iris,real,HNB,21,1.0,1.0,0.037565563106622936,0.03370650638957672,0.000996106000002328,0.00018387600005098648
iris,real,CFW-NB,22,0.9333333333333333,0.9326599326599326,0.10319354645691461,0.07342446781387532,0.0016550260000371964,0.00018095000001494554
iris,real,HNB,22,0.9333333333333333,0.9326599326599326,0.25841767752202954,0.05146170806048326,0.0011639570000170352,0.00021421899998586014
iris,real,CFW-NB,23,1.0,1.0,0.010834613628603109,0.01061885272566332,0.0017538660000013806,0.00013713300000972595
iris,real,HNB,23,0.9333333333333333,0.9326599326599326,0.227456659241001,0.11865989302772237,0.0011445880000451325,0.00021883699997715667
iris,real,CFW-NB,24,0.9333333333333333,0.9326599326599326,0.16538339042057576,0.10242671845629024,0.0018834269999956632,0.0001727409999716656
iris,real,HNB,24,1.0,1.0,0.13953791545482197,0.11632366138365224,0.001165011000011873,0.00026673499996832106
iris,real,CFW-NB,25,0.8666666666666667,0.8666666666666667,0.31805632468766487,0.1158643394416987,0.0018905359999621396,0.00018223499995428938
iris,real,HNB,25,0.9333333333333333,0.9326599326599326,0.3073692053215048,0.08820374494514563,0.0011715199999571269,0.00026669599998285776
iris,real,CFW-NB,26,1.0,1.0,0.10451950287306606,0.08513697269211602,0.0017662890000451625,0.00018496900003128758
iris,real,HNB,26,0.8666666666666667,0.8611111111111112,0.38465580805114963,0.12465174418259262,0.0010940059999597906,0.00019323300000451127
iris,real,CFW-NB,27,0.9333333333333333,0.9326599326599326,0.10863955364022168,0.08496036011078714,0.0017261940000139475,0.00015430100000912716
iris,real,HNB,27,1.0,1.0,0.12615605454848963,0.10734062603376218,0.0011175119999506933,0.00026345600002741776
iris,real,CFW-NB,28,1.0,1.0,0.03487431766702783,0.03139394356001422,0.0016624720000208981,0.00014467099998682897
iris,real,HNB,28,1.0,1.0,0.06763358708161353,0.059779656982169437,0.0011064820000115105,0.00019046800002797681
iris,real,CFW-NB,29,1.0,1.0,0.0386037863282139,0.03376468193135734,0.0016106670000226586,0.00013052899998911016
iris,real,HNB,29,1.0,1.0,0.0435910074683715,0.04096167580933231,0.00102220399998032,0.00021797599998762962
wine,real,CFW-NB,0,1.0,1.0,0.01552826024863372,0.014760917845348201,0.010240509000027487,0.00018948700000009921
wine,real,HNB,0,1.0,1.0,0.012382035873322865,0.011508749049618275,0.004984821999983069,0.0004609799999570896
wine,real,CFW-NB,1,1.0,1.0,0.015422451174719057,0.014405350876065289,0.007720328999994308,0.00014680900000030306
wine,real,HNB,1,1.0,1.0,0.04106471374035439,0.036614051676783124,0.0053512320000095315,0.0010804379999740377
wine,real,CFW-NB,2,1.0,1.0,0.012361292061088798,0.011754279672621005,0.00971521799999664,0.00018822100003035303
wine,real,HNB,2,1.0,1.0,0.003994328327938765,0.003929100303182609,0.006171586999982992,0.0015284650000353395
wine,real,CFW-NB,3,1.0,1.0,0.02772377006077425,0.0232287795120827,0.010107401000027494,0.00018766100004086184
wine,real,HNB,3,1.0,1.0,0.004986127234078798,0.004874047885542354,0.006379331000005095,0.0014470450000203527
wine,real,CFW-NB,4,1.0,1.0,0.0038040513342374985,0.003753206299407008,0.009899149999966994,0.00015900599998985854
wine,real,HNB,4,0.9444444444444444,0.9440559440559441,0.10465528938295707,0.04444105598619555,0.0036457840000139186,0.0003041019999727723
wine,real,CFW-NB,5,0.9444444444444444,0.9440559440559441,0.06843647064093511,0.04173303346651076,0.009411821000014697,0.00018922200001725287
wine,real,HNB,5,0.9444444444444444,0.9487179487179488,0.09646213486472119,0.048964125725391404,0.0055939169999987826,0.0003587059999858866
wine,real,CFW-NB,6,1.0,1.0,0.024821529608924045,0.021292892960912604,0.00934466500001463,0.0001795999999671949
wine,real,HNB,6,1.0,1.0,0.013372921810248076,0.012987224545873755,0.0052636249999977736,0.00039136300000564006
wine,real,CFW-NB,7,0.8888888888888888,0.888888888888889,0.17171735701384222,0.0811144118873765,0.010653767999997399,0.00018943600002785388
wine,real,HNB,7,0.9444444444444444,0.9440559440559441,0.2201707098192155,0.0529309201252548,0.00497006099999453,0.0004206090000025142
wine,real,CFW-NB,8,0.9411764705882353,0.9474747474747475,0.20449906848634256,0.06070561088049211,0.008544485000015811,0.00020306899995148342
wine,real,HNB,8,0.9411764705882353,0.9487179487179488,0.2461850080255123,0.05128630959075242,0.0036663419999740654,0.0003922280000097089
wine,real,CFW-NB,9,0.9411764705882353,0.943355119825708,0.08901716501099188,0.05925594649698409,0.007935524999993504,0.00017362900001671733
wine,real,HNB,9,1.0,1.0,0.01930296005642267,0.018336689417315692,0.0037391649999563015,0.0003392589999862139
wine,real,CFW-NB,10,1.0,1.0,0.048810801915138924,0.03988427358124274,0.00951604499999803,0.00019055399997114364
wine,real,HNB,10,1.0,1.0,0.009613099544496876,0.00935286024943377,0.008000147000018387,0.0005056329999888476
wine,real,CFW-NB,11,1.0,1.0,0.030508032921870425,0.024329689909306285,0.011369118000004619,0.00021001499999329099
wine,real,HNB,11,1.0,1.0,0.025274461822312105,0.0206527891842027,0.007971757999996498,0.00044773999997005376
wine,real,CFW-NB,12,0.8888888888888888,0.8916666666666666,0.13092841973527286,0.07965141648508674,0.009868004999987079,0.000192298000001756
wine,real,HNB,12,1.0,1.0,0.007510162304698398,0.007346077996403355,0.00495023099995251,0.000469052000028114
wine,real,CFW-NB,13,1.0,1.0,0.011316156071649023,0.010996201468466787,0.010706353999978546,0.0002121950000173456
wine,real,HNB,13,1.0,1.0,0.03898950397311632,0.03281606286754415,0.004912996000030034,0.00035896899998988374
wine,real,CFW-NB,14,1.0,1.0,0.05801066771858635,0.045586553550569224,0.009518573999969249,0.00017916199999490345
wine,real,HNB,14,0.9444444444444444,0.9487179487179488,0.2850748733597639,0.06762359391903364,0.005620880000037687,0.00046823399998174864
wine,real,CFW-NB,15,1.0,1.0,0.004527132857656258,0.004438836085528863,0.010821201999988261,0.000260519999983444
wine,real,HNB,15,1.0,1.0,0.005774039207532059,0.005655632876890082,0.00497589600001902,0.0003941620000205148
wine,real,CFW-NB,16,0.9444444444444444,0.9440559440559441,0.10928030469183074,0.03908695109889158,0.008552895000036642,0.00014754899996205495
wine,real,HNB,16,0.8888888888888888,0.8885003885003885,0.35323666915870766,0.11381898427504145,0.0038675490000059654,0.00039899199998671975
wine,real,CFW-NB,17,1.0,1.0,0.008708480277532946,0.00812195366932427,0.008006744999988769,0.000141093000024739
wine,real,HNB,17,1.0,1.0,0.012427631946206726,0.012009441975198043,0.003593757999965419,0.00028069100000038816
wine,real,CFW-NB,18,0.9411764705882353,0.9474747474747475,0.20911381796862336,0.05566294806868799,0.011644773000000441,0.00020607999999811
wine,real,HNB,18,0.9411764705882353,0.9474747474747475,0.05383101447350768,0.03973315561761313,0.00478120799999715,0.00037405000000489963
wine,real,CFW-NB,19,1.0,1.0,0.014174573524730087,0.013684562157163908,0.009637641999972857,0.0002060410000126467
wine,real,HNB,19,1.0,1.0,0.01598643734772995,0.015137408605307892,0.004901160000031268,0.00039734699998916767
wine,real,CFW-NB,20,1.0,1.0,0.0030862069023290606,0.003043697776281107,0.00781391700002132,0.00019406699999535704
wine,real,HNB,20,1.0,1.0,0.007591916891705275,0.00736708605604368,0.003674853000006806,0.0003195279999772538
wine,real,CFW-NB,21,0.9444444444444444,0.9440559440559441,0.11814235219351736,0.052598009220134564,0.007672442000000501,0.00015731600001345214
wine,real,HNB,21,0.9444444444444444,0.9440559440559441,0.2041326747229226,0.06560369823653622,0.0036126829999716392,0.0003295830000524802
wine,real,CFW-NB,22,1.0,1.0,0.0005480882553777018,0.0005473297211714412,0.010981773999958477,0.00023771600001509796
wine,real,HNB,22,1.0,1.0,0.003793636478390921,0.0037205129804434023,0.005592251999985365,0.00039980700000796787
wine,real,CFW-NB,23,1.0,1.0,0.059001658482481845,0.04895969253215913,0.00993336400000544,0.00019019799998432063
wine,real,HNB,23,1.0,1.0,0.0068426672816019295,0.006556089407414582,0.004873767999981737,0.00034976000000597196
wine,real,CFW-NB,24,1.0,1.0,0.020465590734978646,0.017637133027584424,0.008244339999976091,0.00015963399999918693
wine,real,HNB,24,0.9444444444444444,0.9487179487179488,0.31072249183234607,0.052000814843965126,0.0037168169999972633,0.0002981219999469431
wine,real,CFW-NB,25,1.0,1.0,0.053820111219907055,0.042504944227545846,0.009278543999982958,0.000264183000012963
wine,real,HNB,25,0.8888888888888888,0.8968253968253969,0.23285193460787104,0.08819687107168463,0.004696911999985787,0.00047558099998923353
wine,real,CFW-NB,26,1.0,1.0,0.01580803927301015,0.014762234379246422,0.0075274069999977655,0.00014252099998657286
wine,real,HNB,26,0.9444444444444444,0.9440559440559441,0.052806068456479754,0.036545344597793517,0.003868414000010034,0.000301100999990922
wine,real,CFW-NB,27,1.0,1.0,0.028924271102440516,0.023467105923301236,0.00926125600000205,0.00018956299999217663
wine,real,HNB,27,1.0,1.0,0.005149981840347214,0.005080971484775265,0.0050198299999806295,0.0004651229999694806
wine,real,CFW-NB,28,0.8823529411764706,0.8916666666666666,0.27844331572883924,0.10649298717086725,0.0096089529999972,0.00020744199997579926
wine,real,HNB,28,1.0,1.0,0.0520494867175327,0.04431926123277339,0.005161871999973755,0.00038904299998421266
wine,real,CFW-NB,29,0.9411764705882353,0.9407407407407407,0.0627697727962236,0.04486974506155311,0.007401865000019825,0.00013987899995981934
wine,real,HNB,29,1.0,1.0,0.016656556514882268,0.015965222041063883,0.0036501169999496597,0.00026374300000497897
breast-cancer,real,CFW-NB,0,0.9649122807017544,0.9629870129870131,0.0883690057995642,0.03401444512323009,0.09638373499996078,0.0002880879999906938
breast-cancer,real,HNB,0,0.9473684210526315,0.9449275362318841,0.07189924163568986,0.02845195993823023,0.025119158999984847,0.011734719000003224
breast-cancer,real,CFW-NB,1,0.9122807017543859,0.9047778149014367,0.549954810623787,0.07433240278537756,0.09699160600001733,0.00031476499998461804
breast-cancer,real,HNB,1,0.9473684210526315,0.942866688940862,0.2652446908416676,0.050756724614076945,0.025993012000014915,0.011151294999990569
breast-cancer,real,CFW-NB,2,0.9824561403508771,0.9809555629802873,0.17345405875750938,0.029934751383347134,0.07360093799997003,0.0003234359999737535
breast-cancer,real,HNB,2,0.9473684210526315,0.9439895185063871,0.06498084649471463,0.037479305438830955,0.019398880000039753,0.008663656000010178
breast-cancer,real,CFW-NB,3,0.9473684210526315,0.9439895185063871,0.5460456155996564,0.04369940996532703,0.08293948799996542,0.00023959099996773148
breast-cancer,real,HNB,3,0.9824561403508771,0.9809555629802873,0.13749774940499782,0.025528141820416163,0.02534952999997131,0.010355661999994936
breast-cancer,real,CFW-NB,4,0.9649122807017544,0.9623015873015872,0.26470941080223503,0.035784346577769195,0.06726455099999384,0.00029829999999719803
breast-cancer,real,HNB,4,0.9824561403508771,0.981329839502129,0.09109130272781878,0.0283650786347048,0.013693408999984058,0.0023455770000282428
breast-cancer,real,CFW-NB,5,0.8245614035087719,0.8074324324324325,0.8596409767349247,0.15157484963929296,0.09828524400001015,0.00027378800001542913
breast-cancer,real,HNB,5,0.8596491228070176,0.8492063492063492,0.3669312588388673,0.1178539135943397,0.018354536999993343,0.002912486000013814
breast-cancer,real,CFW-NB,6,0.9298245614035088,0.9210526315789473,0.40523294585086755,0.06759948181274927,0.0953792290000024,0.0003691109999977016
breast-cancer,real,HNB,6,0.9122807017543859,0.9047778149014367,0.5558542423492274,0.08017239924911973,0.017889695999997457,0.0027443430000175795
breast-cancer,real,CFW-NB,7,0.9473684210526315,0.9415384615384615,0.24788120923822865,0.058169149054632566,0.10516526200001408,0.00036867799997253314
breast-cancer,real,HNB,7,1.0,1.0,0.010840360671974972,0.009781424487336446,0.026112979999993513,0.00372436300000345
breast-cancer,real,CFW-NB,8,0.9649122807017544,0.9614864864864865,0.08043661328940144,0.027474525122927883,0.06742095500004552,0.000274735999994391
breast-cancer,real,HNB,8,0.9824561403508771,0.9809555629802873,0.04779447089907016,0.017774751341652503,0.01366522400002168,0.0026530179999895154
breast-cancer,real,CFW-NB,9,0.9642857142857143,0.9619047619047618,0.4157570411523356,0.035136302293063304,0.06760646700001871,0.00032239699999081495
breast-cancer,real,HNB,9,1.0,1.0,0.015642020051521557,0.013605023333099327,0.013286590000006981,0.002128655000035451
breast-cancer,real,CFW-NB,10,0.9473684210526315,0.9439895185063871,0.15401776432916547,0.04747816626121941,0.09467401599999903,0.00042495599996072997
breast-cancer,real,HNB,10,0.9649122807017544,0.9623015873015872,0.10921175947568472,0.03650199158745365,0.018070410000007087,0.0025359029999663107
breast-cancer,real,CFW-NB,11,0.9649122807017544,0.9623015873015872,0.25458622557640603,0.03507226487076247,0.09013645199996745,0.00027372799996783215
breast-cancer,real,HNB,11,0.9824561403508771,0.981329839502129,0.25269264683673043,0.029909871603700296,0.01829731099996934,0.002551320999998552
breast-cancer,real,CFW-NB,12,0.9473684210526315,0.9415384615384615,0.153449478549826,0.05598021218086302,0.09573038600001382,0.0002886209999815037
breast-cancer,real,HNB,12,0.9649122807017544,0.9614864864864865,0.0765304035164987,0.03648007554327174,0.01828490600001942,0.0028504590000011376
breast-cancer,real,CFW-NB,13,0.9122807017543859,0.9066491975106452,0.5683318321099753,0.08550516385475865,0.06878801499999554,0.00027826100000538645
breast-cancer,real,HNB,13,0.9298245614035088,0.9246031746031746,0.14758093960956697,0.060415507154499254,0.017347644999972545,0.00258200799999031
breast-cancer,real,CFW-NB,14,0.9122807017543859,0.9047778149014367,0.7685047217120955,0.09734974609808704,0.09450456799999074,0.00041432400001895076
breast-cancer,real,HNB,14,0.9473684210526315,0.9439895185063871,0.183151786139024,0.05924328292969135,0.01906982899998866,0.002662712000017109
breast-cancer,real,CFW-NB,15,0.9122807017543859,0.9025641025641026,0.4082165154674711,0.05944002739222521,0.0901645270000131,0.0003087989999812635
breast-cancer,real,HNB,15,0.9122807017543859,0.9047778149014367,0.36737253485470045,0.07469063808534748,0.01700232100000676,0.005003638999994564
breast-cancer,real,CFW-NB,16,0.9649122807017544,0.9614864864864865,0.17334598771582332,0.03685073133954143,0.06665670699999282,0.00023696699997799442
breast-cancer,real,HNB,16,0.9473684210526315,0.942866688940862,0.2467434585590092,0.048568028564529214,0.013426262999985283,0.002182101999949282
breast-cancer,real,CFW-NB,17,0.9824561403508771,0.981329839502129,0.2729787000702158,0.018816534192193066,0.06742134000000988,0.0002577500000029431
breast-cancer,real,HNB,17,1.0,1.0,0.011906152247372147,0.008826986848414434,0.013629527000034614,0.002078606999987187
breast-cancer,real,CFW-NB,18,0.9298245614035088,0.9259740259740259,0.5235667924872544,0.06443838109036769,0.09225915600001144,0.0003605920000495644
breast-cancer,real,HNB,18,0.9649122807017544,0.9629870129870131,0.1258800232380467,0.031046241746762016,0.0178923590000295,0.002420251999978973
breast-cancer,real,CFW-NB,19,0.9285714285714286,0.9203413940256046,0.37454020100164154,0.062182044925889746,0.08886635900000783,0.0002921759999594542
breast-cancer,real,HNB,19,1.0,1.0,0.027590150137957438,0.02314881402732893,0.018642800000009174,0.0024578379999979916
breast-cancer,real,CFW-NB,20,0.9122807017543859,0.9066491975106452,0.33333392589695837,0.07502674622713307,0.09922142199997097,0.00031845600000224294
breast-cancer,real,HNB,20,0.9824561403508771,0.9816425120772947,0.07474030372563552,0.01720102022446715,0.018244783999989522,0.002671603999999661
breast-cancer,real,CFW-NB,21,0.9649122807017544,0.9629870129870131,0.4103561485704667,0.046655193506822866,0.09521038099995849,0.00035422700000253826
breast-cancer,real,HNB,21,0.9649122807017544,0.9629870129870131,0.22407465299272394,0.0414287588660569,0.017836224999996375,0.0026161810000076002
breast-cancer,real,CFW-NB,22,0.9122807017543859,0.9082125603864735,0.8967950115541261,0.08097510697866983,0.08998475800001415,0.00028641200003676204
breast-cancer,real,HNB,22,0.9298245614035088,0.9259740259740259,0.214997732499792,0.06807370930993253,0.01738403400003108,0.0026836190000381066
breast-cancer,real,CFW-NB,23,0.9649122807017544,0.9614864864864865,0.10814859641429472,0.03273833784138187,0.08866747100000794,0.00033027500001026056
breast-cancer,real,HNB,23,0.9649122807017544,0.9614864864864865,0.06722618533683856,0.03188837284215297,0.018971715999953176,0.003897472000005564
breast-cancer,real,CFW-NB,24,0.9122807017543859,0.9047778149014367,0.49437434493603644,0.0764377802703414,0.06707391099996585,0.0002542870000183939
breast-cancer,real,HNB,24,0.9298245614035088,0.9259740259740259,0.10726127701491905,0.0561350606678988,0.014569959000027666,0.002283363999993071
breast-cancer,real,CFW-NB,25,0.9649122807017544,0.9614864864864865,0.15368687136445838,0.03407386509576715,0.06773740299996689,0.0002803930000254695
breast-cancer,real,HNB,25,0.9824561403508771,0.9809555629802873,0.02671453113071902,0.017723509754615115,0.013464117999944847,0.0020984520000411067
breast-cancer,real,CFW-NB,26,0.9122807017543859,0.9025641025641026,0.2621025059980766,0.07562880693076794,0.0938563830000021,0.00039055700000290017
breast-cancer,real,HNB,26,0.9473684210526315,0.9415384615384615,0.11578489171811543,0.04174320000139211,0.018731893999984095,0.002911474000029557
breast-cancer,real,CFW-NB,27,0.9473684210526315,0.9415384615384615,0.4763713231300714,0.05692672183379924,0.06815184600003477,0.00031178099999351616
breast-cancer,real,HNB,27,0.9649122807017544,0.9623015873015872,0.3051749765716643,0.043004361652823134,0.013338691999990715,0.0022856530000012754
breast-cancer,real,CFW-NB,28,0.9122807017543859,0.9047778149014367,0.5407962500886285,0.08349125063923207,0.10716650699998809,0.0005779809999921781
breast-cancer,real,HNB,28,0.8947368421052632,0.8869047619047619,0.4427209165715619,0.09394037881722797,0.021724539999979697,0.0057431339999993725
breast-cancer,real,CFW-NB,29,0.9642857142857143,0.961111111111111,0.1847228671329087,0.03329371597843811,0.09455248899996604,0.00029950900000130787
breast-cancer,real,HNB,29,1.0,1.0,0.029660200553408927,0.023471547710780815,0.018357673000025443,0.002545186000020294
digits,real,CFW-NB,0,0.8555555555555555,0.856972171225926,1.677293403196305,0.14117345876898613,1.0650427049999962,0.0020363220000376714
digits,real,HNB,0,0.9611111111111111,0.9601013662933168,0.1428920164638008,0.030540894293257057,0.2811006059999954,0.6702815940000164
digits,real,CFW-NB,1,0.8388888888888889,0.8385267340495371,1.6576627472654293,0.1322956122282352,1.078646780999975,0.0018024249999939457
digits,real,HNB,1,0.9722222222222222,0.9721957251369016,0.09362490839393244,0.01897235350193855,0.3857445990000201,0.527813234000007
digits,real,CFW-NB,2,0.8111111111111111,0.8140491104800933,2.2900194404962626,0.163238932438022,0.8072884110000018,0.0014405050000050323
digits,real,HNB,2,0.95,0.9498283998283998,0.3679840464771108,0.03166283911944752,0.3478013120000014,0.6839349879999759
digits,real,CFW-NB,3,0.8222222222222222,0.821640796873355,2.0173502500751184,0.15504539503055564,1.0741409009999643,0.0017237870000030853
digits,real,HNB,3,0.95,0.9500374432882174,0.32463707107516104,0.043879941158619665,0.38030398000000787,0.4798651780000114
digits,real,CFW-NB,4,0.8666666666666667,0.8661521329143248,1.5476539579659276,0.11969483880301454,1.0201480819999915,0.0010456809999936922
digits,real,HNB,4,0.95,0.9495467169151379,0.17371891801494566,0.04574695345095763,0.4120364809999728,0.4236220999999887
digits,real,CFW-NB,5,0.8555555555555555,0.8529357461208251,1.2019059155759846,0.13613178697145675,1.009229858000026,0.0015546019999987948
digits,real,HNB,5,0.9722222222222222,0.97217924248884,0.205953517693936,0.0263367477265971,0.42449988900000335,0.402041716000042
digits,real,CFW-NB,6,0.8277777777777777,0.8282075465498364,2.1733376999279503,0.1518118878353748,0.9946077590000186,0.0020588170000337414
digits,real,HNB,6,0.9611111111111111,0.9613397563861961,0.17248361736695478,0.02377546904437155,0.33273496999998997,0.4988753590000101
digits,real,CFW-NB,7,0.8603351955307262,0.8570050039786882,1.6710602586953576,0.12538004120018556,1.045280637000019,0.001008553000019674
digits,real,HNB,7,0.9720670391061452,0.9719910452418192,0.10517525147624937,0.029793152274806417,0.35947935600000847,0.3905638280000403
digits,real,CFW-NB,8,0.7988826815642458,0.8007673981163708,1.826423103243775,0.17557028356020954,0.9053391319999946,0.0009420709999972132
digits,real,HNB,8,0.9553072625698324,0.9552041034678606,0.16221201020222895,0.029961350945706223,0.30254617200000666,0.08436310500002264
digits,real,CFW-NB,9,0.8156424581005587,0.8203545553118609,2.282504067851984,0.16242345374991446,0.936171397999999,0.0013566050000122232
digits,real,HNB,9,0.9273743016759777,0.9276242693889752,0.38617453514143657,0.05906839820186928,0.3026446200000237,0.07637318899998036
digits,real,CFW-NB,10,0.8166666666666667,0.8172078594424329,2.0764593518015917,0.16095469323175116,0.9630732910000006,0.0009646190000012211
digits,real,HNB,10,0.9611111111111111,0.9611880011880013,0.31493239989324595,0.037762204042541526,0.344172283999967,0.09422809300002655
digits,real,CFW-NB,11,0.8555555555555555,0.8583924584309857,1.4161238098146485,0.12844547296319142,0.9634687309999777,0.0009780130000081044
digits,real,HNB,11,0.9611111111111111,0.9596277438083091,0.18337137000494322,0.03606828486691023,0.31326573199999075,0.08532251299999416
digits,real,CFW-NB,12,0.8333333333333334,0.8307174065997597,2.2027851659788804,0.15376404327997995,0.9835268240000232,0.0009699350000005325
digits,real,HNB,12,0.9777777777777777,0.9772743331566861,0.08345772149755443,0.015731636074732054,0.293620911000005,0.36286410000002434
digits,real,CFW-NB,13,0.8166666666666667,0.8142602895054101,2.0188970839738474,0.17250675545120164,0.9668924339999876,0.0010473350000097525
digits,real,HNB,13,0.9777777777777777,0.9777390880486856,0.12748514083805593,0.029880586017452075,0.31727871700002197,0.3443580089999614
digits,real,CFW-NB,14,0.8388888888888889,0.8449332076996143,1.6575724623602615,0.12876703693229818,0.998362611999994,0.0010250009999595022
digits,real,HNB,14,0.9722222222222222,0.97217924248884,0.08156891064674814,0.024353288344320566,0.327810817999989,0.2607856589999642
digits,real,CFW-NB,15,0.8,0.8056709919138761,2.2956227000866507,0.1893990331242319,0.9916934789999914,0.000804624999943826
digits,real,HNB,15,0.9611111111111111,0.96116503704739,0.0977759962984888,0.03037175370924726,0.32621406499998784,0.22499198900004558
digits,real,CFW-NB,16,0.8611111111111112,0.8598780159561145,1.8072402521621949,0.12259350161468584,1.0154608980000148,0.0008679499999857399
digits,real,HNB,16,0.9277777777777778,0.9289167818579583,0.4100664148013267,0.049919020331564354,0.3652232050000066,0.43699649699999554
digits,real,CFW-NB,17,0.88268156424581,0.8853648968426586,1.715634412356792,0.10412105117828772,1.126349690999973,0.0010336089999896103
digits,real,HNB,17,0.9553072625698324,0.9550018711938216,0.38576167487018576,0.03571273903560741,0.32916622699997333,0.3292068530000165
digits,real,CFW-NB,18,0.888268156424581,0.8882135485503302,1.4766941560470805,0.09745356410769454,1.0727075719999561,0.00313446100000192
digits,real,HNB,18,0.9553072625698324,0.9559886518710048,0.21161609224991576,0.036156400993785906,0.3623901380000234,0.27191700200000923
digits,real,CFW-NB,19,0.8435754189944135,0.8467891645099384,1.4973175980127924,0.12744887043630862,0.9306290530000183,0.0009485639999979867
digits,real,HNB,19,0.9553072625698324,0.9550561906883688,0.16572926409967234,0.037289552605891306,0.39355842200001234,0.33334524200000715
digits,real,CFW-NB,20,0.8388888888888889,0.8366697005414432,1.4550387551573358,0.1407197831208752,1.104694540999958,0.0009006100000306105
digits,real,HNB,20,0.9611111111111111,0.9611952733276263,0.20808135781299808,0.027755217380868016,0.3944799810000177,0.4609896400000366
digits,real,CFW-NB,21,0.8333333333333334,0.8407773930686643,1.962470324020425,0.15208991166974456,1.100385378999988,0.000879753000049277
digits,real,HNB,21,0.9777777777777777,0.977090987090987,0.07791354514120942,0.017857732873221926,0.3099556550000102,0.5238318240000126
digits,real,CFW-NB,22,0.8444444444444444,0.8437900656995833,1.7542631081794162,0.13560624984734237,1.087393120999991,0.0008863439999799994
digits,real,HNB,22,0.9666666666666667,0.9667291267291269,0.26081940770492107,0.033742638393945285,0.3967741309999724,0.44621181400003707
digits,real,CFW-NB,23,0.8666666666666667,0.8650675912039988,1.2961711670750558,0.12238746437105308,1.0744405550000238,0.0008556330000146772
digits,real,HNB,23,0.9611111111111111,0.9609143338555104,0.2271314544338024,0.03174287044537219,0.3909946279999872,0.377929843000004
digits,real,CFW-NB,24,0.8388888888888889,0.8397240136505022,1.778426440988384,0.146385618274183,1.0064127320000011,0.0009432649999894238
digits,real,HNB,24,0.9611111111111111,0.9610148868972399,0.1865578673449733,0.029823852660474076,0.3623200240000415,0.08277212500001951
digits,real,CFW-NB,25,0.8222222222222222,0.8256079807289485,2.3072093024871365,0.17633626329762264,0.9131775920000109,0.0010934459999702995
digits,real,HNB,25,0.9611111111111111,0.9615027765492161,0.22671655754992123,0.027756911078551726,0.31126527499998247,0.11186227800004644
digits,real,CFW-NB,26,0.8444444444444444,0.8454782245213499,1.9942884884717333,0.13724708684178377,0.9912434489999669,0.0009466770000017277
digits,real,HNB,26,0.9666666666666667,0.9666014798522538,0.30283292256696565,0.03488974921461887,0.2955105579999895,0.07581255299999157
digits,real,CFW-NB,27,0.8659217877094972,0.8683130579157329,1.5578049501526745,0.1202945134621905,0.9880752199999847,0.0010443730000133655
digits,real,HNB,27,0.9664804469273743,0.9666801672466503,0.12213130429717142,0.03082490544265934,0.37375327500001276,0.08536617200002183
digits,real,CFW-NB,28,0.8603351955307262,0.8579117071013537,1.4020430395232957,0.12326660963069815,0.9933462569999847,0.0015804339999476724
digits,real,HNB,28,0.9553072625698324,0.9553386127070338,0.1711880033638475,0.03412204560727759,0.2987110830000006,0.2412338700000305
digits,real,CFW-NB,29,0.7988826815642458,0.7970311961540785,2.8848216921735865,0.18066253332529192,0.9180280799999991,0.0009469980000176292
digits,real,HNB,29,0.9441340782122905,0.9445994508494507,0.2941223089568819,0.04375558851071176,0.318974795000031,0.23646482200001628
heart-cleveland,real,CFW-NB,0,0.9354838709677419,0.9348739495798319,0.18745236606251192,0.08895842430414017,0.01337616899996874,0.00024844899996878667
heart-cleveland,real,HNB,0,0.9032258064516129,0.9028213166144201,0.20080620668747773,0.12664612394124913,0.003543266000008316,0.0004593979999754083
heart-cleveland,real,CFW-NB,1,0.8387096774193549,0.8359788359788359,0.3917492285164775,0.1544929079451505,0.014228628000012122,0.00027303199999551
heart-cleveland,real,HNB,1,0.8709677419354839,0.8708333333333333,0.29510536428053824,0.08249410243941391,0.003893971000024976,0.0008394989999942482
heart-cleveland,real,CFW-NB,2,0.7741935483870968,0.7732497387669801,0.6314428910979366,0.18360016684305766,0.010187726999959068,0.00022072199999456643
heart-cleveland,real,HNB,2,0.6451612903225806,0.6451612903225806,0.6903407518026595,0.24856354415695936,0.0027957100000435275,0.000424049000002924
heart-cleveland,real,CFW-NB,3,0.8,0.7916666666666667,0.6431824395486394,0.14743806848907998,0.00935601300000144,0.00022572699998590906
heart-cleveland,real,HNB,3,0.7666666666666667,0.7532314923619272,0.5311002068909475,0.14216692614517398,0.0028701130000285957,0.0003857740000512422
heart-cleveland,real,CFW-NB,4,0.8666666666666667,0.8642533936651584,0.29617344455410677,0.11062234596935701,0.0111752110000225,0.000208538000038061
heart-cleveland,real,HNB,4,0.8666666666666667,0.8642533936651584,0.315709486353362,0.10767202086320861,0.0032409949999987475,0.00041492600001902247
heart-cleveland,real,CFW-NB,5,0.8333333333333334,0.8237367802585194,0.40805819594757675,0.1665276722313431,0.008514854999987165,0.00014252500000111468
heart-cleveland,real,HNB,5,0.8,0.784688995215311,0.4034033383497014,0.10683042369848493,0.002518269999995937,0.00032650600002170904
heart-cleveland,real,CFW-NB,6,0.9,0.899888765294772,0.25357454484818936,0.0963439017993414,0.010780344000011155,0.00017035799999121082
heart-cleveland,real,HNB,6,0.8666666666666667,0.8660714285714286,0.27111221351283865,0.14246166643052274,0.0033031880000180536,0.000379177000013442
heart-cleveland,real,CFW-NB,7,0.8333333333333334,0.8316498316498316,0.45297528701422274,0.1376353612328906,0.008767500000033124,0.0001533270000209086
heart-cleveland,real,HNB,7,0.8666666666666667,0.8666666666666667,0.35337763916623444,0.11318169152643509,0.0031097589999831143,0.0004486359999873457
heart-cleveland,real,CFW-NB,8,0.7,0.696969696969697,0.7780713571700211,0.2047189442356674,0.01189109400002053,0.00019833599998264617
heart-cleveland,real,HNB,8,0.7,0.696969696969697,0.7624136354046087,0.19692882499370373,0.003266730000007101,0.00040870399999448637
heart-cleveland,real,CFW-NB,9,0.8333333333333334,0.8316498316498316,0.384001887267584,0.16019327087387933,0.01070906100000002,0.000171690000001945
heart-cleveland,real,HNB,9,0.8666666666666667,0.8642533936651584,0.5289414638085297,0.12859461806384984,0.0031390710000209765,0.0003881480000131887
heart-cleveland,real,CFW-NB,10,0.8387096774193549,0.8324324324324325,0.3530786429756085,0.0721942545369564,0.008633094999993318,0.0001519209999969462
heart-cleveland,real,HNB,10,0.8387096774193549,0.8324324324324325,0.2984131365431387,0.14743547569990506,0.0028402410000012424,0.00037668600003826214
heart-cleveland,real,CFW-NB,11,0.9354838709677419,0.9348739495798319,0.34385875385427633,0.1455092954424856,0.008584885999994185,0.00015383099997734462
heart-cleveland,real,HNB,11,0.7741935483870968,0.758082497212932,0.6011207851781131,0.1595591243331534,0.002576435999969817,0.00035071199999947567
heart-cleveland,real,CFW-NB,12,0.8387096774193549,0.8324324324324325,0.3831812294413616,0.12456902875918177,0.012736691999975847,0.00020107400001734277
heart-cleveland,real,HNB,12,0.8064516129032258,0.8012820512820513,0.3580800364267699,0.11095374707865997,0.004211211000040294,0.0005135409999752483
heart-cleveland,real,CFW-NB,13,0.8333333333333334,0.8285714285714285,0.5066375543962253,0.14808028215477387,0.012865572000009706,0.00022330600000941558
heart-cleveland,real,HNB,13,0.7666666666666667,0.7664071190211346,0.5101619444665382,0.18449980715369138,0.003826064000008955,0.0006665120000093339
heart-cleveland,real,CFW-NB,14,0.8333333333333334,0.8285714285714285,0.45769239675441803,0.12314400738361801,0.011319630999992114,0.00020627999998623636
heart-cleveland,real,HNB,14,0.8,0.7916666666666667,0.35152520912151825,0.14281888559386513,0.0033861190000266106,0.00042150999996692917
heart-cleveland,real,CFW-NB,15,0.8333333333333334,0.8316498316498316,0.4332013993232273,0.08771695257888681,0.011149243000033948,0.0002039350000018203
heart-cleveland,real,HNB,15,0.8333333333333334,0.8316498316498316,0.592793294129987,0.1872472291205576,0.0035654859999567634,0.0004731450000008408
heart-cleveland,real,CFW-NB,16,0.8,0.7916666666666667,0.5659792280822932,0.15276405211735478,0.009170615000016369,0.00016340700000228026
heart-cleveland,real,HNB,16,0.7,0.6827262044653349,0.5541419138881343,0.1841328256600865,0.0026523920000158796,0.0003486059999886493
heart-cleveland,real,CFW-NB,17,0.8333333333333334,0.8331479421579533,0.46216472521741087,0.12996115291272495,0.008758129999989706,0.00017264199999544871
heart-cleveland,real,HNB,17,0.8333333333333334,0.8331479421579533,0.378329584904625,0.12927841033226958,0.002620648999993591,0.0003524219999917477
heart-cleveland,real,CFW-NB,18,0.8333333333333334,0.8331479421579533,0.5580358311707394,0.14228225483824347,0.010968828999978086,0.00019060299996453978
heart-cleveland,real,HNB,18,0.8666666666666667,0.8660714285714286,0.43454629380660587,0.1324717452755088,0.003193490999990445,0.00038872900000797017
heart-cleveland,real,CFW-NB,19,0.9,0.899888765294772,0.24396471684627632,0.0615040731293133,0.010952680000002601,0.00018675299997994443
heart-cleveland,real,HNB,19,0.9,0.899888765294772,0.13742353665112386,0.07566574584755402,0.003320892000033382,0.0004056139999875086
heart-cleveland,real,CFW-NB,20,0.7741935483870968,0.7654054054054054,0.6024347954697113,0.17103191959644715,0.011924012000008588,0.00017919800001209296
heart-cleveland,real,HNB,20,0.8064516129032258,0.8012820512820513,0.6362987140107398,0.17465345550840278,0.0032699879999995574,0.00038141699997140677
heart-cleveland,real,CFW-NB,21,0.8064516129032258,0.8046218487394958,0.5053052401433906,0.16508182737884267,0.01127503599997226,0.00017350699999951757
heart-cleveland,real,HNB,21,0.7741935483870968,0.7732497387669801,0.438371087817952,0.1488701384721127,0.0037497149999694557,0.0004470760000003793
heart-cleveland,real,CFW-NB,22,0.9032258064516129,0.9028213166144201,0.3065072763869314,0.13109904458637395,0.011548183000002155,0.0001919759999964299
heart-cleveland,real,HNB,22,0.9032258064516129,0.9028213166144201,0.2715351256398642,0.11412327958191187,0.004411457000003338,0.0004390999999941414
heart-cleveland,real,CFW-NB,23,0.8666666666666667,0.8564593301435407,0.32498568741510275,0.05935858552930523,0.0113771750000069,0.00018910900001856135
heart-cleveland,real,HNB,23,0.7666666666666667,0.76,0.39832042735916695,0.11021460607388617,0.003576054000006934,0.000435521999975208
heart-cleveland,real,CFW-NB,24,0.8666666666666667,0.8666666666666667,0.5153665687927973,0.1686153865610905,0.00922414500001878,0.00015933800000311749
heart-cleveland,real,HNB,24,0.8333333333333334,0.8331479421579533,0.4545657355086323,0.124014891506067,0.006278612000016892,0.0007906690000254457
heart-cleveland,real,CFW-NB,25,0.8,0.7963800904977376,0.3584957156870438,0.09547160130318745,0.01097813300003736,0.00016924699997389325
heart-cleveland,real,HNB,25,0.8,0.7916666666666667,0.3907034752566829,0.11099211217763148,0.0032426619999910145,0.0004455099999631784
heart-cleveland,real,CFW-NB,26,0.8333333333333334,0.8285714285714285,0.5567748914823583,0.21451265708947398,0.012314972000012858,0.00019135499996991712
heart-cleveland,real,HNB,26,0.7333333333333333,0.7222222222222222,0.5311001516918261,0.20708134908167616,0.003381020000006174,0.0003987310000184152
heart-cleveland,real,CFW-NB,27,0.8333333333333334,0.8331479421579533,0.43538314959171853,0.14147175517800972,0.01616927200001328,0.0002930539999965731
heart-cleveland,real,HNB,27,0.8,0.7991071428571428,0.44182639443892746,0.13585064008003805,0.006078016999992997,0.0004048100000204613
heart-cleveland,real,CFW-NB,28,0.9,0.899888765294772,0.26671825780776803,0.13237031965272594,0.013206986000000143,0.00028835199998411554
heart-cleveland,real,HNB,28,0.8333333333333334,0.8331479421579533,0.3083201969340819,0.10310760880001243,0.004102973999977166,0.0007033679999608466
heart-cleveland,real,CFW-NB,29,0.8666666666666667,0.8642533936651584,0.44721807454535634,0.11952232385212044,0.010693852999963838,0.00016446600000108447
heart-cleveland,real,HNB,29,0.7666666666666667,0.7664071190211346,0.34211084070531067,0.15944654866783914,0.003181770999958644,0.00040093399996976586
hepatitis,real,CFW-NB,0,0.6875,0.6135265700483092,1.770408156351072,0.3594415792901791,0.01977257099997587,0.00020394300003090393
hepatitis,real,HNB,0,0.75,0.5897435897435898,0.7416606838320339,0.16514504662931517,0.006417924000004405,0.00046662199997626885
hepatitis,real,CFW-NB,1,0.75,0.6666666666666667,0.9934511014606133,0.22100903464838767,0.015490282999962801,0.00018504399997709697
hepatitis,real,HNB,1,0.875,0.7948717948717949,0.26965952797650317,0.1205533610159151,0.0060391080000385955,0.0005119219999869529
hepatitis,real,CFW-NB,2,0.5625,0.5465587044534412,1.4163339632408354,0.3717865192629859,0.01918656100002636,0.00023103500001298016
hepatitis,real,HNB,2,0.875,0.8333333333333333,0.4813290488041171,0.14040434622056558,0.007976670000005015,0.0007016960000214567
hepatitis,real,CFW-NB,3,0.75,0.7090909090909091,0.9170248024540995,0.24596565544390786,0.012082138999971903,0.0001531500000169217
hepatitis,real,HNB,3,0.75,0.42857142857142855,0.6152256280129541,0.2046609609417898,0.004631061999987196,0.0003566370000385177
hepatitis,real,CFW-NB,4,0.875,0.8545454545454545,0.5666936376785834,0.18161107033255416,0.015563078000013775,0.00018282700000327168
hepatitis,real,HNB,4,0.8125,0.7257142857142858,0.5953423001732953,0.1820757916597649,0.0059759670000403275,0.00042959199998904296
hepatitis,real,CFW-NB,5,0.8666666666666667,0.8295454545454546,0.680176700920953,0.16477858187551142,0.011666159000014886,0.0001901800000041476
hepatitis,real,HNB,5,0.8,0.7204968944099379,0.2979179457772647,0.16845704892188973,0.004608169000050566,0.0003557969999974375
hepatitis,real,CFW-NB,6,0.8666666666666667,0.8295454545454546,0.555330804161209,0.1397017553776549,0.015930962000027193,0.00018268999997417268
hepatitis,real,HNB,6,0.8,0.64,0.3885048233761347,0.1391898982921146,0.0059671449999996184,0.00042201500002647663
hepatitis,real,CFW-NB,7,0.8666666666666667,0.7916666666666666,0.7284437863157877,0.19269150572638974,0.01734978299998602,0.0002649850000011611
hepatitis,real,HNB,7,0.9333333333333333,0.88,0.48945106886018797,0.11062204421981106,0.0074671980000289295,0.0005037699999661527
hepatitis,real,CFW-NB,8,0.6666666666666666,0.6031746031746031,1.1422068300060622,0.31143987602416445,0.012755148999985977,0.00018081799998981296
hepatitis,real,HNB,8,0.8666666666666667,0.7916666666666666,0.23102149769292143,0.10173885809585488,0.004877679000003354,0.000380855999992491
hepatitis,real,CFW-NB,9,0.7333333333333333,0.7,0.3584686982139658,0.18224727091305162,0.018347418000018934,0.00033881800004564866
hepatitis,real,HNB,9,1.0,1.0,0.051271554749608955,0.04438918069842107,0.006562855000026957,0.0005209419999800957
hepatitis,real,CFW-NB,10,0.6875,0.6135265700483092,1.7156063253975398,0.361061069753024,0.015086561000032361,0.00017550299997992624
hepatitis,real,HNB,10,0.75,0.42857142857142855,0.6056627645788315,0.22191348126714777,0.006184061999988444,0.0004749260000380673
hepatitis,real,CFW-NB,11,0.625,0.5636363636363637,0.9889616751734345,0.30702433019044695,0.015794733999996424,0.0002026720000003479
hepatitis,real,HNB,11,0.875,0.7948717948717949,0.42575184223109463,0.16537939920413414,0.005978867000010268,0.0004967780000129096
hepatitis,real,CFW-NB,12,0.8125,0.7681159420289855,0.24503586099632357,0.13053773744663405,0.016672127999981967,0.00019070700000156648
hepatitis,real,HNB,12,1.0,1.0,0.03533452351132328,0.032448660063437815,0.006516659999988406,0.0005121560000134195
hepatitis,real,CFW-NB,13,0.75,0.7090909090909091,1.616717955447414,0.26178657028771274,0.018996745000038118,0.00019329100001641564
hepatitis,real,HNB,13,0.6875,0.6135265700483092,0.8718358424734202,0.27787781512729,0.007805247000021609,0.00048224099998606107
hepatitis,real,CFW-NB,14,0.875,0.8545454545454545,0.2224358091595937,0.11537457404230368,0.016994055999987268,0.00023440100000016173
hepatitis,real,HNB,14,0.9375,0.9085714285714286,0.12473834942397823,0.07277867603009779,0.007501819000026444,0.0006755190000262701
hepatitis,real,CFW-NB,15,0.6666666666666666,0.6411483253588517,1.1948241532908985,0.2686178291682414,0.017072358999996595,0.00020824099999572354
hepatitis,real,HNB,15,0.7333333333333333,0.5833333333333334,0.5613381419275683,0.1927362107706533,0.005920370000012554,0.0005539609999800632
hepatitis,real,CFW-NB,16,0.7333333333333333,0.6590909090909092,0.9220534671256716,0.3287852464299591,0.016908092999983637,0.00025997300002700285
hepatitis,real,HNB,16,0.6666666666666666,0.4,1.1987062089052036,0.2739901811182414,0.009716435000029833,0.0007940939999571128
hepatitis,real,CFW-NB,17,0.6666666666666666,0.6031746031746031,0.7225708411727715,0.21876518642455445,0.022066832999996677,0.00021469199998591648
hepatitis,real,HNB,17,1.0,1.0,0.053283113006641035,0.04654631550703871,0.006237631999965743,0.0005394840000008116
hepatitis,real,CFW-NB,18,0.8666666666666667,0.8295454545454546,0.7059927461121408,0.17857199697365975,0.01583167199999025,0.0001879419999681886
hepatitis,real,HNB,18,0.8666666666666667,0.7916666666666666,0.3235605972077425,0.08612342063315219,0.0059944490000134465,0.00040757099998245394
hepatitis,real,CFW-NB,19,0.8,0.7619047619047619,0.9148876851050118,0.20558619072070505,0.015792783999984294,0.00018038199999637072
hepatitis,real,HNB,19,0.8666666666666667,0.8295454545454546,0.3279522074999967,0.15349704324619554,0.005768623999983902,0.0004133979999778603
hepatitis,real,CFW-NB,20,0.9375,0.9085714285714286,0.4505517345518828,0.146290402196269,0.016047833000016,0.0002056220000099529
hepatitis,real,HNB,20,0.875,0.7948717948717949,0.20063375204762812,0.1235515283605759,0.00592319600002611,0.0004424420000077589
hepatitis,real,CFW-NB,21,0.6875,0.6135265700483092,1.3241678442109315,0.3079443788130575,0.015433385999983784,0.00019691500000362794
hepatitis,real,HNB,21,0.8125,0.7257142857142858,0.5559159904046017,0.20052993521221255,0.006044500000029984,0.0005023219999884532
hepatitis,real,CFW-NB,22,0.8125,0.7681159420289855,0.3196296187232601,0.11178532144188891,0.016516299999977946,0.0002022819999751846
hepatitis,real,HNB,22,0.8125,0.4482758620689655,0.6196823638677224,0.18523511641675833,0.00621638300003724,0.0004721009999570924
hepatitis,real,CFW-NB,23,0.8125,0.7922077922077921,0.5679052902593001,0.215496280526154,0.01615102300002036,0.00022858199997699558
hepatitis,real,HNB,23,0.8125,0.7681159420289855,0.353048577492874,0.14492515876324513,0.006685216999983368,0.0004907520000188015
hepatitis,real,CFW-NB,24,0.8125,0.7922077922077921,0.6232834111856286,0.11564562766796918,0.014960517999952572,0.00018261499997151986
hepatitis,real,HNB,24,0.875,0.8333333333333333,0.1297061281035753,0.09909633559073708,0.007510617000036746,0.0005610919999980979
hepatitis,real,CFW-NB,25,0.5333333333333333,0.4444444444444444,1.6258348896609263,0.4102790671672393,0.01577482099997951,0.0001964479999969626
hepatitis,real,HNB,25,0.8666666666666667,0.7916666666666666,0.8113743689119145,0.18600085451580944,0.006077554000000873,0.00045409300003029784
hepatitis,real,CFW-NB,26,0.8,0.7619047619047619,0.2946435869547622,0.11333927691394481,0.015565084000002116,0.0002137469999752284
hepatitis,real,HNB,26,0.9333333333333333,0.88,0.2609679962563922,0.07775341446490211,0.009098399999970752,0.0007093300000065028
hepatitis,real,CFW-NB,27,0.6666666666666666,0.6031746031746031,1.4202178678589683,0.3200914641644223,0.017150471999968886,0.00019878900002368027
hepatitis,real,HNB,27,0.8666666666666667,0.7916666666666666,0.6716717468826469,0.16473962123187383,0.006211381000014171,0.0005297820000009779
hepatitis,real,CFW-NB,28,0.6666666666666666,0.6031746031746031,2.003724124584986,0.32701804431799664,0.016252706999978273,0.00019286799999918003
hepatitis,real,HNB,28,0.6666666666666666,0.5341614906832298,0.6044303523867737,0.2464592219784343,0.006546564999950988,0.0004584810000096695
hepatitis,real,CFW-NB,29,0.8,0.7619047619047619,0.5643325005226261,0.17243473292937553,0.01624965399997791,0.00021242600001869505
hepatitis,real,HNB,29,0.9333333333333333,0.9068322981366459,0.06679399423127329,0.05020502039489479,0.0059358600000223305,0.0004355469999950401
dermatology,real,CFW-NB,0,0.8108108108108109,0.7893518518518517,4.60287444503579,0.18918912285637912,0.0792247610000345,0.0003022600000122111
dermatology,real,HNB,0,0.9459459459459459,0.9444444444444445,0.08877494270540369,0.04297863733096326,0.058869668999989244,0.002753073000008044
dermatology,real,CFW-NB,1,0.8378378378378378,0.7708333333333334,2.357133011033486,0.16144866576063455,0.08012682000003224,0.0003850880000300094
dermatology,real,HNB,1,0.972972972972973,0.9696969696969697,0.11182564255501487,0.0410304835214996,0.05251154400002633,0.003193315999965307
dermatology,real,CFW-NB,2,0.8648648648648649,0.7999999999999999,2.02905413498604,0.13512592216079955,0.0784982910000167,0.00039343500003496956
dermatology,real,HNB,2,1.0,1.0,0.014416764903357415,0.013015705600800606,0.05116653899995072,0.0034850249999749394
dermatology,real,CFW-NB,3,0.918918918918919,0.905982905982906,1.7305924079678998,0.08802016573139605,0.08385509400000046,0.000310028000001239
dermatology,real,HNB,3,0.972972972972973,0.9696969696969697,0.07025587037551931,0.03363683127438652,0.050759388999949806,0.0026799880000112353
dermatology,real,CFW-NB,4,0.918918918918919,0.910566448801743,1.777688212556287,0.0810810799170878,0.07841529199998831,0.0003927870000097755
dermatology,real,HNB,4,1.0,1.0,0.004361438672407206,0.00420781930075703,0.05644177699997499,0.0028810140000246065
dermatology,real,CFW-NB,5,0.918918918918919,0.8737373737373738,1.77915212227854,0.08106663527215385,0.0907637990000012,0.00035609299999350696
dermatology,real,HNB,5,0.972972972972973,0.9696969696969697,0.06577936440917184,0.04705902481372731,0.051767228000016985,0.0037710220000235495
dermatology,real,CFW-NB,6,0.8333333333333334,0.7612535612535614,3.9564955361682355,0.16628166028536007,0.08030036700000664,0.00044467899999744986
dermatology,real,HNB,6,1.0,1.0,0.005795230259515856,0.00566912660209562,0.05044900199999347,0.002490481999984695
dermatology,real,CFW-NB,7,0.8611111111111112,0.8181818181818182,2.311731340802137,0.1331209245532597,0.0805055850000258,0.0004209519999562872
dermatology,real,HNB,7,1.0,1.0,0.0015084815745299409,0.0014932334166483097,0.04819524800001318,0.002546698000003289
dermatology,real,CFW-NB,8,0.8888888888888888,0.8630536130536131,1.7114406974697525,0.11087764388058285,0.10183492800001659,0.001118335000001025
dermatology,real,HNB,8,0.9722222222222222,0.9696969696969697,0.03992583031638283,0.023838513195080954,0.05539030299996739,0.0028896780000309263
dermatology,real,CFW-NB,9,0.8888888888888888,0.8690476190476191,1.8902700214208166,0.11111105210707617,0.08268015699997022,0.0003749950000155877
dermatology,real,HNB,9,1.0,1.0,0.011933465389198171,0.011072269230960675,0.04927684199998339,0.002900764999992589
dermatology,real,CFW-NB,10,0.8378378378378378,0.8125,3.0744717307167675,0.1621620568908052,0.10005718600001501,0.0003991809999774887
dermatology,real,HNB,10,0.9459459459459459,0.9444444444444445,0.1726717772161412,0.0575220826544149,0.05602637599997706,0.0027630189999854338
dermatology,real,CFW-NB,11,0.8378378378378378,0.7708333333333334,3.1350838146571096,0.16216214587250788,0.07851733500001501,0.00032397900002933966
dermatology,real,HNB,11,1.0,1.0,0.011001314773166708,0.010230474007432797,0.049807632000010926,0.0027896539999687775
dermatology,real,CFW-NB,12,0.8648648648648649,0.8266666666666665,3.1074635470063425,0.13482014986551472,0.1240194629999678,0.00045897900002955794
dermatology,real,HNB,12,1.0,1.0,0.017207365609746113,0.01611354248087376,0.05110035500001686,0.0025235610000322595
dermatology,real,CFW-NB,13,0.8918918918918919,0.8690476190476191,2.0888915041020972,0.10777076051509116,0.07493993500003171,0.0002899050000451098
dermatology,real,HNB,13,1.0,1.0,0.0030627725618140185,0.002950955836972598,0.04990214500003276,0.004075786999976572
dermatology,real,CFW-NB,14,0.9459459459459459,0.9181818181818181,1.0807170106637924,0.05329606469434234,0.10903049799998143,0.0011595159999728821
dermatology,real,HNB,14,0.972972972972973,0.9696969696969697,0.05891042005377679,0.02727033832047795,0.0538867879999998,0.0038352029999941806
dermatology,real,CFW-NB,15,0.918918918918919,0.8833333333333333,1.7841061590710454,0.08108077154046489,0.07760893500000066,0.0003378800000177762
dermatology,real,HNB,15,1.0,1.0,0.024770026242673857,0.020562338640607376,0.053096656000036546,0.004339692999963063
dermatology,real,CFW-NB,16,0.8611111111111112,0.7962962962962963,2.7213941129709744,0.13857708746898978,0.07673281699999279,0.00032074000000648084
dermatology,real,HNB,16,0.9444444444444444,0.9305555555555557,0.11456588656403631,0.0555614181492886,0.04780947100005051,0.002634547000013754
dermatology,real,CFW-NB,17,0.8888888888888888,0.8690476190476191,2.407141087646087,0.11111111022147946,0.0832689640000126,0.0002736169999479898
dermatology,real,HNB,17,0.9722222222222222,0.9696969696969697,0.03485948510106477,0.022095183967309223,0.04783932999998797,0.0026582809999808887
dermatology,real,CFW-NB,18,0.8333333333333334,0.8009259259259259,3.490474909938113,0.1666666476487929,0.0810270470000205,0.00038098300001365715
dermatology,real,HNB,18,1.0,1.0,0.007713012995955944,0.007524153466479373,0.049859076000018376,0.0047096420000229955
dermatology,real,CFW-NB,19,0.8888888888888888,0.8393162393162394,2.4326330281286066,0.11000841728116884,0.07992395899998428,0.0002892429999974411
dermatology,real,HNB,19,1.0,1.0,0.016046438685666044,0.014225917620411012,0.05337247999995043,0.0028397479999853203
dermatology,real,CFW-NB,20,0.918918918918919,0.8934343434343434,1.6140177722052083,0.08106448747806905,0.07398159599995324,0.0003140780000308041
dermatology,real,HNB,20,0.972972972972973,0.9720279720279721,0.056516428858529255,0.034336849130987286,0.04816641200000049,0.002539576999993187
dermatology,real,CFW-NB,21,0.8378378378378378,0.7444444444444445,3.4008351897194204,0.16216209205882792,0.07678289300002916,0.00028076500001361637
dermatology,real,HNB,21,0.972972972972973,0.9696969696969697,0.05145214435393798,0.03144047659503199,0.04909989999998743,0.002449413000022105
dermatology,real,CFW-NB,22,0.8918918918918919,0.8393162393162394,1.9857076160934124,0.11671398642663829,0.0811343240000042,0.00035857300002817283
dermatology,real,HNB,22,1.0,1.0,0.0033356267007209825,0.003275701320404223,0.05375806200004263,0.0031428789999949913
dermatology,real,CFW-NB,23,0.8918918918918919,0.8690476190476191,2.206978373979265,0.10810810522492276,0.09160904399999481,0.0003441920000000209
dermatology,real,HNB,23,0.972972972972973,0.9696969696969697,0.1077351800244363,0.034873114273826465,0.05486706600004254,0.00335876899998766
dermatology,real,CFW-NB,24,0.8918918918918919,0.8630536130536131,1.5438218129130687,0.10752571600575367,0.07666194300003326,0.00028814600000259816
dermatology,real,HNB,24,0.972972972972973,0.9696969696969697,0.058870592451436554,0.02468332149542124,0.05084394799996517,0.002757872000017869
dermatology,real,CFW-NB,25,0.8378378378378378,0.8042929292929294,3.738570805606776,0.16216212996560686,0.07432800800000905,0.00034828799999786497
dermatology,real,HNB,25,1.0,1.0,0.02050598284016226,0.017978464416969722,0.05022309700001415,0.0025962779999986196
dermatology,real,CFW-NB,26,0.8333333333333334,0.7905871905871905,2.5841635812227417,0.16666618251981902,0.08229286300002059,0.000303498999983276
dermatology,real,HNB,26,1.0,1.0,0.003865155932425193,0.0037377059511264597,0.05042471299998397,0.004331121000006988
dermatology,real,CFW-NB,27,0.8611111111111112,0.8414529914529915,3.647238594634599,0.13888888886248918,0.07905333399997971,0.00031704999997828054
dermatology,real,HNB,27,1.0,1.0,0.014075527402747515,0.013119381336078359,0.05465760399999908,0.0028341639999780455
dermatology,real,CFW-NB,28,0.8888888888888888,0.8630536130536131,1.8947824932341675,0.1169833557867862,0.07691972300000316,0.0002935800000045674
dermatology,real,HNB,28,0.9722222222222222,0.9696969696969697,0.06198625693244978,0.03797163644553016,0.048357275000000755,0.003292322999982389
dermatology,real,CFW-NB,29,0.8888888888888888,0.8448717948717949,1.604409586986118,0.11104195705707931,0.08221776999999975,0.0002998080000224945
dermatology,real,HNB,29,1.0,1.0,0.030709279323117566,0.02476481242573681,0.04953184800001509,0.0029020449999848097
hypothyroid,real,CFW-NB,0,0.25236593059936907,0.2332914919021523,6.553405288811486,0.7419301055713543,0.26352365199994665,0.0005352479999487514
hypothyroid,real,HNB,0,0.9621451104100947,0.7900662251655629,0.0844987651971391,0.022872332914283814,0.018242864999990616,0.0060234980000473115
hypothyroid,real,CFW-NB,1,0.24605678233438485,0.22682137790976536,5.828450328509981,0.7332221022468044,0.23320155800001885,0.0004756459999839535
hypothyroid,real,HNB,1,0.9684542586750788,0.7834699453551912,0.060167354239002435,0.021798770883444597,0.013313695000022108,0.00567435700003216
hypothyroid,real,CFW-NB,2,0.24605678233438485,0.22682137790976536,7.110953496808251,0.7506267642545487,0.24603843299996697,0.0004528470000195739
hypothyroid,real,HNB,2,0.9495268138801262,0.653551912568306,0.1162621887490427,0.018634460282563745,0.01843391199997768,0.0074606510000307935
hypothyroid,real,CFW-NB,3,0.26582278481012656,0.24201819685690654,7.017975621094138,0.7304346769983658,0.23065437000002476,0.0005639519999931508
hypothyroid,real,HNB,3,0.9683544303797469,0.8250276854928018,0.07492976210901459,0.024170002194429895,0.013341698000033375,0.0055459290000499095
hypothyroid,real,CFW-NB,4,0.2468354430379747,0.2290470723306544,6.081806674530276,0.7503173918275552,0.23131594400001632,0.0003903260000015507
hypothyroid,real,HNB,4,0.9556962025316456,0.6968201754385965,0.08354118683623495,0.023953032165819985,0.014305837999984305,0.005351076000010835
hypothyroid,real,CFW-NB,5,0.27531645569620256,0.24914137483787288,6.204359639449082,0.723924062747629,0.25316394000003584,0.0005312160000130461
hypothyroid,real,HNB,5,0.9810126582278481,0.8878902554399243,0.07481583698862881,0.02496231091619203,0.01664340299998912,0.006415924000009454
hypothyroid,real,CFW-NB,6,0.25316455696202533,0.23398660585890957,6.0428216180777605,0.7400311457282244,0.2525557870000057,0.0005415140000195606
hypothyroid,real,HNB,6,0.9683544303797469,0.7834429824561404,0.07548095630208598,0.018601643537687305,0.019976906000010786,0.007566537000002427
hypothyroid,real,CFW-NB,7,0.2626582278481013,0.24131606335074757,5.957347723555849,0.7285992965709518,0.24737983099998928,0.0004060019999769793
hypothyroid,real,HNB,7,0.9746835443037974,0.8267543859649122,0.08966498200866897,0.01529478828560761,0.020258861999991495,0.0062443040000061956
hypothyroid,real,CFW-NB,8,0.21518987341772153,0.20107654039065367,7.779587067654241,0.7793507921165491,0.2974269599999957,0.00044811500004016125
hypothyroid,real,HNB,8,0.9715189873417721,0.8125864909390446,0.08043583100541173,0.016308570583152576,0.019766906999961975,0.008317836999992778
hypothyroid,real,CFW-NB,9,0.25,0.22994190530049868,6.246322025051519,0.7493198546537294,0.29739774999995916,0.0003956339999717784
hypothyroid,real,HNB,9,0.9651898734177216,0.7709390444810544,0.07411453095508912,0.018338526426652495,0.015287681999950564,0.007050143000014941
hypothyroid,real,CFW-NB,10,0.24921135646687698,0.23233618233618233,6.119373730036668,0.7531953047086126,0.310023316000013,0.0006701279999674625
hypothyroid,real,HNB,10,0.9621451104100947,0.7593623481781376,0.09160343264814383,0.01341915429431595,0.021973262000017257,0.00753818899994485
hypothyroid,real,CFW-NB,11,0.2744479495268139,0.2502056766762649,5.686993392529493,0.7178108208390892,0.35983038099999476,0.0005676769999922726
hypothyroid,real,HNB,11,0.9495268138801262,0.6791497975708503,0.10866143670449538,0.019699759813103474,0.017750557999988814,0.005766968999978417
hypothyroid,real,CFW-NB,12,0.24290220820189273,0.2258852258852259,6.122093690037293,0.7547685139291611,0.2678551030000449,0.00037543000001960536
hypothyroid,real,HNB,12,0.9779179810725552,0.8646043077674049,0.07870274128659703,0.02344534595434225,0.014824502999999822,0.00561558600003309
hypothyroid,real,CFW-NB,13,0.25949367088607594,0.23888339920948617,6.033289974122419,0.7497418222080956,0.2363256929999693,0.000523160000000189
hypothyroid,real,HNB,13,0.9778481012658228,0.8542339373970346,0.07671042549706457,0.0152127863944388,0.015261006000002908,0.00580810499997142
hypothyroid,real,CFW-NB,14,0.2563291139240506,0.233096838822278,7.587042357787238,0.743313712890548,0.22563413500000706,0.000383188999990125
hypothyroid,real,HNB,14,0.9588607594936709,0.7485154576063666,0.11147567127195035,0.020912511654193187,0.016889425999977448,0.007043489000011505
hypothyroid,real,CFW-NB,15,0.2689873417721519,0.24440257952322295,7.118005134516255,0.7244282101077635,0.24935984400002553,0.0006057379999901968
hypothyroid,real,HNB,15,0.9620253164556962,0.7174366616989568,0.0767759760871655,0.019201004042520935,0.015784734000021672,0.006014321999998629
hypothyroid,real,CFW-NB,16,0.22468354430379747,0.21140819964349375,6.101153713898486,0.7727411144378652,0.23446037000002207,0.0004564320000213229
hypothyroid,real,HNB,16,0.9588607594936709,0.7292915980230643,0.0948415256540777,0.026257137425391583,0.01494362800002591,0.0056995570000140106
hypothyroid,real,CFW-NB,17,0.2911392405063291,0.2567204301075269,7.453310509179223,0.7087413745250081,0.232370732999982,0.0009453170000028877
hypothyroid,real,HNB,17,0.9778481012658228,0.8645852464034283,0.06272620465937863,0.02054795636609246,0.014943862999984958,0.006006114000001617
hypothyroid,real,CFW-NB,18,0.2848101265822785,0.258061835106383,5.851219563035427,0.7108925924908072,0.2250413890000118,0.0005045209999821054
hypothyroid,real,HNB,18,0.9651898734177216,0.7709390444810544,0.0768756581454429,0.018590885218162302,0.01513277199995855,0.005799924000029932
hypothyroid,real,CFW-NB,19,0.22151898734177214,0.20612745098039215,6.642855993957396,0.7606711940137402,0.242839570000001,0.0005944760000033966
hypothyroid,real,HNB,19,0.9778481012658228,0.8735060330531252,0.06417283511113525,0.009408826563913734,0.015848427999969772,0.006686480999974265
hypothyroid,real,CFW-NB,20,0.22082018927444794,0.2094603463072341,6.46591815462364,0.774874875123355,0.22994946900001878,0.0007571470000016234
hypothyroid,real,HNB,20,0.9526813880126183,0.6616380843947911,0.11254429913563513,0.02227579672474575,0.016416015000004336,0.00567774000001009
hypothyroid,real,CFW-NB,21,0.22712933753943218,0.21331982780450745,6.36636157852993,0.7736235952711427,0.2344723180000301,0.000708834000022307
hypothyroid,real,HNB,21,0.9684542586750788,0.7645573380867499,0.06963298607138757,0.016739667161179167,0.016690528999959042,0.005866894000007505
hypothyroid,real,CFW-NB,22,0.29652996845425866,0.26663761891423654,5.797958318841652,0.6997011821433816,0.22576459300000806,0.0005904099999725076
hypothyroid,real,HNB,22,0.9652996845425867,0.7518679285561802,0.09614938301581974,0.01496626992646263,0.015917888999979368,0.005881093000027704
hypothyroid,real,CFW-NB,23,0.31962025316455694,0.2790058473326188,5.709473666278545,0.6799006494927264,0.2519887350000545,0.0004334380000159399
hypothyroid,real,HNB,23,0.9715189873417721,0.8373648996397324,0.06398832222287952,0.014716663223879529,0.027507752000019536,0.008677921999947102
hypothyroid,real,CFW-NB,24,0.24050632911392406,0.22256847629981957,6.640289056294688,0.7599876091188086,0.2378304619999767,0.00038966799996842383
hypothyroid,real,HNB,24,0.9715189873417721,0.8125864909390446,0.10195894957704636,0.02196216146095278,0.024801726999953644,0.01168620200002124
hypothyroid,real,CFW-NB,25,0.25949367088607594,0.2372188982876006,6.137657300239998,0.7395963505577956,0.19015866600000209,0.0005769619999682618
hypothyroid,real,HNB,25,0.9651898734177216,0.8012237662263395,0.06774471170196181,0.018930539146930124,0.012085135999996055,0.005946439000013015
hypothyroid,real,CFW-NB,26,0.22784810126582278,0.21258169934640525,7.3431380189669015,0.7648379879158984,0.2974169710000183,0.00058883600001991
hypothyroid,real,HNB,26,0.9683544303797469,0.7994414826097995,0.08297233892086038,0.014938095800095818,0.01767165000001114,0.006133320999992975
hypothyroid,real,CFW-NB,27,0.24367088607594936,0.22344352475451135,7.307479516728635,0.7491461690258618,0.2534540019999554,0.0004716249999887623
hypothyroid,real,HNB,27,0.9810126582278481,0.8878902554399243,0.05474245527275145,0.01257615240295443,0.013915413000006538,0.006110323000029894
hypothyroid,real,CFW-NB,28,0.23734177215189872,0.22008868680041374,7.186267498494449,0.7600547823351834,0.29551841299996795,0.00052412800005186
hypothyroid,real,HNB,28,0.9715189873417721,0.8258953168044076,0.0652124407554388,0.02251900963081032,0.014682962999984284,0.005838207000010698
hypothyroid,real,CFW-NB,29,0.28164556962025317,0.25569909208819713,5.885713766335935,0.7136099991942617,0.30132872500001895,0.0004537170000276092
hypothyroid,real,HNB,29,0.939873417721519,0.5713571785535804,0.11742557089815361,0.032996485541883,0.015295108999964668,0.007159974999979113
saheart,real,CFW-NB,0,0.8085106382978723,0.7834101382488479,0.4437296938055778,0.11532511134267036,0.009433245000025181,0.00024956099997552883
saheart,real,HNB,0,0.7446808510638298,0.723529411764706,0.5654997253065395,0.15932330241217152,0.0027392110000050707,0.0005479800000216528
saheart,real,CFW-NB,1,0.6808510638297872,0.6390168970814132,0.6965559410803687,0.15842476399672395,0.007962279999958355,0.00028490699997973934
saheart,real,HNB,1,0.574468085106383,0.5104166666666666,0.7435530031891445,0.24389836604989093,0.0026473140000007334,0.0004177259999664784
saheart,real,CFW-NB,2,0.6304347826086957,0.5983564458140729,0.6682918145629543,0.1720410802353444,0.008840695999992931,0.0002576640000029329
saheart,real,HNB,2,0.6521739130434783,0.6166666666666667,0.5843267706996196,0.1379448204038193,0.002522702999954163,0.0003754539999931694
saheart,real,CFW-NB,3,0.7391304347826086,0.6783216783216783,0.5171070463371532,0.14694485544137392,0.009173115000010057,0.0002960829999665293
saheart,real,HNB,3,0.717391304347826,0.6429850746268657,0.5083862300088948,0.13952345244591946,0.002649834000010287,0.00044122699995341463
saheart,real,CFW-NB,4,0.6086956521739131,0.5892857142857143,0.6875172154109919,0.1611690423228207,0.009384521000015411,0.0001871239999786667
saheart,real,HNB,4,0.6521739130434783,0.6166666666666667,0.7866598561694793,0.11917444338649469,0.0022260769999888907,0.0003206790000263027
saheart,real,CFW-NB,5,0.782608695652174,0.7526881720430108,0.5871229745334778,0.1959980572734073,0.008487723999962782,0.0002153329999714515
saheart,real,HNB,5,0.717391304347826,0.6726874657909141,0.5951502433717045,0.15676626263612356,0.002697350000005372,0.00038039099996467485
saheart,real,CFW-NB,6,0.6956521739130435,0.6247086247086246,0.560215765901043,0.1716532271164477,0.00851965399999699,0.00017837900003314644
saheart,real,HNB,6,0.7391304347826086,0.6617647058823529,0.5111117216996974,0.1342710905743494,0.002565169999968475,0.00036146399997960543
saheart,real,CFW-NB,7,0.7391304347826086,0.7200811359026369,0.6343113280481666,0.20037638458018592,0.008542806999969343,0.00023831700002574507
saheart,real,HNB,7,0.6521739130434783,0.6043010752688172,0.6220156912626166,0.14449185853489072,0.002646959000003335,0.0004531249999786269
saheart,real,CFW-NB,8,0.782608695652174,0.731934731934732,0.47813511546265,0.19766957904969243,0.008410323999953562,0.00018113400000174806
saheart,real,HNB,8,0.6086956521739131,0.49264705882352944,0.665872264378235,0.18849770357524276,0.003890402999957132,0.0004735920000484839
saheart,real,CFW-NB,9,0.7391304347826086,0.7032258064516128,0.6847280943683475,0.18277927815375114,0.008990570000037224,0.0002563700000450808
saheart,real,HNB,9,0.7391304347826086,0.7200811359026369,0.5417949627964037,0.16887750972941415,0.003524614000014026,0.0005482889999939289
saheart,real,CFW-NB,10,0.7659574468085106,0.7142067440574903,0.4345971980224786,0.09793942641061845,0.009346401000016158,0.0001907820000042193
saheart,real,HNB,10,0.7659574468085106,0.7257294429708223,0.4393635656485032,0.11616102400790355,0.002515501999994285,0.000449309999964953
saheart,real,CFW-NB,11,0.6808510638297872,0.6390168970814132,0.6236651271757301,0.17941352002026373,0.009574842000006356,0.0002930499999820313
saheart,real,HNB,11,0.6808510638297872,0.6390168970814132,0.6684637507393213,0.13772872535798317,0.0027542180000068583,0.00044636400002673327
saheart,real,CFW-NB,12,0.8043478260869565,0.7733990147783252,0.5421615353306174,0.10216836663431325,0.009047082999984468,0.0002456409999922471
saheart,real,HNB,12,0.7608695652173914,0.7324167107350608,0.49194029286631885,0.10326828200711527,0.004137324999987868,0.0005533859999786728
saheart,real,CFW-NB,13,0.6304347826086957,0.5864621893178212,0.6520650362629664,0.19131733956430716,0.013446093000027304,0.0002927310000018224
saheart,real,HNB,13,0.6739130434782609,0.5652173913043479,0.6825194319554082,0.160082074074861,0.003881820999993124,0.0006727370000021438
saheart,real,CFW-NB,14,0.7391304347826086,0.7032258064516128,0.5506334074271594,0.10427651234906397,0.010063366999986556,0.0001967570000260821
saheart,real,HNB,14,0.6956521739130435,0.6247086247086246,0.6501023996372455,0.17337242407614126,0.002355292000004283,0.00033910600001263447
saheart,real,CFW-NB,15,0.6521739130434783,0.6267748478701826,0.7060285494694765,0.1882313783991364,0.009252130999982455,0.00027366099999426297
saheart,real,HNB,15,0.6521739130434783,0.6267748478701826,0.60971066839313,0.1604070064013225,0.005050116999996135,0.000534768999955304
saheart,real,CFW-NB,16,0.7608695652173914,0.7401129943502824,0.4973458818094386,0.06463366581464315,0.008208804999981112,0.000235473000032016
saheart,real,HNB,16,0.6739130434782609,0.6456086286594761,0.5651219129096604,0.1313579885658981,0.0036772619999965173,0.0005576190000056158
saheart,real,CFW-NB,17,0.6956521739130435,0.6734279918864097,0.5720545163123422,0.11672757964531702,0.008877412000003915,0.0002344910000147138
saheart,real,HNB,17,0.7391304347826086,0.7261904761904762,0.5563350983178484,0.18000320846008266,0.0024323670000399034,0.00046806099999230355
saheart,real,CFW-NB,18,0.717391304347826,0.6592592592592592,0.6269657112364092,0.1892985038232912,0.014114821000021038,0.0003092620000302304
saheart,real,HNB,18,0.6304347826086957,0.533134328358209,0.6977429093940056,0.1681577510720174,0.0035495580000315385,0.0005019419999712227
saheart,real,CFW-NB,19,0.717391304347826,0.6726874657909141,0.6845202370599596,0.11922905601198798,0.010110818999976345,0.00019347300002436896
saheart,real,HNB,19,0.6521739130434783,0.5892857142857143,0.829064784083372,0.1860718187522198,0.002604132000044501,0.0003985050000210322
saheart,real,CFW-NB,20,0.6170212765957447,0.5214932126696833,0.782473156195839,0.25850265632947006,0.00886660999998412,0.0001965170000062244
saheart,real,HNB,20,0.574468085106383,0.49134199134199136,0.7435787234392527,0.25877668501930307,0.003714429000012842,0.0004979500000104053
saheart,real,CFW-NB,21,0.723404255319149,0.6457971014492754,0.5053911252962624,0.08584701266515792,0.008369838999954027,0.00020292899995411062
saheart,real,HNB,21,0.6595744680851063,0.5746606334841629,0.560844962713808,0.14067852342153545,0.0026849360000369416,0.00045177700002341226
saheart,real,CFW-NB,22,0.6956521739130435,0.640625,0.6358347501284046,0.16261748864209957,0.013593536000030326,0.0002668839999842021
saheart,real,HNB,22,0.6956521739130435,0.6645833333333333,0.5983460228641418,0.11596916888501328,0.00391578500000378,0.0006181080000260408
saheart,real,CFW-NB,23,0.7608695652173914,0.7324167107350608,0.7318733036280186,0.2141413753135527,0.014024004000020796,0.0003095000000143955
saheart,real,HNB,23,0.782608695652174,0.731934731934732,0.5746902354071,0.16895361454890248,0.003870224000024791,0.000607199999990371
saheart,real,CFW-NB,24,0.6956521739130435,0.6734279918864097,0.636172932850694,0.15653065336685001,0.009631348000027629,0.00020496799999136783
saheart,real,HNB,24,0.6304347826086957,0.5983564458140729,0.7932448041950546,0.24362540782850667,0.0030328530000360843,0.0004327629999920646
saheart,real,CFW-NB,25,0.8043478260869565,0.7873651771956857,0.5227097084807606,0.12328896015122817,0.00867359899996245,0.00019550199999684992
saheart,real,HNB,25,0.5869565217391305,0.5216201423097975,0.7162902667621434,0.2679521770633899,0.0028203129999724297,0.00043190999997477775
saheart,real,CFW-NB,26,0.7391304347826086,0.7125,0.4451611702827364,0.17215115750089563,0.010745095000004312,0.00018116699999382035
saheart,real,HNB,26,0.6521739130434783,0.6267748478701826,0.5510417792896423,0.15276546101399036,0.002499174000035964,0.0003442200000449702
saheart,real,CFW-NB,27,0.6304347826086957,0.6157248157248157,0.6453472126082723,0.2159059535047583,0.009084595999979683,0.00020877499997595805
saheart,real,HNB,27,0.6739130434782609,0.6223316912972086,0.5778618839064782,0.18025855319541392,0.0026637600000185557,0.00039733900001692746
saheart,real,CFW-NB,28,0.7608695652173914,0.7230432402846196,0.47106551335714053,0.11742679662573209,0.008623857000031876,0.00023975300001666255
saheart,real,HNB,28,0.6956521739130435,0.6537634408602151,0.4989696206935103,0.1974635887315305,0.0024771490000148333,0.0004116050000106952
saheart,real,CFW-NB,29,0.6956521739130435,0.6645833333333333,0.5404312504998842,0.1291922865198873,0.013440282999965802,0.00029109800004789577
saheart,real,HNB,29,0.7391304347826086,0.7125,0.5323424776773859,0.1626050995926693,0.0030494590000103017,0.0005317449999893142
spectf,real,CFW-NB,0,0.6857142857142857,0.6761984861227923,3.2161496929432887,0.3367283769699186,0.15487335799997481,0.0002843359999928907
spectf,real,HNB,0,0.8,0.7822222222222222,0.5877333516818881,0.17916483044507125,0.033001918999957525,0.002284352999993189
spectf,real,CFW-NB,1,0.6857142857142857,0.6577777777777778,2.623661178274925,0.2953213370080106,0.14033497099995884,0.0003444329999524598
spectf,real,HNB,1,0.7428571428571429,0.7086031452358927,0.9759198096685542,0.22940590238545802,0.03660108700000819,0.003110678000041389
spectf,real,CFW-NB,2,0.5428571428571428,0.542483660130719,3.769177883838478,0.44762652890257315,0.14295305100000633,0.000340567000023384
spectf,real,HNB,2,0.7428571428571429,0.7286821705426356,1.2967267193337602,0.27796983898254646,0.04432482400000026,0.00385831899995992
spectf,real,CFW-NB,3,0.7714285714285715,0.7463768115942029,1.36202294091045,0.21276986776003315,0.1354315330000304,0.00030966399998533234
spectf,real,HNB,3,0.9142857142857143,0.8979591836734694,0.32258430783422815,0.08402312296070744,0.03774222300000929,0.0029170810000209713
spectf,real,CFW-NB,4,0.7142857142857143,0.7023809523809523,1.3878196836034906,0.2562806780874582,0.16260155100002294,0.0005181139999876905
spectf,real,HNB,4,0.8285714285714286,0.8097826086956521,0.5504448689776961,0.16218733690191045,0.033576881999977104,0.0024484250000114116
spectf,real,CFW-NB,5,0.9142857142857143,0.9028677150786308,0.670743024530723,0.12079593063579627,0.13990470300001334,0.0002848230000154217
spectf,real,HNB,5,0.9142857142857143,0.9028677150786308,0.17858086650386604,0.0557253213600207,0.03538388100002976,0.002342296999984228
spectf,real,CFW-NB,6,0.7142857142857143,0.7023809523809523,1.6490695327310532,0.2490296556950647,0.14051942700001518,0.0003451240000345024
spectf,real,HNB,6,0.8857142857142857,0.8600000000000001,0.5271627131431315,0.11445070750544403,0.033070812999994814,0.002391165999995337
spectf,real,CFW-NB,7,0.8285714285714286,0.8164335664335665,1.1031225408614804,0.17535200646598234,0.14736312899998438,0.000291605000029449
spectf,real,HNB,7,0.9428571428571428,0.9337121212121212,0.22966759762755679,0.07553615439615313,0.043490354999960346,0.0025787280000031387
spectf,real,CFW-NB,8,0.6571428571428571,0.6428571428571428,1.622010247945349,0.3401629167535698,0.14238681599999836,0.0004837200000338271
spectf,real,HNB,8,0.7142857142857143,0.6940559440559441,0.8201104993355667,0.26095765652692915,0.03343228299996781,0.002843936000033409
spectf,real,CFW-NB,9,0.7941176470588235,0.7786046511627907,1.942092151881189,0.23095791012427364,0.14634709500001009,0.0005538739999906284
spectf,real,HNB,9,0.7647058823529411,0.7424242424242424,0.8347488751196818,0.21264057280783655,0.034899101000007704,0.003331478000006882
spectf,real,CFW-NB,10,0.6571428571428571,0.6499999999999999,2.3247135183795984,0.3276158151621954,0.15245269899997993,0.0003058510000073511
spectf,real,HNB,10,0.8285714285714286,0.8011363636363636,0.7775240460626405,0.217005662501651,0.03206288999996332,0.0023484189999862792
spectf,real,CFW-NB,11,0.6857142857142857,0.6577777777777778,2.729177713501614,0.3004528238301766,0.13340488100004677,0.00043950100001666215
spectf,real,HNB,11,0.8285714285714286,0.79,0.5664786353075772,0.14347529708645468,0.03328987099996539,0.00238688799998954
spectf,real,CFW-NB,12,0.7142857142857143,0.7023809523809523,1.7088457537281254,0.2674142677433519,0.12323831899999504,0.00027858699996841096
spectf,real,HNB,12,0.8,0.7822222222222222,0.7251340614810553,0.17878020792638172,0.032467687999997,0.0022663750000333494
spectf,real,CFW-NB,13,0.7428571428571429,0.7286821705426356,1.6936574730415064,0.23627561536399172,0.13368692799997461,0.0005471250000255168
spectf,real,HNB,13,0.8857142857142857,0.8674242424242424,0.3927482676200181,0.10119923362229571,0.0325342889999547,0.0022080830000277274
spectf,real,CFW-NB,14,0.6285714285714286,0.6173254835996635,1.763074507411509,0.3301328970340819,0.15644276399996215,0.0005552320000106192
spectf,real,HNB,14,0.8,0.7733580018501387,0.7601748213099979,0.1751620312436367,0.03464534700003696,0.0025061370000116767
spectf,real,CFW-NB,15,0.8285714285714286,0.8164335664335665,1.8200631576343151,0.19872732434512375,0.14344296700005543,0.0002977590000341479
spectf,real,HNB,15,0.8857142857142857,0.8731884057971014,0.526879451648216,0.11149883126254613,0.038408544999981586,0.0028387829999587666
spectf,real,CFW-NB,16,0.7428571428571429,0.7286821705426356,1.7800001168326836,0.26728709775826826,0.14005609999998114,0.0002926679999859516
spectf,real,HNB,16,0.8857142857142857,0.8731884057971014,0.4421384692101881,0.12287302676857322,0.03391817600004288,0.0025662909999937256
spectf,real,CFW-NB,17,0.7714285714285715,0.7619047619047619,2.006355965989838,0.25921916245858145,0.13845911300001035,0.0003532249999693704
spectf,real,HNB,17,0.8285714285714286,0.8164335664335665,0.4542621166048942,0.15780146333172562,0.041805982999960634,0.0024958160000210228
spectf,real,CFW-NB,18,0.6857142857142857,0.6683893195521102,2.3227769494960624,0.31111722945849163,0.13864530900002592,0.0002689309999936995
spectf,real,HNB,18,0.8,0.7733580018501387,0.7099161794396762,0.194483219121997,0.02729995999999346,0.002084998999976051
spectf,real,CFW-NB,19,0.7352941176470589,0.7235772357723578,1.3472728270905905,0.26245458358386514,0.10099437700000635,0.000260454999988724
spectf,real,HNB,19,0.9705882352941176,0.9634801288936627,0.10372712243405023,0.058742150669723193,0.02973742400001811,0.0028085139999802777
spectf,real,CFW-NB,20,0.7714285714285715,0.7463768115942029,1.5890179184115614,0.22364195587622382,0.17829116699999759,0.0004464419999976599
spectf,real,HNB,20,0.9142857142857143,0.8979591836734694,0.23648745590249567,0.05623858761565401,0.04793712800000094,0.004376130000025569
spectf,real,CFW-NB,21,0.6857142857142857,0.6683893195521102,2.7936474223031564,0.3045683713191941,0.135532172000012,0.00033703299999388037
spectf,real,HNB,21,0.7428571428571429,0.72,0.6259386275683116,0.19853447334606933,0.034398817999999665,0.0024872179999988475
spectf,real,CFW-NB,22,0.6,0.5833333333333333,2.143370608780363,0.3509239198725605,0.19866071600000623,0.0003008570000133659
spectf,real,HNB,22,0.8571428571428571,0.8299319727891157,0.5893231594590511,0.14922120403991787,0.038919313999997485,0.002262252000036824
spectf,real,CFW-NB,23,0.7142857142857143,0.7023809523809523,2.2662880642892325,0.2941759805881898,0.16641364499997735,0.0002820440000164126
spectf,real,HNB,23,0.8571428571428571,0.8299319727891157,0.6337727920942259,0.1348393128068599,0.04397406500004308,0.007575750999990305
spectf,real,CFW-NB,24,0.7142857142857143,0.7083333333333333,1.9856184507028294,0.2766166297275775,0.1309187349999661,0.0004969409999944219
spectf,real,HNB,24,0.8571428571428571,0.8444444444444444,0.4942634031570281,0.169611426577252,0.03344730899999604,0.0024305149999577225
spectf,real,CFW-NB,25,0.7142857142857143,0.6940559440559441,1.224131055539291,0.23902104836877242,0.2829772949999665,0.0004393890000073952
spectf,real,HNB,25,0.8285714285714286,0.8011363636363636,0.7197127950442085,0.13855547131915436,0.05641181599997935,0.00653894799995669
spectf,real,CFW-NB,26,0.7428571428571429,0.735071488645921,2.1492294815288577,0.2583439175058228,0.16794362400003138,0.00032738999999537555
spectf,real,HNB,26,0.8,0.7822222222222222,0.7354428458132412,0.1780915511234772,0.03616648700000269,0.00279893100002937
spectf,real,CFW-NB,27,0.7428571428571429,0.72,1.7161139576715694,0.2471657559026001,0.2229511340000272,0.00029503000001795954
spectf,real,HNB,27,0.8285714285714286,0.8164335664335665,0.7822797046644122,0.1762972337546847,0.035360418999971444,0.004118364000021302
spectf,real,CFW-NB,28,0.7142857142857143,0.7023809523809523,2.033072190062947,0.2756366275843006,0.13571300299997802,0.0003369779999502498
spectf,real,HNB,28,0.8285714285714286,0.8164335664335665,0.5220980455959441,0.1500927970916397,0.033075813999971615,0.002503363000016634
spectf,real,CFW-NB,29,0.8529411764705882,0.8357487922705313,1.1434569998720114,0.17550593473615533,0.13671674099998654,0.000305963000016618
spectf,real,HNB,29,0.9411764705882353,0.9291666666666667,0.27016251329970775,0.07597637125083415,0.033139301000005617,0.0032772399999885238
new-thyroid,real,CFW-NB,0,0.9545454545454546,0.9225806451612902,0.23089630067335937,0.06203983240384549,0.002799973999970007,0.0002205019999905744
new-thyroid,real,HNB,0,0.9545454545454546,0.9514687100893998,0.2100145521558434,0.07865021885648943,0.0015308249999748114,0.000325578999991194
new-thyroid,real,CFW-NB,1,0.9090909090909091,0.8666666666666667,0.3945526576823404,0.10144713025726435,0.0037209910000228774,0.00023684400002821349
new-thyroid,real,HNB,1,0.9090909090909091,0.8666666666666667,0.21983065172026073,0.12870505975760113,0.0016743399999654685,0.00032992000001286215
new-thyroid,real,CFW-NB,2,0.9545454545454546,0.9225806451612902,0.09035321443823964,0.04897305876689505,0.0027137950000337696,0.00017598799996676462
new-thyroid,real,HNB,2,0.8636363636363636,0.8173690932311621,0.4220510139247215,0.10592626745803105,0.0015571440000030634,0.0002933049999569448
new-thyroid,real,CFW-NB,3,0.9545454545454546,0.9225806451612902,0.19415344534919451,0.04365432893353664,0.0026398689999496128,0.00019329999997808045
new-thyroid,real,HNB,3,0.9545454545454546,0.9225806451612902,0.11278860976407148,0.08704143011037974,0.0015624530000195591,0.00028799699998671713
new-thyroid,real,CFW-NB,4,1.0,1.0,0.028964292895063762,0.02578915803423276,0.004529668999964542,0.00019732900000235531
new-thyroid,real,HNB,4,0.9545454545454546,0.9408866995073892,0.14211862400582212,0.11549104004489055,0.0014495359999955326,0.00030782999999701133
new-thyroid,real,CFW-NB,5,0.9523809523809523,0.9225806451612902,0.07327376785744667,0.02295904041982527,0.0026003929999660613,0.00017113599994900142
new-thyroid,real,HNB,5,0.9523809523809523,0.9225806451612902,0.21694335144873098,0.11977215065770587,0.0014136519999965458,0.00022319499998957326
new-thyroid,real,CFW-NB,6,1.0,1.0,0.0044654503883223414,0.004290144242242452,0.002370060000032481,0.00016291700001147547
new-thyroid,real,HNB,6,0.8571428571428571,0.7363636363636363,0.4035288797713613,0.09909339395497746,0.0014624830000116162,0.00024194499997065577
new-thyroid,real,CFW-NB,7,1.0,1.0,0.05629169606263816,0.04582631929726913,0.0073040709999645514,0.0002327759999616319
new-thyroid,real,HNB,7,0.9523809523809523,0.9408866995073891,0.16485705680639,0.07700422132341025,0.0014367409999636038,0.0002063570000245818
new-thyroid,real,CFW-NB,8,1.0,1.0,0.02063151893207354,0.019047448047915375,0.002426592000006167,0.0001749219999851448
new-thyroid,real,HNB,8,1.0,1.0,0.1039557953289818,0.0898923082309122,0.002104556999995566,0.0002739889999929801
new-thyroid,real,CFW-NB,9,0.9523809523809523,0.9225806451612902,0.06055165498494352,0.04057716774124002,0.002464466999981596,0.00017322999997304578
new-thyroid,real,HNB,9,0.9523809523809523,0.9225806451612902,0.1702869630496814,0.06255409905027974,0.0013305960000025152,0.00020166699999890625
new-thyroid,real,CFW-NB,10,0.9090909090909091,0.8666666666666667,0.483880444447418,0.12932326261322435,0.0038086430000134897,0.00018344299996897462
new-thyroid,real,HNB,10,0.9545454545454546,0.9514687100893998,0.2679685138364355,0.12481012478319944,0.0012715439999624323,0.00020477100002835869
new-thyroid,real,CFW-NB,11,1.0,1.0,0.01614508991999306,0.015177926781471382,0.002261270999952103,0.00013554600002407824
new-thyroid,real,HNB,11,0.9090909090909091,0.8944444444444445,0.21452170402379223,0.14958505831113228,0.001392108000004555,0.00028406799998492716
new-thyroid,real,CFW-NB,12,0.9545454545454546,0.9225806451612902,0.1943206433002489,0.04902062708864602,0.0024659559999804515,0.00016656399998282723
new-thyroid,real,HNB,12,1.0,1.0,0.0888300816389601,0.07677305641553533,0.0012576949999925091,0.0002283459999716797
new-thyroid,real,CFW-NB,13,1.0,1.0,0.005604356608919761,0.005464491371568746,0.0022181740000064565,0.0001523089999864169
new-thyroid,real,HNB,13,0.9545454545454546,0.9408866995073892,0.14229983370047863,0.04903321460651938,0.001364479000017127,0.0002051349999874219
new-thyroid,real,CFW-NB,14,1.0,1.0,0.020738117774206886,0.01925500440231212,0.00231216399998857,0.00016023500000983404
new-thyroid,real,HNB,14,0.9545454545454546,0.9225806451612902,0.13789206437887422,0.11098079252226255,0.0013289219999705892,0.00020853099999840197
new-thyroid,real,CFW-NB,15,0.9523809523809523,0.9225806451612902,0.11538231105920914,0.06418393024548678,0.002175738999994792,0.00017704700002241225
new-thyroid,real,HNB,15,0.9523809523809523,0.9225806451612902,0.3283354920831212,0.08502719652117191,0.0013596260000099392,0.00024125499999172462
new-thyroid,real,CFW-NB,16,0.9047619047619048,0.8458333333333333,0.23051708307480037,0.08312554327101553,0.0028932739999731893,0.00018352899996898486
new-thyroid,real,HNB,16,0.9523809523809523,0.9225806451612902,0.14929551283664466,0.08607004462807052,0.0012649580000356764,0.0002787060000173369
new-thyroid,real,CFW-NB,17,1.0,1.0,0.03188050213607653,0.02814997529667812,0.002566118999993705,0.00024310599997079407
new-thyroid,real,HNB,17,0.9047619047619048,0.8666666666666667,0.2113731052224475,0.06778432874599462,0.0036614320000012412,0.000382477000016479
new-thyroid,real,CFW-NB,18,1.0,1.0,0.006226173355984307,0.006122880784571794,0.0026132400000165035,0.00018955900003447823
new-thyroid,real,HNB,18,0.9523809523809523,0.9408866995073892,0.2142905477500202,0.12706981159046546,0.0015262050000046656,0.0003404959999784296
new-thyroid,real,CFW-NB,19,0.9523809523809523,0.9225806451612902,0.05183597038805635,0.03506671202669092,0.0035405450000212113,0.00024538599996049015
new-thyroid,real,HNB,19,0.9047619047619048,0.8125,0.3323189347599582,0.09844279539227871,0.0016919400000006135,0.00026515499996548897
new-thyroid,real,CFW-NB,20,0.9090909090909091,0.8825396825396825,0.3358001908324747,0.09871278240345407,0.0023287650000156646,0.0001755179999918255
new-thyroid,real,HNB,20,1.0,1.0,0.11088227213503726,0.09388590708691437,0.0013526109999588698,0.00020254800000429896
new-thyroid,real,CFW-NB,21,0.9545454545454546,0.9225806451612902,0.19093409870807845,0.06725069005447602,0.002435511999976825,0.00025507899999865913
new-thyroid,real,HNB,21,0.8636363636363636,0.817741935483871,0.42767535995488876,0.1467505833084129,0.001388471000041136,0.00026665900003308707
new-thyroid,real,CFW-NB,22,1.0,1.0,0.009502461547727844,0.008894343461321402,0.0029321389999950043,0.00018926299998156537
new-thyroid,real,HNB,22,0.9545454545454546,0.9416282642089094,0.11946050468590762,0.09000549777629965,0.0020852279999985512,0.0005574439999804781
new-thyroid,real,CFW-NB,23,1.0,1.0,0.008864440225769767,0.008676953896265882,0.003752237000014702,0.00040995599999860133
new-thyroid,real,HNB,23,1.0,1.0,0.07885947668597341,0.06955778450231868,0.0023596970000312467,0.0003885639999907653
new-thyroid,real,CFW-NB,24,0.9545454545454546,0.9416282642089094,0.060361015154338477,0.04353291859805573,0.002982135000024755,0.0002241569999910098
new-thyroid,real,HNB,24,0.8636363636363636,0.8345648604269295,0.3146642846909844,0.14907151805488322,0.0013632320000169784,0.00021833599998899444
new-thyroid,real,CFW-NB,25,1.0,1.0,0.014377433283940139,0.01374577027151865,0.0037839510000026166,0.00022248999999874286
new-thyroid,real,HNB,25,0.9523809523809523,0.9408866995073892,0.18728747170973353,0.10937460610073664,0.0019760710000014114,0.00031493400001636473
new-thyroid,real,CFW-NB,26,1.0,1.0,0.024851105862494345,0.022793313506443237,0.0033634779999829334,0.00024056500001279346
new-thyroid,real,HNB,26,0.9523809523809523,0.9225806451612902,0.33901779155221157,0.11169764178507123,0.0019771739999896454,0.00037577400001964634
new-thyroid,real,CFW-NB,27,1.0,1.0,0.03274179460639698,0.02820744948434305,0.0024514620000104514,0.00017194800000197574
new-thyroid,real,HNB,27,0.9047619047619048,0.8666666666666667,0.1622092395293427,0.07936236834261126,0.001568452000014986,0.0002555490000304417
new-thyroid,real,CFW-NB,28,0.9047619047619048,0.8125,0.3105131394612898,0.08910148224738747,0.003513198000007378,0.00025568400002384806
new-thyroid,real,HNB,28,0.9047619047619048,0.8125,0.40980427433881567,0.17154612039663442,0.0020661690000451927,0.00043200799996157
new-thyroid,real,CFW-NB,29,0.9523809523809523,0.9225806451612902,0.19572349802483907,0.06441161743897827,0.0035803420000206643,0.00024939999997286577
new-thyroid,real,HNB,29,1.0,1.0,0.1051822308856325,0.08802135572368863,0.001943881999977748,0.0002985770000236698
breast-w,real,CFW-NB,0,0.9571428571428572,0.9529042386185244,0.500624777494784,0.04103453944211803,0.011612095999964822,0.00022233599997889542
breast-w,real,HNB,0,0.9571428571428572,0.9508771929824562,0.1675384621879866,0.05605875999731262,0.0026426709999896048,0.0005256290000374975
breast-w,real,CFW-NB,1,0.9714285714285714,0.9688888888888889,0.3507118809569742,0.028452545639287674,0.018434940000020106,0.0002687420000029306
breast-w,real,HNB,1,1.0,1.0,0.04341184535122678,0.035868678268475236,0.0034392599999932827,0.0008517750000009983
breast-w,real,CFW-NB,2,1.0,1.0,5.913156618179711e-05,5.904838393011591e-05,0.0193637329999774,0.00033737500001507215
breast-w,real,HNB,2,0.9857142857142858,0.983985358041638,0.037726307681995135,0.02714707877391538,0.0038024639999889587,0.0009878089999801887
breast-w,real,CFW-NB,3,0.9571428571428572,0.9529042386185244,0.23953569559490445,0.03956827198784722,0.01669312399997125,0.00025452800002767617
breast-w,real,HNB,3,0.9428571428571428,0.9352451433857539,0.2594173884903692,0.05053582245658651,0.003460940999957529,0.0006689260000030117
breast-w,real,CFW-NB,4,0.9571428571428572,0.9529042386185244,0.6327773245770347,0.04020105097287021,0.011362298999983977,0.0002107910000290758
breast-w,real,HNB,4,0.9857142857142858,0.9843014128728415,0.0795086191727592,0.02590184036675671,0.0028173549999905845,0.0005387690000020484
breast-w,real,CFW-NB,5,0.9142857142857143,0.9048913043478262,0.9704560649881888,0.07741292616006776,0.018321582999988095,0.0002933630000256926
breast-w,real,HNB,5,0.9428571428571428,0.9365942028985508,0.26878032127977897,0.04853199625809636,0.004010660000005828,0.0008523099999706574
breast-w,real,CFW-NB,6,0.9857142857142858,0.9843014128728415,0.3952982746734433,0.0137230652620417,0.016839332000017748,0.00023649599995678727
breast-w,real,HNB,6,0.9714285714285714,0.9682971014492754,0.06533586274050278,0.04032738424367637,0.0036784839999768337,0.0007821300000045994
breast-w,real,CFW-NB,7,0.9285714285714286,0.9240945564953372,1.28392521624039,0.07014831283059941,0.01989303599998493,0.0002673070000014377
breast-w,real,HNB,7,0.9428571428571428,0.9365942028985508,0.17205283691120848,0.04150927689731447,0.0031191459999604376,0.0006170080000060807
breast-w,real,CFW-NB,8,0.9428571428571428,0.9388111888111889,0.9775107278553451,0.05895805882709888,0.011846993000006023,0.0002405800000246927
breast-w,real,HNB,8,0.9428571428571428,0.9388111888111889,0.13891567017342832,0.036180941523407346,0.00269800899997108,0.000535019000039938
breast-w,real,CFW-NB,9,0.9710144927536232,0.9686363636363636,0.8009336441988285,0.02895104845139984,0.011713464999957068,0.00020996699998931945
breast-w,real,HNB,9,0.9710144927536232,0.9686363636363636,0.11960692246313331,0.035133561985099565,0.002797793000013371,0.0006170580000457448
breast-w,real,CFW-NB,10,0.9714285714285714,0.967622571692877,0.1063527213634029,0.027319581549416244,0.017700763999982883,0.00022931600000219987
breast-w,real,HNB,10,0.9714285714285714,0.967622571692877,0.16559866633088385,0.04363208533369254,0.003523133999976835,0.0006886059999828831
breast-w,real,CFW-NB,11,0.8857142857142857,0.8794142980189492,1.8792541326857617,0.11326657917695548,0.01757672100001173,0.0002812560000506892
breast-w,real,HNB,11,0.9285714285714286,0.9215070643642072,0.4260842994950993,0.08121830810553107,0.004830204999962007,0.0016767650000133472
breast-w,real,CFW-NB,12,0.9571428571428572,0.9537343027098479,0.8248739655472973,0.04153071103532911,0.018659119999995255,0.0003212459999986095
breast-w,real,HNB,12,0.9285714285714286,0.9199267902081903,0.11420629606735262,0.05419726889051636,0.0035760279999976774,0.0008373460000257182
breast-w,real,CFW-NB,13,0.9714285714285714,0.9688888888888889,0.23527406051737826,0.02764192930820819,0.016873708999980863,0.0001914510000347036
breast-w,real,HNB,13,0.9714285714285714,0.9682971014492754,0.1145515953724138,0.03639527093628464,0.0025233019999859607,0.00048781600003167114
breast-w,real,CFW-NB,14,0.9428571428571428,0.9377777777777778,0.7991148115886357,0.05422378739427074,0.01911616799998228,0.0003021219999936875
breast-w,real,HNB,14,0.9714285714285714,0.967622571692877,0.06409664942531597,0.02401097867453444,0.003481695999994372,0.0005068689999916387
breast-w,real,CFW-NB,15,0.9714285714285714,0.9688888888888889,0.4855136690899401,0.02772012152575143,0.016077687000006335,0.00023169899998265464
breast-w,real,HNB,15,0.9714285714285714,0.9682971014492754,0.05850074470903932,0.016099641668628133,0.00315506300000834,0.0007413489999521516
breast-w,real,CFW-NB,16,0.9714285714285714,0.9682971014492754,0.41781320640361647,0.021463736186152323,0.012509461000036026,0.00020891200000505705
breast-w,real,HNB,16,0.9571428571428572,0.9529042386185244,0.16419064215784737,0.04707420892757258,0.003558023999971738,0.0006043679999834239
breast-w,real,CFW-NB,17,0.9714285714285714,0.9688888888888889,0.6501730856021177,0.02907992702643561,0.011109404000023915,0.00020051300003842698
breast-w,real,HNB,17,0.9714285714285714,0.967622571692877,0.07569604300035367,0.02287378251083695,0.002666440999973929,0.0004980369999998402
breast-w,real,CFW-NB,18,0.9714285714285714,0.9688888888888889,0.42314878707262754,0.03056329252712763,0.01107985899994901,0.00018544699997846692
breast-w,real,HNB,18,0.9571428571428572,0.9519560741249142,0.09700800815645207,0.03339633675322029,0.0026810250000153246,0.0005352690000108851
breast-w,real,CFW-NB,19,0.9710144927536232,0.9686363636363636,0.496570353776479,0.02887445525646337,0.011159624000015356,0.0001678929999684442
breast-w,real,HNB,19,0.9565217391304348,0.9516015898994623,0.13866139079702003,0.026322777340294035,0.0024821920000022146,0.000545155999986946
breast-w,real,CFW-NB,20,0.9857142857142858,0.9843014128728415,0.4036677872193672,0.021875355474296414,0.0112473160000377,0.00020528900000726935
breast-w,real,HNB,20,0.9428571428571428,0.9365942028985508,0.18620815405650695,0.06648993468053394,0.0031247370000073715,0.0007633170000076461
breast-w,real,CFW-NB,21,0.9285714285714286,0.9215070643642072,0.7366911154614255,0.06851582840191645,0.011623355000040192,0.0002629530000035629
breast-w,real,HNB,21,0.9428571428571428,0.9337121212121212,0.33396961790620566,0.06626095303571224,0.002616820000014286,0.0004896910000411481
breast-w,real,CFW-NB,22,0.9714285714285714,0.9682971014492754,0.11669832255727301,0.027396950033140563,0.02100341599998501,0.00029830699998001364
breast-w,real,HNB,22,0.9571428571428572,0.9519560741249142,0.15827251988871416,0.035916901187063185,0.0037160520000156794,0.0006830919999742946
breast-w,real,CFW-NB,23,0.9714285714285714,0.9682971014492754,0.41177840092779433,0.024018671946837062,0.014526338999985455,0.00022741899999800808
breast-w,real,HNB,23,0.9571428571428572,0.9519560741249142,0.06995393182079263,0.02178292126814175,0.0027783009999780006,0.000574079999978494
breast-w,real,CFW-NB,24,0.9714285714285714,0.9688888888888889,0.7896025962449887,0.028427047041714282,0.011672580000038124,0.0003220320000423271
breast-w,real,HNB,24,0.9714285714285714,0.9682971014492754,0.09241245809094709,0.04628402592279567,0.0025020769999741788,0.0007063529999982165
breast-w,real,CFW-NB,25,0.9714285714285714,0.9688888888888889,0.28969187006005936,0.02806197251279363,0.01421443599997474,0.0002086869999970986
breast-w,real,HNB,25,0.9428571428571428,0.9352451433857539,0.08982741504472853,0.03510690657835389,0.002771218999953362,0.0005481279999912658
breast-w,real,CFW-NB,26,0.9142857142857143,0.9066666666666667,0.8788445586059398,0.08150152909076151,0.011279444000024341,0.00018901499998946747
breast-w,real,HNB,26,0.9428571428571428,0.9365942028985508,0.18294470548171962,0.05029741129275345,0.0024918319999756022,0.0004964429999745334
breast-w,real,CFW-NB,27,1.0,1.0,0.0001193455958767466,0.00011906797088234722,0.011849937000022237,0.0002435349999814207
breast-w,real,HNB,27,0.9857142857142858,0.9843014128728415,0.024119866560011555,0.0203272530807022,0.0039693680000141285,0.0010724659999823416
breast-w,real,CFW-NB,28,0.9571428571428572,0.9537343027098479,0.5479302180035248,0.035678664708666166,0.01512135699999817,0.0002151120000348783
breast-w,real,HNB,28,0.9571428571428572,0.9519560741249142,0.22431976823323105,0.052198507268916214,0.0025986150000107955,0.0005529300000262083
breast-w,real,CFW-NB,29,0.9130434782608695,0.9087301587301587,2.164013358219383,0.0868954115015742,0.01420712200001617,0.0002285909999955038
breast-w,real,HNB,29,0.9420289855072463,0.9382826475849733,0.28792128326744393,0.06563421221023102,0.0024485209999625113,0.0005428120000487979
horse-colic,real,CFW-NB,0,0.8108108108108109,0.7885714285714285,0.6832607955052831,0.16908751011163764,0.04092292199999292,0.0003493930000217915
horse-colic,real,HNB,0,0.7567567567567568,0.7375886524822695,0.5955390411296898,0.1866588698826344,0.007465663000004952,0.0009191560000090249
horse-colic,real,CFW-NB,1,0.7567567567567568,0.7448275862068966,0.8075507308719775,0.1983654941070863,0.028129835000015646,0.00020500300001913274
horse-colic,real,HNB,1,0.7567567567567568,0.7448275862068966,0.5994346534437839,0.13855757865070545,0.007198883000000933,0.0007074639999586907
horse-colic,real,CFW-NB,2,0.8918918918918919,0.8850931677018633,0.346548878756871,0.0960230575625317,0.027015629000004537,0.00020778300000756644
horse-colic,real,HNB,2,0.8648648648648649,0.8489795918367347,0.4157706134063504,0.11100925619568475,0.006880723999984184,0.0006902189999777875
horse-colic,real,CFW-NB,3,0.7027027027027027,0.6881226053639846,0.7038110699265375,0.19088680244627462,0.02551609400001098,0.00019822600000907187
horse-colic,real,HNB,3,0.7297297297297297,0.7127329192546584,0.6908208990538752,0.19738456129615628,0.006977683999991768,0.0006793679999645974
horse-colic,real,CFW-NB,4,0.6756756756756757,0.6442307692307692,0.6904893268600679,0.21012536484383895,0.029266391000021486,0.00026039800002308766
horse-colic,real,HNB,4,0.7297297297297297,0.703525641025641,0.6443444978450282,0.18556539191617832,0.006960330000026715,0.0006672730000332194
horse-colic,real,CFW-NB,5,0.6216216216216216,0.6191176470588236,0.8134748252644367,0.21056684687223892,0.02849974700001212,0.00019134399997255969
horse-colic,real,HNB,5,0.5945945945945946,0.5836459114778695,0.8696827676435928,0.32699293374648675,0.009022258999948463,0.0011176639999916915
horse-colic,real,CFW-NB,6,0.6756756756756757,0.65527950310559,0.7387529310826035,0.20048285569943852,0.029407065999976112,0.0013221890000068015
horse-colic,real,HNB,6,0.7297297297297297,0.6916666666666667,0.6593008668866405,0.1553998746198295,0.006846108999980061,0.0006633440000314295
horse-colic,real,CFW-NB,7,0.8918918918918919,0.8850931677018633,0.5092625711118637,0.09564278690723846,0.039047101999983624,0.00023197000001573542
horse-colic,real,HNB,7,0.8648648648648649,0.8542159180457052,0.4729952089963939,0.1375660290594191,0.010992880999992849,0.0009361099999978251
horse-colic,real,CFW-NB,8,0.6666666666666666,0.6656346749226006,0.7115789180161168,0.16666758623356578,0.028790568000033545,0.0002497830000152135
horse-colic,real,HNB,8,0.6388888888888888,0.6317859952793077,0.6359452012758295,0.1957757901095703,0.006966620000014245,0.0006560290000265923
horse-colic,real,CFW-NB,9,0.6388888888888888,0.6246992782678429,1.5722353423232267,0.29976424692337156,0.026327896999987388,0.00025885599995945086
horse-colic,real,HNB,9,0.5,0.4581939799331104,1.2745730874017285,0.3622345185286361,0.007034483999973418,0.0007001419999710379
horse-colic,real,CFW-NB,10,0.7837837837837838,0.7701863354037267,0.7409989475123315,0.17763558477735286,0.02628502799996113,0.0002328740000052676
horse-colic,real,HNB,10,0.7027027027027027,0.6881226053639846,0.7115032299218443,0.2208464504700864,0.008627735999994002,0.0007947960000365129
horse-colic,real,CFW-NB,11,0.8108108108108109,0.8015325670498084,0.497274341860925,0.1414815694668899,0.02758764900005417,0.0002005939999776274
horse-colic,real,HNB,11,0.7837837837837838,0.7701863354037267,0.5451549089907388,0.11471941421332471,0.0073024820000000545,0.0007441770000014003
horse-colic,real,CFW-NB,12,0.6486486486486487,0.6209613869188337,1.0473760512327566,0.2839874818911069,0.027497059999973317,0.00021064100002377018
horse-colic,real,HNB,12,0.5945945945945946,0.5747126436781609,0.9741579826392153,0.2877738412020522,0.008226094000008288,0.0007292599999573213
horse-colic,real,CFW-NB,13,0.8108108108108109,0.805701425356339,0.5878996223055634,0.1470209604294018,0.02591762499997685,0.00023240000001578665
horse-colic,real,HNB,13,0.8108108108108109,0.8015325670498084,0.5891119189053841,0.14454981148404486,0.006986098999959722,0.0007810399999925721
horse-colic,real,CFW-NB,14,0.7567567567567568,0.7448275862068966,0.9480211062749673,0.183656537990051,0.025937924000004386,0.00021440400001893067
horse-colic,real,HNB,14,0.7567567567567568,0.7375886524822695,1.0089064031695938,0.19093147615762482,0.006920183999966412,0.0006578149999540983
horse-colic,real,CFW-NB,15,0.6756756756756757,0.65527950310559,0.714500384344811,0.2543778531392201,0.023681104999980107,0.00018275299999004346
horse-colic,real,HNB,15,0.6486486486486487,0.6209613869188337,0.779062491350895,0.2923193513462713,0.00655459099999689,0.0006591439999965587
horse-colic,real,CFW-NB,16,0.7837837837837838,0.7533333333333333,0.5930279978211607,0.1706338369849399,0.031513635000010254,0.00027369299999691066
horse-colic,real,HNB,16,0.7837837837837838,0.7412587412587412,0.5669232901787652,0.19624940458120585,0.008589495000023817,0.0008087439999826529
horse-colic,real,CFW-NB,17,0.7027027027027027,0.6946736684171042,0.7325685954993814,0.1522315411543149,0.03437275199996748,0.00022839299998622664
horse-colic,real,HNB,17,0.6756756756756757,0.6442307692307692,0.7239818464259552,0.1821064433179846,0.00832679700005201,0.0008791629999791439
horse-colic,real,CFW-NB,18,0.6944444444444444,0.6884343036978757,1.0172961023663292,0.16009075216811686,0.02977336200001446,0.00022610299998859773
horse-colic,real,HNB,18,0.6944444444444444,0.6884343036978757,0.7587358666201931,0.2526934952117178,0.01382161700001916,0.0025654449999592543
horse-colic,real,CFW-NB,19,0.8055555555555556,0.7979149959903769,0.4647679776300172,0.149591757896893,0.03607855100000279,0.00023915200000601544
horse-colic,real,HNB,19,0.8333333333333334,0.8246753246753247,0.41217069463899203,0.10238299969122974,0.006925397999964389,0.0006397420000325837
horse-colic,real,CFW-NB,20,0.5945945945945946,0.5836459114778695,1.1353151451269548,0.2564389116433607,0.029516274999991765,0.00022469200001751233
horse-colic,real,HNB,20,0.7567567567567568,0.7448275862068966,0.8629964593560853,0.21899532288279927,0.007052207000015187,0.0008721259999902031
horse-colic,real,CFW-NB,21,0.8378378378378378,0.827639751552795,0.373167759639171,0.11713862248262122,0.026916835999998057,0.0002175119999492381
horse-colic,real,HNB,21,0.7837837837837838,0.7701863354037267,0.5245181978566431,0.1641184781055791,0.007073902999991333,0.0006603739999491154
horse-colic,real,CFW-NB,22,0.7297297297297297,0.703525641025641,0.7542681683540092,0.14536170315766828,0.04332245000000512,0.0002903059999539437
horse-colic,real,HNB,22,0.7027027027027027,0.6792750197005516,0.7600835637012753,0.20500952375133147,0.01027231499995196,0.0010267920000046615
horse-colic,real,CFW-NB,23,0.7837837837837838,0.7797619047619048,0.9083727928011479,0.17542281110386967,0.0429780869999945,0.00032453300002543983
horse-colic,real,HNB,23,0.7027027027027027,0.6881226053639846,0.711673235361714,0.19127329005966523,0.010315643000012642,0.001035338999997748
horse-colic,real,CFW-NB,24,0.7297297297297297,0.7127329192546584,0.746954697261873,0.2713775524429638,0.03533004799999162,0.00027763000002778426
horse-colic,real,HNB,24,0.6756756756756757,0.63,0.7150021914450714,0.19127428565756377,0.010451201999956083,0.0009858640000288688
horse-colic,real,CFW-NB,25,0.7297297297297297,0.7127329192546584,0.7383094651185216,0.22452022108090341,0.025908944999969208,0.00024143599995340992
horse-colic,real,HNB,25,0.7567567567567568,0.7448275862068966,0.7597889709847079,0.21964404323015835,0.007474667999986195,0.000659664000011162
horse-colic,real,CFW-NB,26,0.7297297297297297,0.703525641025641,0.7346632029679344,0.22449752437587078,0.04103696099997478,0.00023050300001159485
horse-colic,real,HNB,26,0.7567567567567568,0.7375886524822695,0.7661594675699779,0.22787580646675315,0.006561552999983178,0.0006685520000360157
horse-colic,real,CFW-NB,27,0.7297297297297297,0.7196969696969697,0.6985486578810746,0.19767669693401121,0.028741272999980083,0.00022040799996148053
horse-colic,real,HNB,27,0.7837837837837838,0.7628205128205128,0.46491647396640406,0.14055044040638412,0.007167643999991924,0.0007324729999709234
horse-colic,real,CFW-NB,28,0.8333333333333334,0.8285714285714285,0.43066658546080255,0.15536714698752094,0.027655842000001485,0.0002504670000007536
horse-colic,real,HNB,28,0.7777777777777778,0.7662337662337663,0.4454142621747631,0.1346119599857124,0.007317008000029546,0.000723037000000204
horse-colic,real,CFW-NB,29,0.6388888888888888,0.6246992782678429,0.791492597230731,0.26478809527482794,0.025907487999973,0.00022300400001995513
horse-colic,real,HNB,29,0.6666666666666666,0.6493506493506493,0.7501563907195183,0.26283864617553343,0.006478868000044713,0.0006694970000467038
ecoli,real,CFW-NB,0,0.8181818181818182,0.6125960061443932,0.6226897220207105,0.08607265699112927,0.003771888000017043,0.00020495900002970302
ecoli,real,HNB,0,0.7878787878787878,0.7568356374807987,0.6634869718011015,0.16222932952769129,0.0022278380000102516,0.0002944990000059988
ecoli,real,CFW-NB,1,0.7878787878787878,0.5592626728110599,0.6217737770637373,0.19569277872126228,0.0037464279999994687,0.00016439900002751529
ecoli,real,HNB,1,0.9393939393939394,0.8732467532467532,0.32094565526549695,0.1386198846236194,0.0018815770000060184,0.0002543740000078287
ecoli,real,CFW-NB,2,0.8484848484848485,0.7578865578865579,1.0978734642344676,0.08345267901173098,0.003961987000025147,0.00019849900002100185
ecoli,real,HNB,2,0.7575757575757576,0.6903887510339123,0.5733719862473059,0.11538418190413086,0.002152046000048813,0.0002917909999951007
ecoli,real,CFW-NB,3,0.7878787878787878,0.5608862537057263,0.7198273611889494,0.1550823549950504,0.003687579999962054,0.00016770199999882607
ecoli,real,HNB,3,0.9090909090909091,0.9126984126984127,0.2679006097324111,0.10265755235575927,0.002203557000029832,0.00030189300002803066
ecoli,real,CFW-NB,4,0.7272727272727273,0.5240476190476191,0.8180556132597696,0.17829356116221712,0.003306485999985398,0.000174716999993052
ecoli,real,HNB,4,0.8484848484848485,0.7731348573453836,0.6152291022574483,0.16108368755953484,0.0020695580000165137,0.00025653000000147586
ecoli,real,CFW-NB,5,0.6666666666666666,0.43119868637110015,1.8991836690791164,0.2923204578414489,0.003706129000022429,0.00016360600000098202
ecoli,real,HNB,5,0.7272727272727273,0.6298555850279988,0.5450111214749721,0.14171072096568701,0.002066581999997652,0.00026437599996143035
ecoli,real,CFW-NB,6,0.696969696969697,0.5344086021505376,1.2888655502182196,0.1687824531907415,0.0034818919999679565,0.00017359899999291883
ecoli,real,HNB,6,0.7575757575757576,0.7398029556650246,0.9006288092846281,0.15854640753263538,0.00211775400003944,0.0003022550000082447
ecoli,real,CFW-NB,7,0.8125,0.7167032967032967,1.6889085523030634,0.17338755308749973,0.005056694000018069,0.00019206399997528933
ecoli,real,HNB,7,0.84375,0.8158169934640522,0.37022163321623114,0.11085164859375132,0.0024392839999904936,0.00034901499998341023
ecoli,real,CFW-NB,8,0.78125,0.492822966507177,1.9605711337822398,0.2210488535110342,0.004010820000019066,0.00021212199999354198
ecoli,real,HNB,8,0.75,0.4666666666666666,0.5987839270611374,0.20057639586192597,0.002047646999983499,0.0002787489999604986
ecoli,real,CFW-NB,9,0.78125,0.673103448275862,0.4060790614331541,0.13192575198713868,0.0031557350000070983,0.00017929299997376802
ecoli,real,HNB,9,0.75,0.6774171737660581,0.49221722073745533,0.15404922239955088,0.0019858740000131547,0.00024999699996897107
ecoli,real,CFW-NB,10,0.8181818181818182,0.7238095238095238,0.4507536681518389,0.14309953934127378,0.0038274980000210235,0.0001893139999538107
ecoli,real,HNB,10,0.8787878787878788,0.8573891625615764,0.30089424250033786,0.08933566452341175,0.0020891110000320623,0.00026440100003810585
ecoli,real,CFW-NB,11,0.7878787878787878,0.6007278742762614,1.6721508264728306,0.14763204708747402,0.0037033839999480733,0.00020729600004187887
ecoli,real,HNB,11,0.7272727272727273,0.6006451612903226,0.6167395323250862,0.20955018944756965,0.002155979999997726,0.00032451599997784797
ecoli,real,CFW-NB,12,0.696969696969697,0.42729148246389637,0.880846527893364,0.22930031615711877,0.004050608999989436,0.00019401900004822892
ecoli,real,HNB,12,0.7878787878787878,0.6597701149425288,0.6139383854669039,0.13202471440272795,0.002041531000031682,0.00025955299997804104
ecoli,real,CFW-NB,13,0.7575757575757576,0.48545454545454547,2.0241235382673555,0.21701660688943963,0.003612476999990122,0.00024405799996429778
ecoli,real,HNB,13,0.8484848484848485,0.7925925925925925,0.4039990970381188,0.15430395304802996,0.002183158999969237,0.0002995230000237825
ecoli,real,CFW-NB,14,0.696969696969697,0.4876190476190477,0.8510707622706871,0.25447834690124127,0.003610200999958124,0.00016748000001598484
ecoli,real,HNB,14,0.8787878787878788,0.8573891625615764,0.4967345487547536,0.2011634787333003,0.002358604999983527,0.0003421079999839094
ecoli,real,CFW-NB,15,0.8181818181818182,0.6544913151364764,0.4931384692416833,0.17961506212048284,0.0035273290000077395,0.0001527290000353787
ecoli,real,HNB,15,0.8181818181818182,0.7892640692640693,0.4407330292138471,0.12928769730058498,0.002248301999998148,0.00036797399997112734
ecoli,real,CFW-NB,16,0.7878787878787878,0.6026231832683445,0.8086767593800692,0.21633137674313338,0.0036218099999700826,0.00016643999998677828
ecoli,real,HNB,16,0.696969696969697,0.6047619047619047,0.6837400253649555,0.1377092782651677,0.0020910769999886725,0.00028705800002626347
ecoli,real,CFW-NB,17,0.8125,0.7405128205128204,0.7423880741195152,0.09615814492217,0.0034683990000416998,0.00017989700000953235
ecoli,real,HNB,17,0.78125,0.68,0.4990362636910442,0.17523765792199886,0.0021077420000210623,0.00027153400003498973
ecoli,real,CFW-NB,18,0.71875,0.5428571428571429,1.7802102646700688,0.18112246695198195,0.003852579000010792,0.0002011160000279233
ecoli,real,HNB,18,0.875,0.8608789722785666,0.7235408120727058,0.19925631592863158,0.0021793459999912557,0.00027655799999593
ecoli,real,CFW-NB,19,0.90625,0.7911111111111111,1.0318766306559974,0.1345984718468732,0.0035550570000282278,0.00017215100001521932
ecoli,real,HNB,19,0.90625,0.8313725490196078,0.3180686194340878,0.08487093750913564,0.0038601059999905374,0.0003548399999999674
ecoli,real,CFW-NB,20,0.7575757575757576,0.47239454094292804,0.6448368098789273,0.1400493244908112,0.004094285000007858,0.00016708800001197233
ecoli,real,HNB,20,0.8181818181818182,0.7086590038314176,0.47984240488247787,0.10810032880403052,0.0022996769999963362,0.0004068439999969087
ecoli,real,CFW-NB,21,0.8181818181818182,0.617357910906298,0.49183878186799723,0.105435618617722,0.003598366000005626,0.0001969360000089182
ecoli,real,HNB,21,0.7272727272727273,0.6557575757575758,0.5430569696118986,0.16791225956322478,0.002896609999993416,0.0003500170000165781
ecoli,real,CFW-NB,22,0.7878787878787878,0.6228653530377668,0.6148018513597449,0.13744012616835943,0.003981425999995736,0.00016527500002894158
ecoli,real,HNB,22,0.9393939393939394,0.8732467532467532,0.3148212647977833,0.13541846185964884,0.0021580389999940053,0.0002737879999585857
ecoli,real,CFW-NB,23,0.7272727272727273,0.6357206012378426,0.9145420824581297,0.1760831987537182,0.0034402410000211603,0.00018970400003581744
ecoli,real,HNB,23,0.8181818181818182,0.8035960591133005,0.8356223965044269,0.15477913868281656,0.002110541000035937,0.0002903549999473398
ecoli,real,CFW-NB,24,0.8484848484848485,0.8022901829353442,1.3381867258022824,0.20397686280857766,0.004243467000037526,0.00024312300001838594
ecoli,real,HNB,24,0.8484848484848485,0.768103448275862,0.5020119107201513,0.1368722188366654,0.0023046119999889925,0.00033070399996404376
ecoli,real,CFW-NB,25,0.7878787878787878,0.5025051576775714,1.5327777454130556,0.1753077425345131,0.0037461900000153037,0.0001749570000129097
ecoli,real,HNB,25,0.7575757575757576,0.6064335664335665,0.542009417802252,0.18714126487171856,0.00213219600004777,0.0003420799999958035
ecoli,real,CFW-NB,26,0.7878787878787878,0.5873626373626374,0.47108126261701994,0.15535775019743778,0.004073028000050272,0.0002864319999957843
ecoli,real,HNB,26,0.7272727272727273,0.6814102564102564,0.5299587293310645,0.1536628820643806,0.002197787000000062,0.00030742000001282577
ecoli,real,CFW-NB,27,0.75,0.5901689708141321,1.8746722619385106,0.19692109006535322,0.003950583000005281,0.0001849750000246786
ecoli,real,HNB,27,0.78125,0.6851549652118912,0.6358082627336563,0.1561743988032456,0.0024465660000032585,0.0002889729999537849
ecoli,real,CFW-NB,28,0.8125,0.6005128205128205,0.5110645274436919,0.1328535769178153,0.0035061479999853873,0.0001600460000190651
ecoli,real,HNB,28,0.90625,0.8486590038314177,0.2720042095719545,0.11944689977242343,0.0021452880000083496,0.0002915670000334103
ecoli,real,CFW-NB,29,0.625,0.43015873015873013,2.3299978397063392,0.32227375855171575,0.0033711959999891405,0.00015108700000610042
ecoli,real,HNB,29,0.6875,0.5909774436090226,0.7818644865867607,0.1880124024663954,0.0019349789999978384,0.0002486340000018572
yeast,real,CFW-NB,0,0.16216216216216217,0.2406667493377999,4.18462876961867,0.5793447398480616,0.014789585000016814,0.0003505760000166447
yeast,real,HNB,0,0.581081081081081,0.46767404356401127,1.145597350713673,0.11321582752972154,0.0068415740000205005,0.0021576139999979205
yeast,real,CFW-NB,1,0.10810810810810811,0.20507273781610064,4.026966438274306,0.6480402304675786,0.017756666000025234,0.0002582570000413398
yeast,real,HNB,1,0.5608108108108109,0.3637235601757054,1.253162870373621,0.06005604063626669,0.0066165470000214555,0.001623540000025514
yeast,real,CFW-NB,2,0.1891891891891892,0.26139209863663154,2.6769747749680155,0.36977121886683495,0.014973677999989832,0.0002941440000086004
yeast,real,HNB,2,0.6013513513513513,0.4614522651559688,1.034149608457149,0.13759832377933304,0.006108789999984765,0.001658368999983395
yeast,real,CFW-NB,3,0.14864864864864866,0.17223338191080126,4.255207730467026,0.6329211251496502,0.0139407100000426,0.00032046599994828284
yeast,real,HNB,3,0.5202702702702703,0.3848130918594575,1.218379078179008,0.08256374937880508,0.005771590999984255,0.0015483319999702871
yeast,real,CFW-NB,4,0.10810810810810811,0.12378511598901405,4.364018647869861,0.638150664216619,0.017115738000029523,0.0002823909999847274
yeast,real,HNB,4,0.5405405405405406,0.41115780703881394,1.2680896442469514,0.12148120131119479,0.006174361999967459,0.0009585380000203259
yeast,real,CFW-NB,5,0.13513513513513514,0.21956870290203623,3.990985601496781,0.5983589272260574,0.014097540000022946,0.00027861099999881844
yeast,real,HNB,5,0.5067567567567568,0.5070488881158015,1.2303791910524864,0.1277444788842612,0.005686264000019037,0.00099205100002564
yeast,real,CFW-NB,6,0.28378378378378377,0.36207594148770617,4.029545382567875,0.41719609208169717,0.015918386999999257,0.00023950500002456465
yeast,real,HNB,6,0.6283783783783784,0.5659463130331807,1.0809501676619873,0.10723747089514737,0.006002198999965458,0.0009686139999871557
yeast,real,CFW-NB,7,0.16216216216216217,0.2608334593867909,3.7689265393671576,0.571764217309107,0.013796442000000297,0.00023996200002329715
yeast,real,HNB,7,0.6216216216216216,0.5563375350140056,1.0766403280564187,0.0845643226031473,0.005705655999975079,0.0008727790000193636
yeast,real,CFW-NB,8,0.21621621621621623,0.23084282370153109,4.613189632449165,0.5506476090371667,0.014356797000004917,0.00021301200001744292
yeast,real,HNB,8,0.6283783783783784,0.5527538760433532,1.1580474644575438,0.07740731580528265,0.004603997999993226,0.0008195660000183125
yeast,real,CFW-NB,9,0.1360544217687075,0.17366750313801377,4.067057423301324,0.5662343762814,0.01302910200001861,0.00021285899998702007
yeast,real,HNB,9,0.5034013605442177,0.3487046894828537,1.216019607641245,0.10151057626734522,0.004972344000009343,0.0009227480000504329
yeast,real,CFW-NB,10,0.13513513513513514,0.20169312169312167,2.9140361396064676,0.5161215741445521,0.014880172000005132,0.00026222100001405124
yeast,real,HNB,10,0.5608108108108109,0.44825581261311104,1.157680494046404,0.09203027976628823,0.005758635000006507,0.0009109520000265547
yeast,real,CFW-NB,11,0.13513513513513514,0.1270956339810284,4.341193207360348,0.6100262206362793,0.01636318100003109,0.0002784519999750046
yeast,real,HNB,11,0.5067567567567568,0.39771054734017697,1.3149338215664612,0.09244626296969725,0.00649553100004141,0.0011878159999696436
yeast,real,CFW-NB,12,0.16216216216216217,0.159544542303163,3.9150130181577314,0.5994157502493221,0.014680905999966853,0.00025796300002411954
yeast,real,HNB,12,0.5743243243243243,0.41992398096123523,1.2950546990942033,0.08327022337844019,0.005875180000032287,0.0008360830000242458
yeast,real,CFW-NB,13,0.14189189189189189,0.2520254885579963,4.517895385638567,0.460674784054819,0.01513487099998656,0.00036547000001974084
yeast,real,HNB,13,0.5608108108108109,0.4250178982893121,1.1944586956605028,0.1325859452112141,0.005979897000031542,0.0010379149999835136
yeast,real,CFW-NB,14,0.13513513513513514,0.2147783251231527,4.013388699714925,0.5958127392228305,0.015616931000010936,0.0002453349999882448
yeast,real,HNB,14,0.6283783783783784,0.5246057031892056,1.0125665355569973,0.09679503429150622,0.011230597999997372,0.0008685349999950631
yeast,real,CFW-NB,15,0.1891891891891892,0.24663930763221542,4.213939112820792,0.5701325558456609,0.017840196000008746,0.0003034260000163158
yeast,real,HNB,15,0.5337837837837838,0.4085853111709905,1.1752594635155083,0.09087645307296882,0.006283762000009574,0.0014345060000096055
yeast,real,CFW-NB,16,0.20945945945945946,0.2608660130718954,4.144805511323112,0.4667831876673409,0.014624286000014308,0.0002566929999829881
yeast,real,HNB,16,0.6013513513513513,0.47176532587243347,1.2028599552513186,0.0991495184979307,0.00595693000002484,0.0008973939999918912
yeast,real,CFW-NB,17,0.17567567567567569,0.24873246061770654,3.918858895518161,0.576950200415896,0.01393240700002707,0.00023405799998954535
yeast,real,HNB,17,0.6351351351351351,0.602445238391487,1.047752042507182,0.13900085159747547,0.005159829000035643,0.0007759259999602364
yeast,real,CFW-NB,18,0.16891891891891891,0.27225981620718465,4.045913730383395,0.5518405551095212,0.015168829000003825,0.0003043390000243562
yeast,real,HNB,18,0.5743243243243243,0.5465816358257909,1.1861992085025892,0.07290692613902278,0.005901021999989098,0.0008537470000078429
yeast,real,CFW-NB,19,0.1836734693877551,0.25348563408381763,3.835088412044839,0.5756250814432647,0.014733312999965165,0.0002792640000279789
yeast,real,HNB,19,0.5714285714285714,0.3852233748864246,1.0850658080177555,0.1004725960775019,0.005755227000008745,0.000938910999991549
yeast,real,CFW-NB,20,0.16216216216216217,0.29835390946502055,3.863202118034059,0.585378174868338,0.01663233599998648,0.00029690599996001765
yeast,real,HNB,20,0.5540540540540541,0.4751444648704923,1.2218953558526486,0.12335623733424178,0.00930750300000227,0.0030733199999986027
yeast,real,CFW-NB,21,0.20270270270270271,0.22214100759239955,3.887381649761177,0.5382160883439994,0.027427885999998125,0.0003691239999739082
yeast,real,HNB,21,0.5608108108108109,0.5325591090992968,1.1317227113164456,0.06396038758656156,0.009439186000008704,0.0023214370000346207
yeast,real,CFW-NB,22,0.1554054054054054,0.2252588632112294,4.3167328897860076,0.592128774762232,0.01819568700000218,0.0002471629999831748
yeast,real,HNB,22,0.5472972972972973,0.4037447802659153,1.239878657118495,0.12223335161316898,0.005923187999997026,0.0008671310000067933
yeast,real,CFW-NB,23,0.17567567567567569,0.24451191481899384,3.802869414483916,0.5596180831443355,0.01612525299998424,0.0002663209999695937
yeast,real,HNB,23,0.581081081081081,0.47174873845273246,1.170976247374151,0.0892726973259597,0.008427181999991262,0.0015161289999809924
yeast,real,CFW-NB,24,0.13513513513513514,0.1912167653546964,4.417994228108848,0.4744815425507136,0.02008574699999599,0.00031767900003387695
yeast,real,HNB,24,0.5743243243243243,0.4736807679017091,1.1966613573904807,0.10355764844347672,0.009543426999982785,0.001804002000028504
yeast,real,CFW-NB,25,0.14189189189189189,0.23948028334090488,4.189890170525857,0.5925499752241212,0.0165689099999895,0.0002271480000217707
yeast,real,HNB,25,0.581081081081081,0.5291814577923053,1.1263163866750825,0.14554805274173976,0.008468501999971068,0.0014587759999926675
yeast,real,CFW-NB,26,0.19594594594594594,0.17959235657894068,4.438206591429884,0.478257731912809,0.01627057100000684,0.0003160249999609732
yeast,real,HNB,26,0.5743243243243243,0.4515853805637087,1.155906984103266,0.09383817063943463,0.008032311000022219,0.0009429299999510476
yeast,real,CFW-NB,27,0.18243243243243243,0.30360222874781534,4.296181009562559,0.5505842395707703,0.024841570999967644,0.00031599599998344274
yeast,real,HNB,27,0.5878378378378378,0.4225741349235325,1.1176142675868501,0.1019783958598878,0.009509651999962898,0.0013671350000095117
yeast,real,CFW-NB,28,0.17567567567567569,0.1691544266870465,4.046801669311888,0.582508628176557,0.016876961000036772,0.00024221400002488735
yeast,real,HNB,28,0.6216216216216216,0.4490991826202506,1.176174725934854,0.08534307128709084,0.006060435999984293,0.0008806640000216248
yeast,real,CFW-NB,29,0.10884353741496598,0.18165255301040306,2.760195003326312,0.564818348879692,0.025751515999957064,0.00032057299995358335
yeast,real,HNB,29,0.5986394557823129,0.5129252997808922,1.1307157771512522,0.0605306896902215,0.006597805000012613,0.0009753400000249712
penguins,real,CFW-NB,0,0.9714285714285714,0.9642579642579644,0.04740309936441103,0.036821023269252115,0.008220640000047297,0.0002409359999546723
penguins,real,HNB,0,1.0,1.0,0.027861711386382406,0.025742297495299164,0.003024805999984892,0.0023241139999754523
penguins,real,CFW-NB,1,0.9714285714285714,0.9670250896057349,0.06620874065777477,0.04896557206449203,0.004586895000045388,0.00018662999997332008
penguins,real,HNB,1,1.0,1.0,0.01959669637204729,0.018185844432453222,0.0019937440000035167,0.00034616000004916714
penguins,real,CFW-NB,2,0.9714285714285714,0.9636062861869314,0.04836573760018947,0.028571271951728188,0.004462439999997514,0.00018231500001775203
penguins,real,HNB,2,0.9714285714285714,0.9636062861869314,0.10872731486373488,0.019050404349847838,0.0019138399999860667,0.00029686700003139777
penguins,real,CFW-NB,3,1.0,1.0,0.038518609366524056,0.03374634131981204,0.00820822599996518,0.000372284999968997
penguins,real,HNB,3,1.0,1.0,0.013031081692165358,0.012586861905156746,0.003054063999968548,0.0004669549999789524
penguins,real,CFW-NB,4,1.0,1.0,0.032544946195572355,0.028671193351905017,0.0043667009999808215,0.00016009400002303664
penguins,real,HNB,4,1.0,1.0,0.020209816464233973,0.018992835005120175,0.0019592780000152743,0.0002784490000067308
penguins,real,CFW-NB,5,0.9117647058823529,0.8768328445747801,0.12256820088652663,0.04653608320083684,0.005133492000027218,0.0001970859999573804
penguins,real,HNB,5,1.0,1.0,0.01350858481782196,0.01292945443149968,0.001942961999986892,0.00028595999998515254
penguins,real,CFW-NB,6,0.9705882352941176,0.9747545582047685,0.0871278452826957,0.04680187464725487,0.008361225999976796,0.0002802109999606728
penguins,real,HNB,6,0.9705882352941176,0.9747545582047685,0.16025631571286547,0.02412358049399199,0.0036345710000205145,0.0003857400000129019
penguins,real,CFW-NB,7,0.8823529411764706,0.8746438746438746,0.15612756604993627,0.10060613706681838,0.00919305100001111,0.00031754600001931976
penguins,real,HNB,7,0.9705882352941176,0.9662835249042145,0.1578029477286828,0.051355136050823785,0.0035305330000028334,0.0003755600000090453
penguins,real,CFW-NB,8,0.9705882352941176,0.9662835249042145,0.08252884800027548,0.06306403845078587,0.005778786000007585,0.00024801800003615426
penguins,real,HNB,8,1.0,1.0,0.020767894834195028,0.02007791413781378,0.0018811549999782073,0.0003097499999853426
penguins,real,CFW-NB,9,1.0,1.0,0.02867137252887688,0.02337154031046344,0.0044017390000021805,0.00016729999998688072
penguins,real,HNB,9,1.0,1.0,0.013897921155682605,0.013592008080501306,0.0019664040000293426,0.0002833529999861639
penguins,real,CFW-NB,10,1.0,1.0,0.021448792226572973,0.018638119544649345,0.004378438000003371,0.0001864140000407133
penguins,real,HNB,10,1.0,1.0,0.01540059136463265,0.014704887064228072,0.001976110000043718,0.0003126029999975799
penguins,real,CFW-NB,11,0.9714285714285714,0.9670250896057349,0.08575584329772612,0.035402464213646165,0.004151480000018637,0.00018201000000317435
penguins,real,HNB,11,1.0,1.0,0.022770864854973993,0.021146768969736263,0.0019121679999898333,0.00029735800001162715
penguins,real,CFW-NB,12,0.9428571428571428,0.9301587301587301,0.08720843722353903,0.036453917718558354,0.004703989000006459,0.00019251799994890462
penguins,real,HNB,12,1.0,1.0,0.015503012767059144,0.015026227298627008,0.0018163619999995717,0.0002774050000198258
penguins,real,CFW-NB,13,0.9714285714285714,0.9662835249042145,0.0458772727070966,0.024889911277106776,0.004213395999954628,0.0001636369999573617
penguins,real,HNB,13,1.0,1.0,0.024468338164445116,0.02254542809956138,0.0018594530000086706,0.0002879460000144718
penguins,real,CFW-NB,14,1.0,1.0,0.009467044571971466,0.009017475392687066,0.004868349999981092,0.00019419700004164042
penguins,real,HNB,14,1.0,1.0,0.009617766458497124,0.009470671823384836,0.0018891930000108914,0.0002741229999969619
penguins,real,CFW-NB,15,0.9411764705882353,0.935530303030303,0.1406526298489981,0.08510077368441642,0.004130857999996351,0.00014870600000449485
penguins,real,HNB,15,0.9705882352941176,0.9759139784946237,0.16569672969171123,0.03892893518860325,0.0018233349999832171,0.00028406399997038534
penguins,real,CFW-NB,16,0.9705882352941176,0.9662835249042145,0.07939475921810134,0.058968674653070076,0.0044459629999664685,0.00020247799994876914
penguins,real,HNB,16,0.9705882352941176,0.9662835249042145,0.10765610773928487,0.025348702331011268,0.0019482399999901645,0.0003256579999515452
penguins,real,CFW-NB,17,0.9411764705882353,0.9301587301587301,0.08221471799087257,0.05664769031502409,0.004170229000010295,0.00018385800001397
penguins,real,HNB,17,1.0,1.0,0.03372571951793752,0.03114866586725678,0.001910928999961925,0.00034557200001472665
penguins,real,CFW-NB,18,0.9117647058823529,0.890818858560794,0.13481368603618438,0.04796929954687246,0.004529934000004232,0.0002294280000114668
penguins,real,HNB,18,0.9411764705882353,0.9301587301587301,0.1781318182307635,0.0581700987395601,0.0019376910000232783,0.0003040840000494427
penguins,real,CFW-NB,19,1.0,1.0,0.03420307901830036,0.030033089525794684,0.004240765000020019,0.0001594159999740441
penguins,real,HNB,19,1.0,1.0,0.007689256837604387,0.00760727682624851,0.0018114330000003065,0.00027948600001082013
penguins,real,CFW-NB,20,1.0,1.0,0.04629567580543954,0.03838507874898364,0.004358668999998372,0.00020019199996568204
penguins,real,HNB,20,0.9714285714285714,0.9670250896057349,0.11572311675295816,0.03393590498265339,0.0019427079999445596,0.00032100099997478537
penguins,real,CFW-NB,21,1.0,1.0,0.04951568621176353,0.041214359375237986,0.004148236999981236,0.00016196799998624556
penguins,real,HNB,21,1.0,1.0,0.009721414460515223,0.009576107172366566,0.0018006749999699423,0.000278094999998757
penguins,real,CFW-NB,22,0.9714285714285714,0.9636062861869314,0.08944064671716401,0.0485409547335043,0.0043372439999984636,0.00016241599996646983
penguins,real,HNB,22,0.9714285714285714,0.9636062861869314,0.13058748333697642,0.03642703646193517,0.00177780899997515,0.0002775809999775447
penguins,real,CFW-NB,23,0.9714285714285714,0.9636062861869314,0.05487771970186002,0.015733914956446,0.0042928699999720266,0.00017963999999892621
penguins,real,HNB,23,1.0,1.0,0.01711720312581316,0.016373387705675282,0.001978536000024178,0.00034198200000901124
penguins,real,CFW-NB,24,0.9705882352941176,0.9628647214854111,0.057955964268908575,0.041913265268106535,0.005181921999962924,0.00018813999997746578
penguins,real,HNB,24,1.0,1.0,0.022374712571182245,0.02047288724245163,0.001859124000020529,0.00030860700002222075
penguins,real,CFW-NB,25,0.9705882352941176,0.9628647214854111,0.06053705726981298,0.0438099666062759,0.004504716999974789,0.00029412999998612577
penguins,real,HNB,25,1.0,1.0,0.020795421204100488,0.019454967500901213,0.0018804590000058852,0.0003046830000243972
penguins,real,CFW-NB,26,0.9411764705882353,0.9345238095238096,0.082536581882646,0.05447393109675868,0.0048180409999645235,0.00018865100003040425
penguins,real,HNB,26,1.0,1.0,0.02263332541383491,0.02141824362535863,0.001962075999983881,0.0003074040000115019
penguins,real,CFW-NB,27,1.0,1.0,0.018547539106294565,0.016509619104522085,0.004503384000031474,0.0002053399999795147
penguins,real,HNB,27,1.0,1.0,0.016687559910815275,0.016104822445879154,0.0018438430000173867,0.00030023700003312115
penguins,real,CFW-NB,28,0.8823529411764706,0.8743961352657005,0.19000584991115654,0.10288866207917237,0.004380367999999635,0.0002242260000002716
penguins,real,HNB,28,0.9705882352941176,0.9747545582047685,0.1510543660969941,0.030428085315653587,0.001871103000041785,0.0007489550000059353
penguins,real,CFW-NB,29,0.9705882352941176,0.9636062861869314,0.044431795529743155,0.0348063157465858,0.004322083000033672,0.00015686599999753525
penguins,real,HNB,29,1.0,1.0,0.02687012181979473,0.023376132686415748,0.001861372999997002,0.0002757179999548498
mushroom,real,CFW-NB,0,0.935,0.9349202773397411,0.30421940170741896,0.06697917417903321,0.2441564709999966,0.00038253500002838337
mushroom,real,HNB,0,1.0,1.0,0.0001138691248757922,0.00011330790443142558,0.01560821800001122,0.0071273560000122416
mushroom,real,CFW-NB,1,0.93,0.9297029951545279,0.4382750018845721,0.10070444996350104,0.2530928990000234,0.0005523579999930917
mushroom,real,HNB,1,1.0,1.0,0.0006849794716007036,0.0006579013934221589,0.01374320899998338,0.005322644000045784
mushroom,real,CFW-NB,2,0.9175,0.9173507147284783,0.3944614151626682,0.09076641099732953,0.24094891200002166,0.0004148699999859673
mushroom,real,HNB,2,1.0,1.0,0.0005424848328481456,0.000528000724029587,0.012013180999986162,0.0047100869999781025
mushroom,real,CFW-NB,3,0.9175,0.9171764705882353,0.3935830064766859,0.09067660784403409,0.2572067950000019,0.0013733870000010029
mushroom,real,HNB,3,0.9975,0.9974954762038932,0.006446541748948189,0.0025215942129225622,0.016598745999999664,0.0059863769999992655
mushroom,real,CFW-NB,4,0.93,0.9296553110240177,0.5346344920548657,0.10266241603021992,0.2064334329999724,0.0006455469999764318
mushroom,real,HNB,4,1.0,1.0,0.00011494176764321138,0.0001144785094950862,0.015046405000020968,0.004782129000034274
mushroom,real,CFW-NB,5,0.9175,0.9173134384454926,0.33255376300510475,0.08572083389267876,0.24838089200000013,0.0004295360000128312
mushroom,real,HNB,5,1.0,1.0,0.0010032954112963463,0.0009622567099225965,0.014296924000007039,0.0056267520000119475
mushroom,real,CFW-NB,6,0.9225,0.9224413462681152,0.3291891008275087,0.09365153242555335,0.24025787200002924,0.00042649699997809876
mushroom,real,HNB,6,0.9975,0.9974964794241903,0.005736524614210723,0.0022594932879539064,0.013718363999998928,0.00534058499999901
mushroom,real,CFW-NB,7,0.9075,0.9073326195440514,0.627471077001603,0.11168355569205568,0.2616333870000176,0.0003747799999587187
mushroom,real,HNB,7,1.0,1.0,0.0008687134908820951,0.0008304136661280498,0.014823002000014185,0.005796145999966029
mushroom,real,CFW-NB,8,0.9425,0.9423410775951215,0.4136836143444945,0.07793943514962287,0.25578117499998143,0.0003817450000269673
mushroom,real,HNB,8,1.0,1.0,0.00013679090736733702,0.00013579607751434963,0.013062943999955223,0.004824609999957374
mushroom,real,CFW-NB,9,0.92,0.9199979999499988,0.42380679399714494,0.07958908620731417,0.21956652800002985,0.00042388299999629453
mushroom,real,HNB,9,1.0,1.0,0.0008793060061749305,0.0008365515735841006,0.014466257000037785,0.006036107999989326
mushroom,real,CFW-NB,10,0.935,0.9348958333333333,0.26260437319223146,0.06512764740173438,0.21415804600002275,0.0004514469999890025
mushroom,real,HNB,10,1.0,1.0,0.000856729555259909,0.000818270526066639,0.014174289999971279,0.005789907999997013
mushroom,real,CFW-NB,11,0.93,0.9299719887955182,0.3543873676928759,0.09418110742609738,0.22325411899998926,0.000596586999961346
mushroom,real,HNB,11,1.0,1.0,0.0006069265321564624,0.0005774418090360059,0.014855955000030008,0.005388247999974283
mushroom,real,CFW-NB,12,0.925,0.9248798076923077,0.44442729594058783,0.10272017224808169,0.21539559999996527,0.000733455000045069
mushroom,real,HNB,12,1.0,1.0,0.0002583510218031854,0.000254642986674547,0.014699016000008669,0.005382061999966936
mushroom,real,CFW-NB,13,0.9025,0.9020537323178733,0.5699971414562894,0.10274312005737951,0.22023797099996045,0.000555704000021251
mushroom,real,HNB,13,1.0,1.0,0.00021217140753898673,0.00020676162883870308,0.014506704999973863,0.005298263999975461
mushroom,real,CFW-NB,14,0.9175,0.9171223888843544,0.3762457936776082,0.08611953116767901,0.22079680999996754,0.0004126279999923099
mushroom,real,HNB,14,0.9975,0.9974954762038932,0.00705856842902201,0.0029500496650456936,0.014220502999990003,0.005135471000016878
mushroom,real,CFW-NB,15,0.9375,0.9373586654890096,0.40244010847261774,0.10069936377675401,0.2275085940000281,0.0003773789999854671
mushroom,real,HNB,15,1.0,1.0,0.00020364284661936676,0.00020153031967840018,0.021620024000014837,0.005521731999976964
mushroom,real,CFW-NB,16,0.9375,0.937386905097332,0.5169608092474874,0.11313447648405547,0.25782116200002747,0.0007184159999837902
mushroom,real,HNB,16,1.0,1.0,0.0008480988929684386,0.0007954484913257566,0.014768195999977252,0.005084402000022692
mushroom,real,CFW-NB,17,0.9,0.8999374609130707,0.5710347897023245,0.07284618022655776,0.22607419000001983,0.0007189139999468352
mushroom,real,HNB,17,1.0,1.0,0.0008385733255962453,0.0008151224834941678,0.030563594000000194,0.0054461809999679645
mushroom,real,CFW-NB,18,0.93,0.9299562226391496,0.32201660090091955,0.0731555970070793,0.23157644899998786,0.00046685900002785274
mushroom,real,HNB,18,1.0,1.0,0.0002557987574290233,0.0002500716405077208,0.013521671000034985,0.0050298719999659625
mushroom,real,CFW-NB,19,0.9225,0.9220904881282239,0.3291180276102853,0.08281666672952166,0.2429777369999897,0.0005651830000488189
mushroom,real,HNB,19,0.9975,0.9974964794241903,0.006750840559106046,0.0019592859135419585,0.018940886999985196,0.007344368999952167
mushroom,real,CFW-NB,20,0.9175,0.9173838209982788,0.4686622443822377,0.09079350511978307,0.255408693999982,0.0007056399999783025
mushroom,real,HNB,20,1.0,1.0,0.0003878288713212745,0.0003800859515885283,0.01752699000002167,0.004916282000010597
mushroom,real,CFW-NB,21,0.9325,0.9323134389160123,0.4284739381843838,0.08582207971935736,0.27389723599998206,0.0004298599999970065
mushroom,real,HNB,21,1.0,1.0,0.000833920494311882,0.0008089229777646864,0.021977117999995244,0.005723644999989119
mushroom,real,CFW-NB,22,0.925,0.9247290244881574,0.38536367539349264,0.08448531326921799,0.3731397870000137,0.00037849599999617567
mushroom,real,HNB,22,0.995,0.994989854455272,0.016502685133829232,0.005314737338801454,0.013818931999992401,0.005018421999977818
mushroom,real,CFW-NB,23,0.935,0.934868107918535,0.39686269825426396,0.0886189271640318,0.28648125299997673,0.0005031239999766512
mushroom,real,HNB,23,1.0,1.0,0.000626222894277796,0.00060468657823254,0.015823331999968104,0.005635681999990538
mushroom,real,CFW-NB,24,0.9275,0.9273979033015177,0.25970354322993683,0.06634027765910769,0.2347574070000178,0.00041227600002002873
mushroom,real,HNB,24,1.0,1.0,0.00010803996209526519,0.00010668991251638893,0.016533123999977306,0.00810067300000128
mushroom,real,CFW-NB,25,0.9075,0.907244342218239,0.5182881540690928,0.11784316592931021,0.2566130729999827,0.0007447950000027959
mushroom,real,HNB,25,1.0,1.0,0.0007304071231604492,0.0007043583818244081,0.015483080999956655,0.0069576949999827775
mushroom,real,CFW-NB,26,0.9275,0.9272996195764576,0.42599992096861067,0.09406161732058019,0.21395975499996212,0.0003969740000115962
mushroom,real,HNB,26,1.0,1.0,0.0004059368905171713,0.0003961852613795225,0.0163273499999832,0.005464735000032306
mushroom,real,CFW-NB,27,0.92,0.9197572657288298,0.37148546528951276,0.08900559560378463,0.22023914900000818,0.0005025889999501487
mushroom,real,HNB,27,1.0,1.0,0.0006088424366904978,0.0005845834203288669,0.018416247999994084,0.0077238540000053035
mushroom,real,CFW-NB,28,0.92,0.9199499687304565,0.33969246852154733,0.07033528946638734,0.23970502100002022,0.0005399910000392083
mushroom,real,HNB,28,1.0,1.0,0.00022651008882527323,0.00022309927816921427,0.013905758000021251,0.005217926000000261
mushroom,real,CFW-NB,29,0.92,0.9199279351416274,0.5508475322534211,0.10347757506442624,0.23910698399998864,0.0005458150000094975
mushroom,real,HNB,29,1.0,1.0,0.00040390491507888795,0.00038685481901248463,0.013748410000005151,0.005209266999997908
soybean,real,CFW-NB,0,0.8088235294117647,0.8832032195594287,4.334420633637971,0.17869992601046134,0.1448161920000075,0.0005435400000237678
soybean,real,HNB,0,0.9411764705882353,0.9364278752436648,0.18983081450748426,0.05050098649462867,0.15753514099998256,0.06397340699999177
soybean,real,CFW-NB,1,0.8382352941176471,0.8857142857142857,3.696364168290541,0.14964831234581202,0.17484105400001226,0.0005786209999882885
soybean,real,HNB,1,0.9411764705882353,0.9595098858256753,0.20163738869748218,0.05710584556051172,0.16056590299996287,0.02550148400001717
soybean,real,CFW-NB,2,0.8529411764705882,0.927991452991453,3.863225195565992,0.14478300833693475,0.14686560000001236,0.0006120539999869834
soybean,real,HNB,2,0.9117647058823529,0.954647785039942,0.19291886141561332,0.07235091915621195,0.15680127100000618,0.05155518999998776
soybean,real,CFW-NB,3,0.8529411764705882,0.9183670033670034,3.625734056105329,0.14863086578449383,0.1334144180000294,0.0004715320000059364
soybean,real,HNB,3,0.9558823529411765,0.9821950710108607,0.10275861097153627,0.03282880085116886,0.1613180390000366,0.06897154500001079
soybean,real,CFW-NB,4,0.8529411764705882,0.9081756549787241,3.424225922098304,0.1349861459693621,0.1304639189999648,0.00104720299998462
soybean,real,HNB,4,0.8970588235294118,0.910650623885918,0.15969197913150568,0.07241615546458412,0.16805641199999855,0.018010322000009182
soybean,real,CFW-NB,5,0.835820895522388,0.9079725628638672,3.8464461790914455,0.16858703823627347,0.12727460100001053,0.00044696499998053696
soybean,real,HNB,5,0.9850746268656716,0.9938080495356039,0.06732939922668708,0.0299328304460152,0.14788145300002498,0.030201879000003373
soybean,real,CFW-NB,6,0.8805970149253731,0.9211303473451812,3.2123934995202483,0.1188544552799442,0.1265823159999968,0.0008843530000035571
soybean,real,HNB,6,0.9552238805970149,0.9732752360203342,0.07056619215346198,0.028767801983058252,0.17993467000002283,0.019826472000033846
soybean,real,CFW-NB,7,0.8507462686567164,0.9103139997257644,3.50283033855327,0.13644828516859334,0.13401957300004597,0.0006430569999906766
soybean,real,HNB,7,0.9402985074626866,0.9507797270955165,0.18385466873678946,0.05694373094724214,0.22385997800000723,0.019668029000001752
soybean,real,CFW-NB,8,0.8656716417910447,0.922724189390856,3.627342381202113,0.12352773739757428,0.13605859099999407,0.0006364270000176475
soybean,real,HNB,8,0.9552238805970149,0.9816425120772947,0.13625688312051723,0.03176987536065128,0.16212490399999524,0.04314366900001687
soybean,real,CFW-NB,9,0.8656716417910447,0.939719887955182,3.359723329865682,0.12851115534079383,0.18726549600000908,0.000892050000004474
soybean,real,HNB,9,0.9402985074626866,0.960817075368159,0.14839939814133024,0.05129404325084006,0.162133740999991,0.02370036400003528
soybean,real,CFW-NB,10,0.8235294117647058,0.893821973233738,4.7858913494730135,0.18170309520971767,0.13797036900001558,0.0007387769999809279
soybean,real,HNB,10,0.9264705882352942,0.9687817155847847,0.2011587755629176,0.06377131549048243,0.16152002099994434,0.01868281899999147
soybean,real,CFW-NB,11,0.8676470588235294,0.9151182695300343,3.5043094202062806,0.1350798748922165,0.16944808699997793,0.0005273530000522442
soybean,real,HNB,11,0.9264705882352942,0.9596468890586538,0.22420692696746358,0.06808488152736158,0.155052167000008,0.016928405999976803
soybean,real,CFW-NB,12,0.8382352941176471,0.9130158730158731,4.20141315095593,0.1594111429836124,0.12462443399999756,0.000505781000015304
soybean,real,HNB,12,0.9558823529411765,0.980952380952381,0.11124465208391815,0.02032044716375106,0.15085872100002007,0.01688327700003356
soybean,real,CFW-NB,13,0.8382352941176471,0.9155593262946203,4.05890085371639,0.1666082239685553,0.13157150699998965,0.0005832069999769374
soybean,real,HNB,13,0.9558823529411765,0.9430143987419528,0.09511616175759885,0.0359541742302291,0.1644368899999904,0.017774533999954656
soybean,real,CFW-NB,14,0.8676470588235294,0.9142552235582926,2.903471808326179,0.12722981942586553,0.13136587799999688,0.0004985379999880024
soybean,real,HNB,14,0.9558823529411765,0.9660575048732944,0.16555940762811547,0.03312868356708039,0.16479257100002087,0.04808914000000186
soybean,real,CFW-NB,15,0.8059701492537313,0.8846009110714994,4.507963244267845,0.18967338736830827,0.12543828999997686,0.0009878649999564004
soybean,real,HNB,15,0.8955223880597015,0.9179681229216832,0.26726772683027733,0.07516269151234917,0.15360116299996207,0.014764055000000553
soybean,real,CFW-NB,16,0.8507462686567164,0.9212755381873029,3.4825074852883655,0.1456360902277307,0.12828384299996287,0.0009002649999843015
soybean,real,HNB,16,0.9552238805970149,0.9735810113519092,0.10452558226907116,0.03683090350611349,0.1499114430000077,0.01551186400001825
soybean,real,CFW-NB,17,0.8059701492537313,0.8982498982498982,4.180386770714789,0.18401248406024762,0.1322124780000422,0.0006687119999924107
soybean,real,HNB,17,0.9253731343283582,0.9681124975242622,0.2232282509679934,0.07263682091023145,0.15886806499997874,0.02050882499997897
soybean,real,CFW-NB,18,0.8059701492537313,0.8988536155202822,4.316773073409037,0.17356522074779657,0.12733176099999355,0.000506266999991567
soybean,real,HNB,18,0.9402985074626866,0.9758639021796918,0.13531067515025982,0.04943291518642967,0.17503503099999307,0.01882075700001451
soybean,real,CFW-NB,19,0.9253731343283582,0.9501624431448994,1.7525082805531225,0.07139244070567505,0.13494581500003733,0.0007207259999972848
soybean,real,HNB,19,0.9701492537313433,0.9792989417989418,0.06297722943815005,0.021130855606722822,0.1686878300000103,0.018124174000035964
soybean,real,CFW-NB,20,0.8676470588235294,0.9417191377975692,3.5985112324904347,0.1313731577911582,0.12777087700004586,0.0006436680000092565
soybean,real,HNB,20,0.9264705882352942,0.9679754942912838,0.20671628176720186,0.05739249681072464,0.15428812999999764,0.016640981999955784
soybean,real,CFW-NB,21,0.8382352941176471,0.9062858981976629,3.6845259839584976,0.15320823060673194,0.13471715500003256,0.0006823159999953532
soybean,real,HNB,21,0.9705882352941176,0.964178419905974,0.09255075413220082,0.04274148000814446,0.15375528099997382,0.01619727999997167
soybean,real,CFW-NB,22,0.8235294117647058,0.8795891690009338,4.3151876724497535,0.16518730766744738,0.14774160800004665,0.000817487999995592
soybean,real,HNB,22,0.9411764705882353,0.9669172932330827,0.15986806603583337,0.05368113223864574,0.162160383000014,0.015960503000030712
soybean,real,CFW-NB,23,0.8235294117647058,0.8973541980894922,3.5818137210699375,0.17153562889074045,0.14073520199997347,0.001082710000048337
soybean,real,HNB,23,0.9411764705882353,0.9605664488017429,0.25104380336877685,0.0638263627083451,0.19255449100000988,0.01897365100001025
soybean,real,CFW-NB,24,0.8676470588235294,0.9240047534165181,3.216498767907202,0.12454340171456285,0.12559064300000955,0.0008836330000008275
soybean,real,HNB,24,0.9117647058823529,0.9396686159844054,0.20237946983712746,0.06451284685956742,0.14842559499999197,0.015865421999990303
soybean,real,CFW-NB,25,0.8656716417910447,0.9203852247969895,3.0523952070746123,0.1285933084768213,0.1367747439999789,0.000809132000028967
soybean,real,HNB,25,0.9701492537313433,0.9874999999999999,0.0926775785163089,0.03908701870689521,0.137581646000001,0.014537754000002678
soybean,real,CFW-NB,26,0.8955223880597015,0.9359737484737486,2.4517689839737526,0.1099170533938625,0.12974577800002862,0.0005404960000419123
soybean,real,HNB,26,1.0,1.0,0.009313255524910727,0.008602403595260927,0.15702507800000376,0.01654344800004992
soybean,real,CFW-NB,27,0.8805970149253731,0.9327737420768112,2.911560286608059,0.1078711679820485,0.11114173300001084,0.000730218999990484
soybean,real,HNB,27,0.9552238805970149,0.9578703703703704,0.11714599253150841,0.04245439782692528,0.13004952000000003,0.015282393000006778
soybean,real,CFW-NB,28,0.8507462686567164,0.930357142857143,3.9388759080645013,0.14125666133470277,0.10340022799999815,0.0005918689999475646
soybean,real,HNB,28,0.9701492537313433,0.9874860763018659,0.13189978150712867,0.04237350371754805,0.1490898669999865,0.01688844099999187
soybean,real,CFW-NB,29,0.7313432835820896,0.8317760942760943,6.92802590605175,0.2588059103880387,0.11193245399999796,0.00045764699996198033
soybean,real,HNB,29,0.8805970149253731,0.9315531489444532,0.30618753948031685,0.07778157540301564,0.1167518879999534,0.015212485999995806
splice-dna,real,CFW-NB,0,0.9184952978056427,0.9123701150753156,0.18600135932157888,0.03370787581749761,1.4562534789999972,0.0011124309999672732
splice-dna,real,HNB,0,0.9623824451410659,0.9589194961836857,0.11681926671980497,0.01910474605929289,0.09609132799999998,0.05288897899998801
splice-dna,real,CFW-NB,1,0.9153605015673981,0.913258449968732,0.3950986641543257,0.054468880173499004,1.4145049470000117,0.0006828429999927721
splice-dna,real,HNB,1,0.9561128526645768,0.9534503436942461,0.13922266890651458,0.02594723431723237,0.10573534499997095,0.06958596100002978
splice-dna,real,CFW-NB,2,0.9122257053291536,0.9073666481315831,0.2322785387544345,0.0315398603760256,1.3404531989999668,0.0010112609999737288
splice-dna,real,HNB,2,0.9655172413793104,0.9640212757890403,0.094171560877308,0.015328120135185634,0.10219119300001012,0.04585744599995678
splice-dna,real,CFW-NB,3,0.9341692789968652,0.923396895317843,0.2634014375633454,0.026991431742387405,1.366979399999991,0.0007000940000239098
splice-dna,real,HNB,3,0.9717868338557993,0.9688394035399858,0.10603282283485913,0.013923002938423102,0.10037287699998387,0.06669328500004212
splice-dna,real,CFW-NB,4,0.8840125391849529,0.8735682041481302,0.330460604720306,0.0452506631907679,1.5165904490000344,0.0008086480000315532
splice-dna,real,HNB,4,0.9655172413793104,0.962976679332666,0.09379961797261181,0.016711363708108815,0.1393217870000285,0.06231312700003855
splice-dna,real,CFW-NB,5,0.9090909090909091,0.9016681433891375,0.3977204342291669,0.04488503421674081,1.5040189120000491,0.0008609040000351342
splice-dna,real,HNB,5,0.9498432601880877,0.943147413346089,0.1726888034786644,0.022665448235325035,0.10643379599997616,0.049364295999964725
splice-dna,real,CFW-NB,6,0.9153605015673981,0.9113747028236521,0.44408083190312164,0.032409263318963134,1.4309502699999825,0.0005708180000283392
splice-dna,real,HNB,6,0.9561128526645768,0.9523380962860098,0.11788485582713523,0.023923620850849373,0.14275866099995937,0.05871333899995079
splice-dna,real,CFW-NB,7,0.9090909090909091,0.8993162486833374,0.274270223409205,0.019341688609056707,1.3573731879999968,0.0006033649999608315
splice-dna,real,HNB,7,0.9498432601880877,0.9447941253606085,0.13184770353470499,0.02746412363715635,0.07150153700001738,0.03898852099996475
splice-dna,real,CFW-NB,8,0.940251572327044,0.9334336360835377,0.2479462306773485,0.02729888268423486,1.3040580489999911,0.0005853229999956966
splice-dna,real,HNB,8,0.9811320754716981,0.9810792222529724,0.09606635403159144,0.021424684697295974,0.0761899330000233,0.043760910999992575
splice-dna,real,CFW-NB,9,0.9213836477987422,0.9114538339728818,0.1869285050887428,0.03091986874023111,1.3819787360000078,0.0008264049999979761
splice-dna,real,HNB,9,0.9591194968553459,0.9549450453904815,0.10590965725171732,0.02298684292717423,0.09139698500001714,0.04284838600000285
splice-dna,real,CFW-NB,10,0.9404388714733543,0.9352936780456339,0.23724935952978002,0.01674543422968459,1.3892359359999773,0.0005735550000167677
splice-dna,real,HNB,10,0.9717868338557993,0.9695558293727631,0.1089198384334046,0.02213472845818412,0.07296975000002703,0.038288083999987066
splice-dna,real,CFW-NB,11,0.9059561128526645,0.8983299826115432,0.4708539806610558,0.04734917448248389,1.1864168829999926,0.0006131989999857979
splice-dna,real,HNB,11,0.9435736677115988,0.9400492521450605,0.17346592584617423,0.03345639180030087,0.08767006200002925,0.07024061999999276
splice-dna,real,CFW-NB,12,0.9310344827586207,0.9277683143630494,0.19331584455441983,0.02518656305316566,1.4111780669999803,0.0008786129999975856
splice-dna,real,HNB,12,0.9561128526645768,0.9536716370049704,0.10934112403263357,0.02409060163360356,0.07097369400003117,0.03860294100002193
splice-dna,real,CFW-NB,13,0.9435736677115988,0.9369694062326115,0.2566414217646841,0.02768478350110856,1.408092818,0.0006534309999892685
splice-dna,real,HNB,13,0.9717868338557993,0.970364542355101,0.12500503120668158,0.02171731894693495,0.09381597999998803,0.04463988600002722
splice-dna,real,CFW-NB,14,0.8996865203761756,0.8902816647631336,0.334536996429776,0.042422408687204795,1.3578427020000277,0.0006666109999855507
splice-dna,real,HNB,14,0.9592476489028213,0.9542208111010896,0.11635665680701829,0.0134564558178288,0.09975947800000995,0.041452079999999114
splice-dna,real,CFW-NB,15,0.9184952978056427,0.9108304420151123,0.2744700222944964,0.033925880261271565,1.420165747999988,0.0009423669999932827
splice-dna,real,HNB,15,0.9561128526645768,0.9523055314698423,0.17460683083936868,0.031297496332382324,0.11537152199997536,0.04447380400000611
splice-dna,real,CFW-NB,16,0.9184952978056427,0.9100699778119132,0.20360335282383368,0.029392384285448662,1.5403402879999817,0.0007004169999618171
splice-dna,real,HNB,16,0.9686520376175548,0.9636350858362244,0.06929093396851811,0.016777850424569904,0.09849327999995694,0.0483222069999556
splice-dna,real,CFW-NB,17,0.8996865203761756,0.8917669143338117,0.39769272167176684,0.0568729749864553,1.462612842999988,0.0007857370000010633
splice-dna,real,HNB,17,0.9498432601880877,0.9422799422799423,0.12952989622242767,0.02693027427073842,0.10313777599998275,0.10633537400002524
splice-dna,real,CFW-NB,18,0.9088050314465409,0.9024742147359551,0.30297216722366344,0.037820671474916794,1.4557123110000134,0.0006878870000264214
splice-dna,real,HNB,18,0.9685534591194969,0.9657173236120604,0.08318612927225756,0.01180648044971485,0.09563172800000075,0.07323511099997404
splice-dna,real,CFW-NB,19,0.9088050314465409,0.9039845650026218,0.30053147634020966,0.027563696244259663,1.5371691290000058,0.0007505890000061299
splice-dna,real,HNB,19,0.9716981132075472,0.9688995136578685,0.07975086184647769,0.020387446850282806,0.09213934600001039,0.04426018300000578
splice-dna,real,CFW-NB,20,0.9122257053291536,0.9059444348266554,0.21151683670178223,0.029210942547727988,1.5725103510000054,0.0006598679999569868
splice-dna,real,HNB,20,0.9373040752351097,0.9356361438042408,0.13977353550870605,0.033614636656699136,0.09581198900002619,0.04180097500000102
splice-dna,real,CFW-NB,21,0.9153605015673981,0.907480778491716,0.3610360941278103,0.02918754288261172,1.416619406000052,0.0006464330000426344
splice-dna,real,HNB,21,0.9749216300940439,0.9711390600074887,0.09405159404775015,0.010775787990024852,0.09252308899999662,0.054425455999989936
splice-dna,real,CFW-NB,22,0.8808777429467085,0.8694221862955382,0.33420105579036824,0.052613795260037344,1.4453421860000049,0.0007273460000192244
splice-dna,real,HNB,22,0.9561128526645768,0.951597374069816,0.1227796220001996,0.017919073817777624,0.09197182200000498,0.04403601200004914
splice-dna,real,CFW-NB,23,0.9341692789968652,0.9296263274454519,0.18993433025932674,0.013433963713726816,1.4595964939999817,0.0005852480000498872
splice-dna,real,HNB,23,0.9811912225705329,0.9786087310146375,0.07819995777828866,0.01588400361589784,0.09504663299998128,0.048578234999979486
splice-dna,real,CFW-NB,24,0.9184952978056427,0.9148138987367282,0.3019095336131949,0.04266746040524206,1.3593527490000383,0.0007332559999895238
splice-dna,real,HNB,24,0.9435736677115988,0.9397136157716212,0.14699234726687185,0.03399249909183297,0.09518996799999968,0.07693580199997996
splice-dna,real,CFW-NB,25,0.9028213166144201,0.8927749596348704,0.29708559322019296,0.027084516663724474,1.398215085000004,0.0008114329999671099
splice-dna,real,HNB,25,0.9623824451410659,0.9610059574289872,0.13096017554819345,0.023599608657648093,0.09703775400004133,0.07457514300000412
splice-dna,real,CFW-NB,26,0.9153605015673981,0.9138327785097465,0.3937713537692291,0.047015871230597146,1.3988943830000267,0.0014235799999937626
splice-dna,real,HNB,26,0.9686520376175548,0.9660537961142436,0.0984656960846018,0.016238296472823762,0.10559274899998172,0.056346978999954445
splice-dna,real,CFW-NB,27,0.9216300940438872,0.9172146418981862,0.2796373260077514,0.03398568268020045,1.2332603100000483,0.0006921259999899121
splice-dna,real,HNB,27,0.9498432601880877,0.9405250411702024,0.16947698457816068,0.021391088719681962,0.07405515900001092,0.04370793600003253
splice-dna,real,CFW-NB,28,0.9433962264150944,0.9373294200280955,0.25596344327595516,0.029465570433488915,1.437988216000008,0.000676349000002574
splice-dna,real,HNB,28,0.9779874213836478,0.9738464870405847,0.09934531060420981,0.015658938657455202,0.0943592329999774,0.045074756000019534
splice-dna,real,CFW-NB,29,0.9371069182389937,0.9315332462777195,0.35584774730499263,0.03421438179155669,1.4181955230000085,0.0007284959999651619
splice-dna,real,HNB,29,0.9779874213836478,0.9776553023611848,0.10237524814365397,0.018390553322741213,0.1011234320000085,0.046374797999988004
credit-aus,real,CFW-NB,0,0.7971014492753623,0.7839892665474061,0.6101576239838075,0.13690710628378305,0.029840716000023804,0.0003276599999821883
credit-aus,real,HNB,0,0.8115942028985508,0.8090270385352353,0.46858811243178394,0.08862626794328769,0.005487489999950412,0.0007591560000150821
credit-aus,real,CFW-NB,1,0.8115942028985508,0.8008879023307436,0.8102569006995359,0.17271860796473498,0.02755973199998607,0.0003193590000023505
credit-aus,real,HNB,1,0.9130434782608695,0.9115384615384616,0.2622000297941375,0.08568758238482554,0.0059094409999715936,0.0008780740000133846
credit-aus,real,CFW-NB,2,0.7391304347826086,0.7177272727272728,0.6891406927408994,0.19735898656839965,0.03513316800001576,0.00030154600000287246
credit-aus,real,HNB,2,0.9130434782608695,0.9121392190152802,0.33276826174768087,0.09145663707276397,0.00669976499995073,0.0010475860000269677
credit-aus,real,CFW-NB,3,0.7536231884057971,0.7483372666809698,1.0140433578616288,0.2222949909806153,0.027203366000037477,0.0002629109999929824
credit-aus,real,HNB,3,0.8260869565217391,0.8251689189189189,0.4892427994530619,0.14986731862431707,0.005685789999972712,0.0007990430000290871
credit-aus,real,CFW-NB,4,0.7246376811594203,0.7160493827160493,0.7336744073985632,0.20239162668415628,0.03042897500000663,0.00022174200000790734
credit-aus,real,HNB,4,0.8260869565217391,0.8260504201680672,0.45683199119175627,0.07005530322070219,0.006000782999990406,0.0007344360000161032
credit-aus,real,CFW-NB,5,0.7391304347826086,0.7177272727272728,0.7307505442745161,0.18123951168740887,0.027769663000015044,0.0003033080000136579
credit-aus,real,HNB,5,0.8260869565217391,0.8215517241379311,0.46186354073561803,0.11359928963285054,0.005446731000006366,0.0007535000000302716
credit-aus,real,CFW-NB,6,0.8840579710144928,0.8834459459459459,0.4655234364634172,0.1106988084725441,0.027640722000001006,0.0002370309999832898
credit-aus,real,HNB,6,0.927536231884058,0.9265488609750905,0.18585945063664386,0.08920524062486862,0.005011674000002131,0.0009660189999749491
credit-aus,real,CFW-NB,7,0.7971014492753623,0.7804545454545455,0.8521842882807352,0.1556278181578501,0.027869753000004494,0.00026880200005052757
credit-aus,real,HNB,7,0.8985507246376812,0.8977777777777778,0.29684622976789904,0.07031989717687845,0.005667041999970479,0.0008286219999718014
credit-aus,real,CFW-NB,8,0.7681159420289855,0.7444444444444445,0.49869190845105915,0.15068097568750632,0.026514576000010948,0.0002291470000272966
credit-aus,real,HNB,8,0.8840579710144928,0.8838383838383839,0.3186522239085447,0.12830398166467355,0.006034141999975873,0.0008264040000085515
credit-aus,real,CFW-NB,9,0.8260869565217391,0.8083333333333333,0.3831381575809621,0.11481941938995932,0.03691329999998061,0.00036272700003792124
credit-aus,real,HNB,9,0.855072463768116,0.8543074324324325,0.27423612631520583,0.047816386653081584,0.007973622999998042,0.0011987940000039998
credit-aus,real,CFW-NB,10,0.6956521739130435,0.6612111292962357,0.6800968302636585,0.1982821337267308,0.026726966000012453,0.0002707099999952334
credit-aus,real,HNB,10,0.8115942028985508,0.810958904109589,0.4284787512274423,0.10034830469153126,0.005583995999984381,0.0010309419999998681
credit-aus,real,CFW-NB,11,0.7391304347826086,0.7323275862068965,0.8786937277946474,0.1854980513162063,0.026532306000035533,0.000252917000011621
credit-aus,real,HNB,11,0.8985507246376812,0.8971684053651267,0.3363612757499902,0.04820578682635525,0.005894460000035906,0.0008096689999774753
credit-aus,real,CFW-NB,12,0.8260869565217391,0.8118181818181818,0.4867282459423026,0.0971205922627356,0.027647873999967487,0.00023121200001696707
credit-aus,real,HNB,12,0.8840579710144928,0.882051282051282,0.30450349738820137,0.060345244628431244,0.00546648599998889,0.000734428000043863
credit-aus,real,CFW-NB,13,0.8985507246376812,0.8971684053651267,0.48992492431734436,0.12384635234421193,0.0271846329999903,0.00024093400003266652
credit-aus,real,HNB,13,0.8840579710144928,0.8828522920203735,0.25166494453283195,0.04859783666209969,0.006040694000034819,0.0007822749999490952
credit-aus,real,CFW-NB,14,0.8260869565217391,0.8215517241379311,0.452837254577596,0.13377927210177562,0.02724794099998462,0.00021450200000572295
credit-aus,real,HNB,14,0.9130434782608695,0.9128787878787878,0.25599389156825597,0.06268774743188858,0.006473474000017632,0.0009387599999968188
credit-aus,real,CFW-NB,15,0.7681159420289855,0.7531305903398926,1.1027162192786804,0.19325481411029308,0.02789690600002359,0.0002777170000172191
credit-aus,real,HNB,15,0.8695652173913043,0.8685714285714285,0.34032693430643585,0.07140628142424257,0.005902042999991863,0.0008558640000160267
credit-aus,real,CFW-NB,16,0.7681159420289855,0.759581881533101,0.7324066075772777,0.19469723208502154,0.02789346999998088,0.0002234510000107548
credit-aus,real,HNB,16,0.855072463768116,0.8547979797979799,0.3515270433926273,0.08352248497376848,0.006652524999992693,0.0007643039999720713
credit-aus,real,CFW-NB,17,0.8115942028985508,0.8008879023307436,0.45427406079157334,0.11151420565279868,0.027195256000027257,0.0002175079999915397
credit-aus,real,HNB,17,0.8695652173913043,0.8685714285714285,0.2747661511286153,0.0883719041934449,0.005875484000000597,0.0009000059999948462
credit-aus,real,CFW-NB,18,0.782608695652174,0.7732749178532311,0.7532235311507616,0.15523139370985378,0.027775869000038256,0.0006906400000161739
credit-aus,real,HNB,18,0.8260869565217391,0.823076923076923,0.47907709779741,0.10662670772933058,0.005018801999995048,0.0008402120000141622
credit-aus,real,CFW-NB,19,0.7536231884057971,0.7197132616487456,0.7204605331032407,0.1620936541808538,0.026462578000007397,0.00018091700002287325
credit-aus,real,HNB,19,0.8260869565217391,0.823076923076923,0.4403664867722824,0.13850581325615738,0.00402675499998395,0.0006347640000399224
credit-aus,real,CFW-NB,20,0.8115942028985508,0.8075520274619181,0.7612217887756593,0.14006595504339558,0.02972966700002644,0.0002813019999621247
credit-aus,real,HNB,20,0.8695652173913043,0.8677879497551628,0.3161971202189617,0.09421802903973109,0.008113704000038524,0.0008828189999690039
credit-aus,real,CFW-NB,21,0.7681159420289855,0.7620689655172415,1.0933409149054634,0.15124318249754065,0.027883102000032522,0.00023413099995650555
credit-aus,real,HNB,21,0.7246376811594203,0.7246376811594203,0.7102183000161144,0.1991114123293659,0.005804206999982853,0.0008473820000176602
credit-aus,real,CFW-NB,22,0.8260869565217391,0.8196864111498258,0.39482457602938503,0.11923680319530709,0.03609309700004815,0.00023958500003118388
credit-aus,real,HNB,22,0.8985507246376812,0.8977777777777778,0.25907654981553024,0.10149075761113803,0.0060836939999830975,0.0007877939999616501
credit-aus,real,CFW-NB,23,0.7101449275362319,0.6805555555555556,0.8787082451440135,0.23449228839776198,0.025456445999964217,0.00019232500000043729
credit-aus,real,HNB,23,0.8695652173913043,0.8685714285714285,0.34422146869274917,0.08752635706864613,0.007527820000007068,0.0007755510000038157
credit-aus,real,CFW-NB,24,0.8695652173913043,0.8654970760233918,0.4036272524602586,0.10581389007407528,0.025669158999960473,0.00023169299998926363
credit-aus,real,HNB,24,0.8405797101449275,0.8400421496311907,0.34715953473416683,0.1142015878230645,0.0054353419999984,0.0007046709999940504
credit-aus,real,CFW-NB,25,0.8115942028985508,0.8035049288061337,0.5354936459344737,0.13004325258606453,0.01976204699997197,0.00018868500001190114
credit-aus,real,HNB,25,0.9420289855072463,0.941722972972973,0.18380227753714862,0.07724621755781033,0.004103837999991811,0.0006141329999991285
credit-aus,real,CFW-NB,26,0.7681159420289855,0.7490909090909091,0.6002544833528455,0.1711332146202184,0.02977523600003451,0.0002456889999962186
credit-aus,real,HNB,26,0.9130434782608695,0.9121392190152802,0.2615994421467208,0.05978834123000962,0.006816705000005641,0.0008619110000154251
credit-aus,real,CFW-NB,27,0.7101449275362319,0.6914132379248659,0.7616982432898496,0.1928559457966717,0.021118096000009245,0.00018728999998529616
credit-aus,real,HNB,27,0.8695652173913043,0.8677879497551628,0.356206125732432,0.07190666370045018,0.004325039999969249,0.00073703900000055
credit-aus,real,CFW-NB,28,0.782608695652174,0.7626691125888558,0.8331027398437929,0.16215053061869056,0.026781819999996515,0.00022224099996037694
credit-aus,real,HNB,28,0.855072463768116,0.8525641025641026,0.4546624366430162,0.0987763968781134,0.005308006999996451,0.0007734420000247155
credit-aus,real,CFW-NB,29,0.8260869565217391,0.8148479427549196,0.5969997021788134,0.12668734133380757,0.02940395199999557,0.0002304189999904338
credit-aus,real,HNB,29,0.8695652173913043,0.8677879497551628,0.2831467502698818,0.11075958032510032,0.0053525090000334785,0.0007766260000039438
credit-ger,real,CFW-NB,0,0.78,0.7066666666666668,0.5849886611921084,0.15369409025947486,0.04411953899995069,0.0002787029999922197
credit-ger,real,HNB,0,0.7,0.6101871101871101,0.5603765969115397,0.16029260954569485,0.007160274999989724,0.0013604340000483717
credit-ger,real,CFW-NB,1,0.81,0.7499671009343334,0.43943745395592687,0.08609773420553699,0.06246357899999566,0.00027322599999024533
credit-ger,real,HNB,1,0.78,0.6894409937888198,0.4642351981961879,0.10678153470996808,0.00879790200002617,0.001630042999977377
credit-ger,real,CFW-NB,2,0.66,0.5687468290208015,0.5450914044227987,0.10637301733094341,0.07404746200001,0.00025576000001592547
credit-ger,real,HNB,2,0.74,0.6533333333333333,0.5153146225646691,0.09523208611567044,0.009420833999968181,0.0015647079999894231
credit-ger,real,CFW-NB,3,0.72,0.6448503297818367,0.7160293908264833,0.13643403704396379,0.06806022900002517,0.0002485249999608641
credit-ger,real,HNB,3,0.74,0.6775793650793651,0.5605035498608825,0.08461311742015232,0.008816940000031082,0.0015914139999608778
credit-ger,real,CFW-NB,4,0.69,0.6196785670469881,0.5970917553199996,0.08448581363916478,0.04582637800001521,0.00020756500003926703
credit-ger,real,HNB,4,0.77,0.7178260336155073,0.5189844897702458,0.1435254293098816,0.007080311999970945,0.0012056950000101097
credit-ger,real,CFW-NB,5,0.83,0.7481854540068138,0.5657190741948256,0.11163997134870052,0.061995981999984906,0.0004702539999925648
credit-ger,real,HNB,5,0.85,0.7972699013380187,0.36779768183661327,0.07435289628543684,0.009195412999986274,0.001676394000014625
credit-ger,real,CFW-NB,6,0.75,0.662116502230031,0.5236941063084493,0.07489212048398257,0.06543501300001253,0.0003721850000033555
credit-ger,real,HNB,6,0.67,0.5657323332017371,0.6000454344098811,0.14401896427334093,0.00891766000000871,0.001561313000024711
credit-ger,real,CFW-NB,7,0.77,0.7047875754075215,0.47136908191709237,0.11156016893108515,0.06068146600000546,0.00032804900001792703
credit-ger,real,HNB,7,0.82,0.7767857142857143,0.4124511294113828,0.10091936706353982,0.009051990999978443,0.001655334999952629
credit-ger,real,CFW-NB,8,0.72,0.6727442730247779,0.5631688984009157,0.07604372789451962,0.04468390299996372,0.00028494699995462724
credit-ger,real,HNB,8,0.77,0.7287415968864253,0.5324645111277586,0.1364098450138509,0.006545086000016909,0.0012522620000368079
credit-ger,real,CFW-NB,9,0.7,0.6194824961948249,0.5468407608824051,0.10583923511523564,0.04421896700000616,0.0002661419999867576
credit-ger,real,HNB,9,0.8,0.7463216641298833,0.5567344878376129,0.1256318579403316,0.007078768999974727,0.00161843000000772
credit-ger,real,CFW-NB,10,0.78,0.7066666666666668,0.5555048531394416,0.10181020048033085,0.06169226700001218,0.00033460100002002946
credit-ger,real,HNB,10,0.8,0.7086247086247086,0.44567630918903395,0.09219467457342645,0.009639373000027263,0.0019913410000071963
credit-ger,real,CFW-NB,11,0.79,0.7236478484011054,0.5019795719824076,0.10570665946121607,0.06372405599995545,0.00030568400001129703
credit-ger,real,HNB,11,0.83,0.7762863534675615,0.4500168676233217,0.07276504971625744,0.00934770800000706,0.001785894000022381
credit-ger,real,CFW-NB,12,0.7,0.6357455075279261,0.7013445410676128,0.09555643693562124,0.06254483499998287,0.00041140100000802704
credit-ger,real,HNB,12,0.7,0.6279761904761905,0.5964679854497547,0.11610975492162648,0.009361575000014,0.0017058450000035918
credit-ger,real,CFW-NB,13,0.77,0.7178260336155073,0.5117126463868091,0.04674845253534317,0.06444318299998031,0.0003108110000198394
credit-ger,real,HNB,13,0.83,0.7995046585682274,0.4300098039344881,0.08402307987889249,0.008915313999978025,0.0018430190000344737
credit-ger,real,CFW-NB,14,0.77,0.7047875754075215,0.5031282512080288,0.07701632537276774,0.06443575700001247,0.0004487920000428858
credit-ger,real,HNB,14,0.75,0.662116502230031,0.5194623968349287,0.08970985084845684,0.009143934000007903,0.001655395000000226
credit-ger,real,CFW-NB,15,0.75,0.662116502230031,0.581653775481174,0.08606233956889467,0.06266576600000917,0.000818004999985078
credit-ger,real,HNB,15,0.78,0.6894409937888198,0.43734596817918986,0.1408291496066598,0.009467307000022629,0.0019734459999654064
credit-ger,real,CFW-NB,16,0.77,0.6891471820516286,0.4922003889563332,0.11695696591194935,0.046761431000049924,0.00024629900002537397
credit-ger,real,HNB,16,0.71,0.6277756385573097,0.5735382810388903,0.12704260217035632,0.008565709000038169,0.0018695750000006228
credit-ger,real,CFW-NB,17,0.68,0.6031746031746031,0.5474773161608978,0.1082311886546699,0.06794815999995762,0.00028645200001164994
credit-ger,real,HNB,17,0.77,0.7115987460815048,0.5011616497623664,0.10311642038697702,0.00890802399999302,0.0014949249999745007
credit-ger,real,CFW-NB,18,0.75,0.6710093433346493,0.4845731684404505,0.05296164442353503,0.06765169599998444,0.00030643600001667437
credit-ger,real,HNB,18,0.8,0.751984126984127,0.4454885290178811,0.07983915266257377,0.008155475000023671,0.0014317559999881269
credit-ger,real,CFW-NB,19,0.71,0.6080551425868361,0.5962179651629252,0.11049054259681157,0.0604947980000361,0.0002997280000158753
credit-ger,real,HNB,19,0.71,0.6442154336891179,0.6422173270815,0.17110310048562258,0.008648663999963446,0.0014526360000104432
credit-ger,real,CFW-NB,20,0.73,0.6350858224084336,0.5295156117763629,0.07027473477760249,0.06502927100001443,0.00029247300000179166
credit-ger,real,HNB,20,0.77,0.7047875754075215,0.5859742903146862,0.14749572344447393,0.009387001999982658,0.0015037780000284329
credit-ger,real,CFW-NB,21,0.72,0.6162280701754386,0.5573259699611972,0.1147282965958358,0.07106392500003267,0.0005216600000039762
credit-ger,real,HNB,21,0.73,0.6446900908014213,0.5538658698379353,0.09162932276411548,0.008284347000028447,0.001492323000036322
credit-ger,real,CFW-NB,22,0.77,0.7287415968864253,0.5240395654214253,0.09343101552822672,0.06654673000002731,0.0003472040000360721
credit-ger,real,HNB,22,0.74,0.6533333333333333,0.5171542646303814,0.08578406735635223,0.009406321000028584,0.002135629000008521
credit-ger,real,CFW-NB,23,0.78,0.6984649122807017,0.5102538110081051,0.0970585415384297,0.06530335899998363,0.0002566169999909107
credit-ger,real,HNB,23,0.74,0.6621621621621622,0.4880447506148215,0.11466804182569458,0.008736177000002954,0.0014303120000249692
credit-ger,real,CFW-NB,24,0.73,0.6350858224084336,0.6819600851463535,0.09090742606361085,0.06744333400001779,0.0002894599999763159
credit-ger,real,HNB,24,0.78,0.7066666666666668,0.5102060969882684,0.11260722550807795,0.008849448000034954,0.0015762200000040139
credit-ger,real,CFW-NB,25,0.77,0.7115987460815048,0.49012141575006674,0.08304827534921277,0.061043646000030094,0.0003695039999911387
credit-ger,real,HNB,25,0.8,0.7463216641298833,0.43676875231302764,0.07311439257619472,0.008798908000017036,0.001598836000027859
credit-ger,real,CFW-NB,26,0.73,0.6614420062695925,0.5061940122539536,0.07004048026499497,0.0556806249999795,0.00024584200002664147
credit-ger,real,HNB,26,0.71,0.6277756385573097,0.5294960728545549,0.12653091936687727,0.009444015999974908,0.001583055000025979
credit-ger,real,CFW-NB,27,0.7,0.6000000000000001,0.6353097572257181,0.10209150015003404,0.06288553400003138,0.0003405589999943004
credit-ger,real,HNB,27,0.75,0.662116502230031,0.5864722003570499,0.14281404417301488,0.008499744999994618,0.0015688720000071044
credit-ger,real,CFW-NB,28,0.75,0.6865203761755485,0.502335941416677,0.050729608388767375,0.053082265999989886,0.0002775869999709357
credit-ger,real,HNB,28,0.77,0.7047875754075215,0.47576628347690253,0.06917378144611885,0.006383501000016167,0.0012677220000227862
credit-ger,real,CFW-NB,29,0.73,0.6446900908014213,0.5329472523886338,0.06500073832004823,0.04633490499998061,0.0003835740000113219
credit-ger,real,HNB,29,0.8,0.7333333333333334,0.49254768795144627,0.11410759987594717,0.0064471370000092065,0.001227910000011434
churn,real,CFW-NB,0,0.865,0.6745223313844856,0.2936730267000734,0.0779761241444809,0.21432101999999986,0.00040928999999323423
churn,real,HNB,0,0.8825,0.6699380255973595,0.31328630351267994,0.02407754392662596,0.014923189999990427,0.0053066319999857114
churn,real,CFW-NB,1,0.8375,0.6117954460619635,0.34156111273468875,0.06379393173969809,0.19828190599997697,0.0003878659999827505
churn,real,HNB,1,0.88,0.6336996336996337,0.3407551695821764,0.03183573255876581,0.014623168000014175,0.004774828999984493
churn,real,CFW-NB,2,0.8525,0.6476297125793207,0.32989956057522773,0.06767870217382332,0.2036769840000261,0.0005057440000086899
churn,real,HNB,2,0.8825,0.6699380255973595,0.34122864806073605,0.04273212681837874,0.015027529000008144,0.004956622999998217
churn,real,CFW-NB,3,0.865,0.6331272504925607,0.30353829103541335,0.05026476650538618,0.1943016939999893,0.0005918300000189447
churn,real,HNB,3,0.9,0.6947496947496947,0.3034717805491811,0.022845259629335254,0.013611047999972925,0.004438205999974798
churn,real,CFW-NB,4,0.8475,0.628902982464145,0.3197824421506546,0.0657056748923109,0.20227973700002622,0.0007649499999615728
churn,real,HNB,4,0.8975,0.7301522007404361,0.3074047942973151,0.029547119446351404,0.014429172000006929,0.0051538759999516515
churn,real,CFW-NB,5,0.835,0.616256759113902,0.3508419455435609,0.0793497740106649,0.21009189699998387,0.0005516670000247359
churn,real,HNB,5,0.89,0.6723996723996725,0.3177084076270893,0.018169926826961565,0.016152739000006022,0.005110064999996666
churn,real,CFW-NB,6,0.8725,0.6643356643356644,0.30227159330973075,0.03364458807449359,0.1944056019999607,0.000347658999999112
churn,real,HNB,6,0.8925,0.6759058619585083,0.29985385156764394,0.043975364746287805,0.014541957999995248,0.004279601999996885
churn,real,CFW-NB,7,0.8725,0.6643356643356644,0.280834748967922,0.05454701808551008,0.19817848000002414,0.00034472699996968004
churn,real,HNB,7,0.885,0.648962148962149,0.33338862648542644,0.036012282885260156,0.01396309099999371,0.005786994999994022
churn,real,CFW-NB,8,0.8625,0.6829925503249326,0.2979864892599838,0.06292206234759787,0.2054408280000075,0.000424744000042665
churn,real,HNB,8,0.8925,0.6980284063975842,0.2999629520935034,0.03179981484128942,0.014678372999981093,0.004781233000016982
churn,real,CFW-NB,9,0.8725,0.7060476375740284,0.2878128055266447,0.058029586809814786,0.26682313100002375,0.0007115570000451044
churn,real,HNB,9,0.905,0.7472732109603618,0.2835641855879516,0.029799162652102147,0.016237472999989677,0.004669047000049886
churn,real,CFW-NB,10,0.865,0.6552604698672114,0.3079668536304023,0.05950757642151969,0.1990588099999968,0.0005447670000080507
churn,real,HNB,10,0.8975,0.7054121535449336,0.3102340128527786,0.029829729826007085,0.0124271130000011,0.00423066100000824
churn,real,CFW-NB,11,0.875,0.660303009715334,0.30419442674675595,0.04992205450886464,0.26706008899998324,0.0005500530000404069
churn,real,HNB,11,0.89,0.6723996723996725,0.30511523578356464,0.03536819051515304,0.013034031999950457,0.005412504999981138
churn,real,CFW-NB,12,0.8475,0.6421815195553666,0.3421988879143047,0.06426069549275523,0.1916690909999943,0.0004562569999961852
churn,real,HNB,12,0.8875,0.6766718758420003,0.32761940122378796,0.014540327312865335,0.014121719999991456,0.004817298999967079
churn,real,CFW-NB,13,0.8625,0.6380090497737557,0.2713742137634473,0.08412433961498397,0.1960406320000061,0.00042012599999452505
churn,real,HNB,13,0.8925,0.6759058619585083,0.2903304808259928,0.039500011168141995,0.01637317800003757,0.004960270999958993
churn,real,CFW-NB,14,0.8575,0.6396908927132223,0.3175009622364996,0.04879490318196232,0.19000870200000008,0.00034441299999343755
churn,real,HNB,14,0.9025,0.7321382578684387,0.31665262091332,0.037550928700070985,0.015102001000002474,0.005135264999978517
churn,real,CFW-NB,15,0.845,0.6457142857142857,0.34661649436248787,0.07373172345908631,0.19856293899999855,0.0006772790000013629
churn,real,HNB,15,0.86,0.5726495726495726,0.36947415306369635,0.04772589188983791,0.012352703999965797,0.0040071939999961614
churn,real,CFW-NB,16,0.85,0.6684350132625995,0.3210160095400195,0.05716265046559625,0.19904112100005023,0.00048255199999402976
churn,real,HNB,16,0.9,0.7282424077722671,0.2994294608308838,0.046876252185291914,0.016286456999978327,0.005166755000004741
churn,real,CFW-NB,17,0.8875,0.7098225081007883,0.2671664318839168,0.06537094854793088,0.21075020500001074,0.0004227440000477145
churn,real,HNB,17,0.9,0.7092177958708927,0.2917042420025803,0.023246293882445444,0.01491155799999433,0.0048444970000218746
churn,real,CFW-NB,18,0.825,0.5780845036465554,0.34780414596817666,0.08017996115641654,0.21837135499998794,0.000718948000042019
churn,real,HNB,18,0.9025,0.726118787197809,0.3054846896302015,0.041038746818449816,0.014567526999996971,0.0046776679999993576
churn,real,CFW-NB,19,0.86,0.6743996743996744,0.2958909821113608,0.06299498763807408,0.1998679529999663,0.0015011120000281153
churn,real,HNB,19,0.8775,0.6395402298850574,0.32037465381134583,0.026806141130635154,0.015234179000003678,0.004773987000021407
churn,real,CFW-NB,20,0.88,0.6807661612130885,0.2637368984923746,0.05665571668490301,0.2024846870000374,0.00044499299997369235
churn,real,HNB,20,0.895,0.6872905963815055,0.2854874969534045,0.023610443602414634,0.015366816999971888,0.005175234000034834
churn,real,CFW-NB,21,0.8525,0.6410700977931895,0.3187140698675677,0.07425526001323474,0.21114212100002305,0.0006185490000234495
churn,real,HNB,21,0.8925,0.6980284063975842,0.314911199370529,0.03841222940120335,0.01683198400002084,0.004576280000037514
churn,real,CFW-NB,22,0.865,0.625,0.3004897151872817,0.07488735330889904,0.22823587100003806,0.0005596149999860245
churn,real,HNB,22,0.8825,0.6272725470370151,0.3457818636949986,0.026932782583792995,0.01618318700002419,0.00470972900001243
churn,real,CFW-NB,23,0.8675,0.6891085333841709,0.31102665476178026,0.047528010317497225,0.19643011599998772,0.0005652469999972709
churn,real,HNB,23,0.88,0.6426178244360062,0.34289767687210754,0.04153758584912697,0.014126148999991983,0.0047441739999953825
churn,real,CFW-NB,24,0.85,0.6448863636363636,0.3415968797802725,0.06384480683268723,0.20526007099999788,0.0005719160000126067
churn,real,HNB,24,0.8975,0.7120735967976966,0.29060568660886277,0.041510068778614934,0.01452636600004098,0.004609677000019019
churn,real,CFW-NB,25,0.8675,0.6649757423473822,0.3127393004561634,0.03452206637701287,0.19981575100001692,0.0004195019999997385
churn,real,HNB,25,0.9075,0.7458747574649289,0.2874435302532923,0.04589431216895872,0.014167524000015419,0.0046050060000197846
churn,real,CFW-NB,26,0.8525,0.6766015758821514,0.30001257538474646,0.0660310766776066,0.21029493699995783,0.00048557400003801376
churn,real,HNB,26,0.9025,0.7321382578684387,0.29547267751299716,0.03770346857532035,0.016571002000034696,0.0046536639999885665
churn,real,CFW-NB,27,0.8375,0.6317228289352541,0.3370362862254666,0.06165806133743676,0.19113594399999556,0.00036692199995513874
churn,real,HNB,27,0.88,0.6510613550450712,0.333508903053022,0.05633166835021944,0.0171330009999906,0.007858140999985608
churn,real,CFW-NB,28,0.8575,0.6396908927132223,0.3023429032412635,0.0663066822323928,0.1986056619999772,0.0004828909999901043
churn,real,HNB,28,0.905,0.7418302873836538,0.2947580530263657,0.036270367715881095,0.014406235000024026,0.009225166000021545
churn,real,CFW-NB,29,0.845,0.6118935837245696,0.32566883878869035,0.08746486762327133,0.21730492900002218,0.0003700620000017807
churn,real,HNB,29,0.8675,0.5904093973994861,0.34962571424561284,0.029859192547516088,0.015756800000019666,0.005406128999993598
profb,real,CFW-NB,0,0.6323529411764706,0.42235813795446825,0.6338161845401293,0.12291683399574493,0.010946982999996635,0.00029858999999987645
profb,real,HNB,0,0.6911764705882353,0.5612903225806452,0.6076771960057591,0.04963771986736866,0.0028728089999958684,0.0004705700000044999
profb,real,CFW-NB,1,0.6470588235294118,0.4867924528301887,0.7183627156076094,0.11510495600858389,0.016496961999962423,0.00030144100003326457
profb,real,HNB,1,0.5882352941176471,0.5041666666666667,0.752883167120479,0.12791367639716128,0.002864503000012064,0.0004508439999995062
profb,real,CFW-NB,2,0.6716417910447762,0.47507122507122507,0.5690984916375244,0.14270593207834176,0.01161802099994702,0.00023081400001956354
profb,real,HNB,2,0.7014925373134329,0.6201814058956916,0.6339727879420346,0.133756264325968,0.0034405459999788945,0.0004723429999557993
profb,real,CFW-NB,3,0.5970149253731343,0.4059113300492611,0.6445336497280959,0.14898567192820547,0.010795216000019536,0.0002200420000235681
profb,real,HNB,3,0.6119402985074627,0.44166666666666665,0.6774054916896329,0.13911515081414028,0.0026240589999702024,0.0004546879999907105
profb,real,CFW-NB,4,0.7164179104477612,0.5328440366972478,0.5675440107778842,0.08170753746371362,0.012080796000020655,0.00046693500001993016
profb,real,HNB,4,0.7014925373134329,0.5705128205128205,0.5837103942685642,0.07619343619540457,0.002486357999998745,0.0004441369999881317
profb,real,CFW-NB,5,0.6716417910447762,0.47507122507122507,0.7464059258990192,0.09443363262184555,0.014175174999991214,0.0001763629999800287
profb,real,HNB,5,0.6567164179104478,0.5173817726276229,0.6562538425459545,0.11654447263808321,0.00393767699995351,0.00045392800001309297
profb,real,CFW-NB,6,0.6417910447761194,0.48461538461538467,0.6795845468897275,0.09002569970420538,0.014119973999981994,0.00020180899997512824
profb,real,HNB,6,0.6865671641791045,0.620242914979757,0.6393603790636142,0.13162472739904899,0.0024681680000071538,0.00046988399998326713
profb,real,CFW-NB,7,0.7014925373134329,0.5227920227920227,0.5893272516606795,0.09266576343781083,0.011236359999998058,0.00020233299994742993
profb,real,HNB,7,0.582089552238806,0.46825396825396826,0.6457108813293848,0.1262598050524192,0.0027872539999975743,0.0007260830000177521
profb,real,CFW-NB,8,0.6119402985074627,0.37962962962962965,0.6646688001610612,0.1073548483243726,0.009750174999965111,0.00018687099998260237
profb,real,HNB,8,0.5671641791044776,0.417041704170417,0.7218053601198644,0.1440769707607398,0.002268416999982037,0.00042843099998890466
profb,real,CFW-NB,9,0.7313432835820896,0.6305147058823529,0.5731401706380433,0.08853152709937283,0.011208840999984204,0.00019354699998075375
profb,real,HNB,9,0.6119402985074627,0.5062358276643991,0.6717291676706246,0.12303454357641994,0.0024728499999469022,0.0004938610000522203
profb,real,CFW-NB,10,0.6176470588235294,0.46875,0.6773159545533548,0.17493285662689656,0.009224666000022808,0.00018878800000265983
profb,real,HNB,10,0.5588235294117647,0.4333333333333333,0.7767561142763197,0.1766048380182753,0.002438321999989057,0.00044291599999723985
profb,real,CFW-NB,11,0.7205882352941176,0.5609921848453958,0.5662492224012898,0.1230222498874204,0.00997482999997601,0.0001755160000129763
profb,real,HNB,11,0.6617647058823529,0.5865715040972772,0.6346445546954094,0.09577335418332952,0.002672371999949519,0.00044714299997394846
profb,real,CFW-NB,12,0.7014925373134329,0.5485175202156334,0.6072592980286117,0.13662230875774578,0.010607169999957478,0.00023945700002059311
profb,real,HNB,12,0.5522388059701493,0.4302721088435374,0.7883999257698976,0.211306643552719,0.002823083000009774,0.0005509579999625203
profb,real,CFW-NB,13,0.6417910447761194,0.4582210242587601,0.5951432935755321,0.08870704020872949,0.010351253999999699,0.00020156799996584596
profb,real,HNB,13,0.7014925373134329,0.6201814058956916,0.5939128797652621,0.11227954851602279,0.0026031909999915115,0.0004610090000483069
profb,real,CFW-NB,14,0.7164179104477612,0.5328440366972478,0.5996043532212991,0.07636206024946887,0.014502852000020994,0.0002877389999866864
profb,real,HNB,14,0.6716417910447762,0.5275641025641026,0.634129610831995,0.10227880709246692,0.004086434999976518,0.0006933850000336861
profb,real,CFW-NB,15,0.6268656716417911,0.44991789819376027,0.6228028676120306,0.10105068626620306,0.010459050999997999,0.000250257999994119
profb,real,HNB,15,0.5970149253731343,0.5117408906882591,0.6881933128828467,0.11337354163283206,0.002581092000013996,0.0004742309999983263
profb,real,CFW-NB,16,0.6119402985074627,0.41307277628032346,0.7378660049254012,0.18391777698748427,0.011039132999997037,0.00022020699998392956
profb,real,HNB,16,0.7014925373134329,0.5894607843137255,0.5996269335958104,0.09758139742388217,0.00255279900000005,0.0004260900000190304
profb,real,CFW-NB,17,0.6417910447761194,0.4582210242587601,0.6756399589362644,0.06664959173876063,0.013373968000053083,0.00018801999999595864
profb,real,HNB,17,0.6865671641791045,0.593939393939394,0.5844392327413483,0.09041598187651942,0.00252529599998752,0.0005442170000264923
profb,real,CFW-NB,18,0.6567164179104478,0.46659743856005537,0.7826689265247518,0.15604745810516638,0.01039561799996136,0.00019499000001133027
profb,real,HNB,18,0.6716417910447762,0.5664705882352942,0.6562981261141886,0.11893608335522016,0.0024659910000082164,0.00043901399999413115
profb,real,CFW-NB,19,0.6716417910447762,0.4416666666666667,0.6276768448429547,0.10066213929374467,0.010015321000025779,0.00018889900002250215
profb,real,HNB,19,0.6865671641791045,0.5379310344827586,0.639248159500749,0.1407475400365314,0.0024699190000205817,0.0004623199999969074
profb,real,CFW-NB,20,0.6617647058823529,0.49597164034805025,0.59843560127728,0.08294516603468702,0.012962034999986827,0.00021004199999197226
profb,real,HNB,20,0.6911764705882353,0.5147808358817534,0.6299285136184876,0.135539695208799,0.0026955330000077993,0.000441417000047295
profb,real,CFW-NB,21,0.6029411764705882,0.4359447004608295,0.696744955309039,0.10677773651634904,0.0105331240000055,0.00022887800002990843
profb,real,HNB,21,0.6323529411764706,0.5748937234308578,0.6467367866731552,0.08488163507659985,0.0024978000000146494,0.0005082600000037019
profb,real,CFW-NB,22,0.6268656716417911,0.42021460713049497,0.6168172158731303,0.10938942785090344,0.011423807000028319,0.00020891299999448165
profb,real,HNB,22,0.582089552238806,0.4252450980392157,0.7708196747613576,0.17750462969339545,0.0026034400000298774,0.00047160899998743844
profb,real,CFW-NB,23,0.6865671641791045,0.5129802699896158,0.5732083607905128,0.12139766623827042,0.010670039000046927,0.00023061399997459375
profb,real,HNB,23,0.6119402985074627,0.48764705882352943,0.6230307890366883,0.12962882131403888,0.002493854999954692,0.00042321699999092743
profb,real,CFW-NB,24,0.5970149253731343,0.4059113300492611,0.7080463707996263,0.18282078308667105,0.011253457999998773,0.0009799890000294909
profb,real,HNB,24,0.5522388059701493,0.44901315789473684,0.7249139510492173,0.19378906049863404,0.002555595999979232,0.00046616399998811175
profb,real,CFW-NB,25,0.7014925373134329,0.5485175202156334,0.6101427903951039,0.13996474371973766,0.011068430000023,0.00020479299996623013
profb,real,HNB,25,0.6119402985074627,0.46629901960784315,0.7061929410202763,0.22050701673236675,0.002472603999990497,0.0004911910000373609
profb,real,CFW-NB,26,0.7014925373134329,0.5485175202156334,0.9095044529532198,0.14478356344323168,0.010293538999974317,0.00019494200000735873
profb,real,HNB,26,0.6567164179104478,0.6061845131612573,0.6822107100574603,0.17778232349574827,0.002551641000025029,0.00044353499998806
profb,real,CFW-NB,27,0.7164179104477612,0.5593631014191762,0.7159434128582132,0.17083831808987535,0.010915621999970426,0.00020701299996517264
profb,real,HNB,27,0.6716417910447762,0.5821995464852607,0.6212023534755733,0.07763213271658954,0.002931579000005513,0.0004508150000219757
profb,real,CFW-NB,28,0.6567164179104478,0.4344954128440367,0.6130441554927258,0.09076317929227258,0.010417028999995637,0.00019393500002706787
profb,real,HNB,28,0.6417910447761194,0.5442176870748299,0.6878517578868989,0.08335736456671514,0.0025054490000115948,0.00043149599997605037
profb,real,CFW-NB,29,0.6567164179104478,0.4344954128440367,0.5924652367468426,0.12537613396001693,0.01013640100001112,0.0002010869999935494
profb,real,HNB,29,0.6567164179104478,0.4939244663382594,0.6373633066016702,0.114343591771262,0.003083086000003732,0.00046317400000361886
contraceptive,real,CFW-NB,0,0.4391891891891892,0.4370747978224614,1.1156707971512263,0.1005309834026264,0.023322266000036507,0.005203003000019635
contraceptive,real,HNB,0,0.47297297297297297,0.4542520504638456,1.0244193083772284,0.13018975913456549,0.003707216000009339,0.0012134709999713778
contraceptive,real,CFW-NB,1,0.5,0.48894666999853514,1.101086728383933,0.10813043620030946,0.02746927999999116,0.00026478900002757655
contraceptive,real,HNB,1,0.4864864864864865,0.46775093677748547,1.0202715789041539,0.11815777841007136,0.003296935000037138,0.0009382949999690027
contraceptive,real,CFW-NB,2,0.5135135135135135,0.5108974358974359,1.1029008381532226,0.14457294773167542,0.019083053999963795,0.00023943200000076104
contraceptive,real,HNB,2,0.5608108108108109,0.54385790472747,0.9737277697706501,0.05830491603885598,0.004327479999972184,0.0010092210000038904
contraceptive,real,CFW-NB,3,0.5578231292517006,0.5574291572207154,0.9459506224779453,0.05663653432853024,0.017713278999963222,0.0002896049999776551
contraceptive,real,HNB,3,0.564625850340136,0.5557559306764214,0.8834301767897623,0.10628023007927977,0.0034336090000124386,0.0012323629999855257
contraceptive,real,CFW-NB,4,0.4489795918367347,0.444693376172747,1.0481597327053855,0.1114762971495257,0.022294227000031697,0.0003578339999990021
contraceptive,real,HNB,4,0.5102040816326531,0.5045113340765514,0.9269460135609295,0.12083280942022454,0.0040215710000097715,0.0008255509999912647
contraceptive,real,CFW-NB,5,0.4897959183673469,0.4836691086691087,1.0331423319096815,0.11163710685706528,0.017315085000007002,0.0002411730000062562
contraceptive,real,HNB,5,0.5510204081632653,0.5393471043477276,0.9217980509491812,0.11186686267550053,0.003955478000023049,0.0007690680000109751
contraceptive,real,CFW-NB,6,0.46938775510204084,0.4692947642532408,1.0354921273457809,0.10553544772821583,0.017654918000005182,0.00027207199997292264
contraceptive,real,HNB,6,0.5238095238095238,0.5121436240995504,0.9682146916123315,0.07291971771976173,0.0031901250000032633,0.0008494720000271627
contraceptive,real,CFW-NB,7,0.4965986394557823,0.4960043548935391,0.9917363872253312,0.1048005357080128,0.02287599900000714,0.00034346999996159866
contraceptive,real,HNB,7,0.564625850340136,0.5536149304265247,0.936053965235193,0.07193531663349836,0.0034683669999822087,0.0009447499999737374
contraceptive,real,CFW-NB,8,0.46258503401360546,0.4557632398753894,1.262221873541475,0.10940283606893858,0.01760456200003091,0.0002254959999845596
contraceptive,real,HNB,8,0.5102040816326531,0.48875681314632174,1.0155042702141033,0.11622725846627603,0.003405183000040779,0.0010013609999646178
contraceptive,real,CFW-NB,9,0.46938775510204084,0.46640347843200325,1.0671877295854928,0.11775554255770691,0.029124377000016466,0.00034883900002569135
contraceptive,real,HNB,9,0.4897959183673469,0.4824574086122557,0.9474895453508342,0.11778284431896897,0.005242368000040187,0.00127401499997859
contraceptive,real,CFW-NB,10,0.4189189189189189,0.42073696466219834,1.0873076053458262,0.13239695775950952,0.01912552100003495,0.00025512700000263067
contraceptive,real,HNB,10,0.5067567567567568,0.5028210471180342,0.9693782101225982,0.10756945069401236,0.0031051889999957893,0.000843723000002683
contraceptive,real,CFW-NB,11,0.4594594594594595,0.454320987654321,1.0673884154475353,0.14442556750413868,0.017786439000019527,0.00023046600000498074
contraceptive,real,HNB,11,0.5135135135135135,0.4931702120649703,0.9503832627135046,0.07640019434436772,0.0033781459999886465,0.0008957599999916965
contraceptive,real,CFW-NB,12,0.5608108108108109,0.5488026466287336,1.0666791851143962,0.15153297231954838,0.01778485400001273,0.00020239899998841793
contraceptive,real,HNB,12,0.5608108108108109,0.547668716146977,0.9020928662904276,0.1030004884525196,0.003088288000014927,0.0008531049999760398
contraceptive,real,CFW-NB,13,0.4965986394557823,0.49320346164139295,1.0002946581845258,0.08327808491856249,0.02887407999998004,0.00035492800003567027
contraceptive,real,HNB,13,0.5306122448979592,0.5095310138483371,0.9338338724092529,0.09009921866705714,0.004972250000037093,0.001144587999988289
contraceptive,real,CFW-NB,14,0.5102040816326531,0.4894264894264895,1.0334354442191855,0.049143345123236606,0.022584795999989637,0.00033559599995669487
contraceptive,real,HNB,14,0.5510204081632653,0.5126322441951889,0.9785898852031658,0.07923350346969853,0.003512441999987459,0.0010182590000340497
contraceptive,real,CFW-NB,15,0.42857142857142855,0.4183095389887385,1.144268271460686,0.15799250748157315,0.023268673000018225,0.00035812599998052974
contraceptive,real,HNB,15,0.5034013605442177,0.49360411537350596,1.0028202113042337,0.08772579306354789,0.0034659350000083577,0.001020487999994657
contraceptive,real,CFW-NB,16,0.48299319727891155,0.47757553471839187,1.2501658385430332,0.15872523496367053,0.017364189000034003,0.0002276399999914247
contraceptive,real,HNB,16,0.48299319727891155,0.477923253265719,1.05743923085085,0.1319127425337186,0.003081912999959968,0.0008339330000239897
contraceptive,real,CFW-NB,17,0.5102040816326531,0.5172248803827751,0.936348779605845,0.10030925177110736,0.01716060500001504,0.00023703800002294884
contraceptive,real,HNB,17,0.5850340136054422,0.5895445134575569,0.8450761978317787,0.07372327260872905,0.003149683999993158,0.0007704310000349324
contraceptive,real,CFW-NB,18,0.46258503401360546,0.46494828592477777,1.1069536470084416,0.08239160984311891,0.019940326000039477,0.0002655870000012328
contraceptive,real,HNB,18,0.5170068027210885,0.5090585429953783,0.9353016081431127,0.06218297546119408,0.0032558400000084475,0.000810478999994757
contraceptive,real,CFW-NB,19,0.4557823129251701,0.4528179934205759,1.0614037816183364,0.14768582664491217,0.017358171000012135,0.005708308000009765
contraceptive,real,HNB,19,0.4897959183673469,0.47995522995523004,1.0584028893935873,0.10503594839805666,0.0029528700000014396,0.000741044999983842
contraceptive,real,CFW-NB,20,0.5135135135135135,0.5084825708901354,1.0918939935845515,0.08762587826871729,0.014521637000029841,0.0001869199999759985
contraceptive,real,HNB,20,0.5067567567567568,0.49479066207424416,0.9281403449683279,0.11885927382640986,0.0024032609999835586,0.0006127770000148303
contraceptive,real,CFW-NB,21,0.38513513513513514,0.3884705565053223,1.0522431869585067,0.1655636924234155,0.013461651999989499,0.00019965699999602293
contraceptive,real,HNB,21,0.4391891891891892,0.4298783658889573,1.0598592797260162,0.15321329771983716,0.002796220999982779,0.0006576909999580494
contraceptive,real,CFW-NB,22,0.4527027027027027,0.44864468864468865,1.1503525008801714,0.10942491880457038,0.018239489999984926,0.0002100539999787543
contraceptive,real,HNB,22,0.5135135135135135,0.4963934625802721,0.985084451926457,0.08220996676036516,0.0031756270000187214,0.0008302840000169454
contraceptive,real,CFW-NB,23,0.5374149659863946,0.5262673066245216,1.085055073923669,0.14432106496987973,0.01756252399997038,0.0002411789999996472
contraceptive,real,HNB,23,0.54421768707483,0.5266221537407978,0.9385381518127407,0.0897193317907644,0.004303718999949524,0.0008669769999869459
contraceptive,real,CFW-NB,24,0.4489795918367347,0.445998445998446,1.0887882000742166,0.10852393935068609,0.01353984100001071,0.00021925099997588404
contraceptive,real,HNB,24,0.5510204081632653,0.5360644201765697,0.9743715554694432,0.07757962498494657,0.002547580999987531,0.0006748170000037135
contraceptive,real,CFW-NB,25,0.4489795918367347,0.4479965082609436,1.0508635371191104,0.10830275620041026,0.017663231000028645,0.00035658699999885357
contraceptive,real,HNB,25,0.4897959183673469,0.4786641929499072,1.0820410901745905,0.13732621381628246,0.003314900999953352,0.0009068150000075548
contraceptive,real,CFW-NB,26,0.46258503401360546,0.45193198313402916,1.2164654895683236,0.19241330381676178,0.013766646000021865,0.00025078800001665513
contraceptive,real,HNB,26,0.5102040816326531,0.4993512418102875,0.9499806846708435,0.08947103589722667,0.0024889379999990524,0.0006228949999922406
contraceptive,real,CFW-NB,27,0.5306122448979592,0.5315756383717549,1.0467772006810443,0.10082636414431351,0.013257116000033875,0.00023000300001285723
contraceptive,real,HNB,27,0.5986394557823129,0.5830636461704423,0.885009127792087,0.05797458575650943,0.0048286610000332075,0.0008807359999991604
contraceptive,real,CFW-NB,28,0.5102040816326531,0.5033315612262981,0.9589107311907658,0.07848399904539094,0.01741072599998006,0.00023492500002930683
contraceptive,real,HNB,28,0.5102040816326531,0.49960474308300395,0.9302427806676703,0.1493200895034772,0.00313057599998956,0.0008398020000299766
contraceptive,real,CFW-NB,29,0.5238095238095238,0.521245716414742,0.9732497985722796,0.05852763004843149,0.013428142999998727,0.00020993199996155454
contraceptive,real,HNB,29,0.564625850340136,0.5610303507948728,0.92271970991865,0.051853078031622035,0.002568188999987342,0.0005931189999728304
titanic,real,CFW-NB,0,0.8099547511312217,0.764607425441266,0.5511647407583637,0.054097458098525224,0.024661037999976543,0.00024227599999449012
titanic,real,HNB,0,0.8416289592760181,0.80085476687006,0.4509751089200189,0.08291771762851893,0.0037693710000326064,0.0008550819999868509
titanic,real,CFW-NB,1,0.751131221719457,0.6870574907958085,0.5625045273737322,0.08942583380037429,0.02116821900000332,0.00028954300000805233
titanic,real,HNB,1,0.7782805429864253,0.7211966736180839,0.49958699171019433,0.049982621594472844,0.003051123000034295,0.0007690460000162602
titanic,real,CFW-NB,2,0.8280542986425339,0.7848872950819672,0.5400738556818716,0.07834866203888706,0.0276087880000091,0.00031582700000853947
titanic,real,HNB,2,0.8235294117647058,0.7780953116552096,0.4081665326937437,0.051585778560977125,0.004880183000011584,0.0010055590000206394
titanic,real,CFW-NB,3,0.7737556561085973,0.7197707445729358,0.6035158093519407,0.07526366539219925,0.020763345000034406,0.00026057299999138195
titanic,real,HNB,3,0.7692307692307693,0.7098169460106588,0.4818719805560358,0.0885521138176289,0.002968683000005967,0.0009118840000041928
titanic,real,CFW-NB,4,0.751131221719457,0.6803418803418804,0.6268234434028048,0.09093322487751092,0.021651710000014646,0.00022725500002707122
titanic,real,HNB,4,0.7647058823529411,0.7085615743558531,0.5080223470208608,0.07722077535520931,0.002780674000007366,0.0007624540000392699
titanic,real,CFW-NB,5,0.7782805429864253,0.7267129337539432,0.533639898987505,0.0538095622195883,0.022028772999988178,0.00021900299998378614
titanic,real,HNB,5,0.8009049773755657,0.745658087465997,0.46823998572799524,0.05468896561709731,0.0031313709999949424,0.0008222170000067308
titanic,real,CFW-NB,6,0.8099547511312217,0.7597826086956522,0.7282579540348302,0.06449506448750812,0.025612124000019776,0.0002494499999556865
titanic,real,HNB,6,0.8371040723981901,0.7940993788819876,0.46006938839623207,0.08050464167823831,0.005292119999978695,0.0009662969999908455
titanic,real,CFW-NB,7,0.7727272727272727,0.7073222647935291,0.6282221045971242,0.07048638809575991,0.021334887000023173,0.00026258100001541607
titanic,real,HNB,7,0.7818181818181819,0.7278069904113826,0.5032411966869791,0.049931577207633096,0.002975944000013442,0.0008424430000104621
titanic,real,CFW-NB,8,0.7727272727272727,0.7294372294372294,0.5768758175734071,0.0774068643760379,0.02290429699996821,0.0002175149999743553
titanic,real,HNB,8,0.7954545454545454,0.7595628415300546,0.48423563653836643,0.042739242440085944,0.00311888000004501,0.0008855059999746118
titanic,real,CFW-NB,9,0.7818181818181819,0.7158540523086858,0.544964407512208,0.07393522603954002,0.020493412000007538,0.00021289100004651118
titanic,real,HNB,9,0.7818181818181819,0.725,0.4866788369537921,0.07034262413911221,0.008234749999985524,0.001035089000026801
titanic,real,CFW-NB,10,0.7782805429864253,0.7120329743385188,0.5403830737381626,0.05636983102455135,0.02170992800000704,0.0002258050000136791
titanic,real,HNB,10,0.7828054298642534,0.7282786885245902,0.5382859192510325,0.052755552129061155,0.00283863999999312,0.0009740909999891301
titanic,real,CFW-NB,11,0.7782805429864253,0.7211966736180839,0.5330316682233456,0.07034789383847795,0.02082800599998791,0.00023493600002666426
titanic,real,HNB,11,0.7963800904977375,0.7439561288329343,0.4366700995738577,0.06415802021584283,0.002842047999990882,0.000965193000013187
titanic,real,CFW-NB,12,0.8009049773755657,0.748343685300207,0.546510862652788,0.055055488304041965,0.024457275999964168,0.0002234870000279443
titanic,real,HNB,12,0.7782805429864253,0.7182662538699691,0.5069093202557632,0.08135618803521438,0.003187099000001581,0.0009182400000327107
titanic,real,CFW-NB,13,0.7737556561085973,0.7109750993931785,0.6089336550396469,0.06365184976198456,0.02152424600001268,0.00023504600000023856
titanic,real,HNB,13,0.8099547511312217,0.7572190834902699,0.4530438960745523,0.04952723035672412,0.0030728689999932612,0.0008529149999958463
titanic,real,CFW-NB,14,0.8054298642533937,0.7646432374866879,0.5275335276168291,0.04028438347135241,0.02080043600000181,0.00025886099996341727
titanic,real,HNB,14,0.8009049773755657,0.7602564102564102,0.4693405025505001,0.07136945937859976,0.002884628000003886,0.0008156270000085897
titanic,real,CFW-NB,15,0.7782805429864253,0.7293088363954505,0.575633895217673,0.06003634007243999,0.021030419999988226,0.00028807099999994534
titanic,real,HNB,15,0.8009049773755657,0.7580613057324841,0.45706726613966253,0.042550491779575685,0.002802561999999398,0.0007956200000194258
titanic,real,CFW-NB,16,0.7963800904977375,0.7439561288329343,0.5973774920828223,0.04965058159390005,0.021688529000016388,0.0002428320000262829
titanic,real,HNB,16,0.8144796380090498,0.7690700104493208,0.42775061929623887,0.04571932139317059,0.002749761000018225,0.0008749230000262287
titanic,real,CFW-NB,17,0.7863636363636364,0.7233444816053511,0.5257740056837189,0.03913259905996414,0.020902434999982233,0.0002163849999874401
titanic,real,HNB,17,0.8181818181818182,0.7658578118348234,0.4662445763034198,0.053412975986619406,0.004130008000004182,0.0010455219999698784
titanic,real,CFW-NB,18,0.7363636363636363,0.6677083333333333,0.7004005759798276,0.10218020362064036,0.021623805999979595,0.0002980379999826255
titanic,real,HNB,18,0.7636363636363637,0.7108482458800931,0.537667760350413,0.05600982901630422,0.002787134000016067,0.000822991000006823
titanic,real,CFW-NB,19,0.7909090909090909,0.7465945512820513,0.7513739839066086,0.06457261086441371,0.02038584899997886,0.0002861229999666648
titanic,real,HNB,19,0.8,0.7529603919967334,0.4440644773079163,0.04968296632231885,0.002893010000036611,0.0008326320000264786
titanic,real,CFW-NB,20,0.8054298642533937,0.7472942427868634,0.4908669297341042,0.038633951120119976,0.019951574000003802,0.0002183510000008937
titanic,real,HNB,20,0.832579185520362,0.7915997655274358,0.4303558547026984,0.056940426095387756,0.0030217429999765955,0.0009152879999874131
titanic,real,CFW-NB,21,0.7737556561085973,0.7197707445729358,0.6301820235166945,0.07677277262043931,0.024116007000031914,0.00029893300001049283
titanic,real,HNB,21,0.8144796380090498,0.7713312302839117,0.4367895602021333,0.054879525816194506,0.002943942000001698,0.0009064440000088325
titanic,real,CFW-NB,22,0.7873303167420814,0.7403574553180852,0.572835816172312,0.061134955120147744,0.020965478999983134,0.00020035800002915494
titanic,real,HNB,22,0.8054298642533937,0.7578051329102633,0.4620182919388828,0.0496875087248433,0.0030162609999706547,0.0007876839999880758
titanic,real,CFW-NB,23,0.8054298642533937,0.7553358564403594,0.7223262775535485,0.070349919861751,0.021246267000037733,0.00021016700003428923
titanic,real,HNB,23,0.8009049773755657,0.748343685300207,0.47492703282807863,0.049330462992895174,0.0028033089999439653,0.0007833379999624412
titanic,real,CFW-NB,24,0.7828054298642534,0.7309799147900182,0.5003386167420069,0.04439729841588156,0.020916141999975935,0.000278676999982963
titanic,real,HNB,24,0.7963800904977375,0.7490220820189275,0.4919669137946712,0.03473816741941837,0.0035810420000075283,0.0009007190000147602
titanic,real,CFW-NB,25,0.7601809954751131,0.6984372184032337,0.6152220089378229,0.07368940916420509,0.02288199099996291,0.00028595800000630334
titanic,real,HNB,25,0.7828054298642534,0.7282786885245902,0.545005510516476,0.08167747139967345,0.0030525319999696876,0.0009570089999897391
titanic,real,CFW-NB,26,0.7782805429864253,0.7211966736180839,0.5266575564620952,0.05625892110961921,0.021936481000011554,0.00022716099999797734
titanic,real,HNB,26,0.746606334841629,0.6762921113203599,0.5147502227466016,0.06959896543366724,0.0028053319999798987,0.0007821329999728732
titanic,real,CFW-NB,27,0.7909090909090909,0.7276934667958239,0.5323862772300646,0.060281272215920265,0.034030373999996755,0.00023921600001131083
titanic,real,HNB,27,0.7863636363636364,0.7263898811886428,0.4765293538701608,0.04197001835169938,0.00234902800002601,0.0008869969999523164
titanic,real,CFW-NB,28,0.7227272727272728,0.652322599031063,0.7476031997515528,0.13388830155962378,0.026171235999981945,0.00021491900002956754
titanic,real,HNB,28,0.7681818181818182,0.7093188942718723,0.5041620551776544,0.07867695381452484,0.002913868000007369,0.0008782200000041485
titanic,real,CFW-NB,29,0.8227272727272728,0.7820952380952381,0.5331046232530531,0.03565215013652112,0.030860572999984015,0.00029500499999812746
titanic,real,HNB,29,0.85,0.8221939212852979,0.41258559002718415,0.07542569803107936,0.0035169090000408687,0.0011974329999588917
nursery,real,CFW-NB,0,0.6325,0.5619187829714146,1.0378008709981958,0.26113045340331154,0.04664717099996096,0.0004081449999944198
nursery,real,HNB,0,0.94,0.7137717340225564,0.18141643982737343,0.06696661701250131,0.0040236649999769725,0.001372691999961262
nursery,real,CFW-NB,1,0.6425,0.5680134765427095,1.0228666349976518,0.2386881226745013,0.036833161999993536,0.00047636899995495696
nursery,real,HNB,1,0.95,0.8337001234060057,0.17019846603332606,0.0745088939148308,0.004022340999995322,0.0017280060000075537
nursery,real,CFW-NB,2,0.615,0.5443579055141143,1.043255040582848,0.23636442030762267,0.04262405999998009,0.00036751900000808746
nursery,real,HNB,2,0.93,0.7503982342069222,0.18238853852827602,0.061863768930978696,0.00435891699999047,0.0017255280000085804
nursery,real,CFW-NB,3,0.67,0.5910888897443795,0.9025462379600557,0.21381464960637558,0.04503860300002316,0.00039332100004685344
nursery,real,HNB,3,0.94,0.7584101888449714,0.1771978272965127,0.06144502562387342,0.005294519000017317,0.002732838999975229
nursery,real,CFW-NB,4,0.6675,0.5849115312420705,1.0010200641952256,0.2271688807344705,0.03432543500002794,0.0003582109999911154
nursery,real,HNB,4,0.9375,0.7118679253529129,0.18331398887292594,0.06922099835014468,0.004212329999973008,0.0014964640000130203
nursery,real,CFW-NB,5,0.675,0.5932054635280442,0.9792507528060764,0.2557795343710659,0.0300105789999634,0.0002810990000057245
nursery,real,HNB,5,0.9325,0.7524169039699442,0.1902044783252618,0.05531796720641724,0.0030513400000131696,0.0011735580000049595
nursery,real,CFW-NB,6,0.6525,0.5786952776841554,0.9830492157884736,0.24631608111098313,0.03825280500001327,0.0004429449999747703
nursery,real,HNB,6,0.9,0.7274495725131969,0.1962692661628495,0.06917704001382956,0.005851903999996466,0.0018212640000001556
nursery,real,CFW-NB,7,0.675,0.597876382316887,0.9629842769624808,0.24022295163968255,0.033899707999978546,0.0002777199999854929
nursery,real,HNB,7,0.94,0.8188384346693505,0.17717283425811803,0.0673638729347229,0.0038657389999912084,0.0016091620000224793
nursery,real,CFW-NB,8,0.66,0.5797413636494019,1.0087687173301203,0.2519132926361014,0.026618564000045808,0.0003197449999561286
nursery,real,HNB,8,0.9475,0.8007254417501345,0.17950236816787907,0.07955747749406837,0.0031565900000032343,0.001261462999991636
nursery,real,CFW-NB,9,0.6875,0.6103637806331883,0.9536286052059205,0.26032098093868583,0.03582851999999548,0.00030635400003120594
nursery,real,HNB,9,0.9375,0.7927857935627082,0.17219780182342354,0.058886988130134446,0.003990401000010024,0.0014022129999489152
nursery,real,CFW-NB,10,0.655,0.5780938077202933,0.991253050708616,0.23763529804956646,0.03651315299998714,0.0003719940000337374
nursery,real,HNB,10,0.925,0.8407551750575006,0.19301085192786935,0.06172510863786133,0.004751406000025327,0.0017822839999439566
nursery,real,CFW-NB,11,0.6075,0.5370964175143742,1.1076049306425497,0.2635906160508089,0.03594729200000302,0.0002788120000332128
nursery,real,HNB,11,0.93,0.7871794871794872,0.1929182822932785,0.062443516748569024,0.0038934579999931884,0.0013825620000034178
nursery,real,CFW-NB,12,0.67,0.5921198559985325,0.9284782021907185,0.22089778225909365,0.037609367000015936,0.00031589600001780127
nursery,real,HNB,12,0.935,0.7101778944298629,0.16548846471950937,0.05968961755743654,0.00438147699998126,0.0014054480000140757
nursery,real,CFW-NB,13,0.6675,0.5926769434436073,0.9624785591499028,0.2456627863174133,0.035609210000018265,0.0003864209999733248
nursery,real,HNB,13,0.935,0.8221853816681404,0.16927049512783518,0.0505967497034316,0.004204168999990543,0.0017882340000028307
nursery,real,CFW-NB,14,0.6425,0.5743379029786797,1.0070220911810752,0.23712977583613132,0.03921470400001681,0.0003424650000170004
nursery,real,HNB,14,0.94,0.7583606034001117,0.18797029191455253,0.0706739809655613,0.005031269999960841,0.0019798349999859965
nursery,real,CFW-NB,15,0.6625,0.5840913852541759,0.9663601624734011,0.23606736079959725,0.03486418399995728,0.00038442300001406693
nursery,real,HNB,15,0.94,0.7137404580152671,0.1794894990068233,0.06887830560938175,0.004371214999991935,0.0020661460000042098
nursery,real,CFW-NB,16,0.6325,0.559517818225697,1.071024845759527,0.2719966346542369,0.03456762500002242,0.00037014899999121553
nursery,real,HNB,16,0.9375,0.7929765313364169,0.1914941741265762,0.07277937108907104,0.004198493999979291,0.0015088640000158193
nursery,real,CFW-NB,17,0.66,0.5815352946221802,0.9601217205456193,0.21756122554819957,0.03438869199999317,0.00037817999998424057
nursery,real,HNB,17,0.9325,0.7495210727969348,0.18380651501988318,0.06645996643316254,0.003952604000005522,0.0014044689999650473
nursery,real,CFW-NB,18,0.6875,0.6012382179029331,0.9198508411208877,0.23364047371965915,0.03435226900000998,0.0002854219999903762
nursery,real,HNB,18,0.945,0.7618485920210057,0.17454475124164404,0.06596522382265121,0.0038556349999794293,0.0013499289999572284
nursery,real,CFW-NB,19,0.685,0.6071760189466457,0.9800596282255563,0.2715228725165486,0.034864049000020714,0.00028389599998490667
nursery,real,HNB,19,0.945,0.7177248677248678,0.1663458463633398,0.07675250747912725,0.0037266140000156156,0.0013585769999622244
nursery,real,CFW-NB,20,0.66,0.5795655793463744,0.937747673484925,0.231806510213473,0.03738134299999274,0.00032423299995798516
nursery,real,HNB,20,0.9425,0.7157193214364397,0.17438845058548355,0.06949332784911533,0.0041633390000015424,0.001502313999992566
nursery,real,CFW-NB,21,0.6725,0.5964949239597127,1.005171034832397,0.2686623677190578,0.03598240000002306,0.0003663419999497819
nursery,real,HNB,21,0.935,0.7543517885623148,0.1781179118986821,0.05718893406296408,0.0040874009999924965,0.001933735000022807
nursery,real,CFW-NB,22,0.6375,0.5683359280401316,1.0045625534977622,0.2554199906487101,0.03417278799997803,0.00032471100001885134
nursery,real,HNB,22,0.92,0.7426689649302008,0.19595344968605033,0.056158799110099904,0.004173455000000104,0.001481124000008549
nursery,real,CFW-NB,23,0.6275,0.5521119140225865,1.057459036779205,0.23974143257825392,0.034083357999975306,0.00028778500001180873
nursery,real,HNB,23,0.955,0.8376830084260425,0.17006996809193578,0.0775035644529633,0.004007302999980311,0.0014531799999986106
nursery,real,CFW-NB,24,0.6825,0.6010965001996825,0.9426165851713054,0.25092798031553826,0.0367885699999988,0.0003634199999851262
nursery,real,HNB,24,0.935,0.7098484848484848,0.17411867699830352,0.057328751659078275,0.0037817490000406906,0.0014161509999439659
nursery,real,CFW-NB,25,0.6525,0.5783087690052058,0.9593051461141484,0.2256694289669316,0.04068967599999951,0.0002876359999959277
nursery,real,HNB,25,0.9475,0.7640153177230843,0.1725348689128175,0.06838607124468579,0.0038321289999885266,0.001367114999993646
nursery,real,CFW-NB,26,0.63,0.5610395351774662,1.051592470258197,0.253822396610628,0.033871529999998984,0.0004216210000436149
nursery,real,HNB,26,0.9375,0.824221584724238,0.17065079160174867,0.06192920031992558,0.0042432490000123835,0.0014166540000246641
nursery,real,CFW-NB,27,0.6775,0.5994709043282412,0.9219401187295656,0.2206061271185799,0.03316612100002203,0.0003149249999978565
nursery,real,HNB,27,0.9025,0.7265325670498084,0.20464166060303146,0.06692073847147806,0.004238788999998633,0.001393466999957127
nursery,real,CFW-NB,28,0.6525,0.5777742757694521,0.9981794775872547,0.26303361951950804,0.04017746699997815,0.0004690709999977116
nursery,real,HNB,28,0.935,0.7099982371606535,0.18271360574032924,0.06011722455476447,0.005036997999980031,0.0014743599999746948
nursery,real,CFW-NB,29,0.65,0.5723114665759097,1.0145777508940952,0.275151803926614,0.04178944400001683,0.00035707200004253536
nursery,real,HNB,29,0.9325,0.7522847841813358,0.1814758149676674,0.06272900127819708,0.003976721000015004,0.0014253860000508212
segmentation,real,CFW-NB,0,0.8051948051948052,0.7909195609003793,1.0681411254018125,0.15696391306202429,0.09917567200000121,0.0005007629999909113
segmentation,real,HNB,0,0.9653679653679653,0.9651479994983067,0.15220602816700673,0.029573704100338515,0.021227877999990596,0.005027568999992127
segmentation,real,CFW-NB,1,0.8181818181818182,0.789224046511543,0.7881386115414442,0.12852565451903986,0.10674220699996795,0.00046601900004361596
segmentation,real,HNB,1,0.922077922077922,0.9227344109344113,0.18043343171371115,0.03909073164754408,0.024755273999971905,0.016524816000014653
segmentation,real,CFW-NB,2,0.8008658008658008,0.7880213481403956,0.8854945069220667,0.15033066943673862,0.1127910669999892,0.00047896299997773895
segmentation,real,HNB,2,0.9393939393939394,0.9399422284073474,0.2298042719312772,0.038387286173891894,0.029651321000017106,0.0072057630000017525
segmentation,real,CFW-NB,3,0.8051948051948052,0.7877121144275125,1.0250203919661078,0.1481026978516778,0.10914626700002827,0.0006449990000305661
segmentation,real,HNB,3,0.9523809523809523,0.9523103761909733,0.13848641702356948,0.026621862234311247,0.0334511339999608,0.007362650999994003
segmentation,real,CFW-NB,4,0.8181818181818182,0.8039475303533473,0.8175700827547204,0.13509036010730802,0.09831328699999631,0.0005022500000109176
segmentation,real,HNB,4,0.9523809523809523,0.9516966033000595,0.14099201627616725,0.02405869054677693,0.022234495000020615,0.0051115210000034494
segmentation,real,CFW-NB,5,0.8008658008658008,0.78234188575652,1.0662820146292544,0.16540532112612308,0.10487380400002166,0.0004122660000120959
segmentation,real,HNB,5,0.935064935064935,0.9355809835154185,0.22853803028154623,0.036040329516767756,0.0214049009999826,0.005351484000016171
segmentation,real,CFW-NB,6,0.7878787878787878,0.7577443123685128,1.0263897955372072,0.16492060349895415,0.10131965699997636,0.0005145390000507177
segmentation,real,HNB,6,0.9437229437229437,0.9441829965817172,0.1970696880958749,0.03860054421082786,0.023002803999986554,0.0056703589999642645
segmentation,real,CFW-NB,7,0.7922077922077922,0.7721410103062816,0.9036318673830307,0.157357466762941,0.10021930700003168,0.0004731070000048021
segmentation,real,HNB,7,0.9523809523809523,0.9531122862644602,0.14762249916087752,0.03217446966142776,0.02286221200000682,0.004872447999957785
segmentation,real,CFW-NB,8,0.7878787878787878,0.7668780810296859,0.9903178611694419,0.15271620164170918,0.09622332399999323,0.0006236250000029031
segmentation,real,HNB,8,0.9523809523809523,0.9521286748530259,0.1129008179578054,0.036057788455103136,0.023380496000015683,0.005687142999988737
segmentation,real,CFW-NB,9,0.7922077922077922,0.7734491045276223,1.1454052357764817,0.17180091719568885,0.10818204499997819,0.0004739799999811112
segmentation,real,HNB,9,0.9523809523809523,0.9520617998741062,0.1285171361691824,0.039038985040194145,0.021750711000038336,0.005080078999981197
segmentation,real,CFW-NB,10,0.8051948051948052,0.7856561746022406,0.9800602055069321,0.15748502697124417,0.10782068499997877,0.00042568099996742603
segmentation,real,HNB,10,0.9567099567099567,0.9562179824439953,0.1430793117106814,0.015992693211880633,0.02153671700000359,0.00542456900001298
segmentation,real,CFW-NB,11,0.8225108225108225,0.802396100140461,0.740992451556136,0.13206190221988343,0.09811115600001585,0.00044227899996940323
segmentation,real,HNB,11,0.961038961038961,0.9608976222782193,0.10368835026499408,0.02047167712007076,0.021881984999993165,0.005090283000015461
segmentation,real,CFW-NB,12,0.7878787878787878,0.7716463507252982,1.3944550359017163,0.16438207779827868,0.09943810699996902,0.0005296480000538395
segmentation,real,HNB,12,0.9177489177489178,0.9171931174922588,0.259459543744208,0.05455979175928106,0.022011008000049515,0.0052652840000178
segmentation,real,CFW-NB,13,0.8051948051948052,0.7892050985347853,1.243877685067553,0.15379559806087917,0.09586141699998052,0.0004357090000439712
segmentation,real,HNB,13,0.9437229437229437,0.9434471923097597,0.17137939241150157,0.03498577209812215,0.0215240819999849,0.005258271999991848
segmentation,real,CFW-NB,14,0.7792207792207793,0.7581676040009374,1.0199689397945988,0.16474606989196128,0.10283174400001371,0.00042857299996512666
segmentation,real,HNB,14,0.922077922077922,0.9220524242969562,0.24346608141809264,0.04473428297257698,0.021546720999992885,0.005007844999965982
segmentation,real,CFW-NB,15,0.7835497835497836,0.7608013372324839,1.1634229531696187,0.16753831936962005,0.11050425399997721,0.00042888000001539694
segmentation,real,HNB,15,0.974025974025974,0.9740219979025949,0.1254573011727543,0.027287072929627235,0.023038795000047685,0.005400506999990284
segmentation,real,CFW-NB,16,0.8095238095238095,0.7937589421332137,0.6805840064090821,0.1268265492599489,0.09899523500001806,0.0004965979999838055
segmentation,real,HNB,16,0.9437229437229437,0.9439017706028242,0.13993228304829555,0.021602303631110174,0.03182465299994419,0.007177365000018199
segmentation,real,CFW-NB,17,0.7835497835497836,0.7661734797623299,0.8495582404304287,0.18644492055619444,0.11068868399996745,0.0004431169999747908
segmentation,real,HNB,17,0.9264069264069265,0.9287303199296711,0.2108997378393278,0.04570368995594513,0.028257490999976653,0.00554477999997971
segmentation,real,CFW-NB,18,0.8181818181818182,0.8042383272383508,0.9160471179550609,0.14430124138951564,0.10165100799997617,0.0005215070000303967
segmentation,real,HNB,18,0.935064935064935,0.9342862008777953,0.1890499931559779,0.04653514842736665,0.022148998000034226,0.00543909700002132
segmentation,real,CFW-NB,19,0.7922077922077922,0.7691656580910966,0.8495132725486642,0.15973985172766594,0.09694572099999732,0.00045670000002928646
segmentation,real,HNB,19,0.9696969696969697,0.9698184168772405,0.09979469796403162,0.02646923724411241,0.02102316200000587,0.0047631329999831
segmentation,real,CFW-NB,20,0.8138528138528138,0.7972381296324959,0.9558620692057155,0.14971822918116223,0.10083773799999562,0.0005312990000447826
segmentation,real,HNB,20,0.9264069264069265,0.9264207355182876,0.20911341043630124,0.0329295799089482,0.021070340000051146,0.005469204000007721
segmentation,real,CFW-NB,21,0.8138528138528138,0.7995451263255305,1.0488984473345861,0.1376658735749346,0.10452370000001565,0.0005032889999938561
segmentation,real,HNB,21,0.935064935064935,0.9343538493008118,0.2555305782029009,0.02805153805494375,0.022546900000008918,0.004967292999992878
segmentation,real,CFW-NB,22,0.7922077922077922,0.7650431515747254,1.217843403640952,0.1966072491387003,0.10964257199998428,0.0005128490000174679
segmentation,real,HNB,22,0.948051948051948,0.9482399952988189,0.175890967788325,0.020254854254596888,0.020604729000012867,0.0051013300000022355
segmentation,real,CFW-NB,23,0.7878787878787878,0.7717150401515214,0.9051680928056346,0.1671954627667954,0.10133742899995468,0.00048747399995363594
segmentation,real,HNB,23,0.948051948051948,0.9467568845720106,0.15750117404379152,0.03417944677411785,0.02169555500000797,0.004772097000000031
segmentation,real,CFW-NB,24,0.7922077922077922,0.7729657843635829,1.1370436888185687,0.15544804751670155,0.11809721099996295,0.0007621139999969273
segmentation,real,HNB,24,0.974025974025974,0.9746304290947149,0.12409416448597534,0.029781237600596776,0.021287315999984457,0.005023750000020755
segmentation,real,CFW-NB,25,0.8398268398268398,0.8248072641066145,0.6347461146591545,0.11810039311805015,0.12917457600002535,0.0006001460000106817
segmentation,real,HNB,25,0.9567099567099567,0.9562594938472903,0.12103771463080246,0.024814725526723414,0.024699615000031372,0.006198301000040374
segmentation,real,CFW-NB,26,0.7922077922077922,0.773247490871889,1.034174171206882,0.15439312879885103,0.09985413600003312,0.0004514050000352654
segmentation,real,HNB,26,0.9393939393939394,0.9398190045248869,0.13925108253889182,0.026468357049855156,0.021987021999962053,0.005184803999952692
segmentation,real,CFW-NB,27,0.7792207792207793,0.7541910808988608,0.8156074256573606,0.1789195352466954,0.0988064320000035,0.0005164180000178931
segmentation,real,HNB,27,0.9393939393939394,0.9399881804999074,0.14156541638915593,0.032425654897796814,0.02110711000000265,0.005730570999958218
segmentation,real,CFW-NB,28,0.7619047619047619,0.732925789078912,1.2176925352228565,0.19189027556102467,0.10679414499998074,0.000460333000035007
segmentation,real,HNB,28,0.922077922077922,0.9218549795975168,0.24836565320214565,0.0410472446155034,0.021283508000010443,0.005015684999989389
segmentation,real,CFW-NB,29,0.8051948051948052,0.7938212482085926,0.8513284553655807,0.13676777632399623,0.10536215700000184,0.0005041649999952824
segmentation,real,HNB,29,0.9653679653679653,0.9657228640924294,0.08038368294847564,0.026007275154443347,0.022898282000028303,0.006081656999981533
vehicle,real,CFW-NB,0,0.43529411764705883,0.4119417211328976,1.431226594644389,0.23555178641311664,0.04462179600000127,0.00034648100000822524
vehicle,real,HNB,0,0.7294117647058823,0.7264827327327327,0.6039747384699717,0.09038287358938556,0.012592044999962582,0.001516943000012816
vehicle,real,CFW-NB,1,0.4117647058823529,0.39044289044289043,1.7346830816098484,0.2973169181700196,0.04839120700000876,0.0002891710000199055
vehicle,real,HNB,1,0.6235294117647059,0.606733375026058,0.7044524256150413,0.18611803912653463,0.013808571000026859,0.0015795179999713582
vehicle,real,CFW-NB,2,0.47058823529411764,0.43503474460921265,1.5595722599457602,0.3070063388854554,0.04633549199996878,0.0004206370000474635
vehicle,real,HNB,2,0.6823529411764706,0.6777504532081191,0.618233904992106,0.1609863408822188,0.0127542860000176,0.0014538930000185246
vehicle,real,CFW-NB,3,0.43529411764705883,0.3943004769475358,1.6521647562846635,0.32485452719583474,0.052229350000004615,0.00027577599996675417
vehicle,real,HNB,3,0.7058823529411765,0.7060236707295532,0.6579113853429646,0.14351520857143066,0.016027323999992404,0.0013377309999782483
vehicle,real,CFW-NB,4,0.4,0.33556298773690074,1.6511773432828991,0.3292484136666797,0.04916783999999552,0.0004236999999989166
vehicle,real,HNB,4,0.7411764705882353,0.740040650406504,0.4955684608872645,0.1038241860867272,0.014341180000030818,0.0016406020000090393
vehicle,real,CFW-NB,5,0.49411764705882355,0.46881448897577926,1.280408276806245,0.2588564129349744,0.04698169699997834,0.0002843589999770302
vehicle,real,HNB,5,0.7411764705882353,0.730627096480755,0.5651459374553561,0.09218963946763821,0.01223090400003457,0.0013164540000047964
vehicle,real,CFW-NB,6,0.4880952380952381,0.46080198150159635,1.2294974951680038,0.2023346403167905,0.04413011299999425,0.000249906999954419
vehicle,real,HNB,6,0.7023809523809523,0.7096451631335352,0.5748633061972674,0.14042400417329454,0.014364376000003176,0.0022881179999671986
vehicle,real,CFW-NB,7,0.47619047619047616,0.4608401715220793,1.7005853626254728,0.1955468761123717,0.045655921999980364,0.0003793089999817312
vehicle,real,HNB,7,0.7261904761904762,0.722943722943723,0.600570692653397,0.11120104369730004,0.013719778999984555,0.0015383269999915683
vehicle,real,CFW-NB,8,0.5,0.48272772866809904,1.4537345499732313,0.19493875033272773,0.05920911499998738,0.00030745399999432266
vehicle,real,HNB,8,0.7619047619047619,0.7580975226324064,0.5440205545764142,0.07672333687116921,0.017945037999993474,0.0019452540000202134
vehicle,real,CFW-NB,9,0.4642857142857143,0.4458180708180708,1.3640212345351994,0.2721760572419022,0.07561299799999688,0.00032377399998040346
vehicle,real,HNB,9,0.7261904761904762,0.7280455052194182,0.48276891662368276,0.0971582017195725,0.014078775000029964,0.001435076999996454
vehicle,real,CFW-NB,10,0.49411764705882355,0.46738013974676085,1.243787522009492,0.2603242151923817,0.06240145499998562,0.00042614500000581756
vehicle,real,HNB,10,0.6235294117647059,0.6236158817680557,0.5812376187790527,0.190204686678538,0.017363005999982306,0.0020152019999954973
vehicle,real,CFW-NB,11,0.4470588235294118,0.41124465811965816,1.8081478935586595,0.29281856376561116,0.057084449000001314,0.0002926570000454376
vehicle,real,HNB,11,0.7176470588235294,0.718089430894309,0.5281733921605766,0.10991670718833357,0.013351317000001472,0.0014405940000301598
vehicle,real,CFW-NB,12,0.5294117647058824,0.5193336162988116,1.6718385823357884,0.19304827525270055,0.07534470699999929,0.0003908829999659247
vehicle,real,HNB,12,0.7647058823529411,0.7627964021880529,0.44440138459228384,0.08498138511535205,0.017796198999974422,0.001990862000013749
vehicle,real,CFW-NB,13,0.3176470588235294,0.2884270319052928,1.9146709897257157,0.4373252121146597,0.05494626500001232,0.00031515300003093216
vehicle,real,HNB,13,0.6588235294117647,0.6329545454545455,0.7691114061474439,0.16658064755870497,0.012667394000004606,0.0014006829999857473
vehicle,real,CFW-NB,14,0.43529411764705883,0.4101818388797146,1.5594922039737422,0.3080494766020454,0.04671897599996555,0.00033364699999083314
vehicle,real,HNB,14,0.6823529411764706,0.664923578126903,0.7673449351536392,0.1688013086914989,0.01347423500004652,0.0015056379999691671
vehicle,real,CFW-NB,15,0.5176470588235295,0.497360403882143,1.6219085274469036,0.2169327985339644,0.04591331299997137,0.0002552880000052937
vehicle,real,HNB,15,0.7058823529411765,0.6963405704746625,0.5232268867292301,0.1405698176237304,0.012545523000028425,0.0014518510000129936
vehicle,real,CFW-NB,16,0.4642857142857143,0.4421052631578948,1.308112051704177,0.20432394180124547,0.04778054799999154,0.0003522690000181683
vehicle,real,HNB,16,0.7380952380952381,0.7400193798449612,0.523941191239698,0.09938355830693947,0.014576008999995338,0.0016467419999912636
vehicle,real,CFW-NB,17,0.42857142857142855,0.39341491841491844,1.5087569406913357,0.2926716213589857,0.0469233360000203,0.00027685500003826746
vehicle,real,HNB,17,0.6785714285714286,0.6814091915836102,0.7821334145068903,0.11825835701449279,0.012836124000045857,0.0015721219999704772
vehicle,real,CFW-NB,18,0.4642857142857143,0.4359090909090909,1.4931723573442246,0.24388289392973456,0.04878757000000178,0.000357091000012133
vehicle,real,HNB,18,0.7976190476190477,0.7929500580720092,0.5020613804019437,0.09751893967337774,0.013572614999986854,0.0014572680000242144
vehicle,real,CFW-NB,19,0.4880952380952381,0.4451449983708048,1.2994947575718445,0.24263695103536162,0.045789879000039946,0.0002674099999921964
vehicle,real,HNB,19,0.6785714285714286,0.6676287181539282,0.6968008978080146,0.19283770868183367,0.012756743000011284,0.0014707009999597176
vehicle,real,CFW-NB,20,0.5294117647058824,0.49132832341787563,1.230556727682679,0.2458748080508914,0.04569650400003411,0.00025723400000288166
vehicle,real,HNB,20,0.7058823529411765,0.7066860465116279,0.6271884053682751,0.12182548791647861,0.014676013000041621,0.0014200269999946613
vehicle,real,CFW-NB,21,0.5411764705882353,0.5223792105188101,1.4214313521688462,0.18635408538710002,0.04810278700000481,0.00027080999996087485
vehicle,real,HNB,21,0.6470588235294118,0.6386482798247504,0.666737465567004,0.16945022298033774,0.013765485000021727,0.0015102759999763293
vehicle,real,CFW-NB,22,0.4235294117647059,0.3966569828638794,1.6038786539113343,0.2970008223176439,0.044670126000028176,0.0002768420000052174
vehicle,real,HNB,22,0.7058823529411765,0.6902113119855056,0.5662383450294461,0.11949404270830719,0.012199446000010994,0.0013541320000172163
vehicle,real,CFW-NB,23,0.5764705882352941,0.5586142776295577,1.1483262064254616,0.2529757523972176,0.044205215000033604,0.0002620620000470808
vehicle,real,HNB,23,0.788235294117647,0.7857798975446034,0.42912747552041275,0.062114802059613214,0.012195136999991973,0.002266026999961923
vehicle,real,CFW-NB,24,0.38823529411764707,0.3523478835978836,1.489142321484751,0.30456045994874703,0.04566410199998927,0.0002921060000176112
vehicle,real,HNB,24,0.7294117647058823,0.7208640458640458,0.5857208401976509,0.12111552314630956,0.012768102999984876,0.0013424199999576558
vehicle,real,CFW-NB,25,0.4235294117647059,0.38678867566927266,1.5930700517669198,0.3123681907937365,0.06632541400000491,0.0003500210000311199
vehicle,real,HNB,25,0.6705882352941176,0.6556041613562642,0.7713735802618535,0.16512474181333014,0.01839467499996772,0.0021824659999651885
vehicle,real,CFW-NB,26,0.4523809523809524,0.4328245442484961,1.9073347580166327,0.24274940673377707,0.04937931599999956,0.0003093689999786875
vehicle,real,HNB,26,0.7023809523809523,0.6932468582804528,0.687610108125252,0.14915876187849758,0.015620383999987553,0.0016274749999638516
vehicle,real,CFW-NB,27,0.40476190476190477,0.38367861833334976,1.7385064331532682,0.3653486301050323,0.07584154500000295,0.0003071510000154376
vehicle,real,HNB,27,0.6428571428571429,0.6264975334742777,0.6476594744964224,0.17281039005470739,0.014082086000030358,0.0014832790000127716
vehicle,real,CFW-NB,28,0.38095238095238093,0.30622009569377995,1.3430282550675674,0.34862604401512354,0.04782089399998313,0.0003007560000014564
vehicle,real,HNB,28,0.7142857142857143,0.7153455284552845,0.5374656208556716,0.1351897598211219,0.01312168900000188,0.0018297410000513992
vehicle,real,CFW-NB,29,0.4642857142857143,0.4515325670498084,1.6031366989759472,0.3093325721446029,0.050280741999984,0.000252921999958744
vehicle,real,HNB,29,0.7976190476190477,0.7989274239274239,0.4711756934579334,0.08903478378953777,0.016473308999991332,0.0017821380000100362
satimage,real,CFW-NB,0,0.8075,0.7943031619253408,2.375078839243689,0.17916685935858753,0.64188403899999,0.001080800000011095
satimage,real,HNB,0,0.8875,0.8750093466484778,0.6326425228197052,0.09580582817024542,0.07367812000001095,0.06896501399995714
satimage,real,CFW-NB,1,0.7575,0.7394968918401336,2.487774910344371,0.21237259748902326,0.7169459479999887,0.0008334149999882356
satimage,real,HNB,1,0.84,0.8253799060839597,0.8612317515408247,0.12856288699811003,0.07410510800002612,0.029359074000012697
satimage,real,CFW-NB,2,0.815,0.7989970834940993,2.3302694139570703,0.16644078882306396,0.6207837260000133,0.0011453930000016044
satimage,real,HNB,2,0.8875,0.8742295647276119,0.5801657010648416,0.09291390211106876,0.06946068700000296,0.06961935800001129
satimage,real,CFW-NB,3,0.7925,0.7672519241310857,2.1584859777868335,0.18228815342431542,0.6451012839999635,0.001117900999986432
satimage,real,HNB,3,0.87,0.8457784550198002,0.639758615982086,0.10536073629446485,0.05389177900002551,0.04418387599997686
satimage,real,CFW-NB,4,0.81,0.7941814245226096,2.336645934636187,0.1713643994132693,0.5555646700000239,0.0007778039999948305
satimage,real,HNB,4,0.8875,0.8775571623458084,0.6144143142605499,0.08712542593498233,0.07100275999999894,0.03791579700003922
satimage,real,CFW-NB,5,0.8125,0.7842677214664286,2.0173728595382436,0.171859326988601,0.6232056669999793,0.001009687000021131
satimage,real,HNB,5,0.8725,0.8466821707927547,0.7451604978684224,0.10682583076262792,0.07257571299999199,0.03837028200001669
satimage,real,CFW-NB,6,0.8225,0.8044680842453422,1.7975997655735971,0.15653527935363185,0.6322348929999748,0.0010401960000194777
satimage,real,HNB,6,0.885,0.875668537408773,0.5872308860916486,0.09644033632463965,0.07969973299998401,0.04700658899997734
satimage,real,CFW-NB,7,0.79,0.775203084597833,2.593512495885118,0.20391461026958202,0.6728356999999505,0.0010392530000444822
satimage,real,HNB,7,0.8675,0.8557657128426319,0.8344068733393445,0.12061348592107461,0.0793417919999797,0.02704414700002644
satimage,real,CFW-NB,8,0.82,0.8036144873655596,2.034598880329475,0.15238792534910928,0.6957862650000379,0.0011257859999886932
satimage,real,HNB,8,0.885,0.8673141170670907,0.5902126892595215,0.0979804044668638,0.07473724999999831,0.035692101000051935
satimage,real,CFW-NB,9,0.7769423558897243,0.7458793202126114,2.8376934138518335,0.19970648906328936,0.6451072290000184,0.0010618009999916467
satimage,real,HNB,9,0.8546365914786967,0.8350859599314785,0.914846331138642,0.12726966397907996,0.07566914599999564,0.05011068599998225
satimage,real,CFW-NB,10,0.815,0.7975740378638266,1.9538433480745754,0.16057650176648175,0.6783127389999777,0.0008019719999765584
satimage,real,HNB,10,0.89,0.8706417382676913,0.6095063321835476,0.08949708891808705,0.0765178689999857,0.02984586100001252
satimage,real,CFW-NB,11,0.7975,0.7742736654009725,2.143107149610988,0.1811595202332028,0.6295080589999884,0.001492181999992681
satimage,real,HNB,11,0.8675,0.8492785610807996,0.6008180370921029,0.10278871331003817,0.07332817599996133,0.05525368799999342
satimage,real,CFW-NB,12,0.8125,0.7890539696561013,2.323790267489881,0.16818230100738085,0.6651283509999644,0.0009730620000141244
satimage,real,HNB,12,0.88,0.8606381748830941,0.6308639337016543,0.1028442771002003,0.06996296500000199,0.0643542910000292
satimage,real,CFW-NB,13,0.7925,0.7769580306191947,2.4600694632717297,0.18997258270299125,0.6410455780000461,0.0009338930000239998
satimage,real,HNB,13,0.86,0.8435636639633578,0.785292003755165,0.11984904103405382,0.07605357200003482,0.08844455399997742
satimage,real,CFW-NB,14,0.7975,0.7806609515814108,2.3974798113738207,0.1835524576345794,0.6834008219999532,0.0007894599999644925
satimage,real,HNB,14,0.87,0.8608377347329884,0.7004756438447663,0.10144013967164987,0.11254721400001699,0.051655530000005
satimage,real,CFW-NB,15,0.8075,0.7889514035706989,2.2638436383735474,0.1797269192827891,0.6329334899999708,0.0014337680000267028
satimage,real,HNB,15,0.8675,0.8495210996856621,0.6145972181837533,0.10943631371484633,0.07065505600002098,0.04391383799998039
satimage,real,CFW-NB,16,0.7725,0.7497615187852986,2.534380575594616,0.19720282274300213,0.7173306309999816,0.0009919280000190156
satimage,real,HNB,16,0.86,0.8477345947867105,0.769522593156494,0.11347657104201003,0.07319132000003492,0.04376793000000134
satimage,real,CFW-NB,17,0.78,0.7540081251526601,2.708067892413298,0.19979700352825222,0.7870370089999597,0.0011645750000184307
satimage,real,HNB,17,0.8575,0.8373014778014202,0.9325171349457912,0.12642814453228,0.072794440999985,0.030866841999966255
satimage,real,CFW-NB,18,0.815,0.7996415788463143,2.010292999354289,0.1647179961580684,0.7843207989999996,0.0008762479999973039
satimage,real,HNB,18,0.8875,0.870359244268903,0.64062124627803,0.09823364649350419,0.0721461190000241,0.031590078000022004
satimage,real,CFW-NB,19,0.8070175438596491,0.7892292978137427,2.1687145010988282,0.17141619776695025,0.742270268000027,0.0011264920000257916
satimage,real,HNB,19,0.8822055137844611,0.8705815530338068,0.7534016795552941,0.09978094366037656,0.07938854600001832,0.03873614600001929
satimage,real,CFW-NB,20,0.745,0.7256021375633082,3.0900523395837785,0.24282653891499345,0.6301126549999481,0.0012901579999606838
satimage,real,HNB,20,0.835,0.8209556771501197,0.9054613459271996,0.14147566280830606,0.08764487499996676,0.044767593000017314
satimage,real,CFW-NB,21,0.8175,0.7915957820655587,2.1599796184557074,0.1652415930005558,0.7185284970000225,0.0007777399999895351
satimage,real,HNB,21,0.875,0.8547204817545162,0.6023993260900413,0.10330967891605687,0.08216986400003634,0.032482513999980256
satimage,real,CFW-NB,22,0.82,0.7967762361866394,2.2116640356574933,0.1676021914305847,0.706784276999997,0.0009646180000117965
satimage,real,HNB,22,0.885,0.8660459131710696,0.6197270155898796,0.09647721932563182,0.09150472800001808,0.07218572900001163
satimage,real,CFW-NB,23,0.805,0.7888607107807372,2.5564382524148472,0.16552585003884973,0.6427694980000069,0.0010160889999610845
satimage,real,HNB,23,0.8725,0.8598745751254419,0.8011673199762583,0.11166470624055835,0.08227110200004972,0.032849255999963134
satimage,real,CFW-NB,24,0.82,0.8027992689324545,2.1654163037299146,0.15952515540728462,0.7464031839999734,0.0009190119999971103
satimage,real,HNB,24,0.895,0.8804943726784344,0.6974332279405867,0.09291571527800555,0.08464370299998336,0.07867029999999886
satimage,real,CFW-NB,25,0.79,0.7764226323531099,2.35169165263419,0.19543939045595654,0.7287898889999838,0.0008014520000187986
satimage,real,HNB,25,0.88,0.8644480455487931,0.7181666490044369,0.10366833843025833,0.06497572399996443,0.07702932199998713
satimage,real,CFW-NB,26,0.78,0.7592264945115185,2.364621936132657,0.19101280762295947,0.7134266459999594,0.0008905000000254404
satimage,real,HNB,26,0.8625,0.8439680677597076,0.7199007055892952,0.11820993419503037,0.0762317600000415,0.06908020700001316
satimage,real,CFW-NB,27,0.8225,0.8068900541083964,1.7040214394546194,0.15192275251290932,0.6984932539999704,0.001146985999980643
satimage,real,HNB,27,0.9,0.8863637025536205,0.5285758777826092,0.0787963873689882,0.08612136900001133,0.07107474700001148
satimage,real,CFW-NB,28,0.8125,0.7893258385846168,2.264360403909683,0.1738246806267926,0.644115209000006,0.0008263299999953233
satimage,real,HNB,28,0.8675,0.8531261938872022,0.7401749782903561,0.11777161012846826,0.061150032000000465,0.02977014800001143
satimage,real,CFW-NB,29,0.7894736842105263,0.767397672462044,2.107838225884015,0.18564830194752238,0.6681731940000191,0.000914226000020335
satimage,real,HNB,29,0.8596491228070176,0.8458749418533619,0.7170794835530878,0.11015660581620386,0.0725021149999634,0.03122401399997443
phoneme,real,CFW-NB,0,0.78,0.7300944669365722,0.4602748495906595,0.07250257981566256,0.017131926999979896,0.0003563120000080744
phoneme,real,HNB,0,0.83,0.8004167767309442,0.37253077586573285,0.03921718449745866,0.002970306999998229,0.0008552630000053796
phoneme,real,CFW-NB,1,0.7875,0.7312486661238944,0.4601014645774789,0.0566116820576482,0.01758505300000479,0.0003350449999857119
phoneme,real,HNB,1,0.81,0.771607164322635,0.39458896423505857,0.050350004067025375,0.0027661590000320757,0.0009359729999687261
phoneme,real,CFW-NB,2,0.7675,0.7184186025387742,0.45759962790588526,0.04768570974864781,0.01907595099999071,0.0003646929999945314
phoneme,real,HNB,2,0.82,0.7948717948717949,0.35308514343802877,0.036692167657783256,0.0042724840000119,0.0013189329999931942
phoneme,real,CFW-NB,3,0.7775,0.7081369133019061,0.46048157599576794,0.0685185312327632,0.016682334999984505,0.00028328800004828736
phoneme,real,HNB,3,0.84,0.8086067167080355,0.3485501102572058,0.017744907117193637,0.0028805759999954716,0.0008164850000298429
phoneme,real,CFW-NB,4,0.76,0.6990595611285266,0.5373591774097355,0.07874363214545622,0.016367126999966786,0.00023739600004546446
phoneme,real,HNB,4,0.8175,0.7832525478959909,0.4036042199209248,0.06004846193603787,0.0030507950000355777,0.001133327999980338
phoneme,real,CFW-NB,5,0.775,0.7254004576659039,0.49517434985151254,0.06850097703926977,0.019157932999974037,0.0002379020000375931
phoneme,real,HNB,5,0.81,0.7817095588235294,0.36412857654094294,0.03839103482084176,0.0027895410000269294,0.0007454710000160958
phoneme,real,CFW-NB,6,0.7975,0.760622381807301,0.4621094710665774,0.08092088749725435,0.01938396200000625,0.0002531069999918145
phoneme,real,HNB,6,0.8325,0.8046632992951843,0.3296700503806089,0.03446800816190275,0.0029345680000005814,0.0008184590000155367
phoneme,real,CFW-NB,7,0.765,0.7053291536050157,0.47267774406764235,0.04950803134625458,0.01648775600000363,0.0002697660000308133
phoneme,real,HNB,7,0.8275,0.8005650656473325,0.34016802860975714,0.03091718787234771,0.0027944139999931394,0.000829162999991695
phoneme,real,CFW-NB,8,0.79,0.7463078735163541,0.45606406993871623,0.06221259464900736,0.015312032000053932,0.0002171890000113308
phoneme,real,HNB,8,0.815,0.7837774661056569,0.358620927022332,0.03660837883689235,0.002565845000049194,0.0009109019999868906
phoneme,real,CFW-NB,9,0.7575,0.7032709029588786,0.48241564801968195,0.08901488147894769,0.015049460999989606,0.00021544600002698644
phoneme,real,HNB,9,0.7975,0.760622381807301,0.37084259809845777,0.05174301532794557,0.002711029000010967,0.0008691980000321564
phoneme,real,CFW-NB,10,0.78,0.728654682248466,0.4577699314644748,0.06002985992349492,0.015595918999963487,0.00021820199998501266
phoneme,real,HNB,10,0.82,0.7857142857142857,0.34307464809924115,0.05440881643933019,0.0026938850000419734,0.0007751100000064071
phoneme,real,CFW-NB,11,0.78,0.7300944669365722,0.4669152456940743,0.08315730925211665,0.01571991599996636,0.0002442410000185191
phoneme,real,HNB,11,0.8025,0.7696776215570085,0.37066207468056006,0.04136183894147681,0.002720721000002868,0.0007858999999825755
phoneme,real,CFW-NB,12,0.805,0.7581845238095238,0.44531676735622056,0.05099969461391013,0.016063206000012542,0.0002529889999891566
phoneme,real,HNB,12,0.8325,0.8046632992951843,0.35968722501164935,0.03385027417606876,0.002740452000011828,0.000804413000025761
phoneme,real,CFW-NB,13,0.7575,0.7032709029588786,0.5128777495816506,0.06117798985960438,0.015924556999948436,0.0002266490000124577
phoneme,real,HNB,13,0.8075,0.7745093014913135,0.3939118766104596,0.049443526861164405,0.0026645840000014687,0.0007594950000111567
phoneme,real,CFW-NB,14,0.7675,0.7155071543832547,0.46489234344757335,0.07210991016236429,0.016157700000007935,0.00024407199998677243
phoneme,real,HNB,14,0.8225,0.79017517417677,0.36729620446073774,0.05056174076873063,0.002716100999975879,0.0007704610000018874
phoneme,real,CFW-NB,15,0.77,0.7115987460815048,0.490192136522272,0.08901791519253727,0.014774740999996538,0.00022689200000058918
phoneme,real,HNB,15,0.8225,0.79017517417677,0.368597028726886,0.02055277721367084,0.002804379999986395,0.0009303269999918484
phoneme,real,CFW-NB,16,0.76,0.7085964060223409,0.48680341314573794,0.03516736181256986,0.01578109300004371,0.00027200499999935346
phoneme,real,HNB,16,0.7825,0.7572527710154229,0.38592964804098967,0.07681166112972561,0.002936029000011331,0.0009119540000028792
phoneme,real,CFW-NB,17,0.7525,0.7002520607670821,0.531409510219138,0.05827390809064446,0.018861225000023296,0.0002600999999913256
phoneme,real,HNB,17,0.8025,0.7676043390329105,0.37573420387111006,0.04533737444467112,0.0027778799999964576,0.0008348599999976614
phoneme,real,CFW-NB,18,0.79,0.7336377473363775,0.47384362404319474,0.09573880300063578,0.015708595000035075,0.00023686800000177755
phoneme,real,HNB,18,0.8425,0.8163251918745763,0.3438569731270462,0.030309373048678107,0.0026898130000176934,0.0008562830000187205
phoneme,real,CFW-NB,19,0.7925,0.7433816425120773,0.42418050097962107,0.07031567106755063,0.016328441000041494,0.00023582400001487258
phoneme,real,HNB,19,0.8325,0.8019962911245577,0.32251636485060503,0.037631594783497764,0.0027516800000171315,0.000827197999967666
phoneme,real,CFW-NB,20,0.8175,0.7650447782811256,0.40069804506524,0.06383477304175374,0.016025725000019975,0.00027681799997480994
phoneme,real,HNB,20,0.87,0.8452380952380952,0.2695814633546696,0.051920066633117476,0.0027406240000118487,0.0007712290000085886
phoneme,real,CFW-NB,21,0.7375,0.6770994303111377,0.5263585841326021,0.08448476542182587,0.01562060499998097,0.00022212400000398702
phoneme,real,HNB,21,0.79,0.7566909975669099,0.4156332995454075,0.05211309943869981,0.0026831850000235136,0.0007713809999927435
phoneme,real,CFW-NB,22,0.7775,0.7186015445297247,0.46938493731467745,0.05130369498395712,0.016565912000032768,0.00023492799999758063
phoneme,real,HNB,22,0.82,0.7940444520724277,0.35515904070354,0.02892685745347993,0.003631172999973842,0.000804211000001942
phoneme,real,CFW-NB,23,0.795,0.749809305873379,0.46504661471191155,0.06602142381342453,0.01658934599998929,0.0002528100000063205
phoneme,real,HNB,23,0.8375,0.8113193854817524,0.3267233423933649,0.03411784405362817,0.0037020500000153334,0.0007911899999726302
phoneme,real,CFW-NB,24,0.75,0.6964545896066052,0.5005449815198919,0.07091437168308035,0.01565802300001451,0.00022655899999790563
phoneme,real,HNB,24,0.7825,0.7391910425613238,0.4097159503725003,0.05684737788953635,0.002581082000006063,0.0007406849999824772
phoneme,real,CFW-NB,25,0.7575,0.7000966183574879,0.5021373854028335,0.06796761878372955,0.015658873999996104,0.00041341000002148576
phoneme,real,HNB,25,0.8,0.7651962079187579,0.3775397046259378,0.0540469367784706,0.0027566410000190444,0.0012449070000002393
phoneme,real,CFW-NB,26,0.7775,0.7318772359254377,0.46649077152442614,0.06549302884167633,0.016041841999992812,0.0002264000000309352
phoneme,real,HNB,26,0.83,0.8038706700124023,0.3371618409210705,0.038120265941159616,0.002613406000023133,0.0011658230000080039
phoneme,real,CFW-NB,27,0.7625,0.7078518655196009,0.4719020974927076,0.0510470315031671,0.015498742999966453,0.0002034430000321663
phoneme,real,HNB,27,0.805,0.7720897615708275,0.3912231441935854,0.05320482104963536,0.003344568000045456,0.0010535129999880155
phoneme,real,CFW-NB,28,0.805,0.755485893416928,0.44970973702963607,0.06043682626717932,0.015496882999968875,0.00023336599997492158
phoneme,real,HNB,28,0.8325,0.7981547731124082,0.3708261399762784,0.0416152071864977,0.0027354810000019825,0.0007949879999955556
phoneme,real,CFW-NB,29,0.775,0.7281870073389508,0.5030386431337459,0.07592362660200881,0.015723027000035472,0.0002723700000046847
phoneme,real,HNB,29,0.815,0.7856563549994207,0.3915169258032441,0.06385292097048278,0.002903065999987575,0.000730717999999797
page-blocks,real,CFW-NB,0,0.91,0.5959618759618759,0.5995777557694706,0.0430179296693767,0.05044068399996604,0.00038412499998230487
page-blocks,real,HNB,0,0.965,0.7760448178651582,0.11473634804927346,0.014433503134237986,0.008396560999983649,0.0019354589999807104
page-blocks,real,CFW-NB,1,0.885,0.5633140465435084,0.5690833877918648,0.07991695612321302,0.05753347099999928,0.0003786450000120567
page-blocks,real,HNB,1,0.96,0.823541930738776,0.162691622513038,0.028372559840319337,0.009191638999993756,0.00240304900000865
page-blocks,real,CFW-NB,2,0.9025,0.5646886446886447,0.758266749486909,0.06936010394550404,0.05324873500001104,0.00030400800000052186
page-blocks,real,HNB,2,0.9425,0.6960999784529196,0.16624192155735507,0.03038846797192931,0.008777299999962906,0.002068173999987266
page-blocks,real,CFW-NB,3,0.9275,0.6913897866839043,0.4642997631423498,0.04606272123107311,0.05417693499998677,0.00043409500000279877
page-blocks,real,HNB,3,0.94,0.6615258972705782,0.13836733754339037,0.03329467432273238,0.008708415000000969,0.002739308999991863
page-blocks,real,CFW-NB,4,0.935,0.7039276581024153,0.2712364721661856,0.0305369116301203,0.05272903800005224,0.00037689800001317053
page-blocks,real,HNB,4,0.965,0.7623696145124716,0.10894438768886071,0.019906733701514575,0.009311154999977589,0.002081787000008717
page-blocks,real,CFW-NB,5,0.9075,0.6690939316490625,0.4624507373217632,0.05548235536622783,0.05509395500001801,0.00037374200002204816
page-blocks,real,HNB,5,0.955,0.6171492329149233,0.13214638083102817,0.023459927309131004,0.00855261200001678,0.0019513259999826005
page-blocks,real,CFW-NB,6,0.87,0.5270284079296955,0.7140884822514129,0.07971183824442807,0.058151589000033255,0.0003438250000158405
page-blocks,real,HNB,6,0.9325,0.6365935423607774,0.19825527011006905,0.04422273808027849,0.008391966000033335,0.001996023000003788
page-blocks,real,CFW-NB,7,0.9075,0.5638270820089002,0.6037830478594252,0.07421484737504795,0.06067288000002691,0.00044642100004921303
page-blocks,real,HNB,7,0.955,0.8020932895189666,0.12643016570875365,0.021137120407822972,0.008638500000017757,0.0021085180000000037
page-blocks,real,CFW-NB,8,0.9225,0.7093574830362035,0.5540560033338501,0.0496399881585795,0.05806982399997196,0.0003782310000133293
page-blocks,real,HNB,8,0.9625,0.7941054043995222,0.11715657304759336,0.028822310285437414,0.008850254999970275,0.0021829499999626023
page-blocks,real,CFW-NB,9,0.9072681704260651,0.4634782608695652,0.5714785999616943,0.06453866639968521,0.059372886000005565,0.00032765900004960713
page-blocks,real,HNB,9,0.9624060150375939,0.7430376606265934,0.09684308322972672,0.026720321417498152,0.008500414999957684,0.0021152549999783332
page-blocks,real,CFW-NB,10,0.9325,0.616431518570556,0.6622715821701308,0.05685210466638762,0.05187040200002002,0.0003640780000182531
page-blocks,real,HNB,10,0.9425,0.6539058171745152,0.17536848401292027,0.031994379582108615,0.008335516999977699,0.002188409000041247
page-blocks,real,CFW-NB,11,0.93,0.6189879917548764,0.6002975449910104,0.05687424279515843,0.05231275799997093,0.00042632299999922907
page-blocks,real,HNB,11,0.93,0.5722689075630252,0.22021844409655764,0.039158557627884366,0.008144794000031652,0.0021201929999961067
page-blocks,real,CFW-NB,12,0.9175,0.6952337858220211,0.41285798559145376,0.036582981758788186,0.05214936999999509,0.00045743300000822273
page-blocks,real,HNB,12,0.945,0.7352380711631452,0.12972743534407025,0.02581892603687742,0.009270483000022978,0.002096357999960219
page-blocks,real,CFW-NB,13,0.8575,0.5285721177038109,0.8663349773011368,0.0737094654201523,0.05528987299999244,0.000365246000001207
page-blocks,real,HNB,13,0.95,0.7642717086834734,0.161209613069759,0.02615406393508734,0.008497893000026124,0.0021081870000330127
page-blocks,real,CFW-NB,14,0.9075,0.6453649833733985,0.4674572956502182,0.05584884895720038,0.055749907999995685,0.00037350200000219047
page-blocks,real,HNB,14,0.9525,0.742485893416928,0.14582287388344717,0.029636634794372806,0.008323759999996128,0.002098479000039788
page-blocks,real,CFW-NB,15,0.9175,0.5786072099645507,0.5058591085030805,0.05798351866229176,0.05476663100000678,0.0004133599999818216
page-blocks,real,HNB,15,0.9675,0.7401143694811886,0.1251158813429122,0.024940585498384862,0.008266413999990618,0.0020430739999710568
page-blocks,real,CFW-NB,16,0.9025,0.5624836350260896,0.4894845668137869,0.05835138020072558,0.052238094999950135,0.00035375999999587293
page-blocks,real,HNB,16,0.96,0.7043896343067614,0.12336157139372741,0.0162889287563871,0.008417231000009906,0.0021111349999500817
page-blocks,real,CFW-NB,17,0.91,0.6127302275189599,0.5054152842330647,0.05493180616856401,0.052005516000008356,0.0003999570000132735
page-blocks,real,HNB,17,0.955,0.7406356952463782,0.12515054723766028,0.02052714768775087,0.008559744000024239,0.0020709030000034545
page-blocks,real,CFW-NB,18,0.905,0.62586802087431,0.4119517161811612,0.06033600314804144,0.05371371699999372,0.000341966999997112
page-blocks,real,HNB,18,0.9675,0.8548835835589464,0.06969068409819017,0.01754394411787985,0.008866942999986804,0.0021511589999931857
page-blocks,real,CFW-NB,19,0.9172932330827067,0.7580884559728001,0.7521247891632048,0.06012632650673906,0.057666793000009875,0.0003896599999961836
page-blocks,real,HNB,19,0.9548872180451128,0.7591972138898775,0.13728208463928315,0.023155599060588804,0.008207127999980912,0.0021092069999895102
page-blocks,real,CFW-NB,20,0.9275,0.6505255047002618,0.5995837571873914,0.04920338715548658,0.05378278500000988,0.0003486169999860067
page-blocks,real,HNB,20,0.955,0.6999797671925921,0.17161683189426122,0.027470036116379142,0.008276013999989118,0.0021717130000524776
page-blocks,real,CFW-NB,21,0.8975,0.5822148896800643,0.450196961589661,0.054742535918395466,0.053971918000002006,0.0003619439999624774
page-blocks,real,HNB,21,0.9725,0.8336068613815485,0.09467377400086345,0.015024115754249778,0.008454185999994479,0.002141344999984085
page-blocks,real,CFW-NB,22,0.9125,0.5089851325145444,0.43799067727560725,0.049112176784691014,0.05657441400001062,0.0004157539999596338
page-blocks,real,HNB,22,0.9725,0.8256949693520094,0.07725232755008096,0.013103457683510511,0.00858328800001118,0.002218074999973396
page-blocks,real,CFW-NB,23,0.93,0.7235691452812716,0.5818317372509548,0.057784511201392066,0.05336218799999415,0.0004582010000149239
page-blocks,real,HNB,23,0.93,0.5227023348030657,0.1975964131995041,0.041098837267998144,0.009283903999971699,0.0021995759999526854
page-blocks,real,CFW-NB,24,0.92,0.5818425773121906,0.5990640412051359,0.06518617665618123,0.05249746699996649,0.0003611660000046868
page-blocks,real,HNB,24,0.9725,0.8136153490522423,0.08513351967844375,0.015480757146528662,0.011792571999990287,0.002547669000023234
page-blocks,real,CFW-NB,25,0.92,0.6262131837307152,0.6612191470660517,0.04972597642870502,0.05104292600003646,0.0004593140000110907
page-blocks,real,HNB,25,0.945,0.6510636461704422,0.15992940511344692,0.033356743855292734,0.008055028999990554,0.0019281109999838009
page-blocks,real,CFW-NB,26,0.9075,0.6379086527833044,0.49991050821496025,0.06120952148989514,0.05423645500002294,0.0005196969999587964
page-blocks,real,HNB,26,0.9625,0.8426492775859865,0.10143048982896595,0.030759382995694504,0.008412668000005397,0.0019653130000278907
page-blocks,real,CFW-NB,27,0.875,0.6329214186799326,0.6811056984003292,0.09022569684546483,0.05500558100004582,0.0004740269999956581
page-blocks,real,HNB,27,0.945,0.696885493591376,0.18273759708830176,0.02838171430609288,0.00789180800001077,0.0019650350000119943
page-blocks,real,CFW-NB,28,0.905,0.5870809650119995,0.5709957935050011,0.05603805141062709,0.0552866520000066,0.0004249369999911323
page-blocks,real,HNB,28,0.935,0.7614423671566528,0.21460950774404708,0.04396636458090557,0.008458959999984472,0.002084762999970735
page-blocks,real,CFW-NB,29,0.899749373433584,0.5798777286294817,0.5599269495061076,0.06077776495617412,0.052480708999951275,0.00036097700001391786
page-blocks,real,HNB,29,0.9548872180451128,0.7519065839820557,0.16502458858327418,0.015675758152145693,0.008432986999991954,0.0023813750000272194
ionosphere,real,CFW-NB,0,0.8333333333333334,0.7923076923076923,0.6546126332815771,0.1330720767917169,0.08653510299996015,0.0002971979999983887
ionosphere,real,HNB,0,0.9444444444444444,0.9375,0.3281340509980293,0.05138965888309646,0.020427028999961294,0.0024673360000520006
ionosphere,real,CFW-NB,1,0.7714285714285715,0.7008547008547008,1.3925963243174668,0.225724666205906,0.07878109900002528,0.0002788060000398218
ionosphere,real,HNB,1,0.8285714285714286,0.8011363636363636,1.4329461324862065,0.1539081805327082,0.01904766299998073,0.0014304119999906106
ionosphere,real,CFW-NB,2,0.9428571428571428,0.9337121212121212,0.25860103813875884,0.0583673763692374,0.0794459460000212,0.0002460759999962647
ionosphere,real,HNB,2,1.0,1.0,0.0276146408935965,0.023087968459530775,0.021048729000028743,0.0014495730000021467
ionosphere,real,CFW-NB,3,0.8571428571428571,0.8299319727891157,0.9936160249871228,0.12048651446590404,0.07780684199997268,0.00026467600002888503
ionosphere,real,HNB,3,0.9142857142857143,0.8979591836734694,0.9696943091845146,0.09183525941517214,0.02045679000002565,0.0014614809999784484
ionosphere,real,CFW-NB,4,0.9714285714285714,0.967622571692877,0.03500106625646565,0.027171607738566333,0.0853264739999986,0.00027196999997158855
ionosphere,real,HNB,4,0.9142857142857143,0.9066666666666667,0.1718686877982285,0.07040914048939734,0.02280269400000634,0.0014562490000002981
ionosphere,real,CFW-NB,5,0.9142857142857143,0.9028677150786308,0.106225436856465,0.07042882285533154,0.18339074699997582,0.0003199139999878753
ionosphere,real,HNB,5,0.9142857142857143,0.9028677150786308,0.439231340481447,0.07440522015177632,0.01939881499998819,0.0014242229999581468
ionosphere,real,CFW-NB,6,0.8571428571428571,0.8381128584643849,0.641846738539041,0.10881057813681311,0.11177652500003887,0.00025434000002633184
ionosphere,real,HNB,6,0.8857142857142857,0.8731884057971014,0.763755441853229,0.10336128712302675,0.019593185000019275,0.0014234320000241496
ionosphere,real,CFW-NB,7,0.8285714285714286,0.8011363636363636,0.9753979977645463,0.1457296915648231,0.0795432809999852,0.00027407999999695676
ionosphere,real,HNB,7,0.8857142857142857,0.8674242424242424,0.8294385408984821,0.1106214864219944,0.026459947000034845,0.0015166739999585843
ionosphere,real,CFW-NB,8,0.8571428571428571,0.8381128584643849,1.0901043722121393,0.16267333913487758,0.08051359799998181,0.0003444520000357443
ionosphere,real,HNB,8,0.8285714285714286,0.79,0.943254212242184,0.15689462422998643,0.01993851600002472,0.0015464470000097208
ionosphere,real,CFW-NB,9,1.0,1.0,0.008297553554713151,0.007901525615895598,0.08084006299998236,0.00029191499999114967
ionosphere,real,HNB,9,0.9714285714285714,0.9698535745047372,0.12695051211064856,0.03296583592240473,0.023295034000000214,0.001547553000023072
ionosphere,real,CFW-NB,10,0.8333333333333334,0.8036363636363637,1.452609964504321,0.1767661928792232,0.08087477100002616,0.00026893400001881673
ionosphere,real,HNB,10,0.8611111111111112,0.8319327731092436,1.1607482435447343,0.1358591185993122,0.02115743699999939,0.0015422120000039286
ionosphere,real,CFW-NB,11,0.9142857142857143,0.9028677150786308,0.5278967970237021,0.08084789181096401,0.10260427999998001,0.00041563199999927747
ionosphere,real,HNB,11,0.9428571428571428,0.9365942028985508,0.7846013873673733,0.07125981881557593,0.029635718000008637,0.0021934600000008686
ionosphere,real,CFW-NB,12,0.8285714285714286,0.79,1.0220764472820847,0.1662939575549336,0.07567458100004387,0.00026605900001186455
ionosphere,real,HNB,12,0.8571428571428571,0.8299319727891157,0.8947210752322494,0.138088010332618,0.01981293099998993,0.00153690600001255
ionosphere,real,CFW-NB,13,0.8571428571428571,0.8194014447884417,0.5754006836034985,0.138707161367491,0.08091650800002981,0.0002622740000219892
ionosphere,real,HNB,13,0.8571428571428571,0.8299319727891157,0.6841778945625673,0.11886341670155073,0.020441633000018555,0.0014042619999941053
ionosphere,real,CFW-NB,14,0.9428571428571428,0.9337121212121212,0.3007405058931466,0.057601092841552876,0.0752206239999964,0.0002849310000101468
ionosphere,real,HNB,14,0.9714285714285714,0.967622571692877,0.2630550722348879,0.02803493572935678,0.020598000999996202,0.0015712680000206092
ionosphere,real,CFW-NB,15,0.9714285714285714,0.9688888888888889,0.38803478649148254,0.0573793894442913,0.07507787600002302,0.0002639039999507986
ionosphere,real,HNB,15,0.9714285714285714,0.9688888888888889,0.26432562567165174,0.027722794084234392,0.020410246999972514,0.0016252009999675465
ionosphere,real,CFW-NB,16,0.9142857142857143,0.9028677150786308,0.15204991928784528,0.06397387282283011,0.08190352399998346,0.0004617800000232819
ionosphere,real,HNB,16,0.9714285714285714,0.9688888888888889,0.2048026933841933,0.03514571973050328,0.019660659000010128,0.0016619219999824963
ionosphere,real,CFW-NB,17,0.8285714285714286,0.8097826086956521,0.6495332726217395,0.1593978522347057,0.08185098899997456,0.00024706400000695794
ionosphere,real,HNB,17,0.8857142857142857,0.8731884057971014,0.2724480166551336,0.0896682959418868,0.021187514000018837,0.0014494679999756954
ionosphere,real,CFW-NB,18,0.8571428571428571,0.8299319727891157,0.8327437001588395,0.11876365511188608,0.07687755399996377,0.00027579900000773705
ionosphere,real,HNB,18,0.9428571428571428,0.9365942028985508,0.8971461279240405,0.057506793997533966,0.019489313000008224,0.0014444209999737723
ionosphere,real,CFW-NB,19,0.9428571428571428,0.9365942028985508,0.25694610115688743,0.040697976817936674,0.07568625900000825,0.00028779599995232275
ionosphere,real,HNB,19,0.9142857142857143,0.9066666666666667,0.5236882542164032,0.09906855391878136,0.019456625999964672,0.0014536110000449298
ionosphere,real,CFW-NB,20,0.9166666666666666,0.904170363797693,0.3009451549699971,0.08041274891795702,0.09367555599999378,0.0002855650000128662
ionosphere,real,HNB,20,0.9166666666666666,0.9080851063829787,0.2840649144351399,0.07680502125881969,0.01902353499997389,0.0014619030000062594
ionosphere,real,CFW-NB,21,0.8857142857142857,0.8600000000000001,1.1657952386579529,0.12491442089563685,0.07465194999997493,0.0002624599999876409
ionosphere,real,HNB,21,0.8857142857142857,0.8600000000000001,1.1091592281498215,0.1099277910113454,0.019770536999999422,0.0017860290000157875
ionosphere,real,CFW-NB,22,0.9714285714285714,0.967622571692877,0.12434024846481957,0.05035425644026864,0.07485736000000998,0.00025188000000753163
ionosphere,real,HNB,22,0.9714285714285714,0.967622571692877,0.25141641369909107,0.041324406910981645,0.019690478999962124,0.0015174580000234528
ionosphere,real,CFW-NB,23,0.8857142857142857,0.8731884057971014,0.4799208738309251,0.10541495159573203,0.074809915000003,0.0002733260000127302
ionosphere,real,HNB,23,0.9714285714285714,0.967622571692877,0.17609074776566902,0.034485970837823406,0.019909584999993513,0.001425976999996692
ionosphere,real,CFW-NB,24,0.8571428571428571,0.8299319727891157,0.590038757372695,0.11460991295475641,0.07719399299998031,0.0004485929999873406
ionosphere,real,HNB,24,0.8857142857142857,0.8731884057971014,1.0079691141179528,0.11916362813043797,0.020080993000021863,0.001377767999997559
ionosphere,real,CFW-NB,25,0.7714285714285715,0.7008547008547008,1.6513228801842448,0.2060034092583699,0.08132390899999109,0.0003408459999718616
ionosphere,real,HNB,25,0.8285714285714286,0.8011363636363636,1.9805865031991905,0.16931658888083084,0.027551812000012887,0.0016618020000009892
ionosphere,real,CFW-NB,26,0.9142857142857143,0.9066666666666667,0.3833611883839434,0.08076999640709073,0.07997560399996928,0.00023311000001058346
ionosphere,real,HNB,26,0.9714285714285714,0.9688888888888889,0.2501930483854394,0.04104882462297586,0.02120614199998272,0.001583989999971891
ionosphere,real,CFW-NB,27,0.8285714285714286,0.8097826086956521,0.598925064166511,0.1341890431385044,0.07592474000000493,0.0002489479999780997
ionosphere,real,HNB,27,0.8571428571428571,0.8444444444444444,0.8077012978334821,0.1373790936160072,0.02016016300001411,0.0014010109999844644
ionosphere,real,CFW-NB,28,0.9714285714285714,0.9688888888888889,0.27092126794541854,0.059117004759542416,0.07597153599999729,0.00025023500000997956
ionosphere,real,HNB,28,0.9714285714285714,0.9688888888888889,0.27216021665508533,0.04239377630633917,0.020124746999954368,0.0013886259999935646
ionosphere,real,CFW-NB,29,0.8571428571428571,0.8299319727891157,0.5589557082319908,0.12449007868272527,0.07853111399998625,0.0003831790000390356
ionosphere,real,HNB,29,0.9428571428571428,0.9365942028985508,0.10493313148487746,0.05279369124009541,0.01957863500001622,0.0014212119999683637
sonar,real,CFW-NB,0,0.6666666666666666,0.6666666666666666,0.9628229547499297,0.3101600030288722,0.1889135749999582,0.0003344719999631707
sonar,real,HNB,0,0.7619047619047619,0.7597254004576659,0.8989521651258133,0.22166073845568574,0.05873968999998169,0.0033966429999736647
sonar,real,CFW-NB,1,0.8095238095238095,0.8090909090909091,1.1968832071987994,0.23037844497896315,0.18063848600002075,0.0003782880000358091
sonar,real,HNB,1,0.7619047619047619,0.7529411764705882,0.9719675686390249,0.22980926883279523,0.05754551999996238,0.0033248459999981606
sonar,real,CFW-NB,2,0.6666666666666666,0.6541176470588235,0.943209813661846,0.25144643598949634,0.20099226799999315,0.0003135090000228047
sonar,real,HNB,2,0.9047619047619048,0.9045454545454545,0.304104181472811,0.1388013934317818,0.0582973939999647,0.0034704739999824596
sonar,real,CFW-NB,3,0.5714285714285714,0.5333333333333333,1.5648251224228051,0.3840300761901162,0.18971549299999424,0.0002864379999891753
sonar,real,HNB,3,0.9523809523809523,0.9523809523809523,0.15858637086938507,0.08708867616569316,0.059750528999984454,0.004447150999965288
sonar,real,CFW-NB,4,0.6666666666666666,0.6541176470588235,4.288915279416125,0.3184848671387551,0.17817491900001414,0.0003024389999950472
sonar,real,HNB,4,0.8095238095238095,0.7980769230769231,1.3621968793600185,0.2114227666327402,0.0566572239999914,0.0026805069999795705
sonar,real,CFW-NB,5,0.7619047619047619,0.7597254004576659,0.5646755227812614,0.17971720662027585,0.18912346600001229,0.00028043700001489924
sonar,real,HNB,5,0.8095238095238095,0.8055555555555556,0.4038209393980249,0.1747642727438652,0.06905888599999344,0.0031407690000264665
sonar,real,CFW-NB,6,0.6190476190476191,0.6181818181818182,0.6717800618897911,0.25063207319776143,0.19433479200000647,0.00033695399997668574
sonar,real,HNB,6,0.7619047619047619,0.7529411764705882,0.8963854603496622,0.24537822840280113,0.09149304600003916,0.004148143000008986
sonar,real,CFW-NB,7,0.5238095238095238,0.4642857142857143,1.681328464198527,0.4284812102087116,0.19099219800000355,0.00032843900004309035
sonar,real,HNB,7,0.8095238095238095,0.8090909090909091,0.761591769438172,0.1637283313693823,0.06806708599998501,0.0030167340000275544
sonar,real,CFW-NB,8,0.7,0.7,0.7013650228390057,0.21806379972851875,0.20025493899998992,0.00035552500003177556
sonar,real,HNB,8,0.85,0.8400000000000001,0.6850426633033365,0.13863161339257618,0.05926973500004351,0.0027080290000185414
sonar,real,CFW-NB,9,0.8,0.8,1.2195507532608745,0.1908791921552187,0.17046922800000175,0.00028633500005526
sonar,real,HNB,9,0.9,0.8958333333333333,0.29175932352838174,0.10527160383560435,0.044442538999987846,0.002454615999965881
sonar,real,CFW-NB,10,0.6190476190476191,0.6181818181818182,3.1108059890844895,0.36386603020214936,0.1894949649999944,0.00026598699997748554
sonar,real,HNB,10,0.7142857142857143,0.6785714285714286,1.4375708924398962,0.2695930728007314,0.05158470400004944,0.002639778999991904
sonar,real,CFW-NB,11,0.6666666666666666,0.6636155606407322,0.9931848852692552,0.33397317581793273,0.24972668700002032,0.00031683299999940573
sonar,real,HNB,11,0.9047619047619048,0.9045454545454545,0.266528776579371,0.11771361533705534,0.0604635569999914,0.0027750980000291747
sonar,real,CFW-NB,12,0.6190476190476191,0.5961538461538461,1.1352931060532974,0.33053997515074895,0.19931481500003656,0.00029278599998860955
sonar,real,HNB,12,0.9047619047619048,0.9045454545454545,0.5398547897391639,0.10312212208521587,0.05930585099997643,0.0028679859999556356
sonar,real,CFW-NB,13,0.7142857142857143,0.7136363636363636,1.2159861027020926,0.2012522458380114,0.21447039099996346,0.0002876059999721292
sonar,real,HNB,13,0.7142857142857143,0.6971153846153846,0.8657458201612236,0.23922885054518134,0.06046676299996534,0.0025586539999835622
sonar,real,CFW-NB,14,0.6190476190476191,0.5961538461538461,1.0887807363394633,0.3438155259144169,0.14117732299996533,0.0002490269999952943
sonar,real,HNB,14,0.9523809523809523,0.9519450800915332,0.2096949455544793,0.13223636826252644,0.044984140999986266,0.0023603719999982786
sonar,real,CFW-NB,15,0.7142857142857143,0.7083333333333333,0.7314306537185603,0.22499737223139404,0.2113658089999717,0.00043655500002159897
sonar,real,HNB,15,0.7619047619047619,0.7529411764705882,0.9833011806181824,0.23718778739514673,0.0630268269999874,0.0035548179999977947
sonar,real,CFW-NB,16,0.7142857142857143,0.7136363636363636,0.8129781555457536,0.27915436620951195,0.2506550100000027,0.0003930000000309519
sonar,real,HNB,16,0.9047619047619048,0.9045454545454545,0.3414382868806219,0.09779439362758577,0.08747204599995939,0.0038879580000070746
sonar,real,CFW-NB,17,0.6666666666666666,0.6636155606407322,1.0174161178905006,0.2678576355957066,0.2512752850000197,0.00028747400000384005
sonar,real,HNB,17,0.7142857142857143,0.6785714285714286,0.6703791239826131,0.21566272371875267,0.05812993600000027,0.0027322770000068886
sonar,real,CFW-NB,18,0.65,0.6491228070175439,3.122580128753645,0.3391321793661974,0.3032931230000031,0.0004222500000423679
sonar,real,HNB,18,0.8,0.797979797979798,0.6613236861798505,0.19234038173572113,0.07877063699999098,0.002971197999954711
sonar,real,CFW-NB,19,0.65,0.6491228070175439,0.8167202627604944,0.2928704493983712,0.16501161499996897,0.00026370199998382304
sonar,real,HNB,19,0.8,0.7802197802197802,0.9758750126383958,0.23853684563017258,0.04426725300004364,0.002245388999995157
sonar,real,CFW-NB,20,0.47619047619047616,0.47139588100686497,3.531727642510559,0.4721806178257635,0.15326883700004146,0.0003105229999960102
sonar,real,HNB,20,0.7619047619047619,0.7597254004576659,1.3526323402307188,0.2669989795717756,0.043405144000018936,0.0023959590000117714
sonar,real,CFW-NB,21,0.7142857142857143,0.7136363636363636,0.6415317253166276,0.22655278128802642,0.19218377999999348,0.00026434199997993346
sonar,real,HNB,21,0.8095238095238095,0.8055555555555556,0.4842028955662617,0.13830598457490534,0.055509911000001466,0.0026572099999953025
sonar,real,CFW-NB,22,0.7619047619047619,0.7619047619047619,0.5935234329549808,0.18854848520857526,0.13584787199999937,0.00025147199994535185
sonar,real,HNB,22,0.9047619047619048,0.9027777777777777,0.6350252898145485,0.11539651425621267,0.0437490809999872,0.0028404949999867313
sonar,real,CFW-NB,23,0.5714285714285714,0.5675057208237986,2.916749761785115,0.37741281034620433,0.1888440570000398,0.0003105709999999817
sonar,real,HNB,23,0.6666666666666666,0.6370370370370371,1.2431806421951639,0.3109433752577352,0.05957832500001814,0.0027138760000298134
sonar,real,CFW-NB,24,0.7142857142857143,0.7136363636363636,0.5373748572085659,0.1806388863310441,0.16852477500003715,0.0003207270000302742
sonar,real,HNB,24,0.9047619047619048,0.9027777777777777,0.5532769755690813,0.12080830964921377,0.06184870399999909,0.002712805000044227
sonar,real,CFW-NB,25,0.6666666666666666,0.6541176470588235,0.9728994115062193,0.27595602994204294,0.14553415300002825,0.0002622310000219841
sonar,real,HNB,25,0.8571428571428571,0.8558352402745995,0.3488970583922442,0.14351471281233807,0.042702405,0.002389552000011008
sonar,real,CFW-NB,26,0.7142857142857143,0.7083333333333333,0.8287255464208356,0.2425447541190248,0.1859261889999857,0.0003191399999877831
sonar,real,HNB,26,0.7619047619047619,0.7597254004576659,0.7366569062477053,0.18354877790236285,0.06509614499998406,0.0026542770000332894
sonar,real,CFW-NB,27,0.7619047619047619,0.7529411764705882,1.1480970148755052,0.29765012380113126,0.2008969739999884,0.0002801729999646341
sonar,real,HNB,27,0.7142857142857143,0.7083333333333333,0.9929217448875317,0.2588574421868308,0.056818179000003965,0.00277681299996857
sonar,real,CFW-NB,28,0.75,0.7493734335839599,1.5845906869023858,0.2599610425427898,0.20240433099996835,0.0003564479999909054
sonar,real,HNB,28,0.9,0.8958333333333333,0.22315061444018908,0.10043591880808202,0.06445827700002837,0.0028551039999911154
sonar,real,CFW-NB,29,0.65,0.6419437340153453,0.8015761309895157,0.27782870638742085,0.15344375100005436,0.00029038700000683093
sonar,real,HNB,29,0.95,0.949874686716792,0.201729739400691,0.07251737189834798,0.06541949299997896,0.002834628000016437
texture,real,CFW-NB,0,0.7905236907730673,0.7888318617462695,1.9796040162099195,0.16907250258504322,0.8481934670000442,0.0018066139999746156
texture,real,HNB,0,0.9276807980049875,0.9278129288524493,0.40503754887206445,0.04694915418458806,0.1453306610000027,0.26856094799995844
texture,real,CFW-NB,1,0.7581047381546134,0.7553928731905043,2.1101089887254427,0.19635137014828266,0.8845867059999932,0.001892849999990176
texture,real,HNB,1,0.9376558603491272,0.9377037752120937,0.4015909370323312,0.04509394141254153,0.1534319680000067,0.27409547700000303
texture,real,CFW-NB,2,0.770573566084788,0.7670504127703187,1.9374648439373066,0.18012429130472637,0.9301107379999962,0.0013466089999951691
texture,real,HNB,2,0.9376558603491272,0.9374894507576298,0.33016462886981773,0.04664231302822283,0.16327502299998287,0.21765713399997821
texture,real,CFW-NB,3,0.7481296758104738,0.745363218234372,2.140019532986276,0.2102775702084653,0.8001144369999906,0.0013871149999999943
texture,real,HNB,3,0.9077306733167082,0.9075628682030732,0.38851874721396434,0.06936439225862745,0.15018553800001655,0.3108683400000132
texture,real,CFW-NB,4,0.7775,0.7720353202555054,2.0932258452698975,0.1803826298003075,0.6768022919999908,0.002031124999973599
texture,real,HNB,4,0.94,0.9398608184991762,0.2630014780842279,0.051276197224610215,0.18596480900004053,0.17624149900001385
texture,real,CFW-NB,5,0.7875,0.7828226832281578,1.7123664165116281,0.1686737471852383,0.7804974929999844,0.0017842190000010305
texture,real,HNB,5,0.945,0.944736215265677,0.3091812717195108,0.03859457832440319,0.1551915640000061,0.17721937499999285
texture,real,CFW-NB,6,0.785,0.7803140387429998,2.09558535464475,0.17372872930960592,0.8346344420000378,0.002412794000008489
texture,real,HNB,6,0.9325,0.932339691354985,0.32165461662186345,0.05113221803365839,0.14952075899998363,0.1543236390000402
texture,real,CFW-NB,7,0.755,0.751612880285967,1.9811953250118064,0.2065411191100498,0.9348682179999628,0.0012693080000190093
texture,real,HNB,7,0.9375,0.9370379204936611,0.3142192181423413,0.04270422614085695,0.10979866499997115,0.10586463599997842
texture,real,CFW-NB,8,0.8025,0.797523469553228,1.6162239314550773,0.15687794649841164,0.7715780720000112,0.0014332570000306077
texture,real,HNB,8,0.945,0.9450310652114073,0.24842265360684948,0.03888783438091846,0.14166209399996887,0.09102082399999745
texture,real,CFW-NB,9,0.805,0.8025108663761579,1.551029606901268,0.14964989176781734,0.774442209999961,0.0012053110000351808
texture,real,HNB,9,0.9375,0.9378979168181586,0.2339035064081855,0.040781570194068986,0.14092602300002,0.07751192599999968
texture,real,CFW-NB,10,0.7057356608478803,0.6994287609651537,2.985483671523269,0.2454020581594391,0.8168689310000445,0.0013185669999984384
texture,real,HNB,10,0.9326683291770573,0.9327499904551995,0.4741245297368085,0.050735097508066644,0.1733722380000131,0.057903484000007666
texture,real,CFW-NB,11,0.7755610972568578,0.7710177574379515,2.0564587030515056,0.185567996064329,0.807398400000011,0.0014390970000022207
texture,real,HNB,11,0.9201995012468828,0.9213170892474204,0.4224532611822982,0.055045091817046615,0.16578121899999587,0.061569335999990926
texture,real,CFW-NB,12,0.7855361596009975,0.7834111122899092,1.7878706991531625,0.1681411810238376,0.8056118509999806,0.0014501549999863528
texture,real,HNB,12,0.942643391521197,0.9424226174672427,0.26348176089193587,0.034861365055112274,0.14419487799995068,0.17890901699996675
texture,real,CFW-NB,13,0.8029925187032418,0.8020524682776119,1.792093393867705,0.15747888777945682,0.8572297200000207,0.0016989989999842692
texture,real,HNB,13,0.942643391521197,0.942151474324854,0.18547536311359633,0.036901832557002204,0.15333911999999827,0.2227763679999839
texture,real,CFW-NB,14,0.78,0.7762327551170446,1.8137112932136588,0.1732045039284945,0.782060730000012,0.0015073729999812713
texture,real,HNB,14,0.9225,0.9220003721701143,0.23752680174531704,0.04740869226405442,0.14187782299995888,0.08579707000001235
texture,real,CFW-NB,15,0.77,0.7672272913971228,2.356119723354447,0.18344834736651572,0.8310610350000047,0.0020112450000056015
texture,real,HNB,15,0.9225,0.9214960549134538,0.4576379325283333,0.05735586396550655,0.14594102799998154,0.09632583899997371
texture,real,CFW-NB,16,0.81,0.804955586257191,1.534813263339504,0.15038858478898015,0.8280112950000103,0.0015191379999919263
texture,real,HNB,16,0.9425,0.9425166843206675,0.2523182080098003,0.03201995559117215,0.17000122000001738,0.061459101000025385
texture,real,CFW-NB,17,0.8075,0.8044178297732074,1.431870897004302,0.16431957149625828,0.8522865740000043,0.001501643000040076
texture,real,HNB,17,0.9425,0.9422823564697403,0.3063550258736077,0.04413509507890469,0.15327328399996532,0.06622649700000238
texture,real,CFW-NB,18,0.79,0.7859079139810871,1.7174209292015035,0.17693032952410742,0.7781074159999548,0.0018043540000007852
texture,real,HNB,18,0.93,0.9303067219458122,0.322348725209955,0.056057468265538056,0.1404084299999795,0.07261108500000546
texture,real,CFW-NB,19,0.785,0.7821904020392206,1.8011253849867754,0.16940016559443138,0.7754689840000424,0.0016746490000514314
texture,real,HNB,19,0.93,0.9303698545003798,0.2706376563248481,0.04733866588602989,0.14574575700004289,0.07626473000004808
texture,real,CFW-NB,20,0.7830423940149626,0.7779744171027381,1.4418791813782923,0.16681670855885222,0.7923348319999945,0.002132330999984333
texture,real,HNB,20,0.9551122194513716,0.9550089197915285,0.15140317566344924,0.026304231758978627,0.14353266500000927,0.10380411899996034
texture,real,CFW-NB,21,0.7630922693266833,0.7621571305223597,2.501954103358961,0.19700864811481908,0.7825021730000117,0.001563133999979982
texture,real,HNB,21,0.9077306733167082,0.9081118635388834,0.5286241191794726,0.07119778278371947,0.14296219800002063,0.16612645599997222
texture,real,CFW-NB,22,0.7655860349127181,0.7622601794321465,1.9551425548806864,0.19196447827988036,0.7590153240000177,0.0014761019999696146
texture,real,HNB,22,0.9376558603491272,0.9370224410250659,0.3159202764566688,0.04613082465278904,0.13549621099997466,0.1843828660000213
texture,real,CFW-NB,23,0.8079800498753117,0.8068707019499063,1.6559280588700869,0.15230844225070586,0.7572239269999841,0.0018170050000207993
texture,real,HNB,23,0.9326683291770573,0.9325235615454475,0.2518511237482996,0.04997294359799205,0.14324740000000702,0.0638882849999618
texture,real,CFW-NB,24,0.7525,0.7487247072987966,2.3077421462143413,0.2070617824628133,0.774258873000008,0.0015202900000303998
texture,real,HNB,24,0.92,0.9201402147376986,0.447957314765054,0.05453671788964018,0.14024030799998854,0.058474187999991045
texture,real,CFW-NB,25,0.7775,0.771022067569211,1.8733769077605973,0.17574459257762012,0.7590763649999985,0.0013599289999888242
texture,real,HNB,25,0.9225,0.9216901382468644,0.38314127044525903,0.048111603964828824,0.14285764100003462,0.056961912000019765
texture,real,CFW-NB,26,0.82,0.8181556718622525,1.7862731829120013,0.14442594541449552,0.7614148620000378,0.0013600560000099904
texture,real,HNB,26,0.92,0.9198796769560722,0.3521649795334071,0.05213656413272627,0.14285397199995487,0.0625688860000082
texture,real,CFW-NB,27,0.76,0.7550593966074007,2.0992267627507806,0.20369675993904257,0.734491504999994,0.0019264509999743495
texture,real,HNB,27,0.9475,0.9474470763840984,0.19693819989963512,0.03556292757150074,0.1381189019999738,0.05946157599998969
texture,real,CFW-NB,28,0.79,0.787768889667979,1.7722280993675497,0.1738783297882876,0.8089259959999708,0.001532953000037196
texture,real,HNB,28,0.9275,0.9281274009515499,0.3884995753096932,0.0571010435395705,0.149107019999974,0.10895186300001569
texture,real,CFW-NB,29,0.79,0.7874851134659029,1.7897602359327252,0.16696388675248847,0.8110506310000005,0.001984688999982609
texture,real,HNB,29,0.9525,0.9523647311820072,0.19882597347253722,0.021707062999428824,0.13504335599998285,0.1575822810000318
mfeat-karhunen,real,CFW-NB,0,0.925,0.9253327407306869,0.29880282323511703,0.049935504097125355,1.1017759850000175,0.0009148800000389201
mfeat-karhunen,real,HNB,0,0.935,0.9350660657271697,0.22820295639340224,0.043770660947152255,0.32842892600001505,0.30317072399998324
mfeat-karhunen,real,CFW-NB,1,0.925,0.9246385374925243,0.3777236970738936,0.04875006303749407,1.1372110730000031,0.0013483060000112346
mfeat-karhunen,real,HNB,1,0.935,0.9342423894647973,0.35959103982486595,0.03073911608761043,0.3559424740000168,0.33049718699999175
mfeat-karhunen,real,CFW-NB,2,0.95,0.9503255212333637,0.3286672483256743,0.048243000465499744,1.179534154999999,0.0010928489999741942
mfeat-karhunen,real,HNB,2,0.94,0.9397800316927404,0.30699967090166175,0.05161941801949048,0.40081926200002727,0.2873152329999584
mfeat-karhunen,real,CFW-NB,3,0.94,0.9406605298752357,0.23654688736764637,0.04483485816397247,1.1403466900000012,0.00127375499999971
mfeat-karhunen,real,HNB,3,0.95,0.9503557045020461,0.2321797838920692,0.04071052434261041,0.3320344200000136,0.32469925200001626
mfeat-karhunen,real,CFW-NB,4,0.92,0.9198442012356691,0.47035252646710946,0.06156060372300073,1.0713095159999853,0.0009598869999649651
mfeat-karhunen,real,HNB,4,0.89,0.8909157532841745,0.5627035916432627,0.0858979643512992,0.3138288500000499,0.10087616900000285
mfeat-karhunen,real,CFW-NB,5,0.94,0.939865484409772,0.3140477245037435,0.03570053856144424,1.1003768919999857,0.000958937000007154
mfeat-karhunen,real,HNB,5,0.94,0.940144088678435,0.331948656317979,0.044787617282338626,0.302099778000013,0.08637193999999226
mfeat-karhunen,real,CFW-NB,6,0.96,0.959849412461736,0.15079763459295173,0.03246772918615107,1.1162560380000173,0.0014593500000046333
mfeat-karhunen,real,HNB,6,0.965,0.9651866144920745,0.17788988176479364,0.03192313127218806,0.305807920999996,0.10004483799997388
mfeat-karhunen,real,CFW-NB,7,0.945,0.944337532386313,0.2747244961929709,0.033086431461484066,1.1433753350000302,0.0025888110000096276
mfeat-karhunen,real,HNB,7,0.955,0.9549583621342286,0.18316166317355523,0.03361059217260288,0.3216590420000216,0.08891896399995858
mfeat-karhunen,real,CFW-NB,8,0.92,0.9207059884916109,0.3689973770416249,0.04762404125619364,1.1324844839999741,0.0012160410000205957
mfeat-karhunen,real,HNB,8,0.925,0.9253187398822827,0.4723905092385282,0.0586763461034314,0.32006706399999985,0.22814926699999205
mfeat-karhunen,real,CFW-NB,9,0.935,0.9362341857536365,0.16084020377542335,0.03673319288493774,1.229869693000012,0.0011881079999511712
mfeat-karhunen,real,HNB,9,0.96,0.9606275129959341,0.15263050325407923,0.023606737397457563,0.34046807400000034,0.12040681300004508
mfeat-karhunen,real,CFW-NB,10,0.955,0.9551005092468507,0.15128161380195704,0.03118049499018771,1.2522928790000378,0.0009639129999641227
mfeat-karhunen,real,HNB,10,0.95,0.949919677114799,0.22931250947512496,0.031139594035433756,0.3617893269999968,0.12670042000002013
mfeat-karhunen,real,CFW-NB,11,0.95,0.9502367149644518,0.2645421406968012,0.033664706033270056,1.2651245049999602,0.0011523470000156522
mfeat-karhunen,real,HNB,11,0.97,0.9699686834346654,0.1521029512273165,0.03549635321291951,0.32326199499999575,0.22670167500001526
mfeat-karhunen,real,CFW-NB,12,0.94,0.9405811197788093,0.23949502167354692,0.043246048312262864,1.105224364000037,0.0011890580000226691
mfeat-karhunen,real,HNB,12,0.935,0.9350745378652355,0.2699430784058856,0.046830104673575186,0.322400851999987,0.16421359899999288
mfeat-karhunen,real,CFW-NB,13,0.935,0.935679395486841,0.22745088222946472,0.03591355662647485,1.0620904290000226,0.0009660450000410492
mfeat-karhunen,real,HNB,13,0.945,0.9458076006150462,0.2973984954304996,0.04850714520471161,0.3153359920000298,0.19349064499999713
mfeat-karhunen,real,CFW-NB,14,0.945,0.9447330377818183,0.3186877334745932,0.035880061689126934,1.1172053549999532,0.0010322539999947367
mfeat-karhunen,real,HNB,14,0.93,0.929653322946006,0.2843058015111131,0.04642777991124715,0.3166936370000144,0.18056979099998216
mfeat-karhunen,real,CFW-NB,15,0.95,0.9501201109545139,0.20765777915044845,0.03727402171267235,1.0720746599999984,0.0010172319999810497
mfeat-karhunen,real,HNB,15,0.935,0.9350152102449325,0.30469632006580405,0.055057679981331584,0.3331076339999868,0.17842581699994753
mfeat-karhunen,real,CFW-NB,16,0.94,0.9400185736385993,0.2885563089912934,0.028745931476647182,1.1465559619999794,0.0010663610000278823
mfeat-karhunen,real,HNB,16,0.935,0.9336128685079338,0.31969193542455143,0.051263028369272386,0.37237305700000434,0.13115998799997897
mfeat-karhunen,real,CFW-NB,17,0.915,0.915950024659909,0.49198773044119876,0.051649746496789814,1.0859183179999832,0.0017043990000047415
mfeat-karhunen,real,HNB,17,0.93,0.9301233288332134,0.353985089066919,0.04016126062052289,0.3539511529999686,0.11846027799998637
mfeat-karhunen,real,CFW-NB,18,0.92,0.9197865585657029,0.39012432057404006,0.05799811461262068,1.0208833769999615,0.0009426120000171068
mfeat-karhunen,real,HNB,18,0.935,0.9342568745700369,0.36512211782818565,0.04640741255824938,0.34909315199996627,0.10323566300002085
mfeat-karhunen,real,CFW-NB,19,0.925,0.9249349497452313,0.328875687227919,0.04475961407194628,1.1858926080000174,0.0013427650000039648
mfeat-karhunen,real,HNB,19,0.94,0.9401660812443868,0.33205339003578416,0.05000774129236646,0.30468005800003084,0.2441484349999996
mfeat-karhunen,real,CFW-NB,20,0.925,0.9250651321612902,0.4536831203298587,0.048547334945767504,1.0865606440000306,0.0011150649999649431
mfeat-karhunen,real,HNB,20,0.945,0.9450652974337185,0.3135496764162422,0.037231026788648564,0.4107802759999686,0.18014761499995302
mfeat-karhunen,real,CFW-NB,21,0.955,0.9550602585262405,0.15958714910543825,0.02494377617183421,1.1413101140000208,0.0011651890000052845
mfeat-karhunen,real,HNB,21,0.955,0.9551584248810865,0.22213790013263635,0.03177338799734067,0.38053611399999454,0.08734644899999466
mfeat-karhunen,real,CFW-NB,22,0.925,0.9253359655606126,0.3908116295424442,0.051538462046052225,1.0916600159999916,0.0013454930000307286
mfeat-karhunen,real,HNB,22,0.935,0.9338988030309643,0.38469405602864876,0.06002380201875239,0.36039541799999597,0.09920556499997701
mfeat-karhunen,real,CFW-NB,23,0.95,0.9497546855749084,0.15854381090026215,0.0414464295140904,1.5121432899999832,0.0012937770000007731
mfeat-karhunen,real,HNB,23,0.935,0.9354815509693557,0.19167689430754734,0.03593719403504881,0.3574229950000358,0.24914479899996422
mfeat-karhunen,real,CFW-NB,24,0.935,0.9353311498782736,0.258359133223049,0.039245217100826645,1.0809278870000298,0.0014192200000024968
mfeat-karhunen,real,HNB,24,0.92,0.9204352010748107,0.2208623612618841,0.0581402179806496,0.33450822899999366,0.19213336599995046
mfeat-karhunen,real,CFW-NB,25,0.94,0.940642718428341,0.3725149427625747,0.04484994526217511,1.0774298590000058,0.0009612570000285814
mfeat-karhunen,real,HNB,25,0.94,0.9401401098627715,0.3217439036344434,0.045840380273893304,0.3223595219999993,0.14912284399997588
mfeat-karhunen,real,CFW-NB,26,0.93,0.9297630939777998,0.24134944380974546,0.04355559819777072,1.135939580000013,0.0011864219999893066
mfeat-karhunen,real,HNB,26,0.94,0.9395821620240226,0.24204209308864713,0.03788462295844447,0.32776643099998637,0.11933726500001285
mfeat-karhunen,real,CFW-NB,27,0.91,0.911454051063562,0.4091423808369173,0.06537162106251596,1.1242432079999958,0.001177132000009351
mfeat-karhunen,real,HNB,27,0.93,0.9305113863457894,0.46071813260699157,0.06110754125104159,0.38190001199996004,0.49633880099997896
mfeat-karhunen,real,CFW-NB,28,0.965,0.9650566378422603,0.15729697338373594,0.032387238692602974,1.1119719089999762,0.0012833619999810253
mfeat-karhunen,real,HNB,28,0.965,0.9650297260232478,0.20485350125605487,0.032308685378895724,0.3783610349999549,0.10632263200000125
mfeat-karhunen,real,CFW-NB,29,0.94,0.9399995284513303,0.3748028225376391,0.041954554800869424,1.1551240659999849,0.0009515209999904073
mfeat-karhunen,real,HNB,29,0.945,0.9451366677348109,0.3866269312148534,0.05449542875765101,0.36728541399997994,0.12863860800001703
spambase,real,CFW-NB,0,0.8325,0.8317333350076286,2.4577439537319266,0.1711713595490711,1.9540173729999992,0.0007476229999952011
spambase,real,HNB,0,0.895,0.8894009216589862,0.41311700832699894,0.08260093114616285,0.0624192340000036,0.03535878700000694
spambase,real,CFW-NB,1,0.8,0.7995941782108771,2.973592880047755,0.19847033951318066,2.2082921539999916,0.0006821380000019417
spambase,real,HNB,1,0.91,0.9047392236246725,0.4297714778365377,0.06979265644688473,0.14396105200000875,0.046338090000006105
spambase,real,CFW-NB,2,0.8425,0.841548299473714,1.9016162592139123,0.15634945214964194,2.198741652000024,0.0006975029999694016
spambase,real,HNB,2,0.9525,0.9497855977165661,0.22521103306385576,0.03782563680434871,0.06423929000004591,0.037435219999963465
spambase,real,CFW-NB,3,0.8225,0.8218039215686275,2.7810022114036075,0.17720396115824508,2.2062019889999647,0.0013762290000158828
spambase,real,HNB,3,0.93,0.9267705826969348,0.3059618906268636,0.04752487960422952,0.061881013999993684,0.03363660500002652
spambase,real,CFW-NB,4,0.8175,0.8163972358981131,2.6829533830012475,0.18095067082722863,2.345311303000017,0.0006179719999863664
spambase,real,HNB,4,0.9225,0.9176577617520303,0.31813234050323036,0.05715225468787972,0.07027216199998065,0.03445404299998245
spambase,real,CFW-NB,5,0.835,0.8341875188423274,2.2427925351844573,0.1615884297796953,1.9926958500000183,0.0006703150000362257
spambase,real,HNB,5,0.925,0.9211853720050441,0.34060639698735934,0.0537386876753976,0.05849921100002575,0.030687099000033413
spambase,real,CFW-NB,6,0.835,0.8327886296268147,2.0507013460963206,0.15958588851023145,1.6497958889999609,0.0005149829999595568
spambase,real,HNB,6,0.915,0.9090884783015589,0.38577089215911636,0.05919334732445042,0.05581143200004135,0.055804813000008835
spambase,real,CFW-NB,7,0.825,0.8242574878863197,2.4666464691862697,0.1727262527699323,2.1056415989999664,0.0009391400000140493
spambase,real,HNB,7,0.9275,0.9231660871005133,0.24160363969487986,0.052593527910379884,0.10094176000001198,0.03787665799995921
spambase,real,CFW-NB,8,0.815,0.8143315937374549,2.416659649350001,0.18362786681371973,2.2285011019999956,0.0007544810000013058
spambase,real,HNB,8,0.9075,0.9009311136547717,0.28536838604407755,0.06793156356908076,0.0650229999999965,0.03338218900000811
spambase,real,CFW-NB,9,0.815,0.8138083735909822,2.5725485917266018,0.18015761808048383,2.066055133999953,0.00400999599997931
spambase,real,HNB,9,0.93,0.925908285041412,0.2863067681457313,0.04533571683424828,0.10731393800000433,0.07069090999999617
spambase,real,CFW-NB,10,0.86,0.8588567395906845,2.165136483885007,0.13853650255069264,2.4401931900000022,0.0006551139999828592
spambase,real,HNB,10,0.925,0.919783951442552,0.24455956933687353,0.049189780678939365,0.13689741100000674,0.07873001399997293
spambase,real,CFW-NB,11,0.8275,0.8261691072272084,2.3057800477620405,0.16927807512214257,1.9458874569999693,0.0006152860000270266
spambase,real,HNB,11,0.905,0.8994469582704877,0.4653179438808725,0.07502764623795649,0.07179621599999564,0.03312618800003975
spambase,real,CFW-NB,12,0.795,0.7948717948717949,2.6923309120091665,0.19965755860502438,2.216680698999994,0.0005898890000253232
spambase,real,HNB,12,0.9325,0.9293078055964654,0.29258532138412685,0.0478621855940437,0.1474796389999824,0.07620415600001706
spambase,real,CFW-NB,13,0.8375,0.836386404968819,1.8468844099444635,0.1592256120331379,2.1624313129999564,0.0006661830000211921
spambase,real,HNB,13,0.9325,0.9284649776453056,0.2982654805484234,0.04887662557678504,0.059992680999982895,0.032493482999996104
spambase,real,CFW-NB,14,0.8425,0.8414206694313169,2.1849754964702766,0.1604866154777522,2.347901706000016,0.0005966269999930773
spambase,real,HNB,14,0.955,0.9528190610993159,0.19936478934360768,0.029690367262410748,0.06411419099998739,0.03254683000000114
spambase,real,CFW-NB,15,0.8475,0.845717067865521,2.340183039331143,0.15453137599954767,2.2547680999999784,0.0038492549999773473
spambase,real,HNB,15,0.9125,0.9062861885923517,0.2999457776975045,0.06684355663452017,0.0733385880000128,0.03575327000004336
spambase,real,CFW-NB,16,0.8175,0.8167843137254902,2.5171560061697162,0.18036167883007864,2.094963769000003,0.0005480960000454616
spambase,real,HNB,16,0.9125,0.906790324835718,0.3926285577203047,0.06954622969807585,0.12301716700000043,0.05581892599997218
spambase,real,CFW-NB,17,0.81,0.8096955128205128,2.6420172618309667,0.18871533672711208,1.8604492899999627,0.000989979999985735
spambase,real,HNB,17,0.9225,0.918269959596359,0.2678095669566148,0.054859138507144224,0.06391673799998898,0.03715225299998792
spambase,real,CFW-NB,18,0.7975,0.7965731363525062,3.030949640489739,0.20283765839669304,2.0821604800000273,0.0007104580000145688
spambase,real,HNB,18,0.91,0.9058478920389161,0.4016570657314886,0.07154408809097776,0.06432426100002431,0.04263850300003469
spambase,real,CFW-NB,19,0.8275,0.8265885058337888,2.546160608094551,0.1714276646586269,2.615084006000018,0.0006103939999775321
spambase,real,HNB,19,0.915,0.9088374088374088,0.37757887573087273,0.06460774741168686,0.06483641500000203,0.06768809999999803
spambase,real,CFW-NB,20,0.82,0.818840579710145,2.6820583787479944,0.179247364489377,1.9014670390000106,0.0005690400000162299
spambase,real,HNB,20,0.9075,0.9009311136547717,0.4284920228561404,0.06856315576016925,0.059047682999960216,0.03219788699999526
spambase,real,CFW-NB,21,0.845,0.843871975019516,2.2711808496800825,0.1540107282160921,2.0660039869999878,0.0006864520000249286
spambase,real,HNB,21,0.915,0.9104674127715602,0.37917562007474215,0.07309715297336891,0.1008415379999974,0.08014264299998786
spambase,real,CFW-NB,22,0.8175,0.817087303227908,2.5221353672850757,0.17915232232571743,2.124711050999963,0.0005450479999922209
spambase,real,HNB,22,0.915,0.9108804487431522,0.3276316157551967,0.06558349207024099,0.1276176439999972,0.0661818579999931
spambase,real,CFW-NB,23,0.855,0.8539447508247086,2.027699834993106,0.14199411258052874,2.4449972439999783,0.0007646949999866592
spambase,real,HNB,23,0.925,0.9206160196872271,0.21762003820020343,0.047839456189369294,0.05703380299996752,0.03082568600001423
spambase,real,CFW-NB,24,0.83,0.8293857888398234,2.167273954670327,0.16771700745147655,1.9196025200000122,0.0005520149999824753
spambase,real,HNB,24,0.935,0.9313694435645655,0.29708931815577316,0.04640054562318133,0.06109215700001869,0.031021667000004527
spambase,real,CFW-NB,25,0.835,0.8345864661654135,2.2387293736381735,0.16212865602786908,2.2651704520000067,0.0006986139999867191
spambase,real,HNB,25,0.925,0.9204159592529711,0.30344204755917986,0.0557916815634577,0.15407432599999993,0.03205505300002187
spambase,real,CFW-NB,26,0.8575,0.856132358230428,1.8649865930770786,0.14431386599322907,2.454707339000038,0.0005080330000168942
spambase,real,HNB,26,0.93,0.9251316880130485,0.31139012071519756,0.05437230809788688,0.04689936900001612,0.02805829999999787
spambase,real,CFW-NB,27,0.8225,0.8211305306250984,2.783497340707835,0.17684154944284605,2.057870498999989,0.0005756319999932202
spambase,real,HNB,27,0.9225,0.9174428591402073,0.3409133090332094,0.06059748273798149,0.06537010099998497,0.03329338700001472
spambase,real,CFW-NB,28,0.795,0.794584032666149,2.8675237540657124,0.20042515463662153,1.816376187000003,0.0005708600000389197
spambase,real,HNB,28,0.94,0.9369482976040353,0.2528528474979611,0.04207947889631479,0.09219938199998978,0.04872103700000707
spambase,real,CFW-NB,29,0.81,0.8087761674718197,2.8383594473139833,0.19183235593052728,1.6834296000000109,0.0005443999999670268
spambase,real,HNB,29,0.9075,0.9026821586149304,0.35900078542523245,0.06921765944020031,0.06115364800001544,0.03718821699999353
magic,real,CFW-NB,0,0.7125,0.6320912413721397,0.8241214832011104,0.17737740172144056,0.055507156000032865,0.0003284719999783192
magic,real,HNB,0,0.84,0.806710760774365,0.40270571164931723,0.048160559822417216,0.00673965800001497,0.0015951109999718938
magic,real,CFW-NB,1,0.7175,0.6406281057443848,0.7178155323576079,0.1654397446117532,0.11358961600001294,0.00040381100001241066
magic,real,HNB,1,0.8225,0.788184577748939,0.41227422694668775,0.04864748561831981,0.012503997999999683,0.0017438169999763886
magic,real,CFW-NB,2,0.7575,0.6798442128540898,0.5934820115354222,0.10617583073932078,0.11145053999996435,0.00041474299996480113
magic,real,HNB,2,0.8225,0.7861043118056863,0.40906326238097923,0.044832980626580275,0.016641435999986243,0.0014881000000173117
magic,real,CFW-NB,3,0.755,0.6855345911949686,0.5893309284271497,0.13761498055080873,0.05790396300000111,0.0003260049999767034
magic,real,HNB,3,0.8175,0.7789737417777475,0.4238837733316255,0.06726779673584207,0.006448424000041086,0.0016292379999640616
magic,real,CFW-NB,4,0.7675,0.7024737865009478,0.5391472105412971,0.11426491569038465,0.06940801100000726,0.00028677899996409906
magic,real,HNB,4,0.8475,0.8180177358124687,0.3454081333837311,0.04229444852872818,0.00694708499997887,0.0016568300000017189
magic,real,CFW-NB,5,0.72,0.6468993347835682,0.6697949211259439,0.15151676289620208,0.05813556800001152,0.00029956700001321224
magic,real,HNB,5,0.845,0.817195423988678,0.33463234807214937,0.03620714688992446,0.005814508000014484,0.001738182999986293
magic,real,CFW-NB,6,0.735,0.6618927625913049,0.5971519700548208,0.14179005237561138,0.10364040300004262,0.0004049510000072587
magic,real,HNB,6,0.805,0.7667394359879183,0.43765799859172333,0.046685239557977945,0.007557135000013204,0.0018717230000220297
magic,real,CFW-NB,7,0.7825,0.7338615315198189,0.5545186490763467,0.09035170028313283,0.1085966129999747,0.0003397140000060972
magic,real,HNB,7,0.865,0.8407831112159453,0.3260984183676163,0.05651017930665815,0.014057766999997057,0.0016027380000309677
magic,real,CFW-NB,8,0.735,0.6658154418487342,0.590035094687321,0.13607899407941573,0.05258701100001417,0.0002529909999680058
magic,real,HNB,8,0.83,0.7966446365022877,0.39020500075789255,0.03835966757131774,0.0056538950000231125,0.0016191640000329244
magic,real,CFW-NB,9,0.765,0.6983699140033373,0.6034298626837518,0.12212528109759689,0.10506845499998008,0.0003121029999988423
magic,real,HNB,9,0.8525,0.8294686793216322,0.35304662133786896,0.020907245013086623,0.010010273999967012,0.005903728000021147
magic,real,CFW-NB,10,0.78,0.728654682248466,0.6344053289098619,0.1050107402397728,0.050915771999996196,0.00044161200003145495
magic,real,HNB,10,0.845,0.8145877568109094,0.37043035274448544,0.023590778487052284,0.005611276000024645,0.002045476999967377
magic,real,CFW-NB,11,0.7425,0.6684878378487114,0.592059881976542,0.12837496255451758,0.05107035700001461,0.00023225000001048102
magic,real,HNB,11,0.8425,0.8102052344191301,0.3811502570664058,0.04747077079344282,0.0054405199999791876,0.0016785349999963728
magic,real,CFW-NB,12,0.705,0.6190476190476191,0.7132185090241893,0.1719061204417884,0.058536635999985265,0.0003189399999996567
magic,real,HNB,12,0.8425,0.8111383411650965,0.3793545698614195,0.05376096982021475,0.00577701099996375,0.0015907559999845944
magic,real,CFW-NB,13,0.74,0.6793191699300052,0.6544445813193036,0.13543003011566218,0.0513357560000145,0.00031194300004244724
magic,real,HNB,13,0.825,0.7916666666666667,0.37416337489007434,0.02372908761167957,0.005661712999994961,0.0017863389999774881
magic,real,CFW-NB,14,0.745,0.6644295302013423,0.5975141654028554,0.12956831123965046,0.08637474800002565,0.00037989499998047904
magic,real,HNB,14,0.84,0.8104209247904263,0.40854236339400385,0.04495767958108424,0.009948400999974183,0.006039003000012144
magic,real,CFW-NB,15,0.7525,0.6887746681442011,0.6347118378527742,0.11503735275147509,0.11354235999999673,0.00040729599999167476
magic,real,HNB,15,0.81,0.7748748481886312,0.39848095607898787,0.04185289474658768,0.013751901999967231,0.0049981600000137405
magic,real,CFW-NB,16,0.75,0.6847315489139002,0.5686046182006561,0.11916260829044618,0.09839373999994905,0.00038197000003492576
magic,real,HNB,16,0.845,0.8154761904761905,0.3699759510404036,0.03120118093563426,0.006239114000038626,0.0018437839999592143
magic,real,CFW-NB,17,0.735,0.6577885391444713,0.681495488872505,0.13171124463307196,0.053226174000030824,0.00029608799997049573
magic,real,HNB,17,0.835,0.8054015803750443,0.40373424996913515,0.05331025827725634,0.005937308999989455,0.0015773209999565552
magic,real,CFW-NB,18,0.75,0.6791169297907842,0.5935324575323775,0.1341716287535289,0.053636636000021554,0.00034241299999848707
magic,real,HNB,18,0.8275,0.7951291206140187,0.4080703881292814,0.056980948468019335,0.005762629999992441,0.0017882930000041597
magic,real,CFW-NB,19,0.74,0.6600307279918931,0.5991147091233805,0.14130555623315846,0.05890981400000328,0.0003039149999608526
magic,real,HNB,19,0.8425,0.8102052344191301,0.3450355224453931,0.03963709653211364,0.005839742000034676,0.0016104380000001584
magic,real,CFW-NB,20,0.735,0.6618927625913049,0.6808297516488296,0.15776867498251113,0.10856714099998044,0.005269461000011688
magic,real,HNB,20,0.835,0.8035714285714286,0.36463548897882136,0.03034894123681789,0.012664431000018794,0.005766203999996833
magic,real,CFW-NB,21,0.705,0.6166839916839917,0.7479107405309088,0.16297584479388766,0.06615231900002527,0.00038742200001706806
magic,real,HNB,21,0.82,0.7814473045167557,0.39606808410859284,0.03476987522810834,0.006769520999966971,0.0016526839999642107
magic,real,CFW-NB,22,0.7425,0.6704817205333078,0.6355153713083688,0.13194439942683406,0.0541801150000083,0.0003232500000081018
magic,real,HNB,22,0.8225,0.7861043118056863,0.3718905737032909,0.025803898846668578,0.0057530770000084885,0.0017106919999605452
magic,real,CFW-NB,23,0.775,0.7129278172945042,0.5360804796411041,0.11613876098965144,0.05728212300004998,0.00037729000001718305
magic,real,HNB,23,0.8075,0.769169083646229,0.42813735954610666,0.055474219835578584,0.010142163000011806,0.0017935869999519127
magic,real,CFW-NB,24,0.7675,0.7108905658617715,0.5573880059142614,0.11276642109920071,0.05266444900001943,0.00031152399998291
magic,real,HNB,24,0.86,0.83779399837794,0.3688590664134971,0.036488869640270316,0.005425867999974798,0.0014791440000294642
magic,real,CFW-NB,25,0.745,0.6707021791767553,0.5685492534290262,0.13422984333594518,0.12133944400000019,0.00044679000001224267
magic,real,HNB,25,0.815,0.7807991942889303,0.41658703251183654,0.03064938410678077,0.007629886000017905,0.0025792619999833732
magic,real,CFW-NB,26,0.7525,0.6869837405443004,0.5978152153708723,0.12734630379790132,0.0808161630000086,0.00034208499999976993
magic,real,HNB,26,0.85,0.8205687969137834,0.37213090361198903,0.03963599359284968,0.015879303000019718,0.006736890000013318
magic,real,CFW-NB,27,0.7475,0.6708784449821183,0.6698688850800769,0.12796572818540594,0.05173156799997969,0.00031410200000436816
magic,real,HNB,27,0.835,0.8016588532275514,0.3759219812220078,0.033180513871223394,0.005712376000019503,0.0016196070000091822
magic,real,CFW-NB,28,0.74,0.6702181633688482,0.5883452570302687,0.12689548214264998,0.0657137459999717,0.000368980000018837
magic,real,HNB,28,0.84,0.8121569663350063,0.3763336767472724,0.03772035442812282,0.006135648999986643,0.0016213659999948504
magic,real,CFW-NB,29,0.73,0.66698529185039,0.6827983960924223,0.1338447880455224,0.05264385200001698,0.00026915699999108256
magic,real,HNB,29,0.8375,0.8041800037657691,0.3687955770060535,0.04477395751487537,0.005636229000003823,0.0016369209999993473
iris-red,augmented,CFW-NB,0,1.0,1.0,0.001793715461108591,0.0017719137796827766,0.019246722999980648,0.00025413700001308825
iris-red,augmented,HNB,0,0.9333333333333333,0.9326599326599326,0.08100852229193632,0.0510067552991769,0.010144041999978981,0.0004950240000312078
iris-red,augmented,CFW-NB,1,0.9333333333333333,0.9326599326599326,0.14962756565369295,0.09244805061801857,0.008746465000001535,0.0002457429999935812
iris-red,augmented,HNB,1,0.9333333333333333,0.9326599326599326,0.21097533339968255,0.126168793900011,0.004523150000011356,0.00040608900002325754
iris-red,augmented,CFW-NB,2,1.0,1.0,0.0001043128109091411,0.00010423398635461822,0.018921287000011944,0.0002913860000148816
iris-red,augmented,HNB,2,0.9333333333333333,0.9326599326599326,0.15662305257093834,0.07701172641304624,0.014507209999976567,0.0005381519999900775
iris-red,augmented,CFW-NB,3,0.9333333333333333,0.9326599326599326,0.23489718909463447,0.06457849257815906,0.008316444000001866,0.00020573700004433704
iris-red,augmented,HNB,3,0.9333333333333333,0.9326599326599326,0.12864313403195696,0.06271636545565057,0.004442239000013615,0.0003624060000220197
iris-red,augmented,CFW-NB,4,1.0,1.0,0.014608819302374561,0.013642867688938305,0.008708651000006284,0.0005987850000224171
iris-red,augmented,HNB,4,1.0,1.0,0.06047761547298656,0.047973147587465445,0.004372407999994721,0.0003767949999655684
iris-red,augmented,CFW-NB,5,1.0,1.0,0.028859138303944466,0.026219917506021848,0.007466388000011648,0.0001617980000219177
iris-red,augmented,HNB,5,0.8666666666666667,0.8666666666666667,0.13664887010981144,0.08708843420771217,0.004374367000025359,0.000346465999996326
iris-red,augmented,CFW-NB,6,0.8666666666666667,0.8666666666666667,0.7912460140470825,0.13244315992880706,0.010553471000037007,0.00018611000001556022
iris-red,augmented,HNB,6,0.8666666666666667,0.8666666666666667,0.4410158161443398,0.1486972851140912,0.0040786629999729485,0.00031111899994584746
iris-red,augmented,CFW-NB,7,0.9333333333333333,0.9326599326599326,0.28785111805882174,0.06577788295895437,0.00777913299998545,0.00020341800001233423
iris-red,augmented,HNB,7,1.0,1.0,0.0168576806109615,0.01570618757905739,0.0046826939999959905,0.0003422089999958189
iris-red,augmented,CFW-NB,8,1.0,1.0,0.02207767871131628,0.019663024287974885,0.023831709999967643,0.0002159619999702045
iris-red,augmented,HNB,8,1.0,1.0,0.017634135111393622,0.016527973155350602,0.013435239999978421,0.0003698480000480231
iris-red,augmented,CFW-NB,9,1.0,1.0,0.000359947123603405,0.0003591724096673188,0.011414209000008668,0.00017376900001409012
iris-red,augmented,HNB,9,1.0,1.0,0.0008776923234866133,0.0008765458146657856,0.008243471000014324,0.00031600299996625836
iris-red,augmented,CFW-NB,10,1.0,1.0,0.009175890977198902,0.008790201718995968,0.023363168000003043,0.00024397900000394657
iris-red,augmented,HNB,10,0.8666666666666667,0.8666666666666667,0.12092645268021833,0.08103881488154466,0.008508301000006213,0.0003528099999812184
iris-red,augmented,CFW-NB,11,1.0,1.0,0.06830004148943851,0.053002506930163236,0.015398112000013953,0.00016886799994608737
iris-red,augmented,HNB,11,0.8666666666666667,0.865993265993266,0.37643007624521907,0.10085085824014772,0.008146764999992229,0.00035524600002645457
iris-red,augmented,CFW-NB,12,0.8666666666666667,0.8666666666666667,0.36212779653770266,0.137491117480277,0.008852638999996998,0.00018639400002484763
iris-red,augmented,HNB,12,0.8,0.8053872053872054,0.47907767859798317,0.195920330192124,0.006749490999993668,0.00036020400000325026
iris-red,augmented,CFW-NB,13,0.9333333333333333,0.9326599326599326,0.4323154838129145,0.08618318816605308,0.00824760000000424,0.00018584200000759665
iris-red,augmented,HNB,13,0.8666666666666667,0.8611111111111112,0.20497204212471173,0.10542735241170657,0.0045345100000417915,0.00035552200000665835
iris-red,augmented,CFW-NB,14,1.0,1.0,0.00013931702493925581,0.00013925450084006918,0.007381248000001506,0.00019197199998188808
iris-red,augmented,HNB,14,1.0,1.0,0.0006746914411156454,0.0006723537545040292,0.005799082000010003,0.00042276900001070317
iris-red,augmented,CFW-NB,15,1.0,1.0,0.023212041996810238,0.020819075349807425,0.007732160999978532,0.00018408599999020225
iris-red,augmented,HNB,15,1.0,1.0,0.023443751125632014,0.02193315534179842,0.004383804999974927,0.0003406239999890204
iris-red,augmented,CFW-NB,16,1.0,1.0,0.0047645072139730505,0.004676841357164729,0.008133412000006501,0.00018493300001409807
iris-red,augmented,HNB,16,1.0,1.0,0.009265527507612979,0.00888254649713868,0.004324579000012818,0.00035050499997169027
iris-red,augmented,CFW-NB,17,1.0,1.0,0.0012433074560985154,0.0012331390922800667,0.007143367000026046,0.00018672200002356476
iris-red,augmented,HNB,17,1.0,1.0,0.021290394567618293,0.019023356380045403,0.0040315409999607255,0.00042117800001051364
iris-red,augmented,CFW-NB,18,0.8666666666666667,0.8611111111111112,0.8180645197853723,0.13277495439898268,0.009562009000035232,0.00028065599997262325
iris-red,augmented,HNB,18,0.9333333333333333,0.9326599326599326,0.28753131338176835,0.07872611396451923,0.004473627000038505,0.00037155699999402714
iris-red,augmented,CFW-NB,19,1.0,1.0,0.01695831465131668,0.015219627762809575,0.008149746000015057,0.00019780299999183626
iris-red,augmented,HNB,19,1.0,1.0,0.005061342402600558,0.004974078736724508,0.004419420000033369,0.0004141389999858802
iris-red,augmented,CFW-NB,20,1.0,1.0,0.02427222419839065,0.022185680784558844,0.008136970999998994,0.00017771400001720394
iris-red,augmented,HNB,20,0.9333333333333333,0.9326599326599326,0.11344761851376498,0.07699114115120648,0.004378368000004684,0.00036635300000398274
iris-red,augmented,CFW-NB,21,0.9333333333333333,0.9326599326599326,0.269769231697072,0.06544416222605809,0.007422317000020939,0.00019519099998888123
iris-red,augmented,HNB,21,1.0,1.0,0.03443498348757793,0.028910935321682874,0.008211067000047478,0.0003081309999970472
iris-red,augmented,CFW-NB,22,0.9333333333333333,0.9326599326599326,0.10383363511746288,0.06047870521615504,0.011545554000008451,0.0043712600000276325
iris-red,augmented,HNB,22,0.9333333333333333,0.9326599326599326,0.08868981963569579,0.052212496722588264,0.008858815999985836,0.00047449899994944644
iris-red,augmented,CFW-NB,23,1.0,1.0,3.792840102724472e-05,3.792429221460836e-05,0.011813948999986223,0.00020156699997642136
iris-red,augmented,HNB,23,0.9333333333333333,0.9326599326599326,0.1615328854176201,0.05239557281348355,0.012353336999979092,0.00038207699998338285
iris-red,augmented,CFW-NB,24,0.9333333333333333,0.9326599326599326,0.2495712030527515,0.07592385785641662,0.007580179000001408,0.00017155800003365584
iris-red,augmented,HNB,24,0.9333333333333333,0.9326599326599326,0.23613536304739657,0.09413587240287939,0.004759027999966747,0.0004202220000024681
iris-red,augmented,CFW-NB,25,0.8666666666666667,0.8666666666666667,0.8315862416863486,0.1325700961424684,0.0080856600000061,0.00021810199996252777
iris-red,augmented,HNB,25,0.8666666666666667,0.8666666666666667,0.41936568647603345,0.12412307021022487,0.004132605999984662,0.0009048389999861683
iris-red,augmented,CFW-NB,26,1.0,1.0,0.028311505150532715,0.024848143509880606,0.01644800000002533,0.0001872260000368442
iris-red,augmented,HNB,26,0.8666666666666667,0.8611111111111112,0.45456062481492376,0.1098483398503036,0.008648120000032122,0.00033431800000016665
iris-red,augmented,CFW-NB,27,0.9333333333333333,0.9326599326599326,0.05273270912933592,0.037925008023860445,0.007788300000015624,0.0001770329999999376
iris-red,augmented,HNB,27,1.0,1.0,0.01260512891191115,0.012367519968252472,0.005414447000021028,0.0003852620000088791
iris-red,augmented,CFW-NB,28,1.0,1.0,0.002755760461018021,0.0027281719962621853,0.007727451999983259,0.00021703900000602516
iris-red,augmented,HNB,28,1.0,1.0,0.03380398360122731,0.03016195485141438,0.004221282000003157,0.0003349710000293271
iris-red,augmented,CFW-NB,29,1.0,1.0,0.0034698535303685383,0.0033856340373171756,0.008996323000019402,0.00018210999996881583
iris-red,augmented,HNB,29,1.0,1.0,0.00704221052790734,0.006745251833234933,0.00426318799998171,0.00030347500000971195
wine-red,augmented,CFW-NB,0,1.0,1.0,0.0001232688886930819,0.00012318659272503307,0.14538486599997213,0.00030431900000849055
wine-red,augmented,HNB,0,1.0,1.0,0.0005344732666444862,0.0005320196334199778,0.08596422599998732,0.0014874049999775707
wine-red,augmented,CFW-NB,1,1.0,1.0,0.0004433677719202908,0.0004416282002536187,0.07454862999998113,0.0002392400000417183
wine-red,augmented,HNB,1,1.0,1.0,0.00091534286386737,0.0009117973193395468,0.03647141700002976,0.0013823830000205817
wine-red,augmented,CFW-NB,2,1.0,1.0,0.00018817329045354764,0.00018793510923054146,0.14541479799999024,0.00031958399995346554
wine-red,augmented,HNB,2,1.0,1.0,0.00014054361569964895,0.00014043290373932926,0.052421843999979956,0.001484404999985145
wine-red,augmented,CFW-NB,3,1.0,1.0,0.003909655053387234,0.0037758040164356612,0.07443430300003229,0.0002581239999699392
wine-red,augmented,HNB,3,1.0,1.0,0.004017564051492988,0.003877538561722614,0.041706250000004275,0.0014604770000232747
wine-red,augmented,CFW-NB,4,1.0,1.0,9.665232724875334e-06,9.664521782748459e-06,0.07198053300004403,0.00024126600004592547
wine-red,augmented,HNB,4,1.0,1.0,0.008102570543197648,0.0075399996644119885,0.03596159600004967,0.0013174239999784731
wine-red,augmented,CFW-NB,5,0.9444444444444444,0.9440559440559441,0.1864607814924958,0.053565419888960686,0.09520571100000552,0.0002829150000138725
wine-red,augmented,HNB,5,0.9444444444444444,0.9487179487179488,0.06615892227938207,0.03963991340971893,0.08744958099998712,0.0014342200000214689
wine-red,augmented,CFW-NB,6,1.0,1.0,0.005197419003110801,0.004962166697891709,0.07827831399998786,0.00024350600000389022
wine-red,augmented,HNB,6,1.0,1.0,0.015407499743495494,0.013727293531872018,0.036081932999991295,0.0014946129999771074
wine-red,augmented,CFW-NB,7,0.8888888888888888,0.888888888888889,0.4461821819968618,0.09586627871410272,0.0727324319999525,0.00024914900001249407
wine-red,augmented,HNB,7,0.9444444444444444,0.9440559440559441,0.16397583959587692,0.052649013938114275,0.037928792999991856,0.001481474000001981
wine-red,augmented,CFW-NB,8,0.9411764705882353,0.9474747474747475,0.49495808382214956,0.057382275311744224,0.14955132899996215,0.00028124599998591293
wine-red,augmented,HNB,8,0.9411764705882353,0.9487179487179488,0.39403665897158435,0.05838685776652608,0.07817519100001391,0.0018195930000501903
wine-red,augmented,CFW-NB,9,0.9411764705882353,0.943355119825708,0.13084693239531375,0.05335125787126427,0.1454632619999643,0.0002937209999913648
wine-red,augmented,HNB,9,1.0,1.0,0.020037306784608282,0.017758717682523874,0.07626644800001259,0.0013997019999578697
wine-red,augmented,CFW-NB,10,1.0,1.0,0.034526016245000304,0.026014741457500858,0.12346891800001458,0.00033453499997904146
wine-red,augmented,HNB,10,1.0,1.0,0.0009554574598015647,0.0009506671417527368,0.08163912399999163,0.005898153999964961
wine-red,augmented,CFW-NB,11,1.0,1.0,0.01392659918330641,0.012320006507598494,0.15122756100004153,0.0003235030000041661
wine-red,augmented,HNB,11,1.0,1.0,0.0003596134814864014,0.0003584540514468548,0.042214280000052895,0.0016253290000349807
wine-red,augmented,CFW-NB,12,0.9444444444444444,0.9474747474747475,0.21566239973121037,0.0746781756991588,0.08048840999998674,0.0003875849999985803
wine-red,augmented,HNB,12,0.9444444444444444,0.9474747474747475,0.08498558160866114,0.05290634245095129,0.03810652800001435,0.0014147399999728805
wine-red,augmented,CFW-NB,13,1.0,1.0,0.00014907947353679136,0.00014892968971969012,0.09462246100002858,0.0002683269999579352
wine-red,augmented,HNB,13,1.0,1.0,0.0074482516255016,0.007094815537466215,0.0379212569999936,0.0015135800000507516
wine-red,augmented,CFW-NB,14,0.9444444444444444,0.9440559440559441,0.06742917569181363,0.044651513204543775,0.07430720000002111,0.0003708270000402081
wine-red,augmented,HNB,14,0.9444444444444444,0.9487179487179488,0.46203814791911235,0.05456675799733701,0.052148944999999,0.0015562230000227828
wine-red,augmented,CFW-NB,15,1.0,1.0,4.2612900099905036e-05,4.259725173993978e-05,0.07022007200004055,0.00026458199999979115
wine-red,augmented,HNB,15,1.0,1.0,5.9829057952233655e-05,5.9811742980864224e-05,0.035564151000016864,0.001380967999978111
wine-red,augmented,CFW-NB,16,0.9444444444444444,0.9440559440559441,0.28603770188819516,0.055129679217257754,0.07394709499999408,0.0002789870000015071
wine-red,augmented,HNB,16,0.9444444444444444,0.9440559440559441,0.17874768157805676,0.05234435696369921,0.0372090160000198,0.001514421000024413
wine-red,augmented,CFW-NB,17,1.0,1.0,0.00018263333226792265,0.00018233349633101081,0.11244541199999958,0.00027481099999704384
wine-red,augmented,HNB,17,1.0,1.0,0.00011239379339796331,0.00011229456652683822,0.07933749500000431,0.008768738000014764
wine-red,augmented,CFW-NB,18,0.9411764705882353,0.9474747474747475,0.5666863457970079,0.05881937848864616,0.08284071299999596,0.00031508899996879336
wine-red,augmented,HNB,18,1.0,1.0,0.015007542774393942,0.013309940150901348,0.07473203699998976,0.001598889999968378
wine-red,augmented,CFW-NB,19,1.0,1.0,0.0001639234270151722,0.0001637217590539919,0.178606617000014,0.00031841800000620424
wine-red,augmented,HNB,19,1.0,1.0,6.671790055828042e-05,6.670444396428277e-05,0.0941816160000144,0.0019312809999973979
wine-red,augmented,CFW-NB,20,1.0,1.0,9.209171156547192e-06,9.208480825861898e-06,0.08005687899998293,0.0006449919999909071
wine-red,augmented,HNB,20,1.0,1.0,5.042051266913044e-05,5.04067853704937e-05,0.03854388799999242,0.001245365999977821
wine-red,augmented,CFW-NB,21,0.9444444444444444,0.9440559440559441,0.3369840696792379,0.05542420280723881,0.059304667000048994,0.0003310510000460454
wine-red,augmented,HNB,21,0.9444444444444444,0.9440559440559441,0.2140979998878273,0.0768376542415633,0.07643687999996018,0.006136547000039627
wine-red,augmented,CFW-NB,22,1.0,1.0,2.0387672487293245e-08,2.0387669774635242e-08,0.07120818599997847,0.00027946799997380367
wine-red,augmented,HNB,22,1.0,1.0,7.682356587927943e-06,7.681876118104114e-06,0.03798180600000478,0.0018025489999899946
wine-red,augmented,CFW-NB,23,1.0,1.0,0.03177619062008699,0.025474367329453924,0.07407434799995372,0.0003427099999839811
wine-red,augmented,HNB,23,1.0,1.0,0.0013938546183429336,0.0013766792614536838,0.04444972400000324,0.00175666600000568
wine-red,augmented,CFW-NB,24,1.0,1.0,0.009668098750787559,0.008874326432031268,0.12267078999997238,0.0003095000000143955
wine-red,augmented,HNB,24,0.9444444444444444,0.9487179487179488,0.50029445063895,0.0555417665827197,0.038784336999981406,0.0013731719999441339
wine-red,augmented,CFW-NB,25,1.0,1.0,0.03532490090080084,0.02623574505387813,0.11819472300004463,0.0003301410000062788
wine-red,augmented,HNB,25,1.0,1.0,0.0064046684871692855,0.006178807227087683,0.06255652800001599,0.0014122759999963819
wine-red,augmented,CFW-NB,26,1.0,1.0,0.0005084346623032281,0.0005066327352444278,0.09739472100000057,0.0002750109999851702
wine-red,augmented,HNB,26,1.0,1.0,0.00019048702734834435,0.00019024530214117874,0.038363527999990765,0.0013281290000008994
wine-red,augmented,CFW-NB,27,1.0,1.0,0.005832664339971998,0.0055371771823263674,0.1282013070000403,0.00028381300001001364
wine-red,augmented,HNB,27,0.9444444444444444,0.9407407407407407,0.05536833710675341,0.04068343416114946,0.03993526900001143,0.001519954000002599
wine-red,augmented,CFW-NB,28,0.8823529411764706,0.8916666666666666,0.6538095919933262,0.11219247140826175,0.06650969499997927,0.00022976499997184874
wine-red,augmented,HNB,28,0.9411764705882353,0.9474747474747475,0.06829357844336797,0.050681736822072734,0.027149425999994037,0.0011681700000281126
wine-red,augmented,CFW-NB,29,0.9411764705882353,0.9407407407407407,0.11824038310054487,0.05108235770005249,0.053878110000027846,0.00019899000000123124
wine-red,augmented,HNB,29,1.0,1.0,0.0029574961862421263,0.0029224975627744065,0.02822711400000344,0.0011101880000410347
synth-rho0.0,synthetic,CFW-NB,0,0.6833333333333333,0.6825396825396826,0.6103234579332761,0.08974003179150684,0.027485350999995717,0.0002848919999678401
synth-rho0.0,synthetic,HNB,0,0.6333333333333333,0.6329254727474972,0.7001754968027759,0.1435293132533872,0.005937748000008014,0.000687792000007903
synth-rho0.0,synthetic,CFW-NB,1,0.7,0.696969696969697,0.6283859646046893,0.13300797326999614,0.017034969000008005,0.00022923000000218963
synth-rho0.0,synthetic,HNB,1,0.6333333333333333,0.6333333333333333,0.6925013123935077,0.10665583643238376,0.004242792000013651,0.0005883960000119259
synth-rho0.0,synthetic,CFW-NB,2,0.6333333333333333,0.6228571428571429,0.6093932461073345,0.104646622359817,0.025208592000012686,0.00017859199999747943
synth-rho0.0,synthetic,HNB,2,0.5666666666666667,0.5588235294117647,0.7724535288339843,0.16685200205457473,0.007070651999981692,0.0004519119999599752
synth-rho0.0,synthetic,CFW-NB,3,0.7,0.696969696969697,0.6095615354227049,0.11368300376745206,0.024860348999993676,0.00018281699999533885
synth-rho0.0,synthetic,HNB,3,0.6333333333333333,0.6329254727474972,0.6833434658657626,0.16423586823016156,0.007278174999953535,0.0004503860000113491
synth-rho0.0,synthetic,CFW-NB,4,0.5666666666666667,0.5647321428571428,0.6419316096308879,0.13014190807352935,0.01667664900003274,0.000223665999953937
synth-rho0.0,synthetic,HNB,4,0.6166666666666667,0.6165601555987774,0.6970281371523599,0.14658449478969035,0.00480532299997094,0.0005983570000012151
synth-rho0.0,synthetic,CFW-NB,5,0.55,0.5468531468531468,0.6478361897982293,0.10863216154101842,0.02627215500001512,0.0001873719999707646
synth-rho0.0,synthetic,HNB,5,0.6,0.5982142857142857,0.6870774208816003,0.09583176592146803,0.007414626000013413,0.0005733879999638702
synth-rho0.0,synthetic,CFW-NB,6,0.7333333333333333,0.7257142857142858,0.5732701215003947,0.10463732718306976,0.016898005999962606,0.00020218400004523573
synth-rho0.0,synthetic,HNB,6,0.7,0.6945701357466063,0.5693012665059928,0.09168641886499541,0.004021327999964797,0.0005417169999759608
synth-rho0.0,synthetic,CFW-NB,7,0.65,0.6491228070175439,0.637222667427181,0.09099551485829543,0.01644378800000368,0.0002362889999858453
synth-rho0.0,synthetic,HNB,7,0.6,0.595959595959596,0.6614760771554522,0.13663718958976057,0.003964134000000286,0.0005754819999879146
synth-rho0.0,synthetic,CFW-NB,8,0.6833333333333333,0.6832453459294248,0.6049095922696004,0.134973465481353,0.037503258000015194,0.00024232900000242807
synth-rho0.0,synthetic,HNB,8,0.6833333333333333,0.6832453459294248,0.5698133452395225,0.08153414126805285,0.008290751999993518,0.0005844000000365668
synth-rho0.0,synthetic,CFW-NB,9,0.65,0.6475524475524476,0.5894711337379561,0.1073314542152344,0.03690861500001574,0.00018507999999428648
synth-rho0.0,synthetic,HNB,9,0.6333333333333333,0.6333333333333333,0.6338223930082971,0.14474634173896905,0.0079968339999823,0.0005687190000003284
synth-rho0.0,synthetic,CFW-NB,10,0.65,0.6451703745423825,0.6255114523584027,0.04442548336641316,0.02965853200004176,0.00025170200001412013
synth-rho0.0,synthetic,HNB,10,0.5666666666666667,0.5622895622895623,0.7247125079492577,0.1988706818561786,0.013013238000041838,0.0005472109999686836
synth-rho0.0,synthetic,CFW-NB,11,0.6,0.595959595959596,0.6258963067608129,0.08935912514376047,0.03287924300002487,0.0002170500000033826
synth-rho0.0,synthetic,HNB,11,0.5833333333333334,0.5804195804195804,0.6847895770681988,0.12484848892329425,0.008448941000040122,0.0005454590000226744
synth-rho0.0,synthetic,CFW-NB,12,0.7166666666666667,0.7165879410947485,0.5572227266705024,0.15936427090545663,0.016492861000017456,0.00023226499996553684
synth-rho0.0,synthetic,HNB,12,0.7,0.699666295884316,0.5933796749669943,0.12487317445145266,0.003971525999986625,0.0005341570000041429
synth-rho0.0,synthetic,CFW-NB,13,0.6333333333333333,0.6296296296296295,0.6547172770568637,0.12187645202863424,0.017777614000010544,0.00023278500003698355
synth-rho0.0,synthetic,HNB,13,0.5333333333333333,0.53125,0.7499811398863339,0.18567225174000154,0.003914335999979812,0.0005501239999716745
synth-rho0.0,synthetic,CFW-NB,14,0.65,0.6491228070175439,0.6232102760576471,0.05956876750729747,0.013955141000053572,0.00023795300000983843
synth-rho0.0,synthetic,HNB,14,0.5333333333333333,0.5328142380422691,0.7099950714493165,0.1899068682977701,0.003134612999986075,0.0004737460000114879
synth-rho0.0,synthetic,CFW-NB,15,0.7,0.6914285714285715,0.607424141291753,0.10822762853717124,0.012295590000007905,0.00016630099997883008
synth-rho0.0,synthetic,HNB,15,0.6666666666666666,0.6662958843159066,0.7225068884910154,0.1841660774620559,0.0030565640000190797,0.0005002979999630952
synth-rho0.0,synthetic,CFW-NB,16,0.7166666666666667,0.7127569698676429,0.5810943355516188,0.10696894081048469,0.012834624999982225,0.000192860999959521
synth-rho0.0,synthetic,HNB,16,0.7,0.696969696969697,0.6097494205741835,0.08990385940585786,0.002997515000004114,0.000461033000021871
synth-rho0.0,synthetic,CFW-NB,17,0.5666666666666667,0.5647321428571428,0.6528987939014352,0.1558872706790153,0.012451155999997354,0.000161208000008628
synth-rho0.0,synthetic,HNB,17,0.6333333333333333,0.6296296296296295,0.6952520215424933,0.20661590206016264,0.0030058390000249346,0.0004980209999985163
synth-rho0.0,synthetic,CFW-NB,18,0.6333333333333333,0.6296296296296295,0.6204052986756898,0.09089520490060167,0.0172494889999939,0.00020654700000477533
synth-rho0.0,synthetic,HNB,18,0.65,0.6475524475524476,0.6268633924642268,0.07814956529611825,0.003868866999994225,0.0005435099999999693
synth-rho0.0,synthetic,CFW-NB,19,0.7,0.699666295884316,0.5897071108100962,0.18965347654551598,0.01600111899995227,0.0001887440000132301
synth-rho0.0,synthetic,HNB,19,0.7,0.699666295884316,0.5739690902895729,0.08395968040303389,0.003903747000038038,0.0005597069999794257
synth-rho0.0,synthetic,CFW-NB,20,0.75,0.7499305362600722,0.5850495045834935,0.13551984653323354,0.013095028000009279,0.00018701400000509238
synth-rho0.0,synthetic,HNB,20,0.6666666666666666,0.6662958843159066,0.6142563564826058,0.09118052734142132,0.0029054120000182593,0.001077575000010711
synth-rho0.0,synthetic,CFW-NB,21,0.6,0.5982142857142857,0.6086310632288525,0.13314485327600967,0.012363631000027908,0.00020585100003245316
synth-rho0.0,synthetic,HNB,21,0.5333333333333333,0.53125,0.6900660844245328,0.19978837476036063,0.002931025000009413,0.0004120189999525792
synth-rho0.0,synthetic,CFW-NB,22,0.5833333333333334,0.5628096764791606,0.6412076774165013,0.06675141582260456,0.029412406999995255,0.004270023000003675
synth-rho0.0,synthetic,HNB,22,0.6166666666666667,0.613986013986014,0.6998031120617256,0.16914444095298964,0.004964593000011064,0.0005303350000076534
synth-rho0.0,synthetic,CFW-NB,23,0.6333333333333333,0.6296296296296295,0.6585204452770501,0.1225027082081233,0.01856066599998485,0.0002068229999849791
synth-rho0.0,synthetic,HNB,23,0.5833333333333334,0.5822890559732665,0.6903808330565364,0.15192700534802137,0.003835186000003432,0.0005246810000016922
synth-rho0.0,synthetic,CFW-NB,24,0.65,0.6451703745423825,0.6021243549668506,0.0805584820039234,0.019690523999997822,0.00022247999999081003
synth-rho0.0,synthetic,HNB,24,0.5333333333333333,0.5333333333333333,0.7875115942646145,0.19222036635195808,0.00403228000004674,0.0005539400000316164
synth-rho0.0,synthetic,CFW-NB,25,0.6333333333333333,0.6296296296296295,0.6401233115247852,0.059370188718147004,0.026587630999983958,0.00019928500000787608
synth-rho0.0,synthetic,HNB,25,0.5833333333333334,0.5822890559732665,0.7320920880212596,0.1755281239607532,0.007295597999984693,0.0005081310000036865
synth-rho0.0,synthetic,CFW-NB,26,0.6666666666666666,0.6651785714285714,0.5852340663508712,0.11262158155605802,0.01265912799999569,0.00018134800001234908
synth-rho0.0,synthetic,HNB,26,0.6,0.6,0.6837450270197565,0.1305947693345489,0.003050708999978724,0.000432571999965603
synth-rho0.0,synthetic,CFW-NB,27,0.7166666666666667,0.7165879410947485,0.5970199346079343,0.1006654627043968,0.01585610900002621,0.00020029900002782597
synth-rho0.0,synthetic,HNB,27,0.5833333333333334,0.5804195804195804,0.6297224872611368,0.18679480506231477,0.0039709180000500055,0.000538978000008683
synth-rho0.0,synthetic,CFW-NB,28,0.7166666666666667,0.7127569698676429,0.5921655347321326,0.15588871535501445,0.01324484899998879,0.0001856490000022859
synth-rho0.0,synthetic,HNB,28,0.6333333333333333,0.6333333333333333,0.6327607833335767,0.08253483654664277,0.0030907690000390176,0.0005138790000387417
synth-rho0.0,synthetic,CFW-NB,29,0.6833333333333333,0.6811188811188811,0.609002404818636,0.08185565870062604,0.017012765000004038,0.00029423099999803526
synth-rho0.0,synthetic,HNB,29,0.7166666666666667,0.7146853146853147,0.5705901461130404,0.07291728053684478,0.0037617259999933594,0.0005139049999911549
synth-rho0.3,synthetic,CFW-NB,0,0.6166666666666667,0.6157059314954052,0.7147864790363214,0.14254077718159788,0.04247182599999633,0.00022399999994604514
synth-rho0.3,synthetic,HNB,0,0.5666666666666667,0.5661846496106786,0.7843651193571095,0.1778805760629191,0.008442659000024832,0.0006141979999938485
synth-rho0.3,synthetic,CFW-NB,1,0.6,0.5885714285714285,0.6710245524876631,0.10694496145661324,0.02256480700003749,0.0002458820000015294
synth-rho0.3,synthetic,HNB,1,0.55,0.5498749652681301,0.7068487931654353,0.17219332237600324,0.011224178999952983,0.0005615160000047581
synth-rho0.3,synthetic,CFW-NB,2,0.5666666666666667,0.5542857142857143,0.7096163855812937,0.16437884424477744,0.019296870999994553,0.00021398400002681228
synth-rho0.3,synthetic,HNB,2,0.5,0.4949494949494949,0.8038657539822445,0.24364801461553404,0.004114250999975866,0.0005365009999991344
synth-rho0.3,synthetic,CFW-NB,3,0.6333333333333333,0.6296296296296295,0.7009801972647818,0.17788838440495397,0.037257676000024276,0.00021170299999084818
synth-rho0.3,synthetic,HNB,3,0.55,0.5488721804511278,0.8237611223635274,0.1927199851656608,0.008595853000031184,0.0006055939999782822
synth-rho0.3,synthetic,CFW-NB,4,0.5,0.49776785714285715,0.7851389820669197,0.2598626799392409,0.016997012000047107,0.00018267999996623985
synth-rho0.3,synthetic,HNB,4,0.55,0.5437904815544916,0.8416427599214225,0.2638511824380014,0.004312061999996786,0.0006012790000227142
synth-rho0.3,synthetic,CFW-NB,5,0.5666666666666667,0.5661846496106786,0.7423632259791447,0.26423289855741106,0.017790278000006765,0.0002492540000389454
synth-rho0.3,synthetic,HNB,5,0.5666666666666667,0.5622895622895623,0.811466582358678,0.19191941509656973,0.003776329999993777,0.0005155040000204281
synth-rho0.3,synthetic,CFW-NB,6,0.7,0.6986607142857143,0.6352194813017438,0.12958302089990373,0.018832146000022476,0.00021602099997153346
synth-rho0.3,synthetic,HNB,6,0.5833333333333334,0.5804195804195804,0.7058283300203425,0.15746614124928968,0.004052143000023989,0.0006330929999762702
synth-rho0.3,synthetic,CFW-NB,7,0.5666666666666667,0.5647321428571428,0.7580621340525315,0.1857006363050423,0.04963037800001757,0.00020109700000148223
synth-rho0.3,synthetic,HNB,7,0.6166666666666667,0.6157059314954052,0.7661844623463002,0.16175558431407241,0.010300702999984424,0.0005778210000357831
synth-rho0.3,synthetic,CFW-NB,8,0.6,0.595959595959596,0.6776805533795911,0.13846826766692505,0.0457133720000229,0.0003136560000029931
synth-rho0.3,synthetic,HNB,8,0.6166666666666667,0.6113770768797522,0.6735447708609723,0.11888703447356887,0.005788338000002113,0.0010269349999703081
synth-rho0.3,synthetic,CFW-NB,9,0.6166666666666667,0.6113770768797522,0.6265332354710004,0.08620286860786013,0.025347523999982968,0.00025804000000562155
synth-rho0.3,synthetic,HNB,9,0.6166666666666667,0.6157059314954052,0.6783092868160213,0.2377622103972109,0.005651053000008233,0.0007845349999797691
synth-rho0.3,synthetic,CFW-NB,10,0.5833333333333334,0.5628096764791606,0.766475389910982,0.15246759371324206,0.017373276000000715,0.00019804699996939235
synth-rho0.3,synthetic,HNB,10,0.5333333333333333,0.5248868778280543,0.8004549009079984,0.20016779436150775,0.004932220000000598,0.0006085079999706977
synth-rho0.3,synthetic,CFW-NB,11,0.5666666666666667,0.5622895622895623,0.6866461543670169,0.1489613659537355,0.016377906999991865,0.00017782899999474466
synth-rho0.3,synthetic,HNB,11,0.55,0.5468531468531468,0.788614109213093,0.16219737045320784,0.004126569999982621,0.000520321999999851
synth-rho0.3,synthetic,CFW-NB,12,0.6333333333333333,0.6316964285714286,0.6104021061792826,0.11485025610623736,0.017278752999970948,0.0002180070000008527
synth-rho0.3,synthetic,HNB,12,0.6166666666666667,0.6165601555987774,0.6328761435839062,0.1670675246718028,0.010833203999993657,0.0005294899999626068
synth-rho0.3,synthetic,CFW-NB,13,0.4666666666666667,0.4660734149054505,0.8370388358494094,0.23187014864238145,0.0367055129999585,0.00024625599996852543
synth-rho0.3,synthetic,HNB,13,0.43333333333333335,0.43333333333333335,0.9241705809503866,0.2857730717294772,0.01478917900004717,0.0007187880000287805
synth-rho0.3,synthetic,CFW-NB,14,0.6166666666666667,0.6165601555987774,0.6752649795699458,0.09911452352123994,0.017507426999998188,0.00020958699997208896
synth-rho0.3,synthetic,HNB,14,0.55,0.5468531468531468,0.831534139754945,0.2331852222524595,0.004041094000001522,0.0005198909999535317
synth-rho0.3,synthetic,CFW-NB,15,0.6333333333333333,0.6296296296296295,0.6872224497135145,0.16142906494678536,0.015938633999951435,0.00017871000000013737
synth-rho0.3,synthetic,HNB,15,0.5166666666666667,0.5165323701028064,0.7860948055945399,0.20918410834641474,0.0038813419999996768,0.0005257159999700889
synth-rho0.3,synthetic,CFW-NB,16,0.6833333333333333,0.6723196320781835,0.6107569815888112,0.05620019210292707,0.026843395000014425,0.00025163600002997555
synth-rho0.3,synthetic,HNB,16,0.65,0.6419437340153453,0.6760282190168545,0.16529395782755793,0.005656057000010151,0.0008202049999681549
synth-rho0.3,synthetic,CFW-NB,17,0.5333333333333333,0.53125,0.78602742208003,0.1875477248899941,0.02276937000004864,0.00019569400001273607
synth-rho0.3,synthetic,HNB,17,0.6,0.5927601809954751,0.7861005820036406,0.17991726695970062,0.0041690669999638885,0.0005461320000108572
synth-rho0.3,synthetic,CFW-NB,18,0.6666666666666666,0.6651785714285714,0.6286498282066706,0.14626439663812255,0.017546221999964473,0.00018879100002777705
synth-rho0.3,synthetic,HNB,18,0.6166666666666667,0.6157059314954052,0.6924324669617404,0.10639843049854866,0.0038143720000221037,0.000535114000001613
synth-rho0.3,synthetic,CFW-NB,19,0.6,0.6,0.7386890294186865,0.17041173863965162,0.02013682799997696,0.00019189300002153686
synth-rho0.3,synthetic,HNB,19,0.55,0.5498749652681301,0.8377248213667111,0.26284425282201274,0.008112671999981558,0.0005345220000094741
synth-rho0.3,synthetic,CFW-NB,20,0.6,0.5995550611790879,0.678791825911827,0.1497990290756725,0.03346950099995638,0.00021460000004935864
synth-rho0.3,synthetic,HNB,20,0.5166666666666667,0.5165323701028064,0.7867196163411152,0.2290319750802617,0.008214049000002888,0.0006128590000002987
synth-rho0.3,synthetic,CFW-NB,21,0.5833333333333334,0.5822890559732665,0.6709909691420162,0.13065832706521124,0.03838004799996497,0.00022426600003200292
synth-rho0.3,synthetic,HNB,21,0.5333333333333333,0.5333333333333333,0.7101462983200008,0.18585847888625145,0.008298849999960112,0.0005657940000105555
synth-rho0.3,synthetic,CFW-NB,22,0.6,0.569377990430622,0.7060395920827435,0.15352569751934061,0.018261133000009977,0.00022667600001113897
synth-rho0.3,synthetic,HNB,22,0.5333333333333333,0.513888888888889,0.7919416175623826,0.20209207028954004,0.004546976000028735,0.0006484439999780989
synth-rho0.3,synthetic,CFW-NB,23,0.5666666666666667,0.548611111111111,0.7336070408280253,0.11430542784473889,0.017965384000035556,0.00021154500001330234
synth-rho0.3,synthetic,HNB,23,0.6166666666666667,0.6113770768797522,0.7658710010440011,0.19205128369061905,0.004196507999949972,0.0006332140000040454
synth-rho0.3,synthetic,CFW-NB,24,0.5666666666666667,0.5666666666666667,0.7034416414336279,0.15821567543749612,0.01639370999998846,0.00019921300003034048
synth-rho0.3,synthetic,HNB,24,0.55,0.5498749652681301,0.7793847237637813,0.18829404702718186,0.0037190159999909156,0.0005301909999957388
synth-rho0.3,synthetic,CFW-NB,25,0.5,0.4949494949494949,0.7728638471779852,0.18767907093154113,0.03747851000002811,0.0002513359999625209
synth-rho0.3,synthetic,HNB,25,0.55,0.5488721804511278,0.8772252388976487,0.21765289511178493,0.008156453000026431,0.0005805989999885242
synth-rho0.3,synthetic,CFW-NB,26,0.6333333333333333,0.6228571428571429,0.6968548526854124,0.1611713676606792,0.01643536500000664,0.0002301029999784987
synth-rho0.3,synthetic,HNB,26,0.6166666666666667,0.607843137254902,0.7831670447719693,0.17177027960370722,0.0043023250000260305,0.0005307480000169562
synth-rho0.3,synthetic,CFW-NB,27,0.6666666666666666,0.6662958843159066,0.6653473669621144,0.17807206624883212,0.017148657000007006,0.00022066700000777928
synth-rho0.3,synthetic,HNB,27,0.6166666666666667,0.6165601555987774,0.681973332293521,0.19700487138428413,0.004260432000023684,0.0005143639999687366
synth-rho0.3,synthetic,CFW-NB,28,0.65,0.6451703745423825,0.6670507901927992,0.09411817047818535,0.016405337999970016,0.00019302599997672587
synth-rho0.3,synthetic,HNB,28,0.48333333333333334,0.4714407502131287,0.8197078672177405,0.24159732350749644,0.0039692189999982475,0.0005301780000195322
synth-rho0.3,synthetic,CFW-NB,29,0.65,0.6499027507641011,0.6805604369707337,0.17185473889580524,0.016262100999995255,0.00019895000002634333
synth-rho0.3,synthetic,HNB,29,0.6833333333333333,0.6825396825396826,0.6425729078544614,0.13324589386818245,0.003917181000019809,0.0006364949999806413
synth-rho0.6,synthetic,CFW-NB,0,0.5333333333333333,0.53125,0.8346375060620302,0.19892598813410967,0.03753574300003493,0.0003821039999820641
synth-rho0.6,synthetic,HNB,0,0.55,0.5498749652681301,0.7374835779525505,0.12584698903796193,0.008716168999967522,0.0005642510000143375
synth-rho0.6,synthetic,CFW-NB,1,0.6,0.5885714285714285,0.7342930254270835,0.19334586204056464,0.0180705579999767,0.00030439099998602615
synth-rho0.6,synthetic,HNB,1,0.5166666666666667,0.5165323701028064,0.6727594916463114,0.17393981048972185,0.004114307000008921,0.0006038640000269879
synth-rho0.6,synthetic,CFW-NB,2,0.55,0.5343489508479448,0.8214323325783471,0.21683718153144735,0.0318416420000176,0.0003186499999969783
synth-rho0.6,synthetic,HNB,2,0.48333333333333334,0.47972027972027975,0.8823775114522316,0.22629790457851803,0.0057785690000287104,0.0008948199999849749
synth-rho0.6,synthetic,CFW-NB,3,0.6166666666666667,0.6113770768797522,0.766666908945589,0.21507614236633862,0.04075113900000815,0.0002536339999892334
synth-rho0.6,synthetic,HNB,3,0.6,0.6,0.7872948493033944,0.1691015594503515,0.009016416000008576,0.0006122869999671821
synth-rho0.6,synthetic,CFW-NB,4,0.5333333333333333,0.53125,0.8851753163500372,0.27134633196261565,0.02042961199998672,0.00024394100000790786
synth-rho0.6,synthetic,HNB,4,0.48333333333333334,0.4831897749374826,0.8380786048389807,0.23389929454404518,0.0042819430000236025,0.0006170500000166612
synth-rho0.6,synthetic,CFW-NB,5,0.5833333333333334,0.5822890559732665,0.771885403362921,0.19544226572925233,0.022454713999991327,0.00022203800000397678
synth-rho0.6,synthetic,HNB,5,0.48333333333333334,0.4831897749374826,0.7668764928490243,0.22802006722616774,0.004121703000009802,0.0005655539999906978
synth-rho0.6,synthetic,CFW-NB,6,0.5666666666666667,0.5647321428571428,0.7849740312786625,0.19596252445605292,0.018027565000011236,0.00020972300001176336
synth-rho0.6,synthetic,HNB,6,0.5833333333333334,0.5822890559732665,0.713668255630493,0.10927650406267922,0.004307161999975051,0.0005482189999952425
synth-rho0.6,synthetic,CFW-NB,7,0.5833333333333334,0.5804195804195804,0.81808642423972,0.22759834479091945,0.039799156000015046,0.004407450999963203
synth-rho0.6,synthetic,HNB,7,0.6333333333333333,0.6333333333333333,0.720128378770258,0.1726575684267903,0.014585882999995192,0.003753224999968552
synth-rho0.6,synthetic,CFW-NB,8,0.65,0.6378269617706237,0.754074050799961,0.17429149891837875,0.018390978000013547,0.0002261619999899267
synth-rho0.6,synthetic,HNB,8,0.5,0.4909502262443439,0.7636279682328089,0.17875802005870275,0.003994003000002522,0.0005473300000176096
synth-rho0.6,synthetic,CFW-NB,9,0.5833333333333334,0.5832175604334537,0.7098851737656209,0.14771597814630855,0.03199290899999596,0.00021123099998021644
synth-rho0.6,synthetic,HNB,9,0.6666666666666666,0.6651785714285714,0.6595520974001993,0.12381706432939667,0.00831969799997978,0.0005432600000290222
synth-rho0.6,synthetic,CFW-NB,10,0.5666666666666667,0.5417156286721504,0.8662945677875454,0.24906476379885648,0.01734531900001457,0.00020451399996090913
synth-rho0.6,synthetic,HNB,10,0.5333333333333333,0.5286195286195287,0.8768251278356506,0.28987455550346175,0.004472114000009242,0.0005694359999779408
synth-rho0.6,synthetic,CFW-NB,11,0.5833333333333334,0.5737425404944586,0.7153667182607159,0.1459310590714954,0.01726954499997646,0.00019194099996866498
synth-rho0.6,synthetic,HNB,11,0.5333333333333333,0.5328142380422691,0.6604854060164819,0.16083220219505187,0.004267534000007345,0.000535053999954016
synth-rho0.6,synthetic,CFW-NB,12,0.6166666666666667,0.6113770768797522,0.6507673917536895,0.21244837827796711,0.017284157000005962,0.00024028900003258968
synth-rho0.6,synthetic,HNB,12,0.48333333333333334,0.4831897749374826,0.7406211837518857,0.23719350867755828,0.004705960000023879,0.0005095580000329392
synth-rho0.6,synthetic,CFW-NB,13,0.48333333333333334,0.4831897749374826,1.007810341590793,0.2596482938038567,0.017076507000012953,0.00020451399996090913
synth-rho0.6,synthetic,HNB,13,0.5166666666666667,0.5154553049289892,0.8994734492915605,0.24077575741561813,0.004243486000007124,0.0006063540000127432
synth-rho0.6,synthetic,CFW-NB,14,0.65,0.6451703745423825,0.7502962334439994,0.19587092046079996,0.02142320100000461,0.0002093239999680918
synth-rho0.6,synthetic,HNB,14,0.65,0.6499027507641011,0.6736628062685189,0.14845977022206897,0.004691730999979882,0.0006461810000359947
synth-rho0.6,synthetic,CFW-NB,15,0.55,0.5468531468531468,0.8182112575121852,0.2291550355753321,0.01787877300000673,0.0002461099999777616
synth-rho0.6,synthetic,HNB,15,0.48333333333333334,0.4831897749374826,0.8510260409121694,0.2240185740081688,0.004585140999949999,0.0005533130000117126
synth-rho0.6,synthetic,CFW-NB,16,0.6166666666666667,0.607843137254902,0.6639381568209929,0.14465877201362745,0.03237138400004369,0.00026279399997974906
synth-rho0.6,synthetic,HNB,16,0.6,0.595959595959596,0.6760401712987968,0.10560403948402321,0.004226213999970696,0.0006625369999824215
synth-rho0.6,synthetic,CFW-NB,17,0.5666666666666667,0.5622895622895623,0.876672378298371,0.24180048640846966,0.01634016100001645,0.0002606539999874258
synth-rho0.6,synthetic,HNB,17,0.5333333333333333,0.53125,0.7722051937343074,0.22676170491112793,0.004226607999953558,0.0005765669999959755
synth-rho0.6,synthetic,CFW-NB,18,0.6666666666666666,0.6632996632996633,0.6648061651363748,0.1161814932731843,0.03808495700002368,0.0002612609999914639
synth-rho0.6,synthetic,HNB,18,0.55,0.5498749652681301,0.749980415327173,0.14454599667671048,0.010606099999961316,0.0006801490000043486
synth-rho0.6,synthetic,CFW-NB,19,0.5166666666666667,0.5154553049289892,0.9290080328243121,0.2508794459321129,0.044508656000004976,0.0003055749999703039
synth-rho0.6,synthetic,HNB,19,0.6333333333333333,0.6333333333333333,0.7038256112683653,0.12693545154047595,0.013606040000013309,0.0005668779999723483
synth-rho0.6,synthetic,CFW-NB,20,0.5666666666666667,0.5622895622895623,0.8179507559367192,0.24541059695213893,0.031242061000000376,0.0002279230000112875
synth-rho0.6,synthetic,HNB,20,0.5333333333333333,0.53125,0.7647093533269501,0.19866379069038512,0.006580433999999968,0.0006884949999630408
synth-rho0.6,synthetic,CFW-NB,21,0.6166666666666667,0.6165601555987774,0.7562866438369178,0.1866594888619587,0.017334357999970962,0.00033728199997540287
synth-rho0.6,synthetic,HNB,21,0.5833333333333334,0.5822890559732665,0.7361786483316229,0.12273619401412961,0.004098308999971323,0.0005834559999584599
synth-rho0.6,synthetic,CFW-NB,22,0.5666666666666667,0.5334928229665072,0.7333431168957534,0.19068561162043754,0.027019955000014306,0.00028462000000217813
synth-rho0.6,synthetic,HNB,22,0.5,0.4949494949494949,0.797445186559879,0.22739470966780664,0.006002722000005178,0.0008214110000039909
synth-rho0.6,synthetic,CFW-NB,23,0.6166666666666667,0.5911111111111111,0.7847307659851851,0.2073787917594728,0.04709125099998346,0.004405378000001292
synth-rho0.6,synthetic,HNB,23,0.6,0.5927601809954751,0.8015994465868469,0.24198984073479285,0.007438116000002992,0.0005611889999954656
synth-rho0.6,synthetic,CFW-NB,24,0.55,0.5468531468531468,0.8035456232715416,0.2330855961614057,0.016712625000025128,0.00022013300002754477
synth-rho0.6,synthetic,HNB,24,0.55,0.5437904815544916,0.7208588669476695,0.15014453805770056,0.004223338000031163,0.0005581560000109675
synth-rho0.6,synthetic,CFW-NB,25,0.5,0.4949494949494949,0.8951267477750239,0.251076227233287,0.016582516000028136,0.00022000399997068598
synth-rho0.6,synthetic,HNB,25,0.4666666666666667,0.4666666666666667,0.8162559175639339,0.22377134712180258,0.004542835999984618,0.0005894749999697524
synth-rho0.6,synthetic,CFW-NB,26,0.5666666666666667,0.5588235294117647,0.8050963983355114,0.21590759701503257,0.017577856999992036,0.0002119499999935215
synth-rho0.6,synthetic,HNB,26,0.5666666666666667,0.5661846496106786,0.7066237926058554,0.13273386008956084,0.004091087000006155,0.0005745749999732652
synth-rho0.6,synthetic,CFW-NB,27,0.6166666666666667,0.6165601555987774,0.7132235004247225,0.21201687090819354,0.016459612000005563,0.00022195799999735755
synth-rho0.6,synthetic,HNB,27,0.55,0.5498749652681301,0.6846805678727158,0.17754563317876265,0.004284860000041135,0.0005244150000294212
synth-rho0.6,synthetic,CFW-NB,28,0.6333333333333333,0.6296296296296295,0.7722024882116955,0.18946728381519723,0.0186666920000107,0.00021235600002000865
synth-rho0.6,synthetic,HNB,28,0.5833333333333334,0.5832175604334537,0.7516743409009007,0.16793674119433954,0.004138861999990695,0.000565081999980066
synth-rho0.6,synthetic,CFW-NB,29,0.6333333333333333,0.6333333333333333,0.7873320337656968,0.21173883412020147,0.018250238000007357,0.00027112300000453615
synth-rho0.6,synthetic,HNB,29,0.5833333333333334,0.5822890559732665,0.7065665493794567,0.14724710099905905,0.004219815999988441,0.0005243140000175117
synth-rho0.9,synthetic,CFW-NB,0,0.48333333333333334,0.4831897749374826,0.9044251281566809,0.27900607070035527,0.029709631999992325,0.0002452640000001338
synth-rho0.9,synthetic,HNB,0,0.5833333333333334,0.5832175604334537,0.6882576012016361,0.08713332224720545,0.012376924000022882,0.0006050490000006903
synth-rho0.9,synthetic,CFW-NB,1,0.6166666666666667,0.607843137254902,0.8138228642893488,0.1654232059321908,0.017087698000011642,0.00024350999996158862
synth-rho0.9,synthetic,HNB,1,0.5833333333333334,0.5832175604334537,0.6995724809623496,0.1430160635730081,0.004636121000032745,0.0006600279999702252
synth-rho0.9,synthetic,CFW-NB,2,0.5666666666666667,0.548611111111111,0.8843350156904494,0.22122430152564138,0.03289447800000289,0.00020257199997786302
synth-rho0.9,synthetic,HNB,2,0.5166666666666667,0.5099971838918614,0.7505544035198876,0.12386014624725011,0.008262326000021858,0.0005244879999963814
synth-rho0.9,synthetic,CFW-NB,3,0.6333333333333333,0.6296296296296295,0.7618068683119301,0.1802886726725568,0.018013638000013543,0.00022143599994706165
synth-rho0.9,synthetic,HNB,3,0.5,0.4994438264738599,0.7839141790622399,0.15425945482414266,0.004195438000010654,0.0005762010000012197
synth-rho0.9,synthetic,CFW-NB,4,0.5333333333333333,0.5333333333333333,0.9049049579040777,0.24511577001261806,0.01631827199997815,0.0001931839999542717
synth-rho0.9,synthetic,HNB,4,0.5833333333333334,0.5822890559732665,0.7312130313066507,0.10354115704884741,0.004797177000000374,0.0005736779999665487
synth-rho0.9,synthetic,CFW-NB,5,0.6,0.5995550611790879,0.7199310372542896,0.15903543647920299,0.018459930000005897,0.00021616899999798989
synth-rho0.9,synthetic,HNB,5,0.5833333333333334,0.5832175604334537,0.6573372972692375,0.11974687131154803,0.004319685000041318,0.000563391000014235
synth-rho0.9,synthetic,CFW-NB,6,0.55,0.5498749652681301,1.005271741276807,0.28448362706389985,0.03658523299998251,0.00023028000003932902
synth-rho0.9,synthetic,HNB,6,0.5833333333333334,0.5804195804195804,0.6703554300183049,0.14426494091202868,0.004156893000015316,0.0005921910000097341
synth-rho0.9,synthetic,CFW-NB,7,0.6,0.5982142857142857,0.7603162117352974,0.17131636710103992,0.017569203999983074,0.00023381799996968766
synth-rho0.9,synthetic,HNB,7,0.5666666666666667,0.5647321428571428,0.6987354915123305,0.07709588210658862,0.008158952000030695,0.0006228089999922304
synth-rho0.9,synthetic,CFW-NB,8,0.6,0.5885714285714285,0.7997481502729488,0.2091638558670938,0.022163075000037225,0.00020735200001809062
synth-rho0.9,synthetic,HNB,8,0.48333333333333334,0.47972027972027975,0.7189869378612452,0.1504556346338754,0.008062800999994124,0.0005448609999803011
synth-rho0.9,synthetic,CFW-NB,9,0.5666666666666667,0.5661846496106786,0.8397946345403228,0.22411311952221724,0.03720828499996287,0.00024481600001990955
synth-rho0.9,synthetic,HNB,9,0.5,0.49776785714285715,0.7151678618296742,0.13239609615441653,0.008369916999981797,0.0007259939999926246
synth-rho0.9,synthetic,CFW-NB,10,0.5666666666666667,0.5417156286721504,0.8649425212892022,0.19619421082543181,0.017311324999980116,0.00021418699998321244
synth-rho0.9,synthetic,HNB,10,0.5166666666666667,0.5099971838918614,0.7714765865589218,0.11391020321424233,0.004042955000045367,0.000581298000042807
synth-rho0.9,synthetic,CFW-NB,11,0.6333333333333333,0.6316964285714286,0.7408877102236434,0.18464107229629556,0.01647075500000028,0.00023218700005145365
synth-rho0.9,synthetic,HNB,11,0.5666666666666667,0.5661846496106786,0.6931644902043728,0.11599087974912067,0.004419893999966007,0.0010794140000029984
synth-rho0.9,synthetic,CFW-NB,12,0.6,0.595959595959596,0.6725426626938973,0.20772413542452334,0.03318957700003011,0.0002940429999966909
synth-rho0.9,synthetic,HNB,12,0.48333333333333334,0.47972027972027975,0.717319662669586,0.18946053510721012,0.008571692999964853,0.004706761000022652
synth-rho0.9,synthetic,CFW-NB,13,0.48333333333333334,0.4831897749374826,1.1191942495737335,0.33436810488714114,0.02670817200004194,0.00027053599995952027
synth-rho0.9,synthetic,HNB,13,0.5166666666666667,0.5154553049289892,0.7744130510529456,0.12041786754758559,0.0046135819999904015,0.0006421520000117198
synth-rho0.9,synthetic,CFW-NB,14,0.5666666666666667,0.5647321428571428,0.8094549812375961,0.2026617144191432,0.018611346999989564,0.00027341399999158966
synth-rho0.9,synthetic,HNB,14,0.5833333333333334,0.5822890559732665,0.6729678657998204,0.06418649567205069,0.004569762999949489,0.0008757000000514381
synth-rho0.9,synthetic,CFW-NB,15,0.48333333333333334,0.4831897749374826,0.9616076779573681,0.3031235052836368,0.01697287300004291,0.00025051900001926697
synth-rho0.9,synthetic,HNB,15,0.5166666666666667,0.5132867132867133,0.7148288877979055,0.1571026764949863,0.004231051000033403,0.000584834999983741
synth-rho0.9,synthetic,CFW-NB,16,0.6333333333333333,0.6228571428571429,0.6918690681898843,0.11268633725242735,0.022553380000033485,0.0002624950000154058
synth-rho0.9,synthetic,HNB,16,0.6333333333333333,0.6333333333333333,0.6745155768266246,0.09902408778399763,0.011547148999966339,0.0008810470000071291
synth-rho0.9,synthetic,CFW-NB,17,0.5666666666666667,0.5666666666666667,0.8535539822623203,0.22211730367884602,0.02641756999997824,0.00033184700004085244
synth-rho0.9,synthetic,HNB,17,0.6333333333333333,0.6296296296296295,0.6270177714766689,0.09885153975696234,0.006667480999965392,0.0009013220000042566
synth-rho0.9,synthetic,CFW-NB,18,0.65,0.6499027507641011,0.7176154734911333,0.1477372489552519,0.03599831299999323,0.00024639299999762443
synth-rho0.9,synthetic,HNB,18,0.6,0.5995550611790879,0.6966883245685216,0.11640217249709357,0.009991584000033527,0.0005914470000334404
synth-rho0.9,synthetic,CFW-NB,19,0.5333333333333333,0.5333333333333333,1.0170110101274779,0.3357364867901453,0.03366181600000573,0.0002456330000200069
synth-rho0.9,synthetic,HNB,19,0.48333333333333334,0.4831897749374826,0.7645292622637094,0.17374824267427325,0.011836178000010023,0.0005746580000050017
synth-rho0.9,synthetic,CFW-NB,20,0.5333333333333333,0.5286195286195287,0.9403795551650982,0.3022413018965492,0.039449436999973386,0.0002946330000099806
synth-rho0.9,synthetic,HNB,20,0.55,0.5498749652681301,0.6951681663105366,0.09323109519844086,0.006418404999976701,0.0005121030000054816
synth-rho0.9,synthetic,CFW-NB,21,0.55,0.5468531468531468,0.8424003620723658,0.1811888089976487,0.0367328460000067,0.0003790409999737676
synth-rho0.9,synthetic,HNB,21,0.5333333333333333,0.53125,0.7061108659063624,0.14445167762795555,0.008028104000004532,0.0006434629999603203
synth-rho0.9,synthetic,CFW-NB,22,0.65,0.6419437340153453,0.7188978381214199,0.16250338559320723,0.01616949399999612,0.00024180200000500918
synth-rho0.9,synthetic,HNB,22,0.6,0.5885714285714285,0.6544650269037985,0.11263729391044928,0.004214167999975871,0.0005238979999830917
synth-rho0.9,synthetic,CFW-NB,23,0.6333333333333333,0.6228571428571429,0.7741334340896258,0.1841665962756726,0.016689902999985406,0.00020083499998690968
synth-rho0.9,synthetic,HNB,23,0.4,0.3993325917686318,0.8821188824909616,0.2367863299926391,0.0041936039999654895,0.0005860030000235383
synth-rho0.9,synthetic,CFW-NB,24,0.55,0.5498749652681301,0.8735423287783696,0.222823988395274,0.018020014999990508,0.0002425800000196432
synth-rho0.9,synthetic,HNB,24,0.5166666666666667,0.5154553049289892,0.695316627372934,0.17287379178397505,0.005961830999979156,0.0008678189999500319
synth-rho0.9,synthetic,CFW-NB,25,0.4666666666666667,0.4660734149054505,0.9466076846809923,0.2871814531970982,0.017602788000033343,0.00025396000000910135
synth-rho0.9,synthetic,HNB,25,0.5333333333333333,0.5286195286195287,0.7065123005721213,0.16773911473424102,0.003992585999981202,0.0005006650000041191
synth-rho0.9,synthetic,CFW-NB,26,0.5833333333333334,0.5804195804195804,0.8330404686121322,0.2141396096431409,0.024496899999974175,0.00029412199995704214
synth-rho0.9,synthetic,HNB,26,0.6333333333333333,0.6333333333333333,0.7151896552432917,0.14730376007560464,0.004155287000003227,0.000553898999953617
synth-rho0.9,synthetic,CFW-NB,27,0.5333333333333333,0.5328142380422691,0.7233243392048521,0.2561010921797911,0.01844627500003071,0.00019115999998575717
synth-rho0.9,synthetic,HNB,27,0.5833333333333334,0.5804195804195804,0.6653334934636601,0.12390323529822388,0.004105094999999892,0.0005817609999780871
synth-rho0.9,synthetic,CFW-NB,28,0.65,0.6475524475524476,0.848297309113734,0.23489724048375568,0.02695564500004366,0.0002743020000366414
synth-rho0.9,synthetic,HNB,28,0.5333333333333333,0.5328142380422691,0.7085887625172808,0.11576424115915326,0.004365178999989894,0.0005734119999942777
synth-rho0.9,synthetic,CFW-NB,29,0.6333333333333333,0.6329254727474972,0.8791277859185406,0.2167838844006289,0.023105327999985548,0.00023730300000579518
synth-rho0.9,synthetic,HNB,29,0.5166666666666667,0.5132867132867133,0.772554609055012,0.1810760695289118,0.0045463969999559595,0.0005769279999867649
synth-blocks,synthetic,CFW-NB,0,0.9666666666666667,0.9665178571428572,0.07023622172412834,0.029511094965995285,0.043804238999996414,0.00026883999998972286
synth-blocks,synthetic,HNB,0,0.9666666666666667,0.9665178571428572,0.094984490121148,0.025890684379345625,0.009231335999970725,0.0010332039999525477
synth-blocks,synthetic,CFW-NB,1,0.95,0.9499861072520144,0.1076243305013229,0.03183709225390856,0.04782037100000025,0.00021830700001146397
synth-blocks,synthetic,HNB,1,0.95,0.9499861072520144,0.13388870986443951,0.05864879197311397,0.009412170999951286,0.001129984999977296
synth-blocks,synthetic,CFW-NB,2,0.9833333333333333,0.9833287024173382,0.0285131023077429,0.014308176818909763,0.09159892000002401,0.0003281929999729982
synth-blocks,synthetic,HNB,2,0.9666666666666667,0.9666666666666667,0.0842728840805212,0.05554859322490619,0.01930424500000072,0.0010820399999715846
synth-blocks,synthetic,CFW-NB,3,0.9333333333333333,0.9333333333333333,0.10307534822982294,0.05851489819212854,0.08928677699998389,0.00031733899999153437
synth-blocks,synthetic,HNB,3,0.95,0.9499861072520144,0.1576566780837488,0.042313300368476345,0.01924533299995801,0.0011275240000259146
synth-blocks,synthetic,CFW-NB,4,0.9833333333333333,0.9832915622389307,0.03515194825068759,0.022200997109930714,0.045023182999955225,0.0002749810000182151
synth-blocks,synthetic,HNB,4,0.9333333333333333,0.9330357142857143,0.12951697931380787,0.045342561894743276,0.010008796000022357,0.0011685839999699965
synth-blocks,synthetic,CFW-NB,5,0.9666666666666667,0.9666295884315907,0.07159324052625445,0.03342865924601818,0.04646515899997894,0.0002527770000142482
synth-blocks,synthetic,HNB,5,0.9333333333333333,0.9333333333333333,0.16575668490535822,0.06116310830281419,0.009154654000042228,0.0009971100000143451
synth-blocks,synthetic,CFW-NB,6,1.0,1.0,0.00840897777648466,0.007589668167616231,0.04297995799998944,0.0003082199999653312
synth-blocks,synthetic,HNB,6,0.9333333333333333,0.9332591768631813,0.11380420212576929,0.05194260589211852,0.009302999999988515,0.0011024610000163193
synth-blocks,synthetic,CFW-NB,7,0.9666666666666667,0.9666295884315907,0.12550255794732398,0.037052071682732585,0.045300945999997566,0.0002557420000357524
synth-blocks,synthetic,HNB,7,0.9333333333333333,0.9332591768631813,0.11805913554474427,0.07769180714394279,0.009061717000008684,0.0010054219999915404
synth-blocks,synthetic,CFW-NB,8,0.95,0.9499861072520144,0.17323513176961006,0.04598750722233491,0.07815603299997065,0.00026707500001066364
synth-blocks,synthetic,HNB,8,0.9166666666666666,0.9164578111946533,0.17169194974361265,0.042639476441712086,0.021392547000004924,0.0010604700000271805
synth-blocks,synthetic,CFW-NB,9,0.9666666666666667,0.9663299663299663,0.054210830050505886,0.02727116141165144,0.08789884999998776,0.0002715649999913694
synth-blocks,synthetic,HNB,9,0.9166666666666666,0.9155167558434244,0.18745335892029386,0.053064048867977325,0.017918633000022055,0.005167235000044457
synth-blocks,synthetic,CFW-NB,10,0.9833333333333333,0.9833287024173382,0.029809335295882197,0.010152593021905108,0.04458765700002232,0.004332116999989921
synth-blocks,synthetic,HNB,10,0.9666666666666667,0.9666295884315907,0.0875157536240317,0.046137940415547585,0.010128357000041888,0.0010520680000354332
synth-blocks,synthetic,CFW-NB,11,0.9833333333333333,0.9832915622389307,0.1388275076489472,0.028365255134656576,0.05946614399999817,0.0003321949999985918
synth-blocks,synthetic,HNB,11,0.9333333333333333,0.9326599326599327,0.15396588835792543,0.05346411720188505,0.00970141400000557,0.0015750979999893389
synth-blocks,synthetic,CFW-NB,12,0.9666666666666667,0.9665178571428572,0.05714804652113296,0.030439165111480395,0.046274381999978687,0.0002660349999814571
synth-blocks,synthetic,HNB,12,0.9666666666666667,0.9665178571428572,0.1185522744089384,0.03933284777853624,0.022669511000003695,0.0011099280000053113
synth-blocks,synthetic,CFW-NB,13,0.9833333333333333,0.9832915622389307,0.06271809363149954,0.020478845109588188,0.09530005999999958,0.0002738259999546244
synth-blocks,synthetic,HNB,13,0.9666666666666667,0.9665178571428572,0.13194467618306396,0.04335039345398022,0.01994365600000947,0.005181995000043571
synth-blocks,synthetic,CFW-NB,14,0.95,0.9499861072520144,0.1036456843181805,0.0433895227379744,0.0446674229999644,0.00030584099999941827
synth-blocks,synthetic,HNB,14,0.9166666666666666,0.9166435120866907,0.18570385530762132,0.06139502175383744,0.009504886000001989,0.001090942000018913
synth-blocks,synthetic,CFW-NB,15,0.9833333333333333,0.9833287024173382,0.038192748322316804,0.021833660500049756,0.04339965900004472,0.00024639299999762443
synth-blocks,synthetic,HNB,15,0.9666666666666667,0.9666666666666667,0.07564166555039033,0.05196791063834325,0.009333642000001419,0.0010133690000202478
synth-blocks,synthetic,CFW-NB,16,0.95,0.9499861072520144,0.08909889079090902,0.048146824103943324,0.047950411999977405,0.00032791600000336985
synth-blocks,synthetic,HNB,16,0.9333333333333333,0.9330357142857143,0.12534995815382827,0.04825454331446995,0.009275914999989254,0.0010706559999675846
synth-blocks,synthetic,CFW-NB,17,0.95,0.949874686716792,0.0961758723782961,0.050846544368058424,0.08042611199999783,0.004398524999999154
synth-blocks,synthetic,HNB,17,0.95,0.9499861072520144,0.14520538961094656,0.0489436965728381,0.016982073000008313,0.0011127939999937553
synth-blocks,synthetic,CFW-NB,18,0.9833333333333333,0.9832915622389307,0.02752714101100435,0.022131439305356982,0.04545829900001763,0.0002687880000280529
synth-blocks,synthetic,HNB,18,0.9333333333333333,0.9332591768631813,0.1560401210970325,0.06543567946015774,0.01672825800000055,0.0010059919999889644
synth-blocks,synthetic,CFW-NB,19,0.95,0.949874686716792,0.1174494360882773,0.039415404369902374,0.08742686499999763,0.0003233399999658104
synth-blocks,synthetic,HNB,19,0.9666666666666667,0.9666295884315907,0.10005982955589658,0.03862420679014761,0.02127774699999918,0.0010669019999909324
synth-blocks,synthetic,CFW-NB,20,0.9666666666666667,0.9666295884315907,0.056869946834915704,0.024526730598775585,0.05691820700002381,0.00030921000001171706
synth-blocks,synthetic,HNB,20,0.9333333333333333,0.9332591768631813,0.10856678401787191,0.05751028239625852,0.009874846000002435,0.0011335680000001958
synth-blocks,synthetic,CFW-NB,21,0.9666666666666667,0.9666295884315907,0.1690822661838877,0.04517784155149134,0.043570972999987134,0.00029950300000791685
synth-blocks,synthetic,HNB,21,0.95,0.9499861072520144,0.19695917276490146,0.08751127824433312,0.009976651999977548,0.0010315860000105204
synth-blocks,synthetic,CFW-NB,22,0.9833333333333333,0.9832915622389307,0.048565190900641576,0.028832684189614155,0.033880518999978904,0.000284362999991572
synth-blocks,synthetic,HNB,22,0.9666666666666667,0.9665178571428572,0.15946143006636007,0.031555003885868425,0.007145641000022351,0.0010806480000269403
synth-blocks,synthetic,CFW-NB,23,0.9833333333333333,0.9832915622389307,0.020652236625116043,0.01558630934078372,0.03301687999999103,0.0001841990000457372
synth-blocks,synthetic,HNB,23,0.95,0.949874686716792,0.11847095938479969,0.02740034616673359,0.006769970000050307,0.00098486900003536
synth-blocks,synthetic,CFW-NB,24,0.9833333333333333,0.9832915622389307,0.030770483409538,0.021150668542378046,0.041212451000035344,0.00023127499997599443
synth-blocks,synthetic,HNB,24,0.9833333333333333,0.9833287024173382,0.06653793934115296,0.039559109631620404,0.009316922999971666,0.0009231820000081825
synth-blocks,synthetic,CFW-NB,25,0.9833333333333333,0.9832915622389307,0.029419796061332215,0.021662068628343564,0.08221465299999409,0.0003255529999819373
synth-blocks,synthetic,HNB,25,0.9666666666666667,0.9666295884315907,0.09305149846621805,0.04299878671870269,0.020974008999985472,0.0010845070000300439
synth-blocks,synthetic,CFW-NB,26,0.9166666666666666,0.9164578111946533,0.21976075676969367,0.07474105540925217,0.08175232300004609,0.00030098000001999026
synth-blocks,synthetic,HNB,26,0.95,0.9499861072520144,0.16106740113458795,0.07336680609501528,0.008893009000018992,0.0010893080000187183
synth-blocks,synthetic,CFW-NB,27,1.0,1.0,0.005431623283778452,0.0051910391250149105,0.033113176999961524,0.0001912749999632979
synth-blocks,synthetic,HNB,27,1.0,1.0,0.045194902611926505,0.03908173153103288,0.007009455000002163,0.0008544859999801702
synth-blocks,synthetic,CFW-NB,28,0.9166666666666666,0.9164578111946533,0.1334560892518321,0.059294546420680896,0.04248491399999921,0.00023981499998626532
synth-blocks,synthetic,HNB,28,0.95,0.949874686716792,0.16747225139810876,0.0644863950332841,0.00889843100003418,0.0009177000000022417
synth-blocks,synthetic,CFW-NB,29,0.9666666666666667,0.9666295884315907,0.07195664496134284,0.038960811998927494,0.03346252500000446,0.00018302199998743163
synth-blocks,synthetic,HNB,29,0.9166666666666666,0.916083916083916,0.16308958335553908,0.05416208638106611,0.007271838999997726,0.0009837379999453333
synth-conflict,synthetic,CFW-NB,0,0.75,0.7493734335839599,0.734762974984769,0.1759276554676018,0.027105488000017885,0.00024376499999334555
synth-conflict,synthetic,HNB,0,0.8166666666666667,0.8153846153846154,0.4666054044647886,0.13011405647643312,0.0076959400000191636,0.0005388520000337849
synth-conflict,synthetic,CFW-NB,1,0.75,0.7482517482517483,0.6203323481403199,0.1537762047423008,0.020135820999996668,0.00024937900002441893
synth-conflict,synthetic,HNB,1,0.8833333333333333,0.883300916921367,0.2958476780768004,0.06363491456991206,0.004637688999991951,0.0008114920000252823
synth-conflict,synthetic,CFW-NB,2,0.7333333333333333,0.7285067873303167,0.5431994336330023,0.11324038950320678,0.024382088000038493,0.00024598300001343887
synth-conflict,synthetic,HNB,2,0.9,0.8995535714285714,0.3105032946681684,0.0923837518987209,0.004965637999987393,0.0006246940000096401
synth-conflict,synthetic,CFW-NB,3,0.85,0.8499583217560434,0.631463546464994,0.16137696024578085,0.027323124000020016,0.00016962000000830812
synth-conflict,synthetic,HNB,3,0.7833333333333333,0.783273131425396,0.44558243344941173,0.09427813483139752,0.0077124700000013036,0.000504796000029728
synth-conflict,synthetic,CFW-NB,4,0.95,0.9496503496503497,0.18449664036169594,0.10290956958589545,0.019024407000017618,0.00021229300000413787
synth-conflict,synthetic,HNB,4,0.9,0.8981900452488687,0.2335232899764445,0.1201921090276512,0.004812974999993003,0.0005339299999604918
synth-conflict,synthetic,CFW-NB,5,0.8,0.7997775305895439,0.5939668636324505,0.15802077780309245,0.02411487199998419,0.00018967700003713617
synth-conflict,synthetic,HNB,5,0.8,0.8,0.3893048802359665,0.1224253123240183,0.004718907999972544,0.0006458020000081888
synth-conflict,synthetic,CFW-NB,6,0.8666666666666667,0.8666666666666667,0.3666721312939854,0.0466589184335395,0.03221849800002019,0.000227043999984744
synth-conflict,synthetic,HNB,6,0.9333333333333333,0.9330357142857143,0.21470065911389805,0.07058430168279772,0.012008461999982956,0.004767214000025888
synth-conflict,synthetic,CFW-NB,7,0.7833333333333333,0.783273131425396,0.6461491082449664,0.13936949940469967,0.01893702399996755,0.00022565900002291528
synth-conflict,synthetic,HNB,7,0.8166666666666667,0.8166157265907197,0.4528696843584479,0.13737668236663467,0.004915719999985413,0.0011647769999854063
synth-conflict,synthetic,CFW-NB,8,0.8166666666666667,0.8162071846282373,0.4235103287814957,0.07924072438792376,0.01904008900004328,0.0002139989999818681
synth-conflict,synthetic,HNB,8,0.8333333333333334,0.8331479421579533,0.3096768573869944,0.11707155544079054,0.004700157999991461,0.0006235339999989264
synth-conflict,synthetic,CFW-NB,9,0.6333333333333333,0.6316964285714286,0.8957930338832693,0.24509737315710545,0.01887108700003637,0.0002007280000384526
synth-conflict,synthetic,HNB,9,0.7666666666666667,0.7664071190211346,0.546929731504794,0.14380585517391,0.004510600000003251,0.0006812239999476333
synth-conflict,synthetic,CFW-NB,10,0.75,0.7499305362600722,0.67777035425715,0.15636033881436312,0.027697462999981326,0.00019003500000280837
synth-conflict,synthetic,HNB,10,0.7833333333333333,0.783273131425396,0.4535292607302391,0.09950869688886031,0.0038204599999858146,0.004634631000044465
synth-conflict,synthetic,CFW-NB,11,0.75,0.7499305362600722,0.6233343800301263,0.1717969481686715,0.03200102899995727,0.00019505099999150843
synth-conflict,synthetic,HNB,11,0.8333333333333334,0.8325892857142857,0.34946231083769647,0.04597288265970277,0.007609817000002295,0.0005384649999768953
synth-conflict,synthetic,CFW-NB,12,0.7666666666666667,0.765625,0.4944360122693181,0.11445920198843021,0.01815541700000267,0.00021807800004580713
synth-conflict,synthetic,HNB,12,0.85,0.8499583217560434,0.3500608584263422,0.12581787052074364,0.004429584000035902,0.0005666799999630712
synth-conflict,synthetic,CFW-NB,13,0.7333333333333333,0.7333333333333333,0.6859944104188599,0.18923475371503046,0.01855801099998189,0.00019532999999682943
synth-conflict,synthetic,HNB,13,0.8,0.7991071428571428,0.5280344386501667,0.1352765978070989,0.004420127000003049,0.0005540149999774258
synth-conflict,synthetic,CFW-NB,14,0.85,0.8499583217560434,0.5583422488218354,0.15188171175180293,0.027414948999989974,0.004362938999975086
synth-conflict,synthetic,HNB,14,0.8666666666666667,0.8665183537263625,0.3537628563672979,0.10084306615492934,0.007696386000020539,0.004659072999970704
synth-conflict,synthetic,CFW-NB,15,0.8166666666666667,0.8166157265907197,0.42977136934060484,0.08514295997653261,0.024769235999997363,0.00019097199998441283
synth-conflict,synthetic,HNB,15,0.8,0.8,0.35642037501558294,0.07168187851874902,0.003908497999987048,0.0005214529999761908
synth-conflict,synthetic,CFW-NB,16,0.85,0.849624060150376,0.7038131322815382,0.1351526457445153,0.019418350000023565,0.0002250699999990502
synth-conflict,synthetic,HNB,16,0.8333333333333334,0.8331479421579533,0.3084437286223161,0.0914728778082416,0.005270767000013166,0.0006339380000213168
synth-conflict,synthetic,CFW-NB,17,0.7333333333333333,0.7330367074527253,0.7350081492973657,0.17487491011935774,0.019029000999978507,0.00023077999998122323
synth-conflict,synthetic,HNB,17,0.8,0.7997775305895439,0.5181901674623545,0.14151671088811782,0.008732516000009127,0.004747366999993119
synth-conflict,synthetic,CFW-NB,18,0.8,0.797979797979798,0.4048281734151789,0.09280400629587435,0.01807586799998262,0.00021370199999637407
synth-conflict,synthetic,HNB,18,0.8833333333333333,0.8830409356725146,0.2290092511310125,0.09612782414974438,0.004387404999988576,0.0005669429999670683
synth-conflict,synthetic,CFW-NB,19,0.9,0.899888765294772,0.33887597335838954,0.099664440313941,0.018285020000007535,0.0001908919999777936
synth-conflict,synthetic,HNB,19,0.8333333333333334,0.8303167420814479,0.26647097165701317,0.12117432275977287,0.004413263999992978,0.0005523770000195327
synth-conflict,synthetic,CFW-NB,20,0.8,0.7963800904977376,0.45265409940127566,0.1036641109902322,0.029008067000006577,0.0002184940000233837
synth-conflict,synthetic,HNB,20,0.8666666666666667,0.8628571428571428,0.33569740948766447,0.05218174196674962,0.008504324000000452,0.000624352999977873
synth-conflict,synthetic,CFW-NB,21,0.75,0.7499305362600722,0.7810155207596737,0.17544626634972282,0.044985674999963976,0.0002651309999919249
synth-conflict,synthetic,HNB,21,0.6666666666666666,0.6666666666666666,0.5074512792263282,0.16304557108088408,0.007786398000007466,0.0005756110000447734
synth-conflict,synthetic,CFW-NB,22,0.7166666666666667,0.7127569698676429,0.6404869398349995,0.1463875784455589,0.018992959000001974,0.000192013000003044
synth-conflict,synthetic,HNB,22,0.8666666666666667,0.8665183537263625,0.26672381099583325,0.09657486827186815,0.0073120899999707945,0.0005468219999897883
synth-conflict,synthetic,CFW-NB,23,0.8166666666666667,0.8166157265907197,0.33729722158876574,0.06455432142255019,0.020122495999999046,0.0002025960000082705
synth-conflict,synthetic,HNB,23,0.8333333333333334,0.8325892857142857,0.3186905894858004,0.09776457159896737,0.0050659730000006675,0.0006694159999938165
synth-conflict,synthetic,CFW-NB,24,0.8666666666666667,0.8666666666666667,0.49324481972841955,0.11879986951448035,0.014789704999998321,0.0002023229999963405
synth-conflict,synthetic,HNB,24,0.8166666666666667,0.8162071846282373,0.3704902348970549,0.090590983317789,0.0035039189999679365,0.0005695649999779562
synth-conflict,synthetic,CFW-NB,25,0.8166666666666667,0.8162071846282373,0.4016188970979871,0.11901806648387576,0.039274387000034494,0.0002705850000097598
synth-conflict,synthetic,HNB,25,0.8666666666666667,0.8653198653198653,0.42483579845093455,0.14611727453853812,0.014070523999976103,0.0006006039999988388
synth-conflict,synthetic,CFW-NB,26,0.7333333333333333,0.7333333333333333,0.7218553531186805,0.21732624689067517,0.016108265000013944,0.0002039330000229711
synth-conflict,synthetic,HNB,26,0.7833333333333333,0.7827903091060986,0.4556363792174202,0.12230657226331873,0.003766218000009758,0.0004799329999514157
synth-conflict,synthetic,CFW-NB,27,0.7666666666666667,0.7666666666666667,0.5265459965659048,0.10361489379468608,0.014735465000001113,0.00020790000002079978
synth-conflict,synthetic,HNB,27,0.8833333333333333,0.883300916921367,0.2612423077583134,0.10153511899231021,0.003576242999997703,0.000486370999965402
synth-conflict,synthetic,CFW-NB,28,0.7833333333333333,0.783273131425396,0.7453665782399447,0.19657945455837628,0.023317437000002883,0.0001988399999959256
synth-conflict,synthetic,HNB,28,0.75,0.7493734335839599,0.5277417884582,0.15768619631799116,0.005119585999977971,0.0007017060000293895
synth-conflict,synthetic,CFW-NB,29,0.8166666666666667,0.8162071846282373,0.5517577785191559,0.14518722898479225,0.018967484999961925,0.0001761599999667851
synth-conflict,synthetic,HNB,29,0.8833333333333333,0.8830409356725146,0.2984164084435371,0.09770268252647633,0.0035130710000430554,0.0005604299999504292
synth-classdep,synthetic,CFW-NB,0,0.7166666666666667,0.7146853146853147,0.6256135956379895,0.17904717979999973,0.033752261000017825,0.00023269399997616347
synth-classdep,synthetic,HNB,0,0.95,0.949874686716792,0.11527768267505051,0.027177440668557366,0.0044865390000268235,0.0005804040000043642
synth-classdep,synthetic,CFW-NB,1,0.6,0.595959595959596,0.684785184634739,0.15559360541306452,0.01807213999995838,0.00021923900004594543
synth-classdep,synthetic,HNB,1,0.9166666666666666,0.9164578111946533,0.13798170799064094,0.07905072585976113,0.004598982000004526,0.0006026699999779339
synth-classdep,synthetic,CFW-NB,2,0.6166666666666667,0.6113770768797522,0.6427962998728589,0.10010537162658636,0.01819763700001431,0.00023461799997903654
synth-classdep,synthetic,HNB,2,0.9666666666666667,0.9665178571428572,0.11488973209580733,0.032760274494418644,0.004236313000035352,0.0006099119999589675
synth-classdep,synthetic,CFW-NB,3,0.6,0.5995550611790879,0.7415170764039976,0.13712651940539694,0.030239166000001205,0.00020456599997942249
synth-classdep,synthetic,HNB,3,0.9666666666666667,0.9666295884315907,0.09327265937528235,0.06313207873806355,0.008665858000028948,0.004766028999995342
synth-classdep,synthetic,CFW-NB,4,0.6,0.6,0.7755326130970718,0.16835877593344212,0.019060491999994156,0.00020494000000326196
synth-classdep,synthetic,HNB,4,0.9833333333333333,0.9832915622389307,0.0671258397104627,0.04257404697042556,0.004515657000013107,0.0006153250000124899
synth-classdep,synthetic,CFW-NB,5,0.7333333333333333,0.7285067873303167,0.5389168614811494,0.05356662780898501,0.033980360999976256,0.00023726099999521466
synth-classdep,synthetic,HNB,5,0.9833333333333333,0.9832915622389307,0.043604953217741035,0.03746217944531139,0.008530409999991662,0.004967767999971784
synth-classdep,synthetic,CFW-NB,6,0.8,0.8,0.5303583000937935,0.15595791299105116,0.016936250000014752,0.00021882900000491645
synth-classdep,synthetic,HNB,6,1.0,1.0,0.04995075246494626,0.043984022833611774,0.0042215249999912885,0.0006138560000295001
synth-classdep,synthetic,CFW-NB,7,0.6333333333333333,0.6329254727474972,0.6800061910140548,0.11688697365234757,0.033522418000018206,0.00022506499999508378
synth-classdep,synthetic,HNB,7,0.9833333333333333,0.9832915622389307,0.08913179976010935,0.052425585799526414,0.012579672000015307,0.0006440390000079788
synth-classdep,synthetic,CFW-NB,8,0.6333333333333333,0.6329254727474972,0.7368548779777354,0.19053824228161773,0.016879689999996117,0.0002034060000255522
synth-classdep,synthetic,HNB,8,0.9666666666666667,0.9666295884315907,0.11204809971781161,0.059652639786873005,0.004196666999973786,0.0005476479999515504
synth-classdep,synthetic,CFW-NB,9,0.6666666666666666,0.6651785714285714,0.57145197344521,0.13632555804491478,0.016965910999999778,0.0002485399999727633
synth-classdep,synthetic,HNB,9,0.9833333333333333,0.9832915622389307,0.058235588341441935,0.046138492754401475,0.004169794000006277,0.0005944530000192572
synth-classdep,synthetic,CFW-NB,10,0.6666666666666666,0.6662958843159066,0.6049039317694909,0.0774838510331175,0.017206525000005968,0.00021129499998551182
synth-classdep,synthetic,HNB,10,0.9333333333333333,0.9333333333333333,0.15218440464331776,0.06623064918598438,0.004444727999953102,0.00058822500000133
synth-classdep,synthetic,CFW-NB,11,0.7333333333333333,0.7333333333333333,0.5509476929826814,0.10744892469643258,0.016973313999983475,0.00023592799999505587
synth-classdep,synthetic,HNB,11,0.9833333333333333,0.9832915622389307,0.04372376019879938,0.035855314705924186,0.00392062700001361,0.0006473770000070544
synth-classdep,synthetic,CFW-NB,12,0.5833333333333334,0.5832175604334537,0.7522949925230669,0.19607221020601448,0.03187335899997379,0.00024088899999696878
synth-classdep,synthetic,HNB,12,0.95,0.949874686716792,0.14901897929236005,0.06044822526007399,0.008745392999969681,0.00068690300003027
synth-classdep,synthetic,CFW-NB,13,0.5666666666666667,0.5661846496106786,0.7103782673009376,0.1557895831691572,0.026372203999983412,0.00025539300003174503
synth-classdep,synthetic,HNB,13,0.9833333333333333,0.9832915622389307,0.04531514178262814,0.038702266409052735,0.004300383000042984,0.000619146999952136
synth-classdep,synthetic,CFW-NB,14,0.5666666666666667,0.5622895622895623,0.7471793286300965,0.16222016898360786,0.017457810999985668,0.00021300200000951008
synth-classdep,synthetic,HNB,14,0.9333333333333333,0.9330357142857143,0.1734662987447066,0.05661008098712283,0.007717829999990045,0.0005371070000137479
synth-classdep,synthetic,CFW-NB,15,0.5833333333333334,0.5804195804195804,0.7520008302116744,0.13975271429322075,0.01654385700004468,0.0002215470000237474
synth-classdep,synthetic,HNB,15,0.9833333333333333,0.9832915622389307,0.06887083502288274,0.05314125974641492,0.008245673999965675,0.0005166299999928015
synth-classdep,synthetic,CFW-NB,16,0.7666666666666667,0.7664071190211346,0.5814678147105422,0.13031829751667215,0.030016603000035502,0.0002106179999827873
synth-classdep,synthetic,HNB,16,1.0,1.0,0.0582277344316292,0.05109181405214048,0.008104018999972595,0.000753570000028958
synth-classdep,synthetic,CFW-NB,17,0.6333333333333333,0.6329254727474972,0.7237016130030903,0.14214984016670512,0.03634039399997846,0.00023324000000002343
synth-classdep,synthetic,HNB,17,0.9666666666666667,0.9666666666666667,0.13811730642234715,0.03990648769724496,0.003981075000012879,0.0005310280000117018
synth-classdep,synthetic,CFW-NB,18,0.7166666666666667,0.7159565580618212,0.5846660037639435,0.07333464639299209,0.01739282299996603,0.00020037000001593697
synth-classdep,synthetic,HNB,18,1.0,1.0,0.039232350515471984,0.03575944372931387,0.0042204160000096635,0.0005511579999506466
synth-classdep,synthetic,CFW-NB,19,0.7166666666666667,0.7159565580618212,0.5511954994808966,0.08618836153650368,0.01727752499999724,0.00024098900001945367
synth-classdep,synthetic,HNB,19,1.0,1.0,0.04944043902005125,0.04520846706186819,0.004219616999989739,0.0013716880000060883
synth-classdep,synthetic,CFW-NB,20,0.7,0.6986607142857143,0.6660940858978791,0.15738316891876106,0.030960808000031648,0.00023744000003489418
synth-classdep,synthetic,HNB,20,0.9833333333333333,0.9832915622389307,0.06980071261370085,0.04784346801121555,0.006587338999963777,0.0005318109999734588
synth-classdep,synthetic,CFW-NB,21,0.5833333333333334,0.5832175604334537,0.7531019339494119,0.12670865636346273,0.04181395499995233,0.0002485200000137411
synth-classdep,synthetic,HNB,21,0.9333333333333333,0.9333333333333333,0.12174408477625438,0.07067147264272945,0.014342734000024393,0.0006575639999937266
synth-classdep,synthetic,CFW-NB,22,0.6333333333333333,0.6316964285714286,0.6998858375461767,0.07841876335842571,0.01703656699999101,0.00020867599999974118
synth-classdep,synthetic,HNB,22,0.9833333333333333,0.9832915622389307,0.07333117098344404,0.049506487095927684,0.004215417000011712,0.0005619300000034855
synth-classdep,synthetic,CFW-NB,23,0.6166666666666667,0.613986013986014,0.5852934316080359,0.11298433911889447,0.01799988900000926,0.00022576600002821579
synth-classdep,synthetic,HNB,23,1.0,1.0,0.04812487965780413,0.04417419516875752,0.004207312000005459,0.0005556039999987661
synth-classdep,synthetic,CFW-NB,24,0.75,0.7499305362600722,0.6476091469351305,0.1746316443202063,0.019053856999960317,0.0002373410000018339
synth-classdep,synthetic,HNB,24,0.9833333333333333,0.9832915622389307,0.053173913936868634,0.04462623702121907,0.004064294000045265,0.000581465000038861
synth-classdep,synthetic,CFW-NB,25,0.7166666666666667,0.7159565580618212,0.5851993264756243,0.09878062823429071,0.01788825600004884,0.00021963899996535474
synth-classdep,synthetic,HNB,25,0.9333333333333333,0.9332591768631813,0.1458153309097342,0.061746080749102164,0.004119226000000253,0.0006188339999653181
synth-classdep,synthetic,CFW-NB,26,0.6333333333333333,0.6329254727474972,0.6595439784063777,0.1711245290362247,0.016772979999984727,0.00024098900001945367
synth-classdep,synthetic,HNB,26,0.9666666666666667,0.9665178571428572,0.10121399258573921,0.0411246580062542,0.004270175000044674,0.0005862009999759721
synth-classdep,synthetic,CFW-NB,27,0.6833333333333333,0.6825396825396826,0.5996605498737093,0.11159934332240788,0.018522485999994842,0.00023413100001334897
synth-classdep,synthetic,HNB,27,0.9833333333333333,0.9832915622389307,0.08119945171049385,0.04411785132587899,0.004545891000020674,0.0005680479999909949
synth-classdep,synthetic,CFW-NB,28,0.6,0.5927601809954751,0.6560016057441727,0.09452933300193185,0.01732588299995541,0.00031075499998678424
synth-classdep,synthetic,HNB,28,0.9833333333333333,0.9833287024173382,0.06234327987681508,0.04583071368121744,0.004502278000018123,0.0006275669999808997
synth-classdep,synthetic,CFW-NB,29,0.6333333333333333,0.6329254727474972,0.7110905591718724,0.18933764454177865,0.018013126999960605,0.00029689600000892824
synth-classdep,synthetic,HNB,29,0.9666666666666667,0.9665178571428572,0.09386351519832724,0.05943474511353452,0.0043465800000035415,0.0008036609999635402
synth-nonlin,synthetic,CFW-NB,0,0.8833333333333333,0.883300916921367,0.29534638978172134,0.12049472728356238,0.005428421999965849,0.008372667000003275
synth-nonlin,synthetic,HNB,0,0.9166666666666666,0.9164578111946533,0.1952244281257088,0.07724671336268903,0.003882937000014408,0.006994624000014937
synth-nonlin,synthetic,CFW-NB,1,0.9333333333333333,0.9332591768631813,0.26373616923902576,0.1252886601592244,0.005523875999983829,0.0002125209999803701
synth-nonlin,synthetic,HNB,1,0.95,0.949874686716792,0.23444597452685567,0.09397022740155798,0.009928822000006221,0.0004838350000113678
synth-nonlin,synthetic,CFW-NB,2,0.9333333333333333,0.9330357142857143,0.31589250160428617,0.14329808717369602,0.012704192000001058,0.00029968499995902675
synth-nonlin,synthetic,HNB,2,0.9166666666666666,0.9166435120866907,0.2551048301335289,0.07397799657810268,0.002603985999996894,0.0005341479999856347
synth-nonlin,synthetic,CFW-NB,3,0.85,0.848951048951049,0.37545938600978235,0.11059104887903182,0.009230623000007654,0.0003930049999780749
synth-nonlin,synthetic,HNB,3,0.85,0.848951048951049,0.42627334490624774,0.1552895620192987,0.0030826700000261553,0.0005030550000242329
synth-nonlin,synthetic,CFW-NB,4,0.8833333333333333,0.8806479113384484,0.33932013608234896,0.12549676491125383,0.010031923000042298,0.00028251300000192714
synth-nonlin,synthetic,HNB,4,0.85,0.847930160518164,0.44762207961920597,0.13110995340825554,0.002512142999989919,0.0005216829999881156
synth-nonlin,synthetic,CFW-NB,5,0.9,0.899888765294772,0.3026530321697688,0.12961162080105754,0.009109067999986564,0.0066289470000242545
synth-nonlin,synthetic,HNB,5,0.8666666666666667,0.8666666666666667,0.33730287795641856,0.09304208181376193,0.006936286999973618,0.000487557999974797
synth-nonlin,synthetic,CFW-NB,6,1.0,1.0,0.21906508133619465,0.18613435361209088,0.005469797999978709,0.0002432830000316244
synth-nonlin,synthetic,HNB,6,0.9666666666666667,0.9666295884315907,0.13651562232564338,0.08375950092314977,0.0015725279999969644,0.00034758699996473297
synth-nonlin,synthetic,CFW-NB,7,0.8333333333333334,0.8331479421579533,0.4076634460727488,0.11172640306471797,0.01632220099997994,0.0002915370000096118
synth-nonlin,synthetic,HNB,7,0.7833333333333333,0.783273131425396,0.5244055493022486,0.16353211768296366,0.00697227699998848,0.0005829660000244985
synth-nonlin,synthetic,CFW-NB,8,0.8666666666666667,0.8653198653198653,0.3323445446796239,0.1023340487929369,0.005002079999997022,0.00018781400001444126
synth-nonlin,synthetic,HNB,8,0.9166666666666666,0.9164578111946533,0.27114892688589565,0.09906663754148042,0.0016164580000008755,0.00029676599996264486
synth-nonlin,synthetic,CFW-NB,9,0.8333333333333334,0.8331479421579533,0.41131475469705553,0.1473828149398038,0.005672171000014714,0.0002923420000229271
synth-nonlin,synthetic,HNB,9,0.8,0.7997775305895439,0.5054245536761784,0.10558388283547633,0.002303490999963742,0.0003323639999734951
synth-nonlin,synthetic,CFW-NB,10,0.8833333333333333,0.883300916921367,0.3421674748286891,0.11140486751969528,0.01643239499998117,0.000317620000032548
synth-nonlin,synthetic,HNB,10,0.8833333333333333,0.883300916921367,0.33306615485524854,0.10341005515193083,0.007084179000003132,0.000541708000014296
synth-nonlin,synthetic,CFW-NB,11,0.9,0.899888765294772,0.3463158772660618,0.16199499789839752,0.016281151999976373,0.00031754799999816896
synth-nonlin,synthetic,HNB,11,0.9,0.899888765294772,0.29584076466762,0.07707220522763271,0.00466520700001638,0.0008461720000241257
synth-nonlin,synthetic,CFW-NB,12,0.8666666666666667,0.8660714285714286,0.36326074151190346,0.1158605321451304,0.0050964399999884336,0.00021562899996752094
synth-nonlin,synthetic,HNB,12,0.85,0.8499583217560434,0.33288637233643004,0.12834834628343872,0.001707829000054062,0.00034701599997788435
synth-nonlin,synthetic,CFW-NB,13,0.8833333333333333,0.8830409356725146,0.33147409758548724,0.11989817120232278,0.005435503000001063,0.0002048860000058994
synth-nonlin,synthetic,HNB,13,0.8333333333333334,0.8316498316498316,0.36125561606640516,0.08159212733467004,0.0019406490000051235,0.0003572659999804273
synth-nonlin,synthetic,CFW-NB,14,0.8833333333333333,0.8830409356725146,0.3141079241440873,0.10162263147751392,0.016411476999962815,0.0005029069999977764
synth-nonlin,synthetic,HNB,14,0.8666666666666667,0.8665183537263625,0.33335009862525233,0.11573712333171082,0.007042460000036499,0.0005545930000039334
synth-nonlin,synthetic,CFW-NB,15,0.95,0.9496503496503497,0.3092444322609781,0.18217899792082293,0.020367973000020356,0.00034391899998809095
synth-nonlin,synthetic,HNB,15,0.95,0.9499861072520144,0.25463059153353285,0.10503622814172663,0.004734852000012779,0.0005873669999800768
synth-nonlin,synthetic,CFW-NB,16,0.9333333333333333,0.9332591768631813,0.30469481597400333,0.14121371825953002,0.005298421000020426,0.00024111100003665342
synth-nonlin,synthetic,HNB,16,0.8666666666666667,0.8665183537263625,0.3769937655191152,0.09381924552652895,0.0017599359999849185,0.00032140799999069714
synth-nonlin,synthetic,CFW-NB,17,0.8333333333333334,0.8331479421579533,0.35311605650852645,0.1346725934106678,0.004980273999990459,0.00020678099997439858
synth-nonlin,synthetic,HNB,17,0.85,0.849624060150376,0.3773283321707627,0.052175926555992944,0.005549361000021236,0.0003965129999983219
synth-nonlin,synthetic,CFW-NB,18,0.9333333333333333,0.9330357142857143,0.24874458996637155,0.13698257231333447,0.008506517000000713,0.00036874800002806296
synth-nonlin,synthetic,HNB,18,0.9166666666666666,0.9164578111946533,0.20670185192024917,0.06458810992256997,0.00258206500001279,0.0005224850000331571
synth-nonlin,synthetic,CFW-NB,19,0.8833333333333333,0.8830409356725146,0.3418000554360623,0.11450350184344765,0.015947484000037093,0.00022269599998026024
synth-nonlin,synthetic,HNB,19,0.8833333333333333,0.8825174825174825,0.44180841896524625,0.06762319139159881,0.0015560840000148346,0.0003405190000194125
synth-nonlin,synthetic,CFW-NB,20,0.9333333333333333,0.9330357142857143,0.288841183235067,0.13285047715236625,0.005123870999966584,0.00024967600000991297
synth-nonlin,synthetic,HNB,20,0.9166666666666666,0.9164578111946533,0.26800635488189045,0.07082132204149433,0.0016688609999846449,0.00029872400000385824
synth-nonlin,synthetic,CFW-NB,21,0.8666666666666667,0.8653198653198653,0.39197982251079516,0.1364851256193264,0.005321948000016619,0.00019389800002045376
synth-nonlin,synthetic,HNB,21,0.8166666666666667,0.8153846153846154,0.37714075061269237,0.08248195511110434,0.002265276000002814,0.0005427160000408549
synth-nonlin,synthetic,CFW-NB,22,0.9333333333333333,0.9330357142857143,0.2742888047180459,0.12182840308335978,0.009767224999961854,0.00035112000000481203
synth-nonlin,synthetic,HNB,22,0.9333333333333333,0.9332591768631813,0.3055941812673126,0.08965850756824996,0.0036507640000422725,0.0006329660000119475
synth-nonlin,synthetic,CFW-NB,23,0.85,0.847930160518164,0.3416078715151002,0.07900805720485851,0.007302602000038405,0.00018959599998424892
synth-nonlin,synthetic,HNB,23,0.8666666666666667,0.8660714285714286,0.4362127227499318,0.12224952664739008,0.0015955650000023525,0.00029991899998549343
synth-nonlin,synthetic,CFW-NB,24,0.9,0.9,0.2921697432222193,0.10550453123628707,0.005690884999978607,0.00018656099996405828
synth-nonlin,synthetic,HNB,24,0.85,0.8499583217560434,0.35104013949841045,0.12434298002988696,0.001830066000024999,0.00035939500003223657
synth-nonlin,synthetic,CFW-NB,25,0.9,0.899888765294772,0.35653450219313887,0.14523822626303406,0.013228368000000046,0.00018542400005117088
synth-nonlin,synthetic,HNB,25,0.85,0.848951048951049,0.4148190016373022,0.09941987074552466,0.0017676520000122764,0.00035625600003186264
synth-nonlin,synthetic,CFW-NB,26,0.8166666666666667,0.8162071846282373,0.40431702163523986,0.07990788323821159,0.005090161999987686,0.00019458700000996032
synth-nonlin,synthetic,HNB,26,0.7666666666666667,0.7664071190211346,0.5048667525903424,0.11410806717659822,0.002132007000000158,0.00037272899999152287
synth-nonlin,synthetic,CFW-NB,27,0.9,0.8995535714285714,0.2963330754352001,0.12155699772785565,0.009690853999984483,0.00021512600000050952
synth-nonlin,synthetic,HNB,27,0.8666666666666667,0.8665183537263625,0.26446649210788364,0.06966479175853584,0.0016844480000486328,0.00033646699995415474
synth-nonlin,synthetic,CFW-NB,28,0.9,0.899888765294772,0.3204245858820196,0.11953594898557132,0.005018236000012166,0.00021749000001136665
synth-nonlin,synthetic,HNB,28,0.9,0.899888765294772,0.29768316740140316,0.06819585165849106,0.0018148409999980686,0.0004127990000029058
synth-nonlin,synthetic,CFW-NB,29,0.9666666666666667,0.9665178571428572,0.27410137136483265,0.1762036595549309,0.009062518999996882,0.00019687899998643843
synth-nonlin,synthetic,HNB,29,0.9666666666666667,0.9665178571428572,0.18364919174969174,0.09771711459997325,0.0016573670000070706,0.00029525100001137616
synth-sklearn,synthetic,CFW-NB,0,0.8833333333333333,0.8825174825174825,0.4679906618058443,0.11891824252228667,0.046247458999971514,0.0002744399999983216
synth-sklearn,synthetic,HNB,0,0.9166666666666666,0.916083916083916,0.3492915027859452,0.07134433829149951,0.009814629000004516,0.0011279060000219943
synth-sklearn,synthetic,CFW-NB,1,0.85,0.848951048951049,0.46620690596130065,0.1402660243070043,0.08779370400003472,0.00034001099999159123
synth-sklearn,synthetic,HNB,1,0.9,0.899888765294772,0.22770905753695309,0.0741451938576736,0.021326643999998396,0.0010916460000203188
synth-sklearn,synthetic,CFW-NB,2,0.9333333333333333,0.9333333333333333,0.20793995667139112,0.1089096647543593,0.047307352000018454,0.0002454300000067633
synth-sklearn,synthetic,HNB,2,0.9333333333333333,0.9332591768631813,0.19041632109923434,0.0572798862768642,0.009872260999998161,0.0010316569999986314
synth-sklearn,synthetic,CFW-NB,3,0.8333333333333334,0.8325892857142857,0.5794063822246318,0.1684013732378719,0.08543531899999834,0.000320087999966745
synth-sklearn,synthetic,HNB,3,0.9,0.8995535714285714,0.3608414664546327,0.10454958466287353,0.021404401999973288,0.0010560120000491224
synth-sklearn,synthetic,CFW-NB,4,0.8333333333333334,0.8331479421579533,0.36756521497438077,0.08749644052343304,0.04533396800002265,0.0002641030000063438
synth-sklearn,synthetic,HNB,4,0.9,0.8995535714285714,0.329411998870248,0.08393710468172463,0.00947099799998341,0.0016076429999998254
synth-sklearn,synthetic,CFW-NB,5,0.85,0.849624060150376,0.3283995896087975,0.08185607213157675,0.04563128499995628,0.00025202000000490443
synth-sklearn,synthetic,HNB,5,0.9666666666666667,0.9666666666666667,0.1612547712178357,0.06998038306771319,0.01333078100003604,0.0013477869999860559
synth-sklearn,synthetic,CFW-NB,6,0.8666666666666667,0.8665183537263625,0.33641414665648006,0.0944783717830612,0.09084672899996349,0.006388853999965249
synth-sklearn,synthetic,HNB,6,0.9166666666666666,0.9166435120866907,0.16291622132368128,0.0526197342571254,0.019254502999956458,0.004933392999987518
synth-sklearn,synthetic,CFW-NB,7,0.8833333333333333,0.883300916921367,0.4111138603978392,0.06778744174350511,0.044366756000044916,0.0002375569999912841
synth-sklearn,synthetic,HNB,7,0.9333333333333333,0.9333333333333333,0.3490916656528866,0.0740378478694155,0.00917870800003584,0.0010144680000507833
synth-sklearn,synthetic,CFW-NB,8,0.8,0.8,0.45926447273825094,0.10796669440515566,0.08531864599996197,0.00034472900000537265
synth-sklearn,synthetic,HNB,8,0.9166666666666666,0.9166435120866907,0.199457932855618,0.07779879787264912,0.016013621000013245,0.0051540380000005825
synth-sklearn,synthetic,CFW-NB,9,0.8166666666666667,0.8162071846282373,0.5600941577446715,0.14148027406109343,0.09232245100002956,0.00026187099996377583
synth-sklearn,synthetic,HNB,9,0.8666666666666667,0.8666666666666667,0.40865539796405026,0.10766278393404945,0.01744712999999365,0.0052221180000060485
synth-sklearn,synthetic,CFW-NB,10,0.85,0.849624060150376,0.5549898649295202,0.12299362095776484,0.04472595600003615,0.0003151700000216806
synth-sklearn,synthetic,HNB,10,0.8666666666666667,0.8653198653198653,0.5113067641790717,0.12078102074550962,0.009619842000006429,0.0010410300000103234
synth-sklearn,synthetic,CFW-NB,11,0.9,0.899888765294772,0.2744481700285668,0.033732324607234104,0.04762198800000306,0.00025351099998260906
synth-sklearn,synthetic,HNB,11,0.9333333333333333,0.9330357142857143,0.1861768996613569,0.06770237753045279,0.010076835000006668,0.0010013860000412933
synth-sklearn,synthetic,CFW-NB,12,0.8333333333333334,0.8316498316498316,0.362382367836176,0.16469881356110785,0.043668174999993425,0.00024418000003834095
synth-sklearn,synthetic,HNB,12,0.95,0.9499861072520144,0.11678498096782088,0.042159565772290845,0.009528912000007494,0.0010518299999944247
synth-sklearn,synthetic,CFW-NB,13,0.9166666666666666,0.9164578111946533,0.2927989426345159,0.09886125845445648,0.04471378400000958,0.0002813309999964986
synth-sklearn,synthetic,HNB,13,0.9166666666666666,0.9164578111946533,0.1937232387766107,0.06692301679452929,0.010317912999994405,0.0010057119999942188
synth-sklearn,synthetic,CFW-NB,14,0.8666666666666667,0.8665183537263625,0.28375977990880397,0.08714320580894709,0.08731360799998811,0.00040198499999632986
synth-sklearn,synthetic,HNB,14,0.9166666666666666,0.9166435120866907,0.193325880076286,0.05610400514321246,0.009050928999954522,0.000990021000006891
synth-sklearn,synthetic,CFW-NB,15,0.8166666666666667,0.8166157265907197,0.5430680247082006,0.11699719442224671,0.04675051899999971,0.00020853499995610036
synth-sklearn,synthetic,HNB,15,0.9333333333333333,0.9330357142857143,0.36723437394600145,0.05327348962037175,0.007066639000015584,0.0009599659999821597
synth-sklearn,synthetic,CFW-NB,16,0.85,0.8499583217560434,0.32103993519222734,0.1415030452145438,0.06332826499999555,0.0002753679999614178
synth-sklearn,synthetic,HNB,16,0.9166666666666666,0.9164578111946533,0.21949789119712293,0.08144729587770111,0.01706646500002762,0.0010100349999788705
synth-sklearn,synthetic,CFW-NB,17,0.75,0.7482517482517483,0.8524691969477902,0.2284535114414366,0.10266672800003107,0.0003216420000171638
synth-sklearn,synthetic,HNB,17,0.8166666666666667,0.8162071846282373,0.5416896259791888,0.13615699489199418,0.017431747999978597,0.005255610999995497
synth-sklearn,synthetic,CFW-NB,18,0.85,0.8499583217560434,0.30498631075711596,0.1366534652097917,0.04315127500001381,0.00023683999995682825
synth-sklearn,synthetic,HNB,18,0.95,0.9499861072520144,0.10759366976301964,0.04914863834909028,0.009143166000001202,0.0009800509999990936
synth-sklearn,synthetic,CFW-NB,19,0.85,0.8499583217560434,0.46241141593267077,0.10546049041480024,0.043452869000020655,0.0002554639999630126
synth-sklearn,synthetic,HNB,19,0.8833333333333333,0.8830409356725146,0.41848749698852034,0.09224422554995045,0.009029692000012801,0.001004502999990109
synth-sklearn,synthetic,CFW-NB,20,0.8666666666666667,0.8665183537263625,0.5658476668362965,0.1586587378832601,0.0327381210000226,0.00022594000000708547
synth-sklearn,synthetic,HNB,20,0.9,0.899888765294772,0.3451613294872763,0.09168170740586715,0.0067512530000044535,0.0008670220000226436
synth-sklearn,synthetic,CFW-NB,21,0.9,0.899888765294772,0.1918391520534447,0.08191714754225889,0.03206850899999836,0.00020263900000827562
synth-sklearn,synthetic,HNB,21,0.9666666666666667,0.9666295884315907,0.12892518338554027,0.04898378164341889,0.00657336500000838,0.0007747219999600929
synth-sklearn,synthetic,CFW-NB,22,0.85,0.8499583217560434,0.5151865179021299,0.12475125619776337,0.042478375999962736,0.00023549200000161363
synth-sklearn,synthetic,HNB,22,0.9333333333333333,0.9332591768631813,0.35651060886055386,0.0866091547144107,0.008957787000042572,0.0009540780000065752
synth-sklearn,synthetic,CFW-NB,23,0.8666666666666667,0.8665183537263625,0.47671532288057855,0.12996742930893912,0.04742563799999289,0.00025895599998193575
synth-sklearn,synthetic,HNB,23,0.9,0.8995535714285714,0.3466369812335373,0.07117943468994387,0.013819303000047967,0.0014272870000127114
synth-sklearn,synthetic,CFW-NB,24,0.85,0.849624060150376,0.3287463639459696,0.04772135472017593,0.03262899200001357,0.0001903989999618716
synth-sklearn,synthetic,HNB,24,0.95,0.9499861072520144,0.13694483791781628,0.06649906451923203,0.007652015000019219,0.0007547309999722529
synth-sklearn,synthetic,CFW-NB,25,0.85,0.8499583217560434,0.47844711511487287,0.13832354319442317,0.07622303799996644,0.00023677000001498527
synth-sklearn,synthetic,HNB,25,0.8833333333333333,0.8830409356725146,0.22340791307312594,0.06717595430830871,0.013224315000002207,0.0008983790000343106
synth-sklearn,synthetic,CFW-NB,26,0.8833333333333333,0.8825174825174825,0.3355567770731571,0.10441141234944395,0.04904424899996229,0.0008336310000345293
synth-sklearn,synthetic,HNB,26,0.9333333333333333,0.9332591768631813,0.3763211793225031,0.07972989805129072,0.009264188000031481,0.0010491450000245095
synth-sklearn,synthetic,CFW-NB,27,0.7833333333333333,0.783273131425396,0.5003108799614763,0.14141157286173478,0.06552342200001249,0.00019329900004549927
synth-sklearn,synthetic,HNB,27,0.8,0.7991071428571428,0.37578694700818693,0.13023442740829275,0.00824170199996388,0.0008640679999984968
synth-sklearn,synthetic,CFW-NB,28,0.8666666666666667,0.8660714285714286,0.39335464875708875,0.12959251061993982,0.07316409100002375,0.0004155439999635746
synth-sklearn,synthetic,HNB,28,0.9166666666666666,0.9164578111946533,0.21894912719846965,0.05906832418461889,0.014258666999978686,0.0015887030000385494
synth-sklearn,synthetic,CFW-NB,29,0.8166666666666667,0.8166157265907197,0.4013106256367429,0.1025357829213931,0.04497359399999823,0.00024653700000953904
synth-sklearn,synthetic,HNB,29,0.9333333333333333,0.9333333333333333,0.15458281821097178,0.04494476545998405,0.015140500999962114,0.0015031309999926634
