dataset,domain,model,fold,accuracy,macro_f1,log_loss,ece,gamma
dermatology,medicine,Cat-NB,0,0.9459459459459459,0.9444444444444445,0.09259832455045618,0.03740153437442693,0.0
dermatology,medicine,Cat-ABD-G,0,0.9459459459459459,0.9444444444444445,0.09278857342406298,0.03720235032029583,1.0
dermatology,medicine,Cat-ABD,0,0.9459459459459459,0.9444444444444445,0.09420663277350248,0.023030958433600007,4.0
dermatology,medicine,TAN,0,0.9459459459459459,0.9444444444444445,0.1252649488266509,0.07316211843176901,
dermatology,medicine,AODE,0,0.9459459459459459,0.9444444444444445,0.09665174025405508,0.05177428568730583,
dermatology,medicine,Cat-NB,1,0.9459459459459459,0.938888888888889,0.10181012028853707,0.05676037488047458,0.0
dermatology,medicine,Cat-ABD-G,1,0.972972972972973,0.9696969696969697,0.1009959931209791,0.05575189567859252,1.0
dermatology,medicine,Cat-ABD,1,0.972972972972973,0.9696969696969697,0.09863286535864454,0.052849765502901734,4.0
dermatology,medicine,TAN,1,0.918918918918919,0.905982905982906,0.18209550124921786,0.06635026655451544,
dermatology,medicine,AODE,1,0.972972972972973,0.9696969696969697,0.10653366984946376,0.04206243005808154,
dermatology,medicine,Cat-NB,2,1.0,1.0,0.02832864139653563,0.02215528310023939,0.0
dermatology,medicine,Cat-ABD-G,2,1.0,1.0,0.02776757670072311,0.0221421197990458,1.0
dermatology,medicine,Cat-ABD,2,1.0,1.0,0.027296307459730773,0.02246463902159546,4.0
dermatology,medicine,TAN,2,0.972972972972973,0.9316239316239318,0.03940229008818868,0.02463397976035596,
dermatology,medicine,AODE,2,1.0,1.0,0.01422393791361725,0.012442296407590288,
dermatology,medicine,Cat-NB,3,0.972972972972973,0.9696969696969697,0.07066642942669571,0.027383330432980708,0.0
dermatology,medicine,Cat-ABD-G,3,0.972972972972973,0.9696969696969697,0.0675850347111249,0.026932328595101862,1.0
dermatology,medicine,Cat-ABD,3,0.972972972972973,0.9696969696969697,0.06486958025557735,0.022691667194395755,2.0
dermatology,medicine,TAN,3,0.9459459459459459,0.938888888888889,0.06395726776452394,0.03872608605181649,
dermatology,medicine,AODE,3,0.972972972972973,0.9696969696969697,0.06787758121071902,0.03246023269787111,
dermatology,medicine,Cat-NB,4,1.0,1.0,0.004028057628880572,0.003916095266396691,0.0
dermatology,medicine,Cat-ABD-G,4,1.0,1.0,0.0038608164664136304,0.0037588480680086356,1.0
dermatology,medicine,Cat-ABD,4,1.0,1.0,0.003423303369451046,0.0033445082600989107,4.0
dermatology,medicine,TAN,4,1.0,1.0,0.010889030945480287,0.009775613813070048,
dermatology,medicine,AODE,4,1.0,1.0,0.015040401980615584,0.012274780124328033,
dermatology,medicine,Cat-NB,5,0.9459459459459459,0.938888888888889,0.11248280074574524,0.055352327103786826,0.0
dermatology,medicine,Cat-ABD-G,5,0.9459459459459459,0.938888888888889,0.10970525451719122,0.055512495096645895,1.0
dermatology,medicine,Cat-ABD,5,0.972972972972973,0.9686609686609687,0.06734941241698787,0.041735310304998434,2.0
dermatology,medicine,TAN,5,0.8918918918918919,0.8376068376068376,0.20887177300731904,0.08231844567526804,
dermatology,medicine,AODE,5,0.972972972972973,0.9686609686609687,0.09067695516961241,0.04187774017423731,
dermatology,medicine,Cat-NB,6,1.0,1.0,0.005834173195032803,0.0056884910313902476,0.0
dermatology,medicine,Cat-ABD-G,6,1.0,1.0,0.005530057979628817,0.005402053781535243,1.0
dermatology,medicine,Cat-ABD,6,1.0,1.0,0.005278292768755279,0.005164378290583249,2.0
dermatology,medicine,TAN,6,1.0,1.0,0.013834803352365012,0.013105644525515135,
dermatology,medicine,AODE,6,1.0,1.0,0.005013487095613066,0.004918621033752846,
dermatology,medicine,Cat-NB,7,1.0,1.0,0.002900789871537962,0.002854580182361288,0.0
dermatology,medicine,Cat-ABD-G,7,1.0,1.0,0.002701066674990091,0.002659815888971684,1.0
dermatology,medicine,Cat-ABD,7,1.0,1.0,0.002277372761099344,0.002245874790395508,4.0
dermatology,medicine,TAN,7,0.9722222222222222,0.9292929292929294,0.046222469562891305,0.03358339572297436,
dermatology,medicine,AODE,7,1.0,1.0,0.0019780835095943193,0.0019434118152177327,
dermatology,medicine,Cat-NB,8,0.9722222222222222,0.9696969696969697,0.029905639006842306,0.02128470808772685,0.0
dermatology,medicine,Cat-ABD-G,8,0.9722222222222222,0.9696969696969697,0.029465106666631897,0.020856456794987155,1.0
dermatology,medicine,Cat-ABD,8,0.9722222222222222,0.9696969696969697,0.028583812373842617,0.01998443634594363,4.0
dermatology,medicine,TAN,8,0.9722222222222222,0.9696969696969697,0.08157336602900017,0.03642597332854656,
dermatology,medicine,AODE,8,0.9722222222222222,0.9696969696969697,0.03408926076995656,0.021530325827825266,
dermatology,medicine,Cat-NB,9,1.0,1.0,0.021288258470937304,0.018638089625307636,0.0
dermatology,medicine,Cat-ABD-G,9,1.0,1.0,0.020472853488955826,0.017991367492860448,1.0
dermatology,medicine,Cat-ABD,9,1.0,1.0,0.01977264483624507,0.01743357264757481,2.0
dermatology,medicine,TAN,9,0.9722222222222222,0.9696969696969697,0.06820805401556379,0.052598455081296666,
dermatology,medicine,AODE,9,1.0,1.0,0.012982942232632485,0.011917203333416355,
dermatology,medicine,Cat-NB,10,0.9459459459459459,0.9444444444444445,0.13413155013687747,0.051422884306937505,0.0
dermatology,medicine,Cat-ABD-G,10,0.9459459459459459,0.9444444444444445,0.1306374032535647,0.05082954260251205,1.0
dermatology,medicine,Cat-ABD,10,0.9459459459459459,0.9444444444444445,0.13253792389596808,0.05460159347073081,4.0
dermatology,medicine,TAN,10,0.9459459459459459,0.9444444444444445,0.16417483099625546,0.06297874731475214,
dermatology,medicine,AODE,10,0.9459459459459459,0.9444444444444445,0.17981501547767717,0.07023161820502291,
dermatology,medicine,Cat-NB,11,1.0,1.0,0.011748552612588574,0.010935556115750584,0.0
dermatology,medicine,Cat-ABD-G,11,1.0,1.0,0.011664669951241597,0.010842301591525803,1.0
dermatology,medicine,Cat-ABD,11,1.0,1.0,0.011748552612588574,0.010935556115750584,0.0
dermatology,medicine,TAN,11,1.0,1.0,0.02391035652297998,0.020702371329790213,
dermatology,medicine,AODE,11,1.0,1.0,0.01007830536995225,0.009365506306394284,
dermatology,medicine,Cat-NB,12,1.0,1.0,0.037157822745537514,0.031414664449956164,0.0
dermatology,medicine,Cat-ABD-G,12,1.0,1.0,0.03524411759955639,0.030146651618836142,1.0
dermatology,medicine,Cat-ABD,12,1.0,1.0,0.03128644674926831,0.02737502273655438,4.0
dermatology,medicine,TAN,12,0.972972972972973,0.9686609686609687,0.15500966278770706,0.06251598134411296,
dermatology,medicine,AODE,12,1.0,1.0,0.015209032908274307,0.014331401485083241,
dermatology,medicine,Cat-NB,13,1.0,1.0,0.0025293995076618218,0.0024921172205609743,0.0
dermatology,medicine,Cat-ABD-G,13,1.0,1.0,0.0022038445629521627,0.002176758845117144,1.0
dermatology,medicine,Cat-ABD,13,1.0,1.0,0.0015916056957338003,0.001579271319787412,4.0
dermatology,medicine,TAN,13,0.972972972972973,0.9686609686609687,0.04428309226415713,0.027151660251682985,
dermatology,medicine,AODE,13,1.0,1.0,0.0012468811719479839,0.0012337030601802246,
dermatology,medicine,Cat-NB,14,0.972972972972973,0.9696969696969697,0.06054870265550514,0.02936305349846391,0.0
dermatology,medicine,Cat-ABD-G,14,0.972972972972973,0.9696969696969697,0.057452673157915135,0.028856223769631414,1.0
dermatology,medicine,Cat-ABD,14,0.972972972972973,0.9696969696969697,0.04943695807620076,0.027331151861368357,4.0
dermatology,medicine,TAN,14,0.972972972972973,0.9696969696969697,0.04883581018061986,0.030135620976953076,
dermatology,medicine,AODE,14,0.972972972972973,0.9696969696969697,0.0560438346010961,0.026279461284306006,
dermatology,medicine,Cat-NB,15,1.0,1.0,0.03246705576621436,0.026204767666432333,0.0
dermatology,medicine,Cat-ABD-G,15,1.0,1.0,0.030873711044366984,0.025166019485406775,1.0
dermatology,medicine,Cat-ABD,15,1.0,1.0,0.026859605643018182,0.022449874648565096,4.0
dermatology,medicine,TAN,15,0.972972972972973,0.9696969696969697,0.07294407717526746,0.02716893384822205,
dermatology,medicine,AODE,15,1.0,1.0,0.019339133345093004,0.01680768062658351,
dermatology,medicine,Cat-NB,16,0.9166666666666666,0.8901098901098901,0.12451493758309676,0.05635824123448842,0.0
dermatology,medicine,Cat-ABD-G,16,0.9166666666666666,0.8901098901098901,0.12327136309059335,0.055104527557150604,1.0
dermatology,medicine,Cat-ABD,16,0.9166666666666666,0.8901098901098901,0.12388769403683167,0.05573202734459431,0.5
dermatology,medicine,TAN,16,0.8888888888888888,0.8253968253968255,0.31261745489448006,0.08841394793529199,
dermatology,medicine,AODE,16,0.9166666666666666,0.8901098901098901,0.12195479087188864,0.05303681154669283,
dermatology,medicine,Cat-NB,17,0.9722222222222222,0.9696969696969697,0.02781668418136586,0.021873876894902496,0.0
dermatology,medicine,Cat-ABD-G,17,0.9722222222222222,0.9696969696969697,0.028154863322319708,0.02220571384091333,1.0
dermatology,medicine,Cat-ABD,17,0.9722222222222222,0.9696969696969697,0.028506523517720386,0.02255711837239127,2.0
dermatology,medicine,TAN,17,0.9444444444444444,0.938888888888889,0.06997789106398403,0.031595817779952795,
dermatology,medicine,AODE,17,0.9722222222222222,0.9696969696969697,0.029834408673092987,0.020733589371706017,
dermatology,medicine,Cat-NB,18,1.0,1.0,0.010879420187392727,0.010322126475042943,0.0
dermatology,medicine,Cat-ABD-G,18,1.0,1.0,0.011215640656603448,0.01064184168104538,1.0
dermatology,medicine,Cat-ABD,18,1.0,1.0,0.01193411051765673,0.011209865438534363,0.25
dermatology,medicine,TAN,18,1.0,1.0,0.029849671873146213,0.026283297284359325,
dermatology,medicine,AODE,18,1.0,1.0,0.008281456747255786,0.007865175980348934,
dermatology,medicine,Cat-NB,19,1.0,1.0,0.009013278059502574,0.00853823569513649,0.0
dermatology,medicine,Cat-ABD-G,19,1.0,1.0,0.009130848139120825,0.008634634894838119,1.0
dermatology,medicine,Cat-ABD,19,1.0,1.0,0.009130848139120825,0.008634634894838119,1.0
dermatology,medicine,TAN,19,0.9444444444444444,0.9021164021164022,0.08174848084389848,0.03635378742243567,
dermatology,medicine,AODE,19,1.0,1.0,0.007345518772768436,0.006965766657681949,
dermatology,medicine,Cat-NB,20,0.972972972972973,0.9720279720279721,0.061604254345457195,0.037584853238353935,0.0
dermatology,medicine,Cat-ABD-G,20,0.972972972972973,0.9720279720279721,0.05967372898715839,0.03725456808411613,1.0
dermatology,medicine,Cat-ABD,20,0.972972972972973,0.9720279720279721,0.05603915976291078,0.03487664866202375,4.0
dermatology,medicine,TAN,20,0.918918918918919,0.8737373737373738,0.20830265615885257,0.052189194186579066,
dermatology,medicine,AODE,20,0.972972972972973,0.9720279720279721,0.05496970862470516,0.02082221268328313,
dermatology,medicine,Cat-NB,21,0.9459459459459459,0.9388888888888888,0.0670283156843684,0.028289991808677254,0.0
dermatology,medicine,Cat-ABD-G,21,0.9459459459459459,0.9388888888888888,0.06387105853208964,0.04308742567071694,1.0
dermatology,medicine,Cat-ABD,21,0.9459459459459459,0.9388888888888888,0.05849267538333398,0.04082291528952291,4.0
dermatology,medicine,TAN,21,0.972972972972973,0.9696969696969697,0.07623169450562,0.03836656317286051,
dermatology,medicine,AODE,21,0.972972972972973,0.9696969696969697,0.05514985901455488,0.03691292399448219,
dermatology,medicine,Cat-NB,22,1.0,1.0,0.004711001947691276,0.00454756220671993,0.0
dermatology,medicine,Cat-ABD-G,22,1.0,1.0,0.004589559924197346,0.004428868309885464,1.0
dermatology,medicine,Cat-ABD,22,1.0,1.0,0.004589559924197346,0.004428868309885464,1.0
dermatology,medicine,TAN,22,0.972972972972973,0.9316239316239318,0.0388198165915359,0.027690306906013908,
dermatology,medicine,AODE,22,1.0,1.0,0.002547103594216684,0.0025015781407873305,
dermatology,medicine,Cat-NB,23,0.972972972972973,0.9696969696969697,0.10047270059661009,0.04313818087253773,0.0
dermatology,medicine,Cat-ABD-G,23,0.972972972972973,0.9696969696969697,0.10148133575135795,0.04323434648367975,1.0
dermatology,medicine,Cat-ABD,23,0.972972972972973,0.9696969696969697,0.10047270059661009,0.04313818087253773,0.0
dermatology,medicine,TAN,23,0.918918918918919,0.905982905982906,0.12214059922295983,0.06404057344525316,
dermatology,medicine,AODE,23,0.972972972972973,0.9696969696969697,0.1065187778734273,0.03421639586730434,
dermatology,medicine,Cat-NB,24,0.972972972972973,0.9696969696969697,0.06101886164055779,0.025257819639914192,0.0
dermatology,medicine,Cat-ABD-G,24,0.972972972972973,0.9696969696969697,0.058640645643923704,0.024873122837643355,1.0
dermatology,medicine,Cat-ABD,24,0.972972972972973,0.9696969696969697,0.06101886164055779,0.025257819639914192,0.0
dermatology,medicine,TAN,24,0.972972972972973,0.9696969696969697,0.0510326488912793,0.025301849381447777,
dermatology,medicine,AODE,24,0.972972972972973,0.9696969696969697,0.05758042416267786,0.024427170837684083,
dermatology,medicine,Cat-NB,25,1.0,1.0,0.021452367127506224,0.01940113593393094,0.0
dermatology,medicine,Cat-ABD-G,25,1.0,1.0,0.0207688602139695,0.01882602193243853,1.0
dermatology,medicine,Cat-ABD,25,1.0,1.0,0.020170037487125637,0.018320591889796504,2.0
dermatology,medicine,TAN,25,1.0,1.0,0.032956665736377976,0.029887574466016743,
dermatology,medicine,AODE,25,1.0,1.0,0.02227590082590859,0.019558754558789027,
dermatology,medicine,Cat-NB,26,1.0,1.0,0.0050207258024015655,0.004845795795540921,0.0
dermatology,medicine,Cat-ABD-G,26,1.0,1.0,0.0055409058262502866,0.0053275259565465265,1.0
dermatology,medicine,Cat-ABD,26,1.0,1.0,0.007038876133869017,0.006701272025310862,4.0
dermatology,medicine,TAN,26,1.0,1.0,0.008540482825936661,0.008056988431595,
dermatology,medicine,AODE,26,1.0,1.0,0.018048556180612824,0.0138813708323178,
dermatology,medicine,Cat-NB,27,1.0,1.0,0.025357587790475828,0.021705163341859884,0.0
dermatology,medicine,Cat-ABD-G,27,1.0,1.0,0.02417178122647749,0.020910156362246936,1.0
dermatology,medicine,Cat-ABD,27,1.0,1.0,0.02504179315954024,0.021494781505586702,0.25
dermatology,medicine,TAN,27,0.9722222222222222,0.9686609686609687,0.09215620111738258,0.06086803830567477,
dermatology,medicine,AODE,27,1.0,1.0,0.014590573718856534,0.01356720027266002,
dermatology,medicine,Cat-NB,28,0.9722222222222222,0.9696969696969697,0.052369161529970204,0.034846377187184044,0.0
dermatology,medicine,Cat-ABD-G,28,0.9722222222222222,0.9696969696969697,0.05234606604801926,0.03481230282467119,1.0
dermatology,medicine,Cat-ABD,28,0.9722222222222222,0.9696969696969697,0.05278519156079516,0.03504736007650636,4.0
dermatology,medicine,TAN,28,0.9722222222222222,0.9696969696969697,0.08620721405565801,0.050486180823396204,
dermatology,medicine,AODE,28,0.9722222222222222,0.9696969696969697,0.05501689474408227,0.03188182690551704,
dermatology,medicine,Cat-NB,29,0.9722222222222222,0.9686609686609687,0.05568645888597482,0.036678794287533005,0.0
dermatology,medicine,Cat-ABD-G,29,0.9722222222222222,0.9686609686609687,0.0547285749513598,0.03636557179742651,1.0
dermatology,medicine,Cat-ABD,29,0.9444444444444444,0.938888888888889,0.04883156314596862,0.03608202482613441,0.5
dermatology,medicine,TAN,29,0.9722222222222222,0.9696969696969697,0.09590209416045203,0.027172738099261348,
dermatology,medicine,AODE,29,0.9722222222222222,0.9686609686609687,0.03867507291821104,0.027410663022859477,
mushroom,biology,Cat-NB,0,0.965,0.9649122807017544,0.06406545106676131,0.02399896423187045,0.0
mushroom,biology,Cat-ABD-G,0,0.985,0.9849624060150376,0.04884229189124901,0.010399476803466454,1.0
mushroom,biology,Cat-ABD,0,0.985,0.9849864878390552,0.04981356839341772,0.024336683688315756,0.5
mushroom,biology,TAN,0,1.0,1.0,3.469543349687592e-06,3.4679368583478976e-06,
mushroom,biology,AODE,0,1.0,1.0,4.533791032206093e-05,4.508571980987863e-05,
mushroom,biology,Cat-NB,1,0.9475,0.9470469202110559,0.17407693406780972,0.0442628215204257,0.0
mushroom,biology,Cat-ABD-G,1,0.9575,0.957208752068768,0.09926631194140141,0.039580440016592895,1.0
mushroom,biology,Cat-ABD,1,0.9875,0.9874773810194664,0.05700023088872969,0.015004121461011304,0.5
mushroom,biology,TAN,1,1.0,1.0,0.0015807264467386228,0.0012460484340905127,
mushroom,biology,AODE,1,1.0,1.0,1.9745426841664913e-05,1.9715473388970395e-05,
mushroom,biology,Cat-NB,2,0.94,0.9393939393939394,0.18718194797606935,0.049654340932045765,0.0
mushroom,biology,Cat-ABD-G,2,0.9375,0.9368363872940078,0.12366551331199994,0.05182005881959762,1.0
mushroom,biology,Cat-ABD,2,0.98,0.9799594178210878,0.06420460447361546,0.021576827868035563,0.5
mushroom,biology,TAN,2,1.0,1.0,0.0007662881830214124,0.0007242714520061341,
mushroom,biology,AODE,2,1.0,1.0,2.57037925118306e-05,2.5621031422118357e-05,
mushroom,biology,Cat-NB,3,0.9325,0.9317832982775283,0.22980708568563266,0.05734172433937319,0.0
mushroom,biology,Cat-ABD-G,3,0.945,0.9444991044173667,0.12454711088020201,0.03181650025052388,1.0
mushroom,biology,Cat-ABD,3,0.9725,0.9724087765173606,0.08023168553642876,0.011187441965768664,0.5
mushroom,biology,TAN,3,0.9975,0.9974954762038932,0.010891806485382882,0.0022198174870275977,
mushroom,biology,AODE,3,0.9975,0.9974954762038932,0.0037490935860613256,0.0019482466306783477,
mushroom,biology,Cat-NB,4,0.9275,0.9268041822575861,0.2722472787747292,0.05355331091439948,0.0
mushroom,biology,Cat-ABD-G,4,0.9525,0.9521335222799558,0.13946446287438477,0.03513450173500563,1.0
mushroom,biology,Cat-ABD,4,0.9575,0.957305473061637,0.11290709541040723,0.01631444113466682,0.5
mushroom,biology,TAN,4,1.0,1.0,5.781325354379735e-06,5.779269860672898e-06,
mushroom,biology,AODE,4,1.0,1.0,2.701932209177057e-05,2.69427084806928e-05,
mushroom,biology,Cat-NB,5,0.9525,0.9521335222799558,0.15768245798646086,0.04629851718728638,0.0
mushroom,biology,Cat-ABD-G,5,0.955,0.9546725088766337,0.11101280467330882,0.047753971411861,1.0
mushroom,biology,Cat-ABD,5,0.9875,0.9874773810194664,0.04797231539737519,0.024660792989420754,0.5
mushroom,biology,TAN,5,1.0,1.0,0.0013447765154741872,0.0012346018514298354,
mushroom,biology,AODE,5,1.0,1.0,6.50446635330248e-06,6.503872661323129e-06,
mushroom,biology,Cat-NB,6,0.945,0.944688874921433,0.15913487693900558,0.04409150865454517,0.0
mushroom,biology,Cat-ABD-G,6,0.96,0.9598030348708673,0.11239179280354997,0.03626492048955271,1.0
mushroom,biology,Cat-ABD,6,0.9775,0.9774762092460161,0.06451420794327559,0.01493703812511813,0.5
mushroom,biology,TAN,6,0.9975,0.9974964794241903,0.004063342610768133,0.0010132199322197338,
mushroom,biology,AODE,6,0.9975,0.9974964794241903,0.002278393526043755,0.0015150421588827473,
mushroom,biology,Cat-NB,7,0.9425,0.9420563690757362,0.19995981942780353,0.04201620289385626,0.0
mushroom,biology,Cat-ABD-G,7,0.955,0.9547101449275363,0.12586849893780044,0.030214993380461717,1.0
mushroom,biology,Cat-ABD,7,0.97,0.9699519230769231,0.09278717326649,0.01170985278211213,0.5
mushroom,biology,TAN,7,0.9975,0.9974964794241903,0.0032659498217757154,0.0024513489386229358,
mushroom,biology,AODE,7,1.0,1.0,3.9910705909086755e-05,3.963796173456213e-05,
mushroom,biology,Cat-NB,8,0.925,0.924081384755542,0.22220033984354548,0.0615978575003005,0.0
mushroom,biology,Cat-ABD-G,8,0.9425,0.9420037697549659,0.1258460533040537,0.04292270846235097,1.0
mushroom,biology,Cat-ABD,8,0.9825,0.9824604263369227,0.06627649657171325,0.016996099194269823,0.5
mushroom,biology,TAN,8,1.0,1.0,1.5559712837185873e-05,1.5527770760970228e-05,
mushroom,biology,AODE,8,1.0,1.0,0.0003207441971186195,0.00030193121433572806,
mushroom,biology,Cat-NB,9,0.9575,0.9572754289735421,0.11479812201986189,0.03388833063741211,0.0
mushroom,biology,Cat-ABD-G,9,0.9775,0.9774253626051131,0.058575816322895005,0.011926691498613015,1.0
mushroom,biology,Cat-ABD,9,0.9825,0.9824867556089293,0.05178547948918479,0.022915819501638655,0.5
mushroom,biology,TAN,9,0.9975,0.9974964794241903,0.002604214614498795,0.0018154594006755936,
mushroom,biology,AODE,9,1.0,1.0,9.97677929951162e-06,9.969092484407582e-06,
mushroom,biology,Cat-NB,10,0.9325,0.9318521696880975,0.19587796505130753,0.056463201423888505,0.0
mushroom,biology,Cat-ABD-G,10,0.9425,0.9419481445491201,0.1131965472343288,0.04512012355793593,1.0
mushroom,biology,Cat-ABD,10,0.9825,0.9824604263369227,0.05921132345102302,0.013256184524691034,0.5
mushroom,biology,TAN,10,1.0,1.0,0.0006711644087306686,0.0006281092232587702,
mushroom,biology,AODE,10,1.0,1.0,5.153943361446659e-06,5.152811218933628e-06,
mushroom,biology,Cat-NB,11,0.9475,0.9471402231437723,0.15966068735078257,0.03766400359840241,0.0
mushroom,biology,Cat-ABD-G,11,0.9575,0.9572754289735421,0.11134666549462503,0.04198862439783839,1.0
mushroom,biology,Cat-ABD,11,0.965,0.9649570724137068,0.07946127293596433,0.01995460802759156,0.5
mushroom,biology,TAN,11,1.0,1.0,0.0006757209429539383,0.0006087717941478738,
mushroom,biology,AODE,11,1.0,1.0,1.320580028625117e-06,1.3205441277142071e-06,
mushroom,biology,Cat-NB,12,0.95,0.9497171590194846,0.16903991334906482,0.03471398101514739,0.0
mushroom,biology,Cat-ABD-G,12,0.9625,0.9622734046365986,0.11726823442580928,0.02136037497848776,1.0
mushroom,biology,Cat-ABD,12,0.965,0.9649570724137068,0.09286800856615325,0.014371957290618034,0.5
mushroom,biology,TAN,12,1.0,1.0,0.0008462183208501055,0.0007435500654902555,
mushroom,biology,AODE,12,1.0,1.0,5.0708543549770544e-05,5.04945131938328e-05,
mushroom,biology,Cat-NB,13,0.93,0.9291426257718393,0.2496364159413403,0.05996627201379434,0.0
mushroom,biology,Cat-ABD-G,13,0.94,0.9393939393939394,0.15284880735656672,0.04268772347656209,1.0
mushroom,biology,Cat-ABD,13,0.9725,0.9723921568627452,0.07357711242926937,0.016239777132829647,0.5
mushroom,biology,TAN,13,1.0,1.0,0.00016436294554724,0.00016091559219777452,
mushroom,biology,AODE,13,1.0,1.0,7.840762920482334e-06,7.837724093628928e-06,
mushroom,biology,Cat-NB,14,0.935,0.9343434343434344,0.25511297784328746,0.054403621115621914,0.0
mushroom,biology,Cat-ABD-G,14,0.945,0.9445508619820546,0.1495289901419089,0.034750309379289676,1.0
mushroom,biology,Cat-ABD,14,0.9775,0.9774253626051131,0.0877181792457344,0.012770076896966132,0.5
mushroom,biology,TAN,14,0.995,0.994989854455272,0.012513565677643638,0.004424903651166556,
mushroom,biology,AODE,14,0.9975,0.9974954762038932,0.0033572321544733034,0.0018568942433776583,
mushroom,biology,Cat-NB,15,0.9425,0.9420037697549659,0.16546735339419422,0.042949933028101156,0.0
mushroom,biology,Cat-ABD-G,15,0.9625,0.9622734046365986,0.10798753609715302,0.02315495209491732,1.0
mushroom,biology,Cat-ABD,15,0.9775,0.977437812972004,0.06626424604990988,0.014107997724085294,0.5
mushroom,biology,TAN,15,1.0,1.0,6.96578836931821e-05,6.948790263583415e-05,
mushroom,biology,AODE,15,1.0,1.0,1.0013260104962353e-05,1.000427026254247e-05,
mushroom,biology,Cat-NB,16,0.945,0.9446457326892109,0.14407197676877093,0.037903632054720415,0.0
mushroom,biology,Cat-ABD-G,16,0.965,0.964851497577264,0.11092909237625209,0.0406709724363717,1.0
mushroom,biology,Cat-ABD,16,0.9825,0.9824753559693319,0.06384535362742896,0.024053072561734754,0.5
mushroom,biology,TAN,16,1.0,1.0,0.00043912215463741064,0.00042358312243794547,
mushroom,biology,AODE,16,1.0,1.0,1.8218454324341363e-05,1.8196437594375503e-05,
mushroom,biology,Cat-NB,17,0.9725,0.9723921568627452,0.08780447732823667,0.022775704874753708,0.0
mushroom,biology,Cat-ABD-G,17,0.9725,0.9723921568627452,0.09477750243653225,0.04465777768797576,1.0
mushroom,biology,Cat-ABD,17,0.9875,0.9874773810194664,0.04644083116748847,0.015273559690826527,0.5
mushroom,biology,TAN,17,1.0,1.0,0.0009129171058585919,0.0008754963750407846,
mushroom,biology,AODE,17,1.0,1.0,7.88562317217686e-05,7.826469354821342e-05,
mushroom,biology,Cat-NB,18,0.945,0.9446457326892109,0.14512433550066428,0.04462987356176914,0.0
mushroom,biology,Cat-ABD-G,18,0.96,0.9597737272155877,0.1015848779237545,0.03916640260102263,1.0
mushroom,biology,Cat-ABD,18,0.985,0.9849906191369606,0.0519611022359404,0.019903376114093013,0.5
mushroom,biology,TAN,18,1.0,1.0,2.848238293264592e-05,2.8429225595760776e-05,
mushroom,biology,AODE,18,1.0,1.0,2.4266786259095345e-05,2.419469616232739e-05,
mushroom,biology,Cat-NB,19,0.9375,0.9369001571186087,0.17882018434209854,0.043091593457371645,0.0
mushroom,biology,Cat-ABD-G,19,0.9525,0.9522129792063583,0.12272747547093499,0.036376576388533796,1.0
mushroom,biology,Cat-ABD,19,0.9825,0.982468333427253,0.061867716580305834,0.021347487076844758,0.5
mushroom,biology,TAN,19,0.9975,0.9974964794241903,0.002648793498001454,0.0018373611117953907,
mushroom,biology,AODE,19,0.9975,0.9974964794241903,0.004713172439595062,0.002332330730790639,
mushroom,biology,Cat-NB,20,0.9375,0.936960619298876,0.24377940344537818,0.05128347522808026,0.0
mushroom,biology,Cat-ABD-G,20,0.945,0.9445508619820546,0.1296560854011814,0.026464299497584408,1.0
mushroom,biology,Cat-ABD,20,0.9625,0.9624151992934058,0.0942658004587628,0.013808748086801399,0.5
mushroom,biology,TAN,20,1.0,1.0,4.0326651403427604e-05,4.0248425945632604e-05,
mushroom,biology,AODE,20,1.0,1.0,7.326716226352776e-06,7.323235175493714e-06,
mushroom,biology,Cat-NB,21,0.95,0.9496779388083736,0.17384985716877388,0.036474770616765455,0.0
mushroom,biology,Cat-ABD-G,21,0.955,0.9546725088766337,0.11665409829324473,0.031808480129734855,1.0
mushroom,biology,Cat-ABD,21,0.9775,0.9774491195760435,0.07458981498410411,0.014756823594900662,0.5
mushroom,biology,TAN,21,1.0,1.0,0.0021694829583632828,0.001880570738811229,
mushroom,biology,AODE,21,1.0,1.0,3.85268500824084e-05,3.8281150996244406e-05,
mushroom,biology,Cat-NB,22,0.945,0.9444991044173667,0.20181947861822458,0.04383306243747888,0.0
mushroom,biology,Cat-ABD-G,22,0.9575,0.9572431919214783,0.12131733486712147,0.026860823369197026,1.0
mushroom,biology,Cat-ABD,22,0.9825,0.9824419486928657,0.07075146123095113,0.013216139242986698,0.5
mushroom,biology,TAN,22,0.9925,0.9924830398586811,0.027895893435579057,0.0071385666729778426,
mushroom,biology,AODE,22,0.995,0.994989854455272,0.011639231899170866,0.004447628818630098,
mushroom,biology,Cat-NB,23,0.9425,0.9420037697549659,0.14403868328980846,0.039960816549873004,0.0
mushroom,biology,Cat-ABD-G,23,0.96,0.9597423510466989,0.10796617160226013,0.0431834140885389,1.0
mushroom,biology,Cat-ABD,23,0.98,0.9799594178210878,0.05707328566501282,0.021841759057202488,0.5
mushroom,biology,TAN,23,1.0,1.0,0.0009616582884727916,0.0008977510149958635,
mushroom,biology,AODE,23,1.0,1.0,4.248359085737195e-06,4.247804337720318e-06,
mushroom,biology,Cat-NB,24,0.965,0.9648020113136393,0.11227128746038632,0.02821297772079908,0.0
mushroom,biology,Cat-ABD-G,24,0.9725,0.9723741296281181,0.07403606339716956,0.017778721023081607,1.0
mushroom,biology,Cat-ABD,24,0.985,0.9849695633658158,0.04726324646214573,0.011222711791181802,0.5
mushroom,biology,TAN,24,1.0,1.0,0.0001140788350815924,0.00011208385331329396,
mushroom,biology,AODE,24,1.0,1.0,8.515129685323246e-06,8.51182990613264e-06,
mushroom,biology,Cat-NB,25,0.9175,0.9163450386904196,0.3058742491246404,0.07111589384533182,0.0
mushroom,biology,Cat-ABD-G,25,0.9325,0.9317832982775283,0.14808685763559867,0.033692403800290066,1.0
mushroom,biology,Cat-ABD,25,0.9625,0.9624151992934058,0.10224078308285557,0.01473446455026623,0.5
mushroom,biology,TAN,25,0.9975,0.9974954762038932,0.002800591031094805,0.0017707436005981827,
mushroom,biology,AODE,25,1.0,1.0,6.67889009809995e-05,6.650908170824366e-05,
mushroom,biology,Cat-NB,26,0.9425,0.9420563690757362,0.17419618929268033,0.050220383474509196,0.0
mushroom,biology,Cat-ABD-G,26,0.955,0.9547101449275363,0.11280235715292321,0.02707657362130929,1.0
mushroom,biology,Cat-ABD,26,0.9825,0.9824604263369227,0.06236118479565578,0.017322691760805774,0.5
mushroom,biology,TAN,26,1.0,1.0,0.00017003115299456028,0.000166692865757323,
mushroom,biology,AODE,26,1.0,1.0,0.000331497039407938,0.00031561805718605064,
mushroom,biology,Cat-NB,27,0.9525,0.9521744876062701,0.11927080945962952,0.036503791446060696,0.0
mushroom,biology,Cat-ABD-G,27,0.9625,0.9623018490943018,0.10080100277438934,0.04732186609447413,1.0
mushroom,biology,Cat-ABD,27,0.9875,0.9874867829144534,0.04991274698547729,0.02124260551604514,0.5
mushroom,biology,TAN,27,0.9975,0.9974964794241903,0.002904930508741125,0.0018305691395229858,
mushroom,biology,AODE,27,1.0,1.0,4.206275863398813e-06,4.205915813293437e-06,
mushroom,biology,Cat-NB,28,0.9425,0.9421059586812743,0.12366695806908395,0.04225144005722811,0.0
mushroom,biology,Cat-ABD-G,28,0.96,0.9597737272155877,0.10398230033257228,0.04372924247562877,1.0
mushroom,biology,Cat-ABD,28,0.99,0.9899937460913071,0.052728191680134075,0.024456821559662372,0.5
mushroom,biology,TAN,28,1.0,1.0,7.643169384351361e-05,7.595707860985623e-05,
mushroom,biology,AODE,28,1.0,1.0,1.288903807208792e-05,1.2868319887338053e-05,
mushroom,biology,Cat-NB,29,0.955,0.9547101449275363,0.1476904729264328,0.036359190409731706,0.0
mushroom,biology,Cat-ABD-G,29,0.96,0.9598030348708673,0.10987297790750454,0.0433466693944044,1.0
mushroom,biology,Cat-ABD,29,0.9775,0.9774762092460161,0.06779329324482788,0.015186596608793589,0.5
mushroom,biology,TAN,29,1.0,1.0,0.0009671566126888953,0.0008160582322160037,
mushroom,biology,AODE,29,1.0,1.0,4.256167656776436e-06,4.254965226380136e-06,
soybean,agriculture,Cat-NB,0,0.9117647058823529,0.9164189749974062,0.5205215308367032,0.08516780020992967,0.0
soybean,agriculture,Cat-ABD-G,0,0.9117647058823529,0.9164189749974062,0.37919330981993504,0.08203127306687152,1.0
soybean,agriculture,Cat-ABD,0,0.9411764705882353,0.9364278752436648,0.24302562380933312,0.046637317589599436,1.0
soybean,agriculture,TAN,0,0.9411764705882353,0.9384340480831709,0.2950247921038702,0.03611429587806024,
soybean,agriculture,AODE,0,0.9558823529411765,0.9660575048732944,0.18555810860593905,0.04738898578948303,
soybean,agriculture,Cat-NB,1,0.8970588235294118,0.9333085759556349,0.5546225902518729,0.09384466766339147,0.0
soybean,agriculture,Cat-ABD-G,1,0.9117647058823529,0.9391041601825917,0.3839090017879151,0.08201236380117988,1.0
soybean,agriculture,Cat-ABD,1,0.9117647058823529,0.9142817059483725,0.23187310378302556,0.06931994061468719,1.0
soybean,agriculture,TAN,1,0.9264705882352942,0.9204028589993501,0.20974980294409606,0.05847322373275731,
soybean,agriculture,AODE,1,0.9117647058823529,0.940592903828198,0.2682382422983731,0.07036463993819372,
soybean,agriculture,Cat-NB,2,0.8676470588235294,0.9228096794273265,1.0253545330322464,0.11338643156154124,0.0
soybean,agriculture,Cat-ABD-G,2,0.8676470588235294,0.9228096794273265,0.7079309164360494,0.10934682037815138,1.0
soybean,agriculture,Cat-ABD,2,0.8823529411764706,0.9519140989729225,0.2723315557841086,0.05014374888874022,1.0
soybean,agriculture,TAN,2,0.9558823529411765,0.9821950710108605,0.12349258287242894,0.03367277532423556,
soybean,agriculture,AODE,2,0.8970588235294118,0.9482726423902894,0.3632565345578326,0.09331805487230779,
soybean,agriculture,Cat-NB,3,0.9264705882352942,0.9567321080478978,0.5607386929980327,0.06851002787398863,0.0
soybean,agriculture,Cat-ABD-G,3,0.9264705882352942,0.9567321080478978,0.3552697990344743,0.05981958474969787,1.0
soybean,agriculture,Cat-ABD,3,0.9558823529411765,0.9821950710108607,0.12230399324214782,0.03166610177968686,1.0
soybean,agriculture,TAN,3,0.9705882352941176,0.9874999999999999,0.08769681755190095,0.02814529046457245,
soybean,agriculture,AODE,3,0.9558823529411765,0.9821950710108607,0.13103967499844804,0.03769351596015548,
soybean,agriculture,Cat-NB,4,0.8676470588235294,0.8860708534621577,0.9103306105552662,0.10551231557853058,0.0
soybean,agriculture,Cat-ABD-G,4,0.8529411764705882,0.8670497601763587,0.6580381240110147,0.10362305974023367,1.0
soybean,agriculture,Cat-ABD,4,0.8823529411764706,0.9023321449792038,0.41018749318356096,0.06673552809101783,1.0
soybean,agriculture,TAN,4,0.9264705882352942,0.9022092267706303,0.1608441138907722,0.06547179074917106,
soybean,agriculture,AODE,4,0.9117647058823529,0.940592903828198,0.2142340346188648,0.07423068747312694,
soybean,agriculture,Cat-NB,5,0.8805970149253731,0.8974215656491198,1.2038995832048305,0.10903877376343869,0.0
soybean,agriculture,Cat-ABD-G,5,0.8805970149253731,0.8974215656491198,0.7959665961826022,0.09416730618262631,1.0
soybean,agriculture,Cat-ABD,5,0.9701492537313433,0.9876352100294308,0.10589731272629399,0.07456800314621256,1.0
soybean,agriculture,TAN,5,0.9253731343283582,0.9364126299110818,0.17909163882946924,0.0680495162812475,
soybean,agriculture,AODE,5,0.9850746268656716,0.9938080495356039,0.06802992210156454,0.0283367372644768,
soybean,agriculture,Cat-NB,6,0.9402985074626866,0.9587418300653595,0.3143622855939802,0.047916653088871865,0.0
soybean,agriculture,Cat-ABD-G,6,0.9402985074626866,0.9587418300653595,0.21406245995622433,0.03880488557689564,1.0
soybean,agriculture,Cat-ABD,6,0.9402985074626866,0.9758169934640522,0.12483441100290105,0.035345939852623416,1.0
soybean,agriculture,TAN,6,0.9552238805970149,0.9640661864604074,0.11194234768097484,0.03977728795468928,
soybean,agriculture,AODE,6,0.9701492537313433,0.9794289645682834,0.09730035156050575,0.037112042781700945,
soybean,agriculture,Cat-NB,7,0.9104477611940298,0.9493165784832454,0.8198183255796508,0.07566512335562765,0.0
soybean,agriculture,Cat-ABD-G,7,0.9104477611940298,0.9493165784832454,0.5530454180901643,0.09811503305138414,1.0
soybean,agriculture,Cat-ABD,7,0.9104477611940298,0.9629227053140096,0.2346934048065723,0.05164336751148402,1.0
soybean,agriculture,TAN,7,0.8955223880597015,0.8902285670603524,0.3101150049669605,0.06230982715805378,
soybean,agriculture,AODE,7,0.9402985074626866,0.9507797270955165,0.19712723001201038,0.03310216433050272,
soybean,agriculture,Cat-NB,8,0.9104477611940298,0.9408084006549482,0.707376182795603,0.09516856735962043,0.0
soybean,agriculture,Cat-ABD-G,8,0.9104477611940298,0.9408084006549482,0.46586044168233126,0.08757923338263221,1.0
soybean,agriculture,Cat-ABD,8,0.9104477611940298,0.9264293156876278,0.25433504230317183,0.08900448258020846,1.0
soybean,agriculture,TAN,8,0.9402985074626866,0.9184789067142007,0.1072487600601499,0.04767298673341038,
soybean,agriculture,AODE,8,0.9552238805970149,0.9816425120772947,0.11298050167931546,0.03559220212506961,
soybean,agriculture,Cat-NB,9,0.8805970149253731,0.9035040180551016,1.0100323602527834,0.1086131657547076,0.0
soybean,agriculture,Cat-ABD-G,9,0.8656716417910447,0.8644906964330843,0.6676056729510069,0.11307852893860634,1.0
soybean,agriculture,Cat-ABD,9,0.9253731343283582,0.9549691221517848,0.2161398106644212,0.058259635323862656,1.0
soybean,agriculture,TAN,9,0.9402985074626866,0.961598440545809,0.11994665424367294,0.0397541290788904,
soybean,agriculture,AODE,9,0.9402985074626866,0.960817075368159,0.18664749623057628,0.04971031475184798,
soybean,agriculture,Cat-NB,10,0.8676470588235294,0.9135309679427327,1.0369396860395859,0.1287795182855166,0.0
soybean,agriculture,Cat-ABD-G,10,0.8676470588235294,0.9135309679427327,0.6702699596218517,0.10574298121383391,1.0
soybean,agriculture,Cat-ABD,10,0.8970588235294118,0.9425274135419062,0.27049499372787345,0.08113007839578819,1.0
soybean,agriculture,TAN,10,0.8970588235294118,0.9143479614067851,0.18100342067456,0.08163292028158846,
soybean,agriculture,AODE,10,0.9264705882352942,0.9687817155847847,0.2465931072634012,0.07243769004086677,
soybean,agriculture,Cat-NB,11,0.8970588235294118,0.9156381744617038,0.6574529876146625,0.07390986857091228,0.0
soybean,agriculture,Cat-ABD-G,11,0.8823529411764706,0.8969952232100569,0.4817988451157933,0.08828681481906342,1.0
soybean,agriculture,Cat-ABD,11,0.9264705882352942,0.9674603174603175,0.2481649291602147,0.06420521089243768,1.0
soybean,agriculture,TAN,11,0.9558823529411765,0.9578703703703704,0.16640786365578086,0.038638726717365734,
soybean,agriculture,AODE,11,0.9264705882352942,0.9596468890586538,0.29407264433976704,0.058350954625725426,
soybean,agriculture,Cat-NB,12,0.9117647058823529,0.9416638000229332,0.5682590428589724,0.07254879802650918,0.0
soybean,agriculture,Cat-ABD-G,12,0.9117647058823529,0.9416638000229332,0.39226558542761775,0.07062689538016195,1.0
soybean,agriculture,Cat-ABD,12,0.9264705882352942,0.9610693400167085,0.1995495981212271,0.057933633615951365,1.0
soybean,agriculture,TAN,12,1.0,1.0,0.042089322050984014,0.034230652275284705,
soybean,agriculture,AODE,12,0.9558823529411765,0.9806878306878306,0.1346446792677177,0.042684053021518634,
soybean,agriculture,Cat-NB,13,0.8970588235294118,0.9021604938271606,0.7019143193702335,0.08032724118058354,0.0
soybean,agriculture,Cat-ABD-G,13,0.8970588235294118,0.9021604938271606,0.46650153795552274,0.07972565699825931,1.0
soybean,agriculture,Cat-ABD,13,0.9411764705882353,0.9321539141972579,0.16208627690338043,0.06033351061948515,1.0
soybean,agriculture,TAN,13,0.9558823529411765,0.9580246913580246,0.13777849552367744,0.03727286038471203,
soybean,agriculture,AODE,13,0.9705882352941176,0.9726440283715826,0.10336702014950126,0.03401273638847928,
soybean,agriculture,Cat-NB,14,0.9411764705882353,0.951678419905974,0.5172392097898366,0.0653635666111028,0.0
soybean,agriculture,Cat-ABD-G,14,0.9264705882352942,0.9307789490065032,0.383234094383492,0.06832380048151673,1.0
soybean,agriculture,Cat-ABD,14,0.9558823529411765,0.9660575048732944,0.2017789322530294,0.0681808605304425,1.0
soybean,agriculture,TAN,14,0.9411764705882353,0.9080055803998014,0.2340392967537437,0.0378917287191507,
soybean,agriculture,AODE,14,0.9558823529411765,0.9660575048732944,0.15378903116775344,0.03198533640127349,
soybean,agriculture,Cat-NB,15,0.8955223880597015,0.9332186675839927,0.6163844896536278,0.07339217215144393,0.0
soybean,agriculture,Cat-ABD-G,15,0.8955223880597015,0.9332186675839927,0.4257273941918319,0.09025829460748004,1.0
soybean,agriculture,Cat-ABD,15,0.9253731343283582,0.9535575048732944,0.2752211274120543,0.055571727366271674,1.0
soybean,agriculture,TAN,15,0.8955223880597015,0.9049382716049382,0.2784012692174032,0.08006047632024665,
soybean,agriculture,AODE,15,0.8955223880597015,0.9179681229216832,0.2823629055837814,0.08333047463664219,
soybean,agriculture,Cat-NB,16,0.8955223880597015,0.9219135802469136,0.5343122808419407,0.09194742406026798,0.0
soybean,agriculture,Cat-ABD-G,16,0.9253731343283582,0.9343944692886902,0.34865131085892176,0.06503761499297081,1.0
soybean,agriculture,Cat-ABD,16,0.9402985074626866,0.9604276895943562,0.21417298945317695,0.07414222136640217,1.0
soybean,agriculture,TAN,16,0.9402985074626866,0.9748538011695906,0.14369550864102948,0.03614498848014591,
soybean,agriculture,AODE,16,0.9402985074626866,0.9621913580246912,0.13001982798572284,0.04638256958580047,
soybean,agriculture,Cat-NB,17,0.835820895522388,0.9102280234526611,1.8056512073109263,0.1511381514715992,0.0
soybean,agriculture,Cat-ABD-G,17,0.835820895522388,0.9082639381552424,1.2145408510465403,0.14217631946747356,1.0
soybean,agriculture,Cat-ABD,17,0.8656716417910447,0.9279323499272348,0.40577519895920167,0.08547270202386159,1.0
soybean,agriculture,TAN,17,0.9402985074626866,0.9750000000000001,0.18869687449342185,0.05663953875721453,
soybean,agriculture,AODE,17,0.8955223880597015,0.947883597883598,0.35486030901632826,0.08694054784003696,
soybean,agriculture,Cat-NB,18,0.9104477611940298,0.9560185185185185,0.6289130288657816,0.07398855358191211,0.0
soybean,agriculture,Cat-ABD-G,18,0.9104477611940298,0.9560185185185185,0.44546439375728336,0.07850513407672985,1.0
soybean,agriculture,Cat-ABD,18,0.8805970149253731,0.9207516339869282,0.25857588141196863,0.07249033126213072,0.5
soybean,agriculture,TAN,18,0.9701492537313433,0.9726631393298059,0.09902416871012117,0.05219285400784181,
soybean,agriculture,AODE,18,0.9552238805970149,0.9816425120772947,0.15812906543825098,0.043881335159414975,
soybean,agriculture,Cat-NB,19,0.9253731343283582,0.9426689051689051,0.8883303453310191,0.08144996213170955,0.0
soybean,agriculture,Cat-ABD-G,19,0.9253731343283582,0.9426689051689051,0.5687139958782751,0.07236970568281309,1.0
soybean,agriculture,Cat-ABD,19,0.9552238805970149,0.9731714908185497,0.16201047829852322,0.04474853370132355,1.0
soybean,agriculture,TAN,19,0.9701492537313433,0.9620518914636561,0.05632426441922123,0.03128903316148754,
soybean,agriculture,AODE,19,0.9701492537313433,0.9792989417989418,0.1622891522931557,0.028371038621167553,
soybean,agriculture,Cat-NB,20,0.8970588235294118,0.9391053391053392,0.9690089919988182,0.10981308220678646,0.0
soybean,agriculture,Cat-ABD-G,20,0.8970588235294118,0.9391053391053392,0.6268075502016446,0.09988388040053776,1.0
soybean,agriculture,Cat-ABD,20,0.8970588235294118,0.9510442773600667,0.24946011338891985,0.057616271683918585,1.0
soybean,agriculture,TAN,20,0.9117647058823529,0.947597752551313,0.2244386864669969,0.06686268198578361,
soybean,agriculture,AODE,20,0.9411764705882353,0.974025974025974,0.27615402400190137,0.0637796208074484,
soybean,agriculture,Cat-NB,21,0.8823529411764706,0.8723324514991181,0.83916833695387,0.10490507207028102,0.0
soybean,agriculture,Cat-ABD-G,21,0.8970588235294118,0.8789137877373171,0.5441493834348388,0.08213342380408759,1.0
soybean,agriculture,Cat-ABD,21,0.9558823529411765,0.9582788671023965,0.13837000339071093,0.04484610902481311,1.0
soybean,agriculture,TAN,21,0.9411764705882353,0.9098383212934298,0.14847503169493056,0.034209740054598606,
soybean,agriculture,AODE,21,0.9558823529411765,0.9582788671023965,0.13383598238341848,0.0496304006246869,
soybean,agriculture,Cat-NB,22,0.9117647058823529,0.9337070394345938,0.5418566237667356,0.07233465912028171,0.0
soybean,agriculture,Cat-ABD-G,22,0.9117647058823529,0.9337070394345938,0.37564069170708225,0.07670495122239702,1.0
soybean,agriculture,Cat-ABD,22,0.9264705882352942,0.9544973544973545,0.21091169583895933,0.06130458602152159,1.0
soybean,agriculture,TAN,22,0.9264705882352942,0.948086124401914,0.1742305290727125,0.039943899360546216,
soybean,agriculture,AODE,22,0.9411764705882353,0.9669172932330827,0.2059945461084728,0.05542133820574746,
soybean,agriculture,Cat-NB,23,0.8676470588235294,0.910514458308576,0.9067828738601277,0.11512959105846185,0.0
soybean,agriculture,Cat-ABD-G,23,0.8823529411764706,0.9237679078365354,0.6282915981326669,0.10992194104581116,1.0
soybean,agriculture,Cat-ABD,23,0.9264705882352942,0.9549691221517848,0.30548392129318236,0.08882858839996172,1.0
soybean,agriculture,TAN,23,0.9117647058823529,0.9328006588068507,0.3371439564954316,0.06864622513197584,
soybean,agriculture,AODE,23,0.9117647058823529,0.9421361137047413,0.34905492707539193,0.08358315630966445,
soybean,agriculture,Cat-NB,24,0.8823529411764706,0.9142056530214426,0.8681580513724024,0.10811156172635002,0.0
soybean,agriculture,Cat-ABD-G,24,0.8823529411764706,0.9142056530214426,0.5933461491451906,0.10632682976168838,1.0
soybean,agriculture,Cat-ABD,24,0.9117647058823529,0.9396686159844054,0.2505575174081626,0.06642358369960709,1.0
soybean,agriculture,TAN,24,0.9411764705882353,0.9533214845392348,0.16401610601075983,0.054620476124001394,
soybean,agriculture,AODE,24,0.9117647058823529,0.9396686159844054,0.37348924835294917,0.08265866311360186,
soybean,agriculture,Cat-NB,25,0.9253731343283582,0.9467889681124976,0.46753327683879603,0.06767590994197377,0.0
soybean,agriculture,Cat-ABD-G,25,0.9253731343283582,0.9528495741731037,0.3526452883348545,0.06495407312244476,1.0
soybean,agriculture,Cat-ABD,25,0.9402985074626866,0.9582820501938148,0.22590490816976747,0.0495782204562218,1.0
soybean,agriculture,TAN,25,0.8955223880597015,0.8879954515919427,0.21580622446674608,0.0777662254480124,
soybean,agriculture,AODE,25,0.9701492537313433,0.9874999999999999,0.11154198404643706,0.032163212798849275,
soybean,agriculture,Cat-NB,26,0.9701492537313433,0.9745370370370371,0.43594938587968257,0.038139817484210775,0.0
soybean,agriculture,Cat-ABD-G,26,0.9701492537313433,0.9745370370370371,0.28668411255901105,0.044693000483006395,1.0
soybean,agriculture,Cat-ABD,26,0.9850746268656716,0.9938080495356039,0.04743770108415535,0.03723682704138674,1.0
soybean,agriculture,TAN,26,0.9701492537313433,0.9507797270955165,0.05372297385663604,0.019235138649866756,
soybean,agriculture,AODE,26,1.0,1.0,0.007391273654150927,0.00691406849557674,
soybean,agriculture,Cat-NB,27,0.8955223880597015,0.9085706504824151,1.0173504611042776,0.08306458831327429,0.0
soybean,agriculture,Cat-ABD-G,27,0.9104477611940298,0.9382002801120449,0.6621175854316008,0.07150268594051346,1.0
soybean,agriculture,Cat-ABD,27,0.9552238805970149,0.9791815210932858,0.17040867523177464,0.044566114864434826,1.0
soybean,agriculture,TAN,27,0.9402985074626866,0.9384340480831709,0.13756989531615463,0.03938738106495782,
soybean,agriculture,AODE,27,0.9552238805970149,0.9578703703703704,0.10250638944522301,0.0347842967301179,
soybean,agriculture,Cat-NB,28,0.8955223880597015,0.929018829754124,0.693710226615756,0.07940871470975247,0.0
soybean,agriculture,Cat-ABD-G,28,0.9104477611940298,0.9346627942642436,0.46973096183946755,0.07907100421004266,1.0
soybean,agriculture,Cat-ABD,28,0.9253731343283582,0.9556640971114656,0.22321457063360423,0.060307020491108365,1.0
soybean,agriculture,TAN,28,0.9701492537313433,0.9730019493177389,0.10866459401121756,0.05536817456811208,
soybean,agriculture,AODE,28,0.9402985074626866,0.9670900178253119,0.15481738401417758,0.047382729686902866,
soybean,agriculture,Cat-NB,29,0.835820895522388,0.8910091250670961,1.0750268219477346,0.13160263010075074,0.0
soybean,agriculture,Cat-ABD-G,29,0.835820895522388,0.8910091250670961,0.74274645263765,0.11598167951580783,1.0
soybean,agriculture,Cat-ABD,29,0.8656716417910447,0.9189791689791691,0.3241095846651147,0.07182556575766275,1.0
soybean,agriculture,TAN,29,0.8955223880597015,0.9103815937149271,0.2805980085172617,0.0677529043680033,
soybean,agriculture,AODE,29,0.8805970149253731,0.9315531489444532,0.3284977354566858,0.09671629388013725,
splice-dna,genomics,Cat-NB,0,0.9529780564263323,0.9491768394207418,0.14761510487134052,0.035320903147972815,0.0
splice-dna,genomics,Cat-ABD-G,0,0.9278996865203761,0.9224983563445103,0.1871972359138788,0.03257629887107552,1.0
splice-dna,genomics,Cat-ABD,0,0.9529780564263323,0.9491768394207418,0.14761510487134052,0.035320903147972815,0.0
splice-dna,genomics,TAN,0,0.9498432601880877,0.9466409726397044,0.15451446066772342,0.03269385669689496,
splice-dna,genomics,AODE,0,0.9655172413793104,0.9620649858282847,0.11914325329396898,0.03144586350106614,
splice-dna,genomics,Cat-NB,1,0.9498432601880877,0.9459372037594816,0.1597008824215957,0.020299973958691292,0.0
splice-dna,genomics,Cat-ABD-G,1,0.9404388714733543,0.9357863220926568,0.17265568780048604,0.02103874880861688,1.0
splice-dna,genomics,Cat-ABD,1,0.9498432601880877,0.9459372037594816,0.1597008824215957,0.020299973958691292,0.0
splice-dna,genomics,TAN,1,0.9404388714733543,0.9379927467675812,0.2156376578665114,0.0275468713028197,
splice-dna,genomics,AODE,1,0.9686520376175548,0.9672524870808387,0.14267313784127644,0.019350554263875015,
splice-dna,genomics,Cat-NB,2,0.9561128526645768,0.9532233729702083,0.12265366373988255,0.015475119250115665,0.0
splice-dna,genomics,Cat-ABD-G,2,0.9435736677115988,0.9391887122866608,0.14797455170828092,0.0185669825218749,1.0
splice-dna,genomics,Cat-ABD,2,0.9561128526645768,0.9532233729702083,0.12265366373988255,0.015475119250115665,0.0
splice-dna,genomics,TAN,2,0.9592476489028213,0.9573955269572597,0.10338764731964901,0.02066381753911488,
splice-dna,genomics,AODE,2,0.9686520376175548,0.9671078529770694,0.09642977013701591,0.018446331120124657,
splice-dna,genomics,Cat-NB,3,0.9655172413793104,0.9623120508839847,0.13446028532129875,0.022448396667761446,0.0
splice-dna,genomics,Cat-ABD-G,3,0.9623824451410659,0.9576828809566234,0.16441883992770415,0.024541039198247117,1.0
splice-dna,genomics,Cat-ABD,3,0.9655172413793104,0.9623120508839847,0.13446028532129875,0.022448396667761446,0.0
splice-dna,genomics,TAN,3,0.9467084639498433,0.9366944673990569,0.18398262312427216,0.02582351273317455,
splice-dna,genomics,AODE,3,0.9717868338557993,0.9688394035399858,0.10029879009225473,0.013513467999592658,
splice-dna,genomics,Cat-NB,4,0.9561128526645768,0.9513619873952249,0.12063825163444615,0.017012007183059306,0.0
splice-dna,genomics,Cat-ABD-G,4,0.9404388714733543,0.9327460000135996,0.14220819195969536,0.04074539408377374,1.0
splice-dna,genomics,Cat-ABD,4,0.9561128526645768,0.9513619873952249,0.12063825163444615,0.017012007183059306,0.0
splice-dna,genomics,TAN,4,0.9686520376175548,0.9660036627842237,0.11804349260171988,0.02132002060966019,
splice-dna,genomics,AODE,4,0.9655172413793104,0.9619042817052198,0.09050011756238238,0.012139325523578213,
splice-dna,genomics,Cat-NB,5,0.9467084639498433,0.9388184090170846,0.209988374195494,0.03751042050970739,0.0
splice-dna,genomics,Cat-ABD-G,5,0.9373040752351097,0.9299412572616094,0.21479326696775394,0.03103586635849641,1.0
splice-dna,genomics,Cat-ABD,5,0.9467084639498433,0.9388184090170846,0.209988374195494,0.03751042050970739,0.0
splice-dna,genomics,TAN,5,0.9467084639498433,0.9408009860095738,0.19504485853580167,0.035675686101665646,
splice-dna,genomics,AODE,5,0.9529780564263323,0.946436375710061,0.1738929306785354,0.034634102628157803,
splice-dna,genomics,Cat-NB,6,0.9623824451410659,0.9585116782096877,0.11783784714509118,0.016854988327544753,0.0
splice-dna,genomics,Cat-ABD-G,6,0.9623824451410659,0.9585116782096877,0.1165458218174776,0.009715531402346645,1.0
splice-dna,genomics,Cat-ABD,6,0.9623824451410659,0.9585116782096877,0.11783784714509118,0.016854988327544753,0.0
splice-dna,genomics,TAN,6,0.9561128526645768,0.9529635703272069,0.14537594622242808,0.018983549842266658,
splice-dna,genomics,AODE,6,0.9623824451410659,0.9574598842891525,0.11391204512895912,0.022276642193037186,
splice-dna,genomics,Cat-NB,7,0.9404388714733543,0.9344472305603388,0.15806623897023167,0.032174281957343454,0.0
splice-dna,genomics,Cat-ABD-G,7,0.9373040752351097,0.9294366452251935,0.18673547608987823,0.04028565682522605,1.0
splice-dna,genomics,Cat-ABD,7,0.9404388714733543,0.9344472305603388,0.15806623897023167,0.032174281957343454,0.0
splice-dna,genomics,TAN,7,0.9529780564263323,0.949959510362195,0.1416344587044312,0.029857525599663506,
splice-dna,genomics,AODE,7,0.9561128526645768,0.9509925312581858,0.12198929332204304,0.01562761069309711,
splice-dna,genomics,Cat-NB,8,0.9654088050314465,0.9628181395091419,0.11763140440995887,0.02509520386621182,0.0
splice-dna,genomics,Cat-ABD-G,8,0.9371069182389937,0.9326922990655883,0.1569866715669727,0.025101814022135786,1.0
splice-dna,genomics,Cat-ABD,8,0.9654088050314465,0.9628181395091419,0.11763140440995887,0.02509520386621182,0.0
splice-dna,genomics,TAN,8,0.9528301886792453,0.9494107010236043,0.14384427049150464,0.017864399563619855,
splice-dna,genomics,AODE,8,0.9811320754716981,0.9810792222529724,0.09045012064283592,0.020580876802522425,
splice-dna,genomics,Cat-NB,9,0.940251572327044,0.9317004382063194,0.16099780996256882,0.03187432622787751,0.0
splice-dna,genomics,Cat-ABD-G,9,0.940251572327044,0.9333669057171362,0.18573510369559876,0.019749324161531013,1.0
splice-dna,genomics,Cat-ABD,9,0.940251572327044,0.9317004382063194,0.16099780996256882,0.03187432622787751,0.0
splice-dna,genomics,TAN,9,0.9465408805031447,0.9405881956217527,0.14240412698120494,0.023174563341569983,
splice-dna,genomics,AODE,9,0.9685534591194969,0.9643825596248043,0.09858440982206745,0.021771107644623543,
splice-dna,genomics,Cat-NB,10,0.9686520376175548,0.9650314769093411,0.11542531662319112,0.025665285994408774,0.0
splice-dna,genomics,Cat-ABD-G,10,0.9561128526645768,0.9517607437070524,0.1406165682551137,0.02934929240803879,1.0
splice-dna,genomics,Cat-ABD,10,0.9686520376175548,0.9650314769093411,0.11542531662319112,0.025665285994408774,0.0
splice-dna,genomics,TAN,10,0.9561128526645768,0.9522094142086113,0.13967551186094246,0.018143345317602737,
splice-dna,genomics,AODE,10,0.9717868338557993,0.9683347494578393,0.10634019757496771,0.02114675890722942,
splice-dna,genomics,Cat-NB,11,0.9278996865203761,0.9215903801891062,0.2018012178174883,0.03969747190758641,0.0
splice-dna,genomics,Cat-ABD-G,11,0.9278996865203761,0.9215821397029451,0.20325812197937984,0.03743687021510623,1.0
splice-dna,genomics,Cat-ABD,11,0.9278996865203761,0.9215903801891062,0.2018012178174883,0.03969747190758641,0.0
splice-dna,genomics,TAN,11,0.9341692789968652,0.9262896607504558,0.2132821692074389,0.021842186910929127,
splice-dna,genomics,AODE,11,0.9404388714733543,0.9343451731986764,0.17131715220959334,0.05031373961986143,
splice-dna,genomics,Cat-NB,12,0.9529780564263323,0.949316997620174,0.12283645267903165,0.02610369858950185,0.0
splice-dna,genomics,Cat-ABD-G,12,0.9498432601880877,0.9456554937272905,0.14833075850967048,0.01556039013228633,1.0
splice-dna,genomics,Cat-ABD,12,0.9529780564263323,0.949316997620174,0.12283645267903165,0.02610369858950185,0.0
splice-dna,genomics,TAN,12,0.9467084639498433,0.9413264893982861,0.14083346026696972,0.0255430570686613,
splice-dna,genomics,AODE,12,0.9592476489028213,0.9568007373889728,0.11030899010369376,0.018960681011549275,
splice-dna,genomics,Cat-NB,13,0.9561128526645768,0.9519388691981391,0.1745160070829995,0.027187960001024983,0.0
splice-dna,genomics,Cat-ABD-G,13,0.9373040752351097,0.933546365914787,0.20124039761497126,0.034986641171501964,1.0
splice-dna,genomics,Cat-ABD,13,0.9561128526645768,0.9519388691981391,0.1745160070829995,0.027187960001024983,0.0
splice-dna,genomics,TAN,13,0.9435736677115988,0.9393123907074502,0.14435970177974447,0.02943401429534858,
splice-dna,genomics,AODE,13,0.9780564263322884,0.9779197084754264,0.11739334495295908,0.016550400328682616,
splice-dna,genomics,Cat-NB,14,0.9435736677115988,0.9360957444140084,0.15381170303366395,0.023415923586919345,0.0
splice-dna,genomics,Cat-ABD-G,14,0.9278996865203761,0.920184267385006,0.18219052704397803,0.03691498258425854,1.0
splice-dna,genomics,Cat-ABD,14,0.9435736677115988,0.9360957444140084,0.15381170303366395,0.023415923586919345,0.0
splice-dna,genomics,TAN,14,0.9467084639498433,0.9404352628490559,0.17824300302608095,0.028857238997141772,
splice-dna,genomics,AODE,14,0.9686520376175548,0.9635337958975859,0.1031511454602789,0.010989613190901068,
splice-dna,genomics,Cat-NB,15,0.9529780564263323,0.949003963687508,0.20384135967867112,0.025179392579964717,0.0
splice-dna,genomics,Cat-ABD-G,15,0.9435736677115988,0.938832523934335,0.19720870671762708,0.03377674809359232,1.0
splice-dna,genomics,Cat-ABD,15,0.9529780564263323,0.949003963687508,0.20384135967867112,0.025179392579964717,0.0
splice-dna,genomics,TAN,15,0.9592476489028213,0.9573785813647345,0.19803361805069808,0.03757623560389789,
splice-dna,genomics,AODE,15,0.9592476489028213,0.9553381710128663,0.1873801686506802,0.03439888161797519,
splice-dna,genomics,Cat-NB,16,0.9529780564263323,0.9457812157120914,0.10129715617149218,0.018941245397307228,0.0
splice-dna,genomics,Cat-ABD-G,16,0.9310344827586207,0.9239050409435805,0.1511859528484979,0.03154226000092397,1.0
splice-dna,genomics,Cat-ABD,16,0.9529780564263323,0.9457812157120914,0.10129715617149218,0.018941245397307228,0.0
splice-dna,genomics,TAN,16,0.9498432601880877,0.9439258279976843,0.11771987183101859,0.020630078114651527,
splice-dna,genomics,AODE,16,0.9655172413793104,0.9603108810505812,0.06672777956792697,0.01827073284149182,
splice-dna,genomics,Cat-NB,17,0.9435736677115988,0.935171261487051,0.16625796623762157,0.03417418087337356,0.0
splice-dna,genomics,Cat-ABD-G,17,0.9278996865203761,0.9196417639903643,0.18985196465498855,0.026261551200392117,1.0
splice-dna,genomics,Cat-ABD,17,0.9435736677115988,0.935171261487051,0.16625796623762157,0.03417418087337356,0.0
splice-dna,genomics,TAN,17,0.9310344827586207,0.9246372996372996,0.1799654548876432,0.03621858662954103,
splice-dna,genomics,AODE,17,0.9592476489028213,0.9538392882046134,0.12224874642408118,0.02244618167301865,
splice-dna,genomics,Cat-NB,18,0.9591194968553459,0.9559925907085196,0.11009289992645405,0.013247768808393953,0.0
splice-dna,genomics,Cat-ABD-G,18,0.9433962264150944,0.9381371265284146,0.13876861696963472,0.03225050949925151,1.0
splice-dna,genomics,Cat-ABD,18,0.9591194968553459,0.9559925907085196,0.11009289992645405,0.013247768808393953,0.0
splice-dna,genomics,TAN,18,0.9685534591194969,0.9657754010695188,0.10275716274807509,0.021509035054296514,
splice-dna,genomics,AODE,18,0.9779874213836478,0.976586421708373,0.07685930274630637,0.013374697560067398,
splice-dna,genomics,Cat-NB,19,0.9654088050314465,0.9635287320096649,0.09713314415113466,0.016280306461009315,0.0
splice-dna,genomics,Cat-ABD-G,19,0.9559748427672956,0.9537725536921539,0.12708288887760272,0.017523150222795075,1.0
splice-dna,genomics,Cat-ABD,19,0.9654088050314465,0.9635287320096649,0.09713314415113466,0.016280306461009315,0.0
splice-dna,genomics,TAN,19,0.9748427672955975,0.9743943961797066,0.08790195083275656,0.019093857617665386,
splice-dna,genomics,AODE,19,0.9716981132075472,0.9688995136578685,0.08812080434557794,0.013516844680754876,
splice-dna,genomics,Cat-NB,20,0.9247648902821317,0.9217189870787181,0.17622380181496183,0.04083452828843369,0.0
splice-dna,genomics,Cat-ABD-G,20,0.9059561128526645,0.8997074164969465,0.21473793103309513,0.0348296679067304,1.0
splice-dna,genomics,Cat-ABD,20,0.9247648902821317,0.9217189870787181,0.17622380181496183,0.04083452828843369,0.0
splice-dna,genomics,TAN,20,0.9467084639498433,0.9448773448773449,0.15257055528182734,0.03181780655361526,
splice-dna,genomics,AODE,20,0.9435736677115988,0.943186763827841,0.1412509219866311,0.02636663495139776,
splice-dna,genomics,Cat-NB,21,0.9623824451410659,0.9580774239641805,0.11865732681283106,0.02076228128061324,0.0
splice-dna,genomics,Cat-ABD-G,21,0.9435736677115988,0.9371276701019268,0.141986148656918,0.026791596930664775,1.0
splice-dna,genomics,Cat-ABD,21,0.9623824451410659,0.9580774239641805,0.11865732681283106,0.02076228128061324,0.0
splice-dna,genomics,TAN,21,0.9561128526645768,0.9496518926201577,0.16310114101943557,0.026633846888096065,
splice-dna,genomics,AODE,21,0.9780564263322884,0.9754417925734792,0.09139531443211227,0.015593613389012292,
splice-dna,genomics,Cat-NB,22,0.9561128526645768,0.9526488048497033,0.1498468665566295,0.03173342658383302,0.0
splice-dna,genomics,Cat-ABD-G,22,0.9278996865203761,0.9230776208911874,0.17718049647679301,0.03351587309333348,1.0
splice-dna,genomics,Cat-ABD,22,0.9561128526645768,0.9526488048497033,0.1498468665566295,0.03173342658383302,0.0
splice-dna,genomics,TAN,22,0.9278996865203761,0.9230223763000316,0.17064620542615178,0.03626206385153445,
splice-dna,genomics,AODE,22,0.9561128526645768,0.9503990116321681,0.12278312107416779,0.029343919886360148,
splice-dna,genomics,Cat-NB,23,0.9749216300940439,0.9709704544141631,0.09564962397660044,0.015496011754301597,0.0
splice-dna,genomics,Cat-ABD-G,23,0.9561128526645768,0.950138067061144,0.14221689693402778,0.030581437755073153,1.0
splice-dna,genomics,Cat-ABD,23,0.9749216300940439,0.9709704544141631,0.09564962397660044,0.015496011754301597,0.0
splice-dna,genomics,TAN,23,0.9686520376175548,0.9660196685716574,0.08909845312861574,0.017735266977481026,
splice-dna,genomics,AODE,23,0.9811912225705329,0.9786087310146375,0.0753497496181098,0.018595032377629387,
splice-dna,genomics,Cat-NB,24,0.9404388714733543,0.935112470156275,0.18634983143499134,0.03411347898595226,0.0
splice-dna,genomics,Cat-ABD-G,24,0.9373040752351097,0.9317862473386159,0.20170019640352607,0.020880120321992886,1.0
splice-dna,genomics,Cat-ABD,24,0.9404388714733543,0.935112470156275,0.18634983143499134,0.03411347898595226,0.0
splice-dna,genomics,TAN,24,0.9655172413793104,0.9626635044393793,0.1345934684625877,0.021743959787721902,
splice-dna,genomics,AODE,24,0.9467084639498433,0.9428334084698143,0.14288526151751735,0.030587835038950698,
splice-dna,genomics,Cat-NB,25,0.9498432601880877,0.9470626803042222,0.15330449367828558,0.029048971488823322,0.0
splice-dna,genomics,Cat-ABD-G,25,0.9310344827586207,0.9277797189914879,0.17654614647281108,0.02907259548314852,1.0
splice-dna,genomics,Cat-ABD,25,0.9498432601880877,0.9470626803042222,0.15330449367828558,0.029048971488823322,0.0
splice-dna,genomics,TAN,25,0.9467084639498433,0.942561239929661,0.18287736862245071,0.031208341838978172,
splice-dna,genomics,AODE,25,0.9686520376175548,0.9672229638337275,0.12651580263961562,0.025754736184679484,
splice-dna,genomics,Cat-NB,26,0.9623824451410659,0.95835568144959,0.10308569216754909,0.011336038867859602,0.0
splice-dna,genomics,Cat-ABD-G,26,0.9623824451410659,0.95835568144959,0.10310970364785042,0.013612582947564183,1.0
splice-dna,genomics,Cat-ABD,26,0.9623824451410659,0.95835568144959,0.10308569216754909,0.011336038867859602,0.0
splice-dna,genomics,TAN,26,0.9467084639498433,0.9424203114530328,0.14089780909754474,0.023148131235890664,
splice-dna,genomics,AODE,26,0.9623824451410659,0.957109911320371,0.10020747516746749,0.02433313552272437,
splice-dna,genomics,Cat-NB,27,0.9435736677115988,0.9329348229947031,0.21646621496723434,0.030228082566858487,0.0
splice-dna,genomics,Cat-ABD-G,27,0.9310344827586207,0.9216739044611133,0.2255285811511826,0.023574885637052772,1.0
splice-dna,genomics,Cat-ABD,27,0.9435736677115988,0.9329348229947031,0.21646621496723434,0.030228082566858487,0.0
splice-dna,genomics,TAN,27,0.9373040752351097,0.930061265648058,0.19285652854317845,0.030274834119349902,
splice-dna,genomics,AODE,27,0.9467084639498433,0.9378468533992219,0.1742715504090847,0.019629494988389833,
splice-dna,genomics,Cat-NB,28,0.9591194968553459,0.9528960112596563,0.14042102970336598,0.02251118588594569,0.0
splice-dna,genomics,Cat-ABD-G,28,0.9465408805031447,0.9377205377689855,0.16947925504980021,0.019349775342901398,1.0
splice-dna,genomics,Cat-ABD,28,0.9591194968553459,0.9528960112596563,0.14042102970336598,0.02251118588594569,0.0
splice-dna,genomics,TAN,28,0.9528301886792453,0.9472996216030273,0.15332348030087922,0.01772317428018896,
splice-dna,genomics,AODE,28,0.9779874213836478,0.9738464870405847,0.09945243041061443,0.021683531590023186,
splice-dna,genomics,Cat-NB,29,0.9779874213836478,0.9764073204645672,0.12225878420640685,0.023279652094985524,0.0
splice-dna,genomics,Cat-ABD-G,29,0.9685534591194969,0.9677957247188016,0.1349410841880258,0.01920047244306924,1.0
splice-dna,genomics,Cat-ABD,29,0.9779874213836478,0.9764073204645672,0.12225878420640685,0.023279652094985524,0.0
splice-dna,genomics,TAN,29,0.9716981132075472,0.9686912488071827,0.14077037857300082,0.02590585856897134,
splice-dna,genomics,AODE,29,0.9811320754716981,0.9796255769410132,0.09556164033906393,0.01893941041676907,
titanic,social,Cat-NB,0,0.7420814479638009,0.688015454342819,0.6505256255356024,0.1489021698571772,0.0
titanic,social,Cat-ABD-G,0,0.755656108597285,0.6973524041387706,0.5552905119070338,0.11240430818376705,1.0
titanic,social,Cat-ABD,0,0.8054298642533937,0.7553358564403594,0.5206262642888084,0.09381897125331078,2.0
titanic,social,TAN,0,0.8144796380090498,0.7667155840477846,0.46564259248733225,0.05478592340677192,
titanic,social,AODE,0,0.8054298642533937,0.7578051329102633,0.46875156270933116,0.061240559736224214,
titanic,social,Cat-NB,1,0.7239819004524887,0.6773722627737226,0.6845558310122583,0.16909002652124694,0.0
titanic,social,Cat-ABD-G,1,0.7420814479638009,0.6851143607049119,0.571981856376973,0.09870998722862592,1.0
titanic,social,Cat-ABD,1,0.755656108597285,0.6973524041387706,0.5318715885375905,0.04399629209680379,2.0
titanic,social,TAN,1,0.7737556561085973,0.7169569672131147,0.5236685903180995,0.0817890042755926,
titanic,social,AODE,1,0.7828054298642534,0.7360668789808917,0.48144136987627056,0.04790071247791823,
titanic,social,Cat-NB,2,0.8009049773755657,0.768211289092296,0.48042111212159533,0.0731130135492176,0.0
titanic,social,Cat-ABD-G,2,0.8054298642533937,0.7646432374866879,0.4395950415765562,0.028478971727101447,1.0
titanic,social,Cat-ABD,2,0.8235294117647058,0.7824858044164038,0.44690874243959977,0.08755271377669588,2.0
titanic,social,TAN,2,0.8461538461538461,0.8094441063095963,0.37424261964372657,0.043860458472329444,
titanic,social,AODE,2,0.8235294117647058,0.7865368898135077,0.39745125694241057,0.0342706823121486,
titanic,social,Cat-NB,3,0.7194570135746606,0.6783568075117371,0.7323674693693774,0.1681956197945556,0.0
titanic,social,Cat-ABD-G,3,0.7375565610859729,0.6894262453963946,0.5944236248747512,0.09876474619741808,1.0
titanic,social,Cat-ABD,3,0.755656108597285,0.7057692307692307,0.5374747120784227,0.053515397259738744,2.0
titanic,social,TAN,3,0.7782805429864253,0.7267129337539432,0.5048353218155243,0.08362952672881097,
titanic,social,AODE,3,0.7737556561085973,0.7250696656050956,0.4942511248659035,0.060157080352082296,
titanic,social,Cat-NB,4,0.7013574660633484,0.6435483870967742,0.7816018814879919,0.18922614101135482,0.0
titanic,social,Cat-ABD-G,4,0.7104072398190046,0.6413065530533577,0.6410590506149496,0.11253213962219387,1.0
titanic,social,Cat-ABD,4,0.7420814479638009,0.6756777631883835,0.570146016533879,0.08907461212730143,2.0
titanic,social,TAN,4,0.7692307692307693,0.7127456227540332,0.5261734195582213,0.09361671021835266,
titanic,social,AODE,4,0.7601809954751131,0.7072115985501812,0.5267199973066571,0.06714183421117476,
titanic,social,Cat-NB,5,0.7601809954751131,0.7099091066696387,0.5796111516474239,0.12408419291596523,0.0
titanic,social,Cat-ABD-G,5,0.7692307692307693,0.7127456227540332,0.5201786791876738,0.06320731208027461,1.0
titanic,social,Cat-ABD,5,0.755656108597285,0.6943135245901639,0.4921393006843336,0.050842940120664294,2.0
titanic,social,TAN,5,0.8235294117647058,0.7708017550857599,0.46792886247368726,0.08323431577083602,
titanic,social,AODE,5,0.7963800904977375,0.7439561288329343,0.4544994248645377,0.07298362079604047,
titanic,social,Cat-NB,6,0.7782805429864253,0.7408400143592198,0.5668245147826372,0.139844343367114,0.0
titanic,social,Cat-ABD-G,6,0.7601809954751131,0.704403785488959,0.4951476534656937,0.06404029076040091,1.0
titanic,social,Cat-ABD,6,0.7782805429864253,0.7293088363954505,0.49465183302701204,0.0397229040526861,2.0
titanic,social,TAN,6,0.8371040723981901,0.7982349360925137,0.4892826747884197,0.07827041607146834,
titanic,social,AODE,6,0.8235294117647058,0.7824858044164038,0.45822740741600365,0.06190456336604823,
titanic,social,Cat-NB,7,0.7318181818181818,0.6873117968731179,0.658247975964834,0.1635349487444931,0.0
titanic,social,Cat-ABD-G,7,0.7545454545454545,0.6968150265414454,0.5576197856650122,0.10623733706825161,1.0
titanic,social,Cat-ABD,7,0.7363636363636363,0.6743568803593303,0.5409355956226836,0.06056617316848722,2.0
titanic,social,TAN,7,0.7863636363636364,0.732117412368196,0.491194430763444,0.060038341806234796,
titanic,social,AODE,7,0.7863636363636364,0.7373968253968254,0.5034539423220447,0.0646327851620171,
titanic,social,Cat-NB,8,0.7090909090909091,0.6839931771254152,0.69377355784583,0.1542085956220813,0.0
titanic,social,Cat-ABD-G,8,0.7318181818181818,0.7025596370219299,0.5799656184727138,0.11677813305209414,1.0
titanic,social,Cat-ABD,8,0.7318181818181818,0.6897631396543895,0.5277312645953782,0.06809721273211827,2.0
titanic,social,TAN,8,0.7772727272727272,0.7381906496660595,0.5019862168704945,0.0484399687472869,
titanic,social,AODE,8,0.7636363636363637,0.7255014876667627,0.4747075153762157,0.04447367164145414,
titanic,social,Cat-NB,9,0.7090909090909091,0.6647619047619047,0.6977367697723795,0.16105088738713202,0.0
titanic,social,Cat-ABD-G,9,0.740909090909091,0.6902097383828651,0.5760099077454255,0.08056331498844257,1.0
titanic,social,Cat-ABD,9,0.7681818181818182,0.715047619047619,0.5271248563154642,0.03240833817328026,2.0
titanic,social,TAN,9,0.7772727272727272,0.7312993843316135,0.4822199800529087,0.04213532673555956,
titanic,social,AODE,9,0.7727272727272727,0.7270471464019852,0.5050016011325171,0.07213230341091635,
titanic,social,Cat-NB,10,0.7873303167420814,0.7427495851598682,0.5949688677948045,0.135597739539768,0.0
titanic,social,Cat-ABD-G,10,0.7963800904977375,0.7465402553712057,0.5322094596738086,0.07845137438212726,1.0
titanic,social,Cat-ABD,10,0.7828054298642534,0.7225360954174513,0.5206232157618531,0.06166136767345028,2.0
titanic,social,TAN,10,0.7963800904977375,0.7439561288329343,0.5337805790675484,0.07545940373322671,
titanic,social,AODE,10,0.8009049773755657,0.7533982552241834,0.532939547662264,0.07061893935003548,
titanic,social,Cat-NB,11,0.7420814479638009,0.6908028767089665,0.5862430716001138,0.1409136993714033,0.0
titanic,social,Cat-ABD-G,11,0.7601809954751131,0.7125009204486881,0.508457249496807,0.08452518934762063,1.0
titanic,social,Cat-ABD,11,0.7782805429864253,0.7240105002930908,0.4834910799022102,0.05708822645631296,2.0
titanic,social,TAN,11,0.8144796380090498,0.7642636001769129,0.4475085625818221,0.0619651367118348,
titanic,social,AODE,11,0.8009049773755657,0.7580613057324841,0.4302676969006265,0.05984921722892494,
titanic,social,Cat-NB,12,0.755656108597285,0.7218959731543624,0.6466750346640588,0.13255652152393482,0.0
titanic,social,Cat-ABD-G,12,0.7601809954751131,0.7149913618998953,0.5450487686078899,0.08761694015442838,1.0
titanic,social,Cat-ABD,12,0.7918552036199095,0.7470640923566879,0.5218884403539461,0.06370903242199483,2.0
titanic,social,TAN,12,0.7737556561085973,0.7140269151138716,0.5202668171488093,0.057549826122200665,
titanic,social,AODE,12,0.7692307692307693,0.7127456227540332,0.4914916494380599,0.041901957849526765,
titanic,social,Cat-NB,13,0.7330316742081447,0.6853902762697551,0.7043786361804338,0.15890614491154764,0.0
titanic,social,Cat-ABD-G,13,0.751131221719457,0.6961629796275466,0.5773445117086848,0.10465272377965794,1.0
titanic,social,Cat-ABD,13,0.755656108597285,0.6973524041387706,0.5317826879461609,0.07114302176091224,2.0
titanic,social,TAN,13,0.8009049773755657,0.748343685300207,0.4670854539786425,0.059958482066996714,
titanic,social,AODE,13,0.7963800904977375,0.7465402553712057,0.48738050615268325,0.08352032853164586,
titanic,social,Cat-NB,14,0.7058823529411765,0.6664344595379078,0.7502590654483926,0.18665368591388054,0.0
titanic,social,Cat-ABD-G,14,0.7104072398190046,0.6654683065279092,0.6059484386901629,0.12098826640587919,1.0
titanic,social,Cat-ABD,14,0.7058823529411765,0.6562163455785569,0.5596448351214096,0.07482844105771212,2.0
titanic,social,TAN,14,0.7918552036199095,0.7515640273704789,0.47284659006588303,0.06807788799798621,
titanic,social,AODE,14,0.7737556561085973,0.7344771241830066,0.48432951987191963,0.045784178268679164,
titanic,social,Cat-NB,15,0.755656108597285,0.72573083287369,0.5975623860326881,0.13376059874635915,0.0
titanic,social,Cat-ABD-G,15,0.7601809954751131,0.724016870479018,0.5136156555067162,0.06245254428642705,1.0
titanic,social,Cat-ABD,15,0.7873303167420814,0.7472564907414166,0.4762196270766543,0.04813162576616908,2.0
titanic,social,TAN,15,0.7963800904977375,0.7536964113232781,0.47381406589895836,0.06181038053095538,
titanic,social,AODE,15,0.8054298642533937,0.7687665766357641,0.4364244202097867,0.06060003875142641,
titanic,social,Cat-NB,16,0.755656108597285,0.7198591549295774,0.5836646327877797,0.13559289606656916,0.0
titanic,social,Cat-ABD-G,16,0.7647058823529411,0.7140724522292994,0.5045037930632986,0.06815336646809433,1.0
titanic,social,Cat-ABD,16,0.7737556561085973,0.7224733775366687,0.4806781398368172,0.05693932906632525,2.0
titanic,social,TAN,16,0.7918552036199095,0.7396004098360656,0.4343295091234482,0.059297688827858075,
titanic,social,AODE,16,0.8009049773755657,0.7580613057324841,0.4270843751458166,0.041774539611105124,
titanic,social,Cat-NB,17,0.7545454545454545,0.7126547987616099,0.610597562184724,0.1345829876757785,0.0
titanic,social,Cat-ABD-G,17,0.759090909090909,0.7009566310174142,0.5304628164907988,0.10341226272646091,1.0
titanic,social,Cat-ABD,17,0.7954545454545454,0.7435166714163579,0.49283826981286555,0.04433910952717421,2.0
titanic,social,TAN,17,0.8090909090909091,0.759375,0.49456401757019547,0.06552364716976135,
titanic,social,AODE,17,0.8090909090909091,0.7686298076923077,0.44578371807676037,0.039319590785514585,
titanic,social,Cat-NB,18,0.6909090909090909,0.6320346320346321,0.7846932528800992,0.2042478599765497,0.0
titanic,social,Cat-ABD-G,18,0.6954545454545454,0.6358605696781047,0.6373080222308891,0.1427832168303019,1.0
titanic,social,Cat-ABD,18,0.7136363636363636,0.6445333538508886,0.5931177888939794,0.06260162223383077,2.0
titanic,social,TAN,18,0.7772727272727272,0.7262222222222222,0.5479271808027008,0.062378263479785034,
titanic,social,AODE,18,0.759090909090909,0.7119494058647694,0.5516288743359572,0.07369976746501605,
titanic,social,Cat-NB,19,0.7181818181818181,0.6727133122180631,0.6513347163924955,0.13456956148793725,0.0
titanic,social,Cat-ABD-G,19,0.740909090909091,0.6845362380820608,0.5559157907623704,0.0602980772308923,1.0
titanic,social,Cat-ABD,19,0.7681818181818182,0.7177429498628966,0.5120842647538092,0.06320295092680903,2.0
titanic,social,TAN,19,0.8136363636363636,0.7751688726040031,0.4309114468125731,0.06479979320352487,
titanic,social,AODE,19,0.7863636363636364,0.7422667563997108,0.4533152517267925,0.036575503745920356,
titanic,social,Cat-NB,20,0.7330316742081447,0.677068628179409,0.6441972472834673,0.17429580530314887,0.0
titanic,social,Cat-ABD-G,20,0.7420814479638009,0.6820946372239748,0.5497885511261835,0.10329154493663602,1.0
titanic,social,Cat-ABD,20,0.7601809954751131,0.7014807452149756,0.5086709251493915,0.04344086220287742,2.0
titanic,social,TAN,20,0.832579185520362,0.7915997655274358,0.4366483621409828,0.05648310743652076,
titanic,social,AODE,20,0.8371040723981901,0.7982349360925137,0.4409248718679629,0.055324613207434474,
titanic,social,Cat-NB,21,0.7330316742081447,0.6950440863484342,0.6559532121284065,0.13840786808338493,0.0
titanic,social,Cat-ABD-G,21,0.755656108597285,0.7108451250242295,0.5589689406605386,0.07164119323395293,1.0
titanic,social,Cat-ABD,21,0.7782805429864253,0.7318027589964584,0.5096485720135439,0.04393420112399005,2.0
titanic,social,TAN,21,0.7963800904977375,0.7514060742407198,0.43849262695745644,0.07574106197540022,
titanic,social,AODE,21,0.7918552036199095,0.7493589743589744,0.4447560744402566,0.0529296399868384,
titanic,social,Cat-NB,22,0.7058823529411765,0.6442281496891795,0.6628621292869106,0.15148906816039837,0.0
titanic,social,Cat-ABD-G,22,0.7285067873303167,0.6603483606557377,0.5550372768247802,0.10005939677745382,1.0
titanic,social,Cat-ABD,22,0.755656108597285,0.7030752388535032,0.5154500387710184,0.03406635604168607,2.0
titanic,social,TAN,22,0.8099547511312217,0.7690585191082803,0.4707966892889635,0.06640461885463544,
titanic,social,AODE,22,0.7873303167420814,0.7450479860582705,0.4745814152737147,0.062011991046518916,
titanic,social,Cat-NB,23,0.7601809954751131,0.7149913618998953,0.5591579351119556,0.11217346838127332,0.0
titanic,social,Cat-ABD-G,23,0.7647058823529411,0.7140724522292994,0.4911940545187544,0.07330655249756719,1.0
titanic,social,Cat-ABD,23,0.7873303167420814,0.7352753778321482,0.4934479832688515,0.058607188610609734,2.0
titanic,social,TAN,23,0.8054298642533937,0.7578051329102633,0.466381988962521,0.05692466837246954,
titanic,social,AODE,23,0.8054298642533937,0.7624546931633547,0.45666256678315675,0.03832354311656685,
titanic,social,Cat-NB,24,0.7601809954751131,0.7173844854626614,0.6409523778037739,0.14009801273270595,0.0
titanic,social,Cat-ABD-G,24,0.7828054298642534,0.7360668789808917,0.552621898759854,0.08180880994955114,1.0
titanic,social,Cat-ABD,24,0.7601809954751131,0.704403785488959,0.520114601690531,0.06338293362220482,2.0
titanic,social,TAN,24,0.7963800904977375,0.7514060742407198,0.4841021951467084,0.04859576850145193,
titanic,social,AODE,24,0.7963800904977375,0.7514060742407198,0.4947104784608525,0.06073951224008435,
titanic,social,Cat-NB,25,0.7375565610859729,0.6968306527909177,0.7198845406038451,0.16673010958690482,0.0
titanic,social,Cat-ABD-G,25,0.746606334841629,0.692078025477707,0.5911737889066909,0.12037142560039374,1.0
titanic,social,Cat-ABD,25,0.755656108597285,0.6973524041387706,0.5486490364559746,0.04347132746817696,2.0
titanic,social,TAN,25,0.7737556561085973,0.7140269151138716,0.5919019014729836,0.09947418668153052,
titanic,social,AODE,25,0.7873303167420814,0.7378675078864354,0.5162592905133501,0.07652123886543913,
titanic,social,Cat-NB,26,0.755656108597285,0.7177388836329234,0.6344862192595412,0.13698283046704765,0.0
titanic,social,Cat-ABD-G,26,0.7647058823529411,0.7191593352883676,0.544496470206872,0.06674559559818569,1.0
titanic,social,Cat-ABD,26,0.7647058823529411,0.7113723126381355,0.5179301481967996,0.06811729911382294,2.0
titanic,social,TAN,26,0.755656108597285,0.6844192934207742,0.5231507495229748,0.07336432586659944,
titanic,social,AODE,26,0.7692307692307693,0.7155583596214511,0.491851438498121,0.06806624850128999,
titanic,social,Cat-NB,27,0.7545454545454545,0.7025240384615384,0.6539849808357063,0.1600707577414172,0.0
titanic,social,Cat-ABD-G,27,0.759090909090909,0.7009566310174142,0.5557321197055185,0.098102361200019,1.0
titanic,social,Cat-ABD,27,0.7818181818181819,0.7278069904113826,0.5163330413642191,0.06705547622980525,2.0
titanic,social,TAN,27,0.7863636363636364,0.7263898811886428,0.5006300747689335,0.07031868930517113,
titanic,social,AODE,27,0.7863636363636364,0.732117412368196,0.4852804934064728,0.05331891577714835,
titanic,social,Cat-NB,28,0.6545454545454545,0.6077327327327327,0.8310638781432662,0.21942274473616033,0.0
titanic,social,Cat-ABD-G,28,0.6818181818181818,0.627515479876161,0.6646752474451784,0.13331580277110844,1.0
titanic,social,Cat-ABD,28,0.7090909090909091,0.6474358974358974,0.5881885644499693,0.07212194196022687,2.0
titanic,social,TAN,28,0.7909090909090909,0.7417313189056758,0.5173612292712425,0.05786738405840574,
titanic,social,AODE,28,0.759090909090909,0.7093646401954187,0.5236055438830445,0.05815610463406797,
titanic,social,Cat-NB,29,0.7818181818181819,0.7445820433436532,0.5223237687959605,0.08245065892962576,0.0
titanic,social,Cat-ABD-G,29,0.7954545454545454,0.7575371653890426,0.4653235398346414,0.04294726325214295,1.0
titanic,social,Cat-ABD,29,0.8045454545454546,0.7702489374620523,0.46359221732211603,0.07730086647894491,2.0
titanic,social,TAN,29,0.8454545454545455,0.8160173160173161,0.4182278593024725,0.06475000406711451,
titanic,social,AODE,29,0.8227272727272728,0.7916211293260473,0.4138655858822673,0.03066154412402047,
nursery,social,Cat-NB,0,0.9,0.6832890070921986,0.2660962559729215,0.06295480218810287,0.0
nursery,social,Cat-ABD-G,0,0.8975,0.6813541404852373,0.26720676377902264,0.06240516787067543,1.0
nursery,social,Cat-ABD,0,0.9,0.6832890070921986,0.2660962559729215,0.06295480218810287,0.0
nursery,social,TAN,0,0.9375,0.7118858779466843,0.18409984474298796,0.05326580442245302,
nursery,social,AODE,0,0.9175,0.6967675560865525,0.22137635371272368,0.07981310430831626,
nursery,social,Cat-NB,1,0.905,0.6880693789133209,0.26145931951644075,0.06770749245414001,0.0
nursery,social,Cat-ABD-G,1,0.905,0.6880693789133209,0.26263962936280594,0.06977908850950146,1.0
nursery,social,Cat-ABD,1,0.905,0.6880693789133209,0.26145931951644075,0.06770749245414001,0.0
nursery,social,TAN,1,0.94,0.7951454775458571,0.16784530030376502,0.0545646296490048,
nursery,social,AODE,1,0.9325,0.7526436914567943,0.21544492929886017,0.08035233278746834,
nursery,social,Cat-NB,2,0.915,0.6948460820895522,0.25769703109236075,0.0790228796071454,0.0
nursery,social,Cat-ABD-G,2,0.9175,0.6967818354107442,0.2594633750111721,0.08294955425783487,1.0
nursery,social,Cat-ABD,2,0.915,0.6948460820895522,0.25769703109236075,0.0790228796071454,0.0
nursery,social,TAN,2,0.935,0.7543618602449873,0.1743709777136372,0.04403514154351096,
nursery,social,AODE,2,0.94,0.7582485082485082,0.2162410818830872,0.08874003359723831,
nursery,social,Cat-NB,3,0.8875,0.6738815625045943,0.2733804151902755,0.06583746786003869,0.0
nursery,social,Cat-ABD-G,3,0.8875,0.6738815625045943,0.27474038084820507,0.06266456353617693,1.0
nursery,social,Cat-ABD,3,0.8875,0.6738815625045943,0.2733804151902755,0.06583746786003869,0.0
nursery,social,TAN,3,0.925,0.7026647966339411,0.18496642973051558,0.03402995505264056,
nursery,social,AODE,3,0.91,0.6912256022507474,0.22793551789389319,0.06090114952269661,
nursery,social,Cat-NB,4,0.8775,0.6662835836142609,0.2815305688569892,0.06586096429436607,0.0
nursery,social,Cat-ABD-G,4,0.8775,0.6662835836142609,0.2825623227607187,0.057095848483419566,1.0
nursery,social,Cat-ABD,4,0.8775,0.6662835836142609,0.2815305688569892,0.06586096429436607,0.0
nursery,social,TAN,4,0.92,0.743097643097643,0.18307714059754857,0.05349568054094756,
nursery,social,AODE,4,0.9125,0.6930814165753925,0.2330562638694774,0.0799804300896811,
nursery,social,Cat-NB,5,0.8875,0.6739306510222846,0.2838106276022957,0.07143492210937502,0.0
nursery,social,Cat-ABD-G,5,0.89,0.6758540145985401,0.28473827458823164,0.06810470238849332,1.0
nursery,social,Cat-ABD,5,0.8875,0.6739306510222846,0.2838106276022957,0.07143492210937502,0.0
nursery,social,TAN,5,0.9175,0.7779246530072703,0.19676398364430397,0.03153947318973092,
nursery,social,AODE,5,0.915,0.6950342165292156,0.23729800910198204,0.07354430862950478,
nursery,social,Cat-NB,6,0.8775,0.6662256724251039,0.28360367321286895,0.04673481454497233,0.0
nursery,social,Cat-ABD-G,6,0.8775,0.6662256724251039,0.28416124121691766,0.0452518070281304,1.0
nursery,social,Cat-ABD,6,0.8775,0.6662256724251039,0.28360367321286895,0.04673481454497233,0.0
nursery,social,TAN,6,0.9075,0.7335088732360635,0.20486565143499583,0.039807044833217314,
nursery,social,AODE,6,0.8975,0.6815037539179241,0.2388942515823286,0.06662472861891575,
nursery,social,Cat-NB,7,0.885,0.6729128042141197,0.26659529876803345,0.05249991683413325,0.0
nursery,social,Cat-ABD-G,7,0.885,0.6729128042141197,0.26768127141942694,0.048947870526352674,1.0
nursery,social,Cat-ABD,7,0.885,0.6729128042141197,0.26659529876803345,0.05249991683413325,0.0
nursery,social,TAN,7,0.9325,0.7497753108913606,0.17738736105422995,0.04630514387690803,
nursery,social,AODE,7,0.905,0.6882517749222554,0.2233816319971805,0.07102719797706372,
nursery,social,Cat-NB,8,0.9125,0.7739370767201649,0.24988996852416703,0.09172559128699377,0.0
nursery,social,Cat-ABD-G,8,0.9125,0.7739370767201649,0.25170164529526223,0.09130914184068582,1.0
nursery,social,Cat-ABD,8,0.9125,0.7739370767201649,0.24988996852416703,0.09172559128699377,0.0
nursery,social,TAN,8,0.9525,0.8047191654694729,0.16452089165913533,0.07155782672589486,
nursery,social,AODE,8,0.935,0.7912592592592593,0.2146427676960479,0.09152799890511806,
nursery,social,Cat-NB,9,0.8975,0.7256044244891828,0.2705207794546925,0.057308647239097316,0.0
nursery,social,Cat-ABD-G,9,0.8975,0.7256044244891828,0.27134025673231127,0.05938097827310831,1.0
nursery,social,Cat-ABD,9,0.8975,0.7256044244891828,0.2705207794546925,0.057308647239097316,0.0
nursery,social,TAN,9,0.9625,0.8697750583122983,0.1640388422390165,0.07238256768483732,
nursery,social,AODE,9,0.92,0.7428303378767774,0.22116599009768115,0.07074390209704574,
nursery,social,Cat-NB,10,0.9,0.727541014393604,0.2692816564864681,0.06880934049804636,0.0
nursery,social,Cat-ABD-G,10,0.9,0.727541014393604,0.27045611845425344,0.06683876701528714,1.0
nursery,social,Cat-ABD,10,0.9,0.727541014393604,0.2692816564864681,0.06880934049804636,0.0
nursery,social,TAN,10,0.9175,0.8086920881864702,0.19002594614071003,0.038083800696663755,
nursery,social,AODE,10,0.91,0.7352287818423276,0.22873878666743472,0.0676427682260787,
nursery,social,Cat-NB,11,0.8925,0.6784044504941705,0.28450459605779027,0.06373363817085656,0.0
nursery,social,Cat-ABD-G,11,0.8925,0.6784044504941705,0.28526080631697964,0.06346506105858041,1.0
nursery,social,Cat-ABD,11,0.8925,0.6784044504941705,0.28450459605779027,0.06373363817085656,0.0
nursery,social,TAN,11,0.9325,0.7892777308996166,0.20040837641451137,0.05376979779415004,
nursery,social,AODE,11,0.9125,0.6928483163422923,0.23875022979254773,0.07109166418884721,
nursery,social,Cat-NB,12,0.9,0.6835387323943662,0.24216281114478083,0.074442955975211,0.0
nursery,social,Cat-ABD-G,12,0.9,0.6835387323943662,0.24360589305041905,0.07365976255051346,1.0
nursery,social,Cat-ABD,12,0.9,0.6835387323943662,0.24216281114478083,0.074442955975211,0.0
nursery,social,TAN,12,0.93,0.7876245977552783,0.16934555115326966,0.05471915579131398,
nursery,social,AODE,12,0.9325,0.7085135551222087,0.20285178273203022,0.07762517149866738,
nursery,social,Cat-NB,13,0.9125,0.7741938652717405,0.2482212585489541,0.07486555522790692,0.0
nursery,social,Cat-ABD-G,13,0.9125,0.7741938652717405,0.24986641295708886,0.07998898927684775,1.0
nursery,social,Cat-ABD,13,0.9125,0.7741938652717405,0.2482212585489541,0.07486555522790692,0.0
nursery,social,TAN,13,0.93,0.8448878100763721,0.17352215461938955,0.03694488106838554,
nursery,social,AODE,13,0.93,0.7876458112407211,0.2063134436902449,0.07769408804061764,
nursery,social,Cat-NB,14,0.895,0.723879693928844,0.26719161343703557,0.061820684887420096,0.0
nursery,social,Cat-ABD-G,14,0.895,0.723879693928844,0.26841106854126634,0.06148067891761813,1.0
nursery,social,Cat-ABD,14,0.895,0.723879693928844,0.26719161343703557,0.061820684887420096,0.0
nursery,social,TAN,14,0.935,0.7544814902484367,0.18527483326142588,0.05114013316123707,
nursery,social,AODE,14,0.91,0.7354018676670124,0.22748325133869365,0.075359943287269,
nursery,social,Cat-NB,15,0.89,0.6758286647992531,0.28445246865000257,0.05181249958546255,0.0
nursery,social,Cat-ABD-G,15,0.89,0.6758286647992531,0.285051852809749,0.05335901644380131,1.0
nursery,social,Cat-ABD,15,0.89,0.6758286647992531,0.28445246865000257,0.05181249958546255,0.0
nursery,social,TAN,15,0.935,0.7102299253034547,0.1839619415150375,0.047571933017763024,
nursery,social,AODE,15,0.9075,0.6890912138037569,0.2317374459320086,0.06633222140483888,
nursery,social,Cat-NB,16,0.8825,0.6700451927983089,0.2861654996807459,0.06446941249291835,0.0
nursery,social,Cat-ABD-G,16,0.8825,0.6700451927983089,0.2871172392242698,0.06213474873674249,1.0
nursery,social,Cat-ABD,16,0.8825,0.6700451927983089,0.2861654996807459,0.06446941249291835,0.0
nursery,social,TAN,16,0.92,0.7431344142147985,0.1897913858770552,0.04820807406498128,
nursery,social,AODE,16,0.9125,0.7374032634032633,0.24036036632879443,0.06981453544281654,
nursery,social,Cat-NB,17,0.89,0.6767441178196327,0.28483175884029877,0.05388834070661802,0.0
nursery,social,Cat-ABD-G,17,0.89,0.6767441178196327,0.28581877145755785,0.05467375999458837,1.0
nursery,social,Cat-ABD,17,0.89,0.6767441178196327,0.28483175884029877,0.05388834070661802,0.0
nursery,social,TAN,17,0.935,0.7111037915385742,0.1790887999457947,0.05241757401578449,
nursery,social,AODE,17,0.9025,0.6863196480938416,0.23440763832498215,0.06540718021030982,
nursery,social,Cat-NB,18,0.895,0.6794433305814365,0.2621830265149498,0.06227651222818124,0.0
nursery,social,Cat-ABD-G,18,0.895,0.6794433305814365,0.263526802125011,0.0643911671331958,1.0
nursery,social,Cat-ABD,18,0.895,0.6794433305814365,0.2621830265149498,0.06227651222818124,0.0
nursery,social,TAN,18,0.92,0.8106545841485601,0.1757175787207047,0.04329121023872479,
nursery,social,AODE,18,0.93,0.7507044715119249,0.219911138640052,0.08033348502169181,
nursery,social,Cat-NB,19,0.905,0.687145390070922,0.2563929221368919,0.06930590953965943,0.0
nursery,social,Cat-ABD-G,19,0.9025,0.6852195035513357,0.25779125080483495,0.06885640101939546,1.0
nursery,social,Cat-ABD,19,0.905,0.687145390070922,0.2563929221368919,0.06930590953965943,0.0
nursery,social,TAN,19,0.955,0.7253968253968254,0.16327191422498025,0.06368685766733159,
nursery,social,AODE,19,0.9225,0.7005930892212481,0.2131316605474671,0.07675364290757904,
nursery,social,Cat-NB,20,0.8875,0.6736719958741619,0.27399901334487925,0.05688668926267497,0.0
nursery,social,Cat-ABD-G,20,0.8875,0.6736719958741619,0.27534775046862053,0.05903460688519845,1.0
nursery,social,Cat-ABD,20,0.8875,0.6736719958741619,0.27399901334487925,0.05688668926267497,0.0
nursery,social,TAN,20,0.9425,0.7158855201023875,0.17994022703490184,0.06152742693809947,
nursery,social,AODE,20,0.92,0.6986255003531905,0.22882924429255153,0.07148030004960157,
nursery,social,Cat-NB,21,0.91,0.6909976387249115,0.2560290511529091,0.07631791563414003,0.0
nursery,social,Cat-ABD-G,21,0.9175,0.6967816482331921,0.25751257144405176,0.08566830278687142,1.0
nursery,social,Cat-ABD,21,0.91,0.6909976387249115,0.2560290511529091,0.07631791563414003,0.0
nursery,social,TAN,21,0.935,0.71005291005291,0.1736667726550889,0.05005558185106882,
nursery,social,AODE,21,0.9325,0.7083167396787469,0.2177137733847311,0.090715847395194,
nursery,social,Cat-NB,22,0.9,0.6833362475957335,0.2748135552831322,0.06676682520665626,0.0
nursery,social,Cat-ABD-G,22,0.9,0.6833362475957335,0.2754857632556865,0.06890767262090808,1.0
nursery,social,Cat-ABD,22,0.9,0.6833362475957335,0.2748135552831322,0.06676682520665626,0.0
nursery,social,TAN,22,0.9275,0.7044208761571543,0.18468929979865664,0.05372733397843498,
nursery,social,AODE,22,0.925,0.7024836753731343,0.229072668944983,0.08257250357844766,
nursery,social,Cat-NB,23,0.905,0.6882763177213331,0.25218359579911803,0.0672264809374232,0.0
nursery,social,Cat-ABD-G,23,0.905,0.6882763177213331,0.2540038025063838,0.0692356404544581,1.0
nursery,social,Cat-ABD,23,0.905,0.6882763177213331,0.25218359579911803,0.0672264809374232,0.0
nursery,social,TAN,23,0.9575,0.7718867798867799,0.16648855797192397,0.06968746617745819,
nursery,social,AODE,23,0.9325,0.708386272362176,0.21248332940119433,0.088394721037856,
nursery,social,Cat-NB,24,0.8975,0.6815777184303081,0.2642041410129744,0.0611273637382975,0.0
nursery,social,Cat-ABD-G,24,0.9,0.6835036496350365,0.2653682306451447,0.06659175289416946,1.0
nursery,social,Cat-ABD,24,0.8975,0.6815777184303081,0.2642041410129744,0.0611273637382975,0.0
nursery,social,TAN,24,0.9125,0.6930086198095182,0.18018361349140938,0.041231024220787005,
nursery,social,AODE,24,0.915,0.6950093501636279,0.21741447241352085,0.07453252793532594,
nursery,social,Cat-NB,25,0.8925,0.6776366604001807,0.27813927593115084,0.05735894407048554,0.0
nursery,social,Cat-ABD-G,25,0.8925,0.6776366604001807,0.2792397924992888,0.059212690216563245,1.0
nursery,social,Cat-ABD,25,0.8925,0.6776366604001807,0.27813927593115084,0.05735894407048554,0.0
nursery,social,TAN,25,0.9375,0.7932584269662922,0.1734587970803326,0.048469571472557454,
nursery,social,AODE,25,0.9175,0.6967818354107442,0.2306531796949608,0.0670707570539951,
nursery,social,Cat-NB,26,0.87,0.7048365992170407,0.28783688393720935,0.049876038110682155,0.0
nursery,social,Cat-ABD-G,26,0.87,0.7048365992170407,0.2880989887219454,0.04939932744321686,1.0
nursery,social,Cat-ABD,26,0.87,0.7048365992170407,0.28783688393720935,0.049876038110682155,0.0
nursery,social,TAN,26,0.9325,0.7895012814669979,0.167357823607329,0.058387176357939365,
nursery,social,AODE,26,0.9075,0.7703447429763219,0.22939332158941284,0.07456999401744825,
nursery,social,Cat-NB,27,0.875,0.7056737588652482,0.27844942957310675,0.07051405937180771,0.0
nursery,social,Cat-ABD-G,27,0.875,0.7056737588652482,0.2789877387538365,0.07601197633581928,1.0
nursery,social,Cat-ABD,27,0.875,0.7056737588652482,0.27844942957310675,0.07051405937180771,0.0
nursery,social,TAN,27,0.9025,0.7608786639353744,0.21084109972569207,0.04022239748693378,
nursery,social,AODE,27,0.9025,0.7268762739752941,0.2333372684075695,0.06716708769482417,
nursery,social,Cat-NB,28,0.91,0.6910017730496454,0.2666782969423008,0.0786673600213148,0.0
nursery,social,Cat-ABD-G,28,0.9125,0.692930644469743,0.2681783469115495,0.08304716924845705,1.0
nursery,social,Cat-ABD,28,0.91,0.6910017730496454,0.2666782969423008,0.0786673600213148,0.0
nursery,social,TAN,28,0.935,0.7101029411764705,0.17919143139774094,0.05347012135823814,
nursery,social,AODE,28,0.93,0.7063775209340724,0.22725442165722767,0.08384258386659171,
nursery,social,Cat-NB,29,0.9,0.6832910720603844,0.25808911349412705,0.06370045290944115,0.0
nursery,social,Cat-ABD-G,29,0.9025,0.6852183724943581,0.2596185014848057,0.07316899341102642,1.0
nursery,social,Cat-ABD,29,0.9,0.6832910720603844,0.25808911349412705,0.06370045290944115,0.0
nursery,social,TAN,29,0.94,0.7950289108598267,0.18640796196781614,0.054630032002543,
nursery,social,AODE,29,0.9175,0.7410412168476684,0.21866540108563712,0.07309188835160435,
spambase,text,Cat-NB,0,0.88,0.8726655348047538,0.7424181459711967,0.1121323447577243,0.0
spambase,text,Cat-ABD-G,0,0.8925,0.8857833469463646,0.3562675899622998,0.08111739643931168,1.0
spambase,text,Cat-ABD,0,0.895,0.8882949014601451,0.24128213244473756,0.0202414235758697,4.0
spambase,text,TAN,0,0.915,0.9112711709595762,0.35534738854065423,0.05489201320141695,
spambase,text,AODE,0,0.9025,0.8983309328136915,0.33091931481411835,0.06632068566519178,
spambase,text,Cat-NB,1,0.895,0.888862427562118,0.7130892822257493,0.09414424693518188,0.0
spambase,text,Cat-ABD-G,1,0.9,0.8938879456706281,0.35328566713312354,0.06895070654566329,1.0
spambase,text,Cat-ABD,1,0.895,0.8876975320195727,0.24852851452028354,0.023102495572522714,4.0
spambase,text,TAN,1,0.9075,0.9031255113729341,0.33279821269195653,0.06408520470137853,
spambase,text,AODE,1,0.9175,0.9135984290623467,0.32853601716849384,0.06297531586724427,
spambase,text,Cat-NB,2,0.9225,0.918269959596359,0.3946643070495747,0.05807883975958628,0.0
spambase,text,Cat-ABD-G,2,0.9425,0.9390627587348899,0.21135732581120845,0.033000946041728305,1.0
spambase,text,Cat-ABD,2,0.9275,0.9225629009539449,0.19337144170145265,0.03512617774509486,4.0
spambase,text,TAN,2,0.96,0.9579655317360235,0.219302617152836,0.03964875247076724,
spambase,text,AODE,2,0.965,0.9631336405529953,0.12619775527883206,0.02243182772849715,
spambase,text,Cat-NB,3,0.9075,0.902906889018638,0.4627337533565968,0.07171675223857048,0.0
spambase,text,Cat-ABD-G,3,0.9125,0.9074997852673586,0.25289531079077116,0.05950884890056819,1.0
spambase,text,Cat-ABD,3,0.9,0.8933333333333333,0.2128399851196199,0.034673297606863926,4.0
spambase,text,TAN,3,0.94,0.9372319280259442,0.29473460509632243,0.04655251474172352,
spambase,text,AODE,3,0.94,0.9375,0.28293320866169597,0.04108018708843549,
spambase,text,Cat-NB,4,0.8925,0.8851794738282632,0.5478727785261629,0.09239561335373608,0.0
spambase,text,Cat-ABD-G,4,0.8975,0.8902209637796119,0.30531631997613506,0.05811356833878901,1.0
spambase,text,Cat-ABD,4,0.9025,0.8946792781479757,0.24315964735579038,0.008916518845926874,4.0
spambase,text,TAN,4,0.9175,0.9123453592844194,0.30843159859641417,0.058179328290941856,
spambase,text,AODE,4,0.9375,0.9343965466342148,0.23261028720354093,0.04187626282096018,
spambase,text,Cat-NB,5,0.9025,0.8976586127493751,0.6243961544220145,0.0864944548705513,0.0
spambase,text,Cat-ABD-G,5,0.9075,0.902906889018638,0.30896465354495634,0.054656340419990485,1.0
spambase,text,Cat-ABD,5,0.905,0.8991935483870968,0.22414491125500077,0.014208340808168584,4.0
spambase,text,TAN,5,0.9375,0.9345442644411717,0.28331751231117913,0.044791444529557425,
spambase,text,AODE,5,0.94,0.9375,0.24792264638244427,0.038938816396217074,
spambase,text,Cat-NB,6,0.8925,0.8835311723400077,0.6591761735050795,0.09310544205788165,0.0
spambase,text,Cat-ABD-G,6,0.9,0.8918187964841109,0.35033516206092813,0.06529551149665758,1.0
spambase,text,Cat-ABD,6,0.9075,0.8994776915187698,0.2509182449518666,0.032889561269993206,4.0
spambase,text,TAN,6,0.9275,0.9233569649358114,0.3482572368041748,0.0527039555371297,
spambase,text,AODE,6,0.9375,0.9337638681900977,0.31486704583437825,0.04411755970868568,
spambase,text,Cat-NB,7,0.9175,0.912568306010929,0.4386973254810191,0.062384969405607754,0.0
spambase,text,Cat-ABD-G,7,0.9275,0.922769126292452,0.2258853531673354,0.04222341169887579,1.0
spambase,text,Cat-ABD,7,0.9175,0.9111416281277137,0.20095315928172383,0.03480168120817679,4.0
spambase,text,TAN,7,0.925,0.9217098567290378,0.24726757745205716,0.05524083051635023,
spambase,text,AODE,7,0.9425,0.9395051256254973,0.23058879291210016,0.04019226026399547,
spambase,text,Cat-NB,8,0.8925,0.884544386642054,0.6081582751055182,0.0922290898211997,0.0
spambase,text,Cat-ABD-G,8,0.9,0.892136770574911,0.2786863848559998,0.0663289350721019,1.0
spambase,text,Cat-ABD,8,0.9,0.8918187964841109,0.2074186592998313,0.04481346790851973,4.0
spambase,text,TAN,8,0.93,0.9255299343067634,0.23901187435046065,0.04412261195771289,
spambase,text,AODE,8,0.9425,0.9393615829263309,0.1842463143382861,0.03489729935680949,
spambase,text,Cat-NB,9,0.89,0.8841342988808427,0.6031470189882381,0.0949278549360176,0.0
spambase,text,Cat-ABD-G,9,0.9075,0.9022140587112077,0.2908562177865297,0.050377439826153156,1.0
spambase,text,Cat-ABD,9,0.915,0.9088374088374088,0.21615112033926137,0.02204508429578774,4.0
spambase,text,TAN,9,0.94,0.936648717136522,0.2629924339962006,0.03910573529832339,
spambase,text,AODE,9,0.94,0.9369482976040353,0.24490894256768747,0.04041223844756117,
spambase,text,Cat-NB,10,0.9125,0.9065414321857956,0.4828599545172104,0.08207332325395916,0.0
spambase,text,Cat-ABD-G,10,0.915,0.9090884783015589,0.24022566556700808,0.04718345137516247,1.0
spambase,text,Cat-ABD,10,0.915,0.9085800328036353,0.20028159528304315,0.02894279586382383,4.0
spambase,text,TAN,10,0.94,0.936648717136522,0.20960674625905107,0.03705666717982117,
spambase,text,AODE,10,0.9575,0.9552863972014545,0.1756646523579935,0.028373355014899578,
spambase,text,Cat-NB,11,0.885,0.8779711375212225,0.7576888736924545,0.10090580581219108,0.0
spambase,text,Cat-ABD-G,11,0.8975,0.8913727438317602,0.38303553673240287,0.08351704679964123,1.0
spambase,text,Cat-ABD,11,0.895,0.8882949014601451,0.2554954077520059,0.03222357978743616,4.0
spambase,text,TAN,11,0.905,0.8989334822734647,0.449715482828728,0.07355714313735727,
spambase,text,AODE,11,0.9225,0.9186517178264264,0.34578659257124783,0.051515080107894524,
spambase,text,Cat-NB,12,0.92,0.9159310634720471,0.48707536807055035,0.06678091619597629,0.0
spambase,text,Cat-ABD-G,12,0.93,0.9262672811059908,0.2454390428644567,0.04150515123965856,1.0
spambase,text,Cat-ABD,12,0.935,0.9310271646859083,0.19582406871790428,0.04147926107943894,4.0
spambase,text,TAN,12,0.94,0.9375,0.2743137196818818,0.045902473669170156,
spambase,text,AODE,12,0.94,0.9375,0.21269717272534427,0.04258828641648295,
spambase,text,Cat-NB,13,0.9075,0.9022140587112077,0.5046731888099668,0.08204922493137824,0.0
spambase,text,Cat-ABD-G,13,0.925,0.9202106439001038,0.2617264364836157,0.05565086930295428,1.0
spambase,text,Cat-ABD,13,0.92,0.9141999141999142,0.21190663155498812,0.03087409187862651,4.0
spambase,text,TAN,13,0.95,0.9473337722185649,0.29475427355079,0.03442005316592353,
spambase,text,AODE,13,0.9525,0.9497855977165661,0.22235099891263213,0.03361871971512696,
spambase,text,Cat-NB,14,0.9225,0.9186517178264264,0.38295704430573096,0.06301005623651496,0.0
spambase,text,Cat-ABD-G,14,0.9375,0.9340886770938379,0.19840990113342363,0.03460833061796639,1.0
spambase,text,Cat-ABD,14,0.93,0.9253333333333333,0.17597133398101927,0.030587392814010295,4.0
spambase,text,TAN,14,0.9325,0.9294629386523503,0.2156920174692251,0.04228268845936348,
spambase,text,AODE,14,0.9625,0.9607265586647029,0.14936531809589082,0.02785739397465003,
spambase,text,Cat-NB,15,0.8775,0.8684343010572244,0.5497295242785879,0.09986535559681159,0.0
spambase,text,Cat-ABD-G,15,0.8875,0.8788294929014278,0.2824478398377495,0.06468442730586335,1.0
spambase,text,Cat-ABD,15,0.8825,0.87344413703038,0.23389482940226944,0.03709370447912587,4.0
spambase,text,TAN,15,0.9375,0.9340886770938379,0.25874325362982475,0.04594990922204392,
spambase,text,AODE,15,0.93,0.9264396805380413,0.24116619369711415,0.04765905612686652,
spambase,text,Cat-NB,16,0.885,0.8776563206468257,0.6386613054952649,0.10246490916813315,0.0
spambase,text,Cat-ABD-G,16,0.8975,0.8905199634176463,0.3335331205937029,0.07009774799765972,1.0
spambase,text,Cat-ABD,16,0.9,0.8927498927498927,0.24549254550661379,0.024110122878625108,4.0
spambase,text,TAN,16,0.9175,0.9127855118235095,0.3663109886367454,0.0569779874748009,
spambase,text,AODE,16,0.9225,0.9184634301908876,0.2977755040103138,0.06340788487146662,
spambase,text,Cat-NB,17,0.8975,0.8921613108976256,0.5436365411199756,0.08775665569602734,0.0
spambase,text,Cat-ABD-G,17,0.91,0.904973075704783,0.2750677716711784,0.062329771479831625,1.0
spambase,text,Cat-ABD,17,0.9075,0.9017205543491975,0.21906536558464967,0.026950030912533826,4.0
spambase,text,TAN,17,0.94,0.9373678853832302,0.19307129673194212,0.03953914140929472,
spambase,text,AODE,17,0.93,0.9270833333333333,0.242027779861437,0.047686594361667924,
spambase,text,Cat-NB,18,0.885,0.8794264894760295,0.6789934846149615,0.09052969550481492,0.0
spambase,text,Cat-ABD-G,18,0.895,0.888862427562118,0.3509042252236989,0.07175732195690765,1.0
spambase,text,Cat-ABD,18,0.895,0.8876975320195727,0.24521995863666946,0.03907630866201543,4.0
spambase,text,TAN,18,0.9075,0.903544731130938,0.3689806339578119,0.06333137069542451,
spambase,text,AODE,18,0.92,0.916490513844307,0.3639083351899567,0.05643543000708795,
spambase,text,Cat-NB,19,0.89,0.8813504476324021,0.7669212936000747,0.10095484871351618,0.0
spambase,text,Cat-ABD-G,19,0.8925,0.8831767766299217,0.35949563662854156,0.06485713403982228,1.0
spambase,text,Cat-ABD,19,0.8775,0.8642424242424243,0.2534463876050124,0.03044307085852423,4.0
spambase,text,TAN,19,0.925,0.9202106439001038,0.2903369370000069,0.05925217988537076,
spambase,text,AODE,19,0.935,0.9310271646859083,0.2473847234306125,0.03946460416322356,
spambase,text,Cat-NB,20,0.89,0.8826666666666667,0.7230731713196907,0.09439188200791107,0.0
spambase,text,Cat-ABD-G,20,0.8875,0.8795108139044521,0.37762639371624396,0.07023367391676752,1.0
spambase,text,Cat-ABD,20,0.9,0.8927498927498927,0.26768306276103976,0.04282334035997201,4.0
spambase,text,TAN,20,0.9025,0.8964081518815865,0.4011851740351078,0.0679665265596067,
spambase,text,AODE,20,0.9275,0.9231660871005133,0.32477006736484243,0.058153643650818126,
spambase,text,Cat-NB,21,0.89,0.883855981416957,0.6596580786737585,0.08998728815788176,0.0
spambase,text,Cat-ABD-G,21,0.915,0.9102523492767396,0.33177800772858945,0.06340133885515642,1.0
spambase,text,Cat-ABD,21,0.91,0.904,0.23146996861320537,0.0261245929623704,4.0
spambase,text,TAN,21,0.9225,0.9186517178264264,0.3269927221743135,0.05668840733552624,
spambase,text,AODE,21,0.93,0.9266074283767136,0.2612629839837441,0.05377383472630298,
spambase,text,Cat-NB,22,0.8975,0.8924103364801124,0.5040775464405496,0.08654120772090614,0.0
spambase,text,Cat-ABD-G,22,0.92,0.9159310634720471,0.2537966028980239,0.05820129053593187,1.0
spambase,text,Cat-ABD,22,0.9175,0.912568306010929,0.20210666471960173,0.032694426159959794,4.0
spambase,text,TAN,22,0.9325,0.9291482703649521,0.33843909780937126,0.055212965244423956,
spambase,text,AODE,22,0.935,0.9318497549212341,0.2859511467912053,0.04987838774961115,
spambase,text,Cat-NB,23,0.905,0.8994469582704877,0.44255064944305367,0.07473628479856463,0.0
spambase,text,Cat-ABD-G,23,0.9225,0.9174428591402073,0.23154027064200045,0.04708499690470271,1.0
spambase,text,Cat-ABD,23,0.9125,0.9060245007551603,0.19472996024515193,0.031983947102357004,4.0
spambase,text,TAN,23,0.945,0.9420671494404214,0.18782206975059296,0.033865379157045114,
spambase,text,AODE,23,0.945,0.942587228267961,0.15574713418066669,0.031057778615851003,
spambase,text,Cat-NB,24,0.895,0.8896595208070618,0.5826880601570492,0.08313146778808758,0.0
spambase,text,Cat-ABD-G,24,0.905,0.8996938021328265,0.2807449006539621,0.05623098053808159,1.0
spambase,text,Cat-ABD,24,0.915,0.9095720630867843,0.21289669154700697,0.02999831068569132,4.0
spambase,text,TAN,24,0.9325,0.9297602091584882,0.27442026484564375,0.044999076370197635,
spambase,text,AODE,24,0.945,0.9427083333333334,0.2426330263045469,0.04354801637179581,
spambase,text,Cat-NB,25,0.9,0.893614191866805,0.564923959229993,0.09201143144670149,0.0
spambase,text,Cat-ABD-G,25,0.9025,0.8958604530070294,0.27608791424445767,0.05868539666504683,1.0
spambase,text,Cat-ABD,25,0.9,0.8927498927498927,0.21050245549965815,0.028029207972942043,4.0
spambase,text,TAN,25,0.935,0.9316939890710383,0.2704237339085918,0.050364776817334846,
spambase,text,AODE,25,0.935,0.9316939890710383,0.24065184858631028,0.044894100457715566,
spambase,text,Cat-NB,26,0.9075,0.9003709163856184,0.5636212093605579,0.07309078405760602,0.0
spambase,text,Cat-ABD-G,26,0.92,0.9137094164599289,0.286574394770198,0.0603827855336221,1.0
spambase,text,Cat-ABD,26,0.9025,0.8937148696985182,0.2227742399998644,0.033584571317851544,4.0
spambase,text,TAN,26,0.9225,0.9176577617520303,0.26589600122428003,0.045136017456674296,
spambase,text,AODE,26,0.94,0.9364928157497816,0.23176050257836267,0.032907271939793745,
spambase,text,Cat-NB,27,0.905,0.8983930051605657,0.5921664058824874,0.08165077977990974,0.0
spambase,text,Cat-ABD-G,27,0.8975,0.8896002046435232,0.32177096926886584,0.06539604547196465,1.0
spambase,text,Cat-ABD,27,0.895,0.8860677083333333,0.2487369330044,0.03058494666662726,4.0
spambase,text,TAN,27,0.925,0.9210006583278473,0.3328815583738472,0.04240503402451472,
spambase,text,AODE,27,0.9425,0.9396448229034777,0.2710310510964375,0.03305555078076867,
spambase,text,Cat-NB,28,0.91,0.9052007899934167,0.48816433787095215,0.07427643053309085,0.0
spambase,text,Cat-ABD-G,28,0.925,0.9206160196872271,0.24274111372261076,0.045611090517443144,1.0
spambase,text,Cat-ABD,28,0.915,0.9090884783015589,0.20586195422075107,0.02586795376601274,4.0
spambase,text,TAN,28,0.9425,0.9396448229034777,0.20048276433645537,0.03257691048052574,
spambase,text,AODE,28,0.9425,0.9399128736668169,0.210118038519254,0.040455078215652376,
spambase,text,Cat-NB,29,0.8825,0.8754760721973838,0.6501788054284832,0.10225355522835428,0.0
spambase,text,Cat-ABD-G,29,0.895,0.8885823429541595,0.3209808814761901,0.06879647710653511,1.0
spambase,text,Cat-ABD,29,0.8925,0.884865888842032,0.2397959870377842,0.02298327316086658,4.0
spambase,text,TAN,29,0.93,0.9266074283767136,0.28318508118276847,0.050602637191312846,
spambase,text,AODE,29,0.925,0.9213651018321931,0.25215316919737824,0.04646703827502681,
credit-ger,finance,Cat-NB,0,0.71,0.6442154336891179,0.5676851245534599,0.08939177703296124,0.0
credit-ger,finance,Cat-ABD-G,0,0.71,0.6442154336891179,0.5573044175523014,0.08993508187120716,1.0
credit-ger,finance,Cat-ABD,0,0.74,0.6775793650793651,0.544968604241154,0.07778207000617164,4.0
credit-ger,finance,TAN,0,0.73,0.6446900908014213,0.6144095818421298,0.12307354971789924,
credit-ger,finance,AODE,0,0.69,0.6021049929405724,0.5551107780209311,0.13373552839420247,
credit-ger,finance,Cat-NB,1,0.79,0.7161778618732261,0.4377247637798025,0.12369607162569347,0.0
credit-ger,finance,Cat-ABD-G,1,0.77,0.6891471820516286,0.4356905233391584,0.09662841082928587,1.0
credit-ger,finance,Cat-ABD,1,0.76,0.6710526315789473,0.44149028567181064,0.059891619874329394,4.0
credit-ger,finance,TAN,1,0.73,0.6350858224084336,0.6146677850559734,0.12084665585279245,
credit-ger,finance,AODE,1,0.75,0.662116502230031,0.46514233160907037,0.09042320370006551,
credit-ger,finance,Cat-NB,2,0.71,0.6514004087029691,0.5478906814193428,0.11879321771409423,0.0
credit-ger,finance,Cat-ABD-G,2,0.74,0.6775793650793651,0.5313945959219081,0.11938746063522332,1.0
credit-ger,finance,Cat-ABD,2,0.75,0.6865203761755485,0.5117852960816295,0.10545250618028804,4.0
credit-ger,finance,TAN,2,0.69,0.6196785670469881,0.6013117218141733,0.14069087456431909,
credit-ger,finance,AODE,2,0.72,0.6361746361746362,0.5244422390743643,0.0943635703888277,
credit-ger,finance,Cat-NB,3,0.74,0.6843127731908694,0.6172036406993143,0.12130890374827172,0.0
credit-ger,finance,Cat-ABD-G,3,0.74,0.6775793650793651,0.6021464444257721,0.13403773805511393,1.0
credit-ger,finance,Cat-ABD,3,0.73,0.6534462841740469,0.5823522151759428,0.12136298571310608,4.0
credit-ger,finance,TAN,3,0.7,0.6428571428571428,0.5371117150499038,0.10140873881817876,
credit-ger,finance,AODE,3,0.73,0.6687523003312477,0.5634569577838325,0.11314424031359724,
credit-ger,finance,Cat-NB,4,0.67,0.6108031607500884,0.5784008796587857,0.15633459528737026,0.0
credit-ger,finance,Cat-ABD-G,4,0.67,0.6108031607500884,0.5558458675267164,0.13116968888504899,1.0
credit-ger,finance,Cat-ABD,4,0.7,0.6279761904761905,0.5157132407012577,0.10358347685311706,4.0
credit-ger,finance,TAN,4,0.68,0.6259934548854604,0.6265753853930669,0.15738685723337315,
credit-ger,finance,AODE,4,0.7,0.6279761904761905,0.5720161309863325,0.11185774687607311,
credit-ger,finance,Cat-NB,5,0.84,0.7866666666666666,0.38111763258826414,0.08872082439134028,0.0
credit-ger,finance,Cat-ABD-G,5,0.83,0.7762863534675615,0.3854426994255789,0.07971633405191811,1.0
credit-ger,finance,Cat-ABD,5,0.83,0.7702392215164211,0.4026941546912786,0.06826271456540706,4.0
credit-ger,finance,TAN,5,0.83,0.7635933806146572,0.4211034945940112,0.06049850702539695,
credit-ger,finance,AODE,5,0.85,0.8026056060007896,0.3648695340146031,0.06655476187762785,
credit-ger,finance,Cat-NB,6,0.67,0.5951417004048583,0.6201854989122954,0.16311458165679638,0.0
credit-ger,finance,Cat-ABD-G,6,0.68,0.6031746031746031,0.5897665675077582,0.13898993098374107,1.0
credit-ger,finance,Cat-ABD,6,0.69,0.6112852664576802,0.5502698536805949,0.11424111963412154,4.0
credit-ger,finance,TAN,6,0.66,0.5582120582120582,0.6803184809607504,0.15883879247258006,
credit-ger,finance,AODE,6,0.69,0.6021049929405724,0.5947330578716353,0.14139741480538148,
credit-ger,finance,Cat-NB,7,0.79,0.7475658131987017,0.44754534403565827,0.08376649530949791,0.0
credit-ger,finance,Cat-ABD-G,7,0.79,0.7423629002576371,0.44074756600576565,0.05259087822273695,1.0
credit-ger,finance,Cat-ABD,7,0.8,0.7463216641298833,0.4383903794623824,0.10768883041582175,4.0
credit-ger,finance,TAN,7,0.77,0.7235244620747686,0.4559054354363497,0.09646871240058663,
credit-ger,finance,AODE,7,0.79,0.7475658131987017,0.45517415909176845,0.07195451440562096,
credit-ger,finance,Cat-NB,8,0.79,0.7475658131987017,0.5442501679403727,0.11097180646577964,0.0
credit-ger,finance,Cat-ABD-G,8,0.79,0.7475658131987017,0.5312751902189441,0.09585441093145841,1.0
credit-ger,finance,Cat-ABD,8,0.78,0.7380952380952381,0.5216835073954208,0.0912005846686117,4.0
credit-ger,finance,TAN,8,0.79,0.7475658131987017,0.5399140713494461,0.10360540923502264,
credit-ger,finance,AODE,8,0.73,0.6754417598269022,0.5373364631507188,0.11943945868081023,
credit-ger,finance,Cat-NB,9,0.79,0.7523292841136926,0.515699733855765,0.07816948747472283,0.0
credit-ger,finance,Cat-ABD-G,9,0.79,0.7523292841136926,0.5054712700334008,0.08824231757012402,1.0
credit-ger,finance,Cat-ABD,9,0.81,0.7668997668997668,0.4945044842122411,0.09309522716641548,4.0
credit-ger,finance,TAN,9,0.76,0.7023809523809523,0.6103258053914841,0.16051873848319015,
credit-ger,finance,AODE,9,0.78,0.7209538305428715,0.568656932132127,0.10645323121790835,
credit-ger,finance,Cat-NB,10,0.8,0.7333333333333334,0.4686879545520646,0.048946705499692864,0.0
credit-ger,finance,Cat-ABD-G,10,0.8,0.7333333333333334,0.45646836004625013,0.07823286428941255,1.0
credit-ger,finance,Cat-ABD,10,0.81,0.7499671009343334,0.44751106739856283,0.08564693772764792,4.0
credit-ger,finance,TAN,10,0.76,0.6710526315789473,0.5054938676707846,0.0924705080483383,
credit-ger,finance,AODE,10,0.79,0.707968293700459,0.46226299704926754,0.07730660697350611,
credit-ger,finance,Cat-NB,11,0.81,0.756128866640996,0.4553331906445613,0.07381948343357643,0.0
credit-ger,finance,Cat-ABD-G,11,0.82,0.7661122661122661,0.44502840997646337,0.11035577453707311,1.0
credit-ger,finance,Cat-ABD,11,0.81,0.7499671009343334,0.4393685614310221,0.08499004485490937,4.0
credit-ger,finance,TAN,11,0.79,0.7423629002576371,0.4961102588414052,0.07116820943977825,
credit-ger,finance,AODE,11,0.8,0.7333333333333334,0.44214982432111816,0.08284375432217374,
credit-ger,finance,Cat-NB,12,0.68,0.6114618746964546,0.6137035988816225,0.12207495776816842,0.0
credit-ger,finance,Cat-ABD-G,12,0.67,0.5862068965517242,0.5881200990580776,0.12088720134295172,1.0
credit-ger,finance,Cat-ABD,12,0.67,0.5764343473238351,0.5543115233462587,0.14723966561836221,4.0
credit-ger,finance,TAN,12,0.72,0.6666666666666667,0.6578799996193126,0.1407983632796012,
credit-ger,finance,AODE,12,0.7,0.6194824961948249,0.5977440793454757,0.13071201511238376,
credit-ger,finance,Cat-NB,13,0.79,0.7566909975669099,0.48410612393676844,0.0754699265447635,0.0
credit-ger,finance,Cat-ABD-G,13,0.79,0.7566909975669099,0.47452375337545244,0.09765455840230697,1.0
credit-ger,finance,Cat-ABD,13,0.8,0.7662459093034129,0.4701214590025449,0.0726375577709618,2.0
credit-ger,finance,TAN,13,0.78,0.7472426470588236,0.4830517018752698,0.07542368494686391,
credit-ger,finance,AODE,13,0.78,0.7472426470588236,0.45270769908804503,0.053532740372097876,
credit-ger,finance,Cat-NB,14,0.76,0.6881496881496881,0.5144400102718314,0.12476675888159797,0.0
credit-ger,finance,Cat-ABD-G,14,0.77,0.6973285958678774,0.5089707174299446,0.12457345714414876,1.0
credit-ger,finance,Cat-ABD,14,0.75,0.6523432067862607,0.5085635983058354,0.10007224636416658,4.0
credit-ger,finance,TAN,14,0.72,0.6448503297818367,0.6266040265635515,0.15347530045228114,
credit-ger,finance,AODE,14,0.71,0.6183708382681932,0.5215631001764884,0.10121795688857159,
credit-ger,finance,Cat-NB,15,0.77,0.6801557502433597,0.397411778214479,0.09943822968731432,0.0
credit-ger,finance,Cat-ABD-G,15,0.78,0.6984649122807017,0.4003594148300638,0.09537856130871862,1.0
credit-ger,finance,Cat-ABD,15,0.77,0.6801557502433597,0.40820436197568616,0.10814919828354275,2.0
credit-ger,finance,TAN,15,0.8,0.7086247086247086,0.5170640649218966,0.11223112976358429,
credit-ger,finance,AODE,15,0.78,0.6894409937888198,0.4289727325557445,0.07044355434353754,
credit-ger,finance,Cat-NB,16,0.69,0.6343908479773559,0.5985715602731475,0.13648490185690498,0.0
credit-ger,finance,Cat-ABD-G,16,0.67,0.6033177064551027,0.5796975955714722,0.14085149280892587,1.0
credit-ger,finance,Cat-ABD,16,0.7,0.6279761904761905,0.5542154382250772,0.09838474263281248,4.0
credit-ger,finance,TAN,16,0.68,0.6031746031746031,0.6864506051818082,0.2082471143371427,
credit-ger,finance,AODE,16,0.71,0.6277756385573097,0.6502372771938433,0.15984582478797443,
credit-ger,finance,Cat-NB,17,0.74,0.6904761904761905,0.5664624816254245,0.09106814476774755,0.0
credit-ger,finance,Cat-ABD-G,17,0.75,0.6994831109508355,0.5505685769500654,0.1049617471172271,1.0
credit-ger,finance,Cat-ABD,17,0.77,0.7178260336155073,0.5358704118790781,0.1273149578604752,4.0
credit-ger,finance,TAN,17,0.76,0.7085964060223409,0.5179940804144054,0.07663099698265782,
credit-ger,finance,AODE,17,0.76,0.7085964060223409,0.5457376826998118,0.09383758673315254,
credit-ger,finance,Cat-NB,18,0.81,0.7759169713409599,0.4709048566549241,0.06768241262015798,0.0
credit-ger,finance,Cat-ABD-G,18,0.8,0.7662459093034129,0.4635537975983965,0.1023894601857311,1.0
credit-ger,finance,Cat-ABD,18,0.8,0.7571636716852841,0.45797725543729534,0.0828013253980118,4.0
credit-ger,finance,TAN,18,0.72,0.6527777777777778,0.5347811075463658,0.10548367158612722,
credit-ger,finance,AODE,18,0.83,0.7914366335418968,0.44896954112254983,0.07522176833564871,
credit-ger,finance,Cat-NB,19,0.72,0.6448503297818367,0.6578924125978949,0.18086742667255024,0.0
credit-ger,finance,Cat-ABD-G,19,0.72,0.6448503297818367,0.6371065407516701,0.17810623990443786,1.0
credit-ger,finance,Cat-ABD,19,0.69,0.6196785670469881,0.6691182269804706,0.15567070216433765,2.0
credit-ger,finance,TAN,19,0.7,0.6357455075279261,0.7111185338136855,0.19222255488142823,
credit-ger,finance,AODE,19,0.72,0.6600291403593979,0.6336958630085029,0.1320057299225832,
credit-ger,finance,Cat-NB,20,0.76,0.7023809523809523,0.5749381429340912,0.11141455961919722,0.0
credit-ger,finance,Cat-ABD-G,20,0.76,0.69558599695586,0.5576530821688775,0.10002218865846879,1.0
credit-ger,finance,Cat-ABD,20,0.77,0.7047875754075215,0.5362103753858934,0.08914498600325163,4.0
credit-ger,finance,TAN,20,0.74,0.6775793650793651,0.647859832104358,0.11926499297245202,
credit-ger,finance,AODE,20,0.76,0.6881496881496881,0.5793466236270298,0.12194156181401483,
credit-ger,finance,Cat-NB,21,0.73,0.6687523003312477,0.553974724030467,0.10335462770855998,0.0
credit-ger,finance,Cat-ABD-G,21,0.73,0.6614420062695925,0.5393710672924129,0.08599328033658876,1.0
credit-ger,finance,Cat-ABD,21,0.73,0.6534462841740469,0.5190283526066202,0.09432273476680171,4.0
credit-ger,finance,TAN,21,0.7,0.6101871101871101,0.5787830846769354,0.12310783935511098,
credit-ger,finance,AODE,21,0.75,0.6865203761755485,0.5575806249454328,0.09963688981796559,
credit-ger,finance,Cat-NB,22,0.77,0.7235244620747686,0.48976810957980504,0.0678361444367124,0.0
credit-ger,finance,Cat-ABD-G,22,0.77,0.7235244620747686,0.4789119414335838,0.0448066512104677,1.0
credit-ger,finance,Cat-ABD,22,0.76,0.7023809523809523,0.47086664339787404,0.0539934341349489,4.0
credit-ger,finance,TAN,22,0.72,0.6047430830039526,0.6135153095777749,0.12158630209280162,
credit-ger,finance,AODE,22,0.77,0.7178260336155073,0.5052198415599867,0.060605418137359576,
credit-ger,finance,Cat-NB,23,0.76,0.69558599695586,0.49372066199096865,0.10721545799318286,0.0
credit-ger,finance,Cat-ABD-G,23,0.76,0.69558599695586,0.48056487381654056,0.07082271221704232,1.0
credit-ger,finance,Cat-ABD,23,0.76,0.6881496881496881,0.4650963305972471,0.09049651296671599,4.0
credit-ger,finance,TAN,23,0.76,0.69558599695586,0.5657488052071935,0.1584444891817392,
credit-ger,finance,AODE,23,0.76,0.6881496881496881,0.4985939260060356,0.14740554895502206,
credit-ger,finance,Cat-NB,24,0.77,0.7047875754075215,0.5277880256726956,0.09499179153954782,0.0
credit-ger,finance,Cat-ABD-G,24,0.77,0.7047875754075215,0.5125868849640177,0.09189910736765848,1.0
credit-ger,finance,Cat-ABD,24,0.78,0.7141372141372141,0.4986678659600716,0.07424602659945057,4.0
credit-ger,finance,TAN,24,0.77,0.6973285958678774,0.5640770307753386,0.09911304289172977,
credit-ger,finance,AODE,24,0.76,0.6799999999999999,0.5283984889428163,0.15149899032979355,
credit-ger,finance,Cat-NB,25,0.82,0.7767857142857143,0.4226689176369288,0.10261296222640719,0.0
credit-ger,finance,Cat-ABD-G,25,0.81,0.7668997668997668,0.4277385902482046,0.10579526364722006,1.0
credit-ger,finance,Cat-ABD,25,0.81,0.756128866640996,0.44503775562565406,0.10973066371525333,4.0
credit-ger,finance,TAN,25,0.78,0.7380952380952381,0.535565278348642,0.1252803021159898,
credit-ger,finance,AODE,25,0.81,0.7617554858934169,0.4426825662219358,0.1302800671622875,
credit-ger,finance,Cat-NB,26,0.73,0.6754417598269022,0.5212178237651606,0.08525676597974409,0.0
credit-ger,finance,Cat-ABD-G,26,0.72,0.6600291403593979,0.5060429700811063,0.07762250574316627,1.0
credit-ger,finance,Cat-ABD,26,0.75,0.6865203761755485,0.49569999618329724,0.08915794732515721,4.0
credit-ger,finance,TAN,26,0.77,0.7047875754075215,0.5590261076164893,0.12662431586797276,
credit-ger,finance,AODE,26,0.71,0.6363636363636364,0.541358809898028,0.12718514694134597,
credit-ger,finance,Cat-NB,27,0.71,0.6080551425868361,0.60084481968916,0.1254981182867765,0.0
credit-ger,finance,Cat-ABD-G,27,0.71,0.6080551425868361,0.5839320185573648,0.12091900550786963,1.0
credit-ger,finance,Cat-ABD,27,0.72,0.6162280701754386,0.5617156540289937,0.11465644655437775,4.0
credit-ger,finance,TAN,27,0.69,0.6196785670469881,0.647844183679601,0.13877253559399289,
credit-ger,finance,AODE,27,0.71,0.5967181198720624,0.5722424427721903,0.12053504624332481,
credit-ger,finance,Cat-NB,28,0.77,0.7235244620747686,0.48442570940983004,0.07622492657285874,0.0
credit-ger,finance,Cat-ABD-G,28,0.79,0.7475658131987017,0.48173990966462144,0.05958385380960669,1.0
credit-ger,finance,Cat-ABD,28,0.79,0.7423629002576371,0.4844275369769609,0.08885190015729888,4.0
credit-ger,finance,TAN,28,0.72,0.6448503297818367,0.5043417667744071,0.09870597898743118,
credit-ger,finance,AODE,28,0.73,0.6534462841740469,0.5516774080363446,0.10840429626371308,
credit-ger,finance,Cat-NB,29,0.73,0.6446900908014213,0.5800378912574512,0.13764034883610968,0.0
credit-ger,finance,Cat-ABD-G,29,0.73,0.6446900908014213,0.5608549504314202,0.13222322482145626,1.0
credit-ger,finance,Cat-ABD,29,0.73,0.6446900908014213,0.5355166223400207,0.07990944756153262,4.0
credit-ger,finance,TAN,29,0.78,0.7209538305428715,0.5360171619635408,0.08337049166033005,
credit-ger,finance,AODE,29,0.76,0.6799999999999999,0.510989625403311,0.1229932271601953,
contraceptive,social,Cat-NB,0,0.4797297297297297,0.470697704369104,1.0618922504585122,0.1465372088495274,0.0
contraceptive,social,Cat-ABD-G,0,0.4797297297297297,0.4675476039112403,1.0273486424623222,0.12733709612957206,1.0
contraceptive,social,Cat-ABD,0,0.5135135135135135,0.48876344086021506,0.9862395956015251,0.04177680427712983,4.0
contraceptive,social,TAN,0,0.4594594594594595,0.43612517185351835,1.028843864597255,0.1593317646826478,
contraceptive,social,AODE,0,0.5067567567567568,0.48855998855998856,0.9975674842283819,0.10509291870793941,
contraceptive,social,Cat-NB,1,0.5067567567567568,0.4886690393008348,1.0689973058680522,0.12723516296433093,0.0
contraceptive,social,Cat-ABD-G,1,0.5135135135135135,0.49400588629542214,1.036076483304273,0.12678860806868197,1.0
contraceptive,social,Cat-ABD,1,0.5135135135135135,0.4825574738618217,0.9960607376063311,0.10232045878897421,4.0
contraceptive,social,TAN,1,0.5202702702702703,0.50376492194674,1.0312332423474921,0.08927914365712883,
contraceptive,social,AODE,1,0.5405405405405406,0.5225555555555556,1.0138564293948096,0.06727007770076257,
contraceptive,social,Cat-NB,2,0.5202702702702703,0.5046049555867228,1.0497106589866194,0.11765417077002115,0.0
contraceptive,social,Cat-ABD-G,2,0.527027027027027,0.5104139017182495,1.0271128455788978,0.11031203480880492,1.0
contraceptive,social,Cat-ABD,2,0.5135135135135135,0.48879233798539995,0.9973072338862135,0.0825713026786976,4.0
contraceptive,social,TAN,2,0.5135135135135135,0.4923835677260335,0.9915958034582741,0.10151189777485077,
contraceptive,social,AODE,2,0.5135135135135135,0.4858327835427072,0.9823918950437055,0.09412947238759466,
contraceptive,social,Cat-NB,3,0.5714285714285714,0.5550481623977723,0.8986902298809352,0.08923528955687342,0.0
contraceptive,social,Cat-ABD-G,3,0.564625850340136,0.5476052080911417,0.8875960173783121,0.08638175722096074,1.0
contraceptive,social,Cat-ABD,3,0.5714285714285714,0.5526915941366989,0.8838185524263684,0.08560705093007548,4.0
contraceptive,social,TAN,3,0.5510204081632653,0.5311643289432819,0.9283065878004235,0.07282720198678502,
contraceptive,social,AODE,3,0.5714285714285714,0.5522544170996195,0.8975347614302582,0.07252949770632652,
contraceptive,social,Cat-NB,4,0.5102040816326531,0.496953453051014,1.0740245917184579,0.10012677036701792,0.0
contraceptive,social,Cat-ABD-G,4,0.5102040816326531,0.4953173933427098,1.0485737018656782,0.09750637504603092,1.0
contraceptive,social,Cat-ABD,4,0.5306122448979592,0.5101941866745224,1.0145273772071342,0.05295945672743121,4.0
contraceptive,social,TAN,4,0.5238095238095238,0.514728265735518,0.9746188404830474,0.09549452128086873,
contraceptive,social,AODE,4,0.5238095238095238,0.5093442776559659,0.9916290189917422,0.11032204642396337,
contraceptive,social,Cat-NB,5,0.5374149659863946,0.5211232779135105,1.0143945614266803,0.1644012583778262,0.0
contraceptive,social,Cat-ABD-G,5,0.5238095238095238,0.5043698885465404,0.9864676566462672,0.14273688371127896,1.0
contraceptive,social,Cat-ABD,5,0.5170068027210885,0.4948017829573186,0.9545813515436326,0.09057930814642416,4.0
contraceptive,social,TAN,5,0.54421768707483,0.5315180466331015,0.9622305748876904,0.0984250114448657,
contraceptive,social,AODE,5,0.54421768707483,0.5235942028985507,0.954047999596826,0.07468157607458452,
contraceptive,social,Cat-NB,6,0.46938775510204084,0.46447863247863247,1.043840099150143,0.1688577721787053,0.0
contraceptive,social,Cat-ABD-G,6,0.46938775510204084,0.4591840481786134,1.0138863727297218,0.15004367300030821,1.0
contraceptive,social,Cat-ABD,6,0.47619047619047616,0.4611872146118721,0.9784421387345149,0.10877068423697475,4.0
contraceptive,social,TAN,6,0.5374149659863946,0.5326200425525401,0.9806382709075467,0.13601741343881613,
contraceptive,social,AODE,6,0.5102040816326531,0.5008253301320529,0.9812920282804349,0.07925991416192117,
contraceptive,social,Cat-NB,7,0.5034013605442177,0.4913692145126896,0.9873361770634909,0.13431221931946277,0.0
contraceptive,social,Cat-ABD-G,7,0.5238095238095238,0.5116349286597012,0.957405285910059,0.09919193379698117,1.0
contraceptive,social,Cat-ABD,7,0.5374149659863946,0.5204622132253711,0.9273122260335922,0.09653533547118963,4.0
contraceptive,social,TAN,7,0.5102040816326531,0.49697420634920636,0.9802720742271163,0.1338181909512261,
contraceptive,social,AODE,7,0.54421768707483,0.5299589299589299,0.913106199604792,0.06313490788218064,
contraceptive,social,Cat-NB,8,0.5238095238095238,0.5082407963185274,1.0504170431366202,0.09606046707291677,0.0
contraceptive,social,Cat-ABD-G,8,0.5374149659863946,0.5207288996934519,1.0213577986842601,0.08356728935713183,1.0
contraceptive,social,Cat-ABD,8,0.5306122448979592,0.5117104891150692,0.9841887034629927,0.11323478385587812,4.0
contraceptive,social,TAN,8,0.5102040816326531,0.4811051693404635,1.0334254321132732,0.12211930986692142,
contraceptive,social,AODE,8,0.5510204081632653,0.513402632580532,0.9845170799023572,0.14555605298933633,
contraceptive,social,Cat-NB,9,0.4897959183673469,0.47368200275177025,1.0392905054689794,0.12870044028899374,0.0
contraceptive,social,Cat-ABD-G,9,0.47619047619047616,0.45434181071885843,1.0164243482419633,0.13964873079019352,1.0
contraceptive,social,Cat-ABD,9,0.5034013605442177,0.47274873767103576,0.9906195762526698,0.1076917149348345,4.0
contraceptive,social,TAN,9,0.54421768707483,0.536545899439577,0.9379076399498024,0.0927748492675626,
contraceptive,social,AODE,9,0.5510204081632653,0.5279131458369646,0.9465293606866257,0.08614663058174325,
contraceptive,social,Cat-NB,10,0.4797297297297297,0.4598404565168172,1.0998001858594786,0.1773230705053167,0.0
contraceptive,social,Cat-ABD-G,10,0.4864864864864865,0.4677290338707662,1.066700068186086,0.15273892111802667,1.0
contraceptive,social,Cat-ABD,10,0.5,0.48051087858270664,1.0218092553484301,0.07408963974633859,4.0
contraceptive,social,TAN,10,0.4864864864864865,0.4636021597044615,0.9842268078708261,0.11634002624884418,
contraceptive,social,AODE,10,0.5202702702702703,0.49944056466698755,1.001094949783505,0.09825916204530381,
contraceptive,social,Cat-NB,11,0.5337837837837838,0.5151885657495554,0.9757058846048191,0.11213612614061089,0.0
contraceptive,social,Cat-ABD-G,11,0.5608108108108109,0.5402607390154205,0.9512660429023558,0.08518961153817088,1.0
contraceptive,social,Cat-ABD,11,0.5405405405405406,0.5102628434886499,0.926458348950058,0.0629619833953082,4.0
contraceptive,social,TAN,11,0.5878378378378378,0.5713643956837781,0.954586756933105,0.08582939143422522,
contraceptive,social,AODE,11,0.5675675675675675,0.5447396549091464,0.9128619246598435,0.08692678114410428,
contraceptive,social,Cat-NB,12,0.5405405405405406,0.5210076159196381,0.9997624828231376,0.11918601692170064,0.0
contraceptive,social,Cat-ABD-G,12,0.5337837837837838,0.5133275418458704,0.9785277485794013,0.09468980989554887,1.0
contraceptive,social,Cat-ABD,12,0.5337837837837838,0.5053972206166417,0.9555301995084438,0.06742128585953233,4.0
contraceptive,social,TAN,12,0.5472972972972973,0.5275906888810115,0.9465298399963344,0.07658377763851192,
contraceptive,social,AODE,12,0.5540540540540541,0.53032223204637,0.9327676320298253,0.08973842161051863,
contraceptive,social,Cat-NB,13,0.5510204081632653,0.5292485292485293,0.9729616063149731,0.09362206551713785,0.0
contraceptive,social,Cat-ABD-G,13,0.54421768707483,0.5186288134471577,0.9541211450964978,0.08047899491123905,1.0
contraceptive,social,Cat-ABD,13,0.5374149659863946,0.50987452264048,0.9380282423151041,0.05847365040825149,4.0
contraceptive,social,TAN,13,0.54421768707483,0.5189875459115997,0.9552401437372978,0.06688980722341757,
contraceptive,social,AODE,13,0.5578231292517006,0.5299635386139966,0.9177275760477919,0.03476910446887203,
contraceptive,social,Cat-NB,14,0.5238095238095238,0.4963240477773078,1.0402461355864006,0.12659444038205078,0.0
contraceptive,social,Cat-ABD-G,14,0.5170068027210885,0.48569651741293535,1.0174328086566455,0.12032508954853667,1.0
contraceptive,social,Cat-ABD,14,0.5510204081632653,0.5136702667940836,0.9917117745440187,0.11854195230950051,4.0
contraceptive,social,TAN,14,0.5578231292517006,0.521269231434851,1.0231504120175223,0.05554434688503791,
contraceptive,social,AODE,14,0.564625850340136,0.531813183584733,0.9980953094157123,0.13406779921575368,
contraceptive,social,Cat-NB,15,0.43537414965986393,0.41385346336584145,1.1067634824076473,0.19978029941459452,0.0
contraceptive,social,Cat-ABD-G,15,0.43537414965986393,0.41434026965941856,1.0698479602968045,0.17399765418548813,1.0
contraceptive,social,Cat-ABD,15,0.4557823129251701,0.4345535363893003,1.0219940551660809,0.11125274513322611,4.0
contraceptive,social,TAN,15,0.5170068027210885,0.4990741545823713,1.0479930736382104,0.14847352696121366,
contraceptive,social,AODE,15,0.47619047619047616,0.4520533898042358,1.0259651367903986,0.14672429606577844,
contraceptive,social,Cat-NB,16,0.48299319727891155,0.47879109225874866,1.096291225084291,0.15470409031670285,0.0
contraceptive,social,Cat-ABD-G,16,0.4897959183673469,0.48192749577724375,1.0627821814109595,0.1338865463490075,1.0
contraceptive,social,Cat-ABD,16,0.48299319727891155,0.4669312169312169,1.0188306798755218,0.11878817460763554,4.0
contraceptive,social,TAN,16,0.4557823129251701,0.4414876954402646,1.0487067213393713,0.15223658075513788,
contraceptive,social,AODE,16,0.4557823129251701,0.44115502073932267,1.0697725707002914,0.14573846625042397,
contraceptive,social,Cat-NB,17,0.5714285714285714,0.5672993960310613,0.887529572422451,0.09866839746421267,0.0
contraceptive,social,Cat-ABD-G,17,0.5782312925170068,0.5781749491426911,0.8760938620020333,0.06318284909538395,1.0
contraceptive,social,Cat-ABD,17,0.5850340136054422,0.5836863734450368,0.8725790006433121,0.06795875406042852,4.0
contraceptive,social,TAN,17,0.6190476190476191,0.6204594017094016,0.8577867618428253,0.09896140292591955,
contraceptive,social,AODE,17,0.5986394557823129,0.6006367695593089,0.834640336726909,0.08900255515758511,
contraceptive,social,Cat-NB,18,0.5102040816326531,0.5051596682802356,1.0246175581951418,0.11964175168757568,0.0
contraceptive,social,Cat-ABD-G,18,0.5102040816326531,0.5029550827423168,1.0002486300403697,0.1220767870690899,1.0
contraceptive,social,Cat-ABD,18,0.5102040816326531,0.49797213627000864,0.9716302921593324,0.07264002010444362,4.0
contraceptive,social,TAN,18,0.5578231292517006,0.5491787656959324,0.983212581228873,0.10377533145012952,
contraceptive,social,AODE,18,0.5714285714285714,0.5535606126157308,0.9504834222592334,0.12534673826386628,
contraceptive,social,Cat-NB,19,0.46938775510204084,0.448132526299575,1.1049529614367541,0.1817166837587033,0.0
contraceptive,social,Cat-ABD-G,19,0.47619047619047616,0.4559294853705322,1.0651458095138442,0.14133658141576397,1.0
contraceptive,social,Cat-ABD,19,0.4897959183673469,0.4637323943661971,1.0136368581756905,0.10344118607330993,4.0
contraceptive,social,TAN,19,0.5034013605442177,0.48771665900553923,1.116868851064386,0.14759423215003795,
contraceptive,social,AODE,19,0.4965986394557823,0.4743275515334338,1.0410746206463153,0.11630554721781046,
contraceptive,social,Cat-NB,20,0.5540540540540541,0.5415282688667452,0.9795942623498635,0.100169221684995,0.0
contraceptive,social,Cat-ABD-G,20,0.5540540540540541,0.5404181600955794,0.9577064168384697,0.0803195028298484,1.0
contraceptive,social,Cat-ABD,20,0.5337837837837838,0.5122938064114534,0.9361260820626335,0.08707066173396567,4.0
contraceptive,social,TAN,20,0.5135135135135135,0.5031964711924831,0.9478543734887832,0.1232346366843416,
contraceptive,social,AODE,20,0.5472972972972973,0.5326381524684812,0.9434080318435104,0.05317976174717642,
contraceptive,social,Cat-NB,21,0.4391891891891892,0.4288260270195754,1.0719840626507247,0.19783559561994657,0.0
contraceptive,social,Cat-ABD-G,21,0.4391891891891892,0.42737956001113897,1.0429081875864235,0.17505861873848944,1.0
contraceptive,social,Cat-ABD,21,0.4391891891891892,0.4213339415711543,1.0042068577903653,0.1317907493545413,4.0
contraceptive,social,TAN,21,0.4594594594594595,0.45086838044584526,1.0703031558374256,0.14448394020947986,
contraceptive,social,AODE,21,0.44594594594594594,0.4330148641863216,1.0147018275751285,0.19311301346529558,
contraceptive,social,Cat-NB,22,0.4797297297297297,0.46532631948553554,1.0921787848390492,0.1613872378837703,0.0
contraceptive,social,Cat-ABD-G,22,0.49324324324324326,0.47607609594706374,1.0548878281278873,0.12631594585941358,1.0
contraceptive,social,Cat-ABD,22,0.5135135135135135,0.48250336164920443,1.0065871767481007,0.047635206418550985,4.0
contraceptive,social,TAN,22,0.5405405405405406,0.5155987694759546,0.9800956117409446,0.08883405607314698,
contraceptive,social,AODE,22,0.5337837837837838,0.5120582120582121,1.004749959397772,0.09746576032784851,
contraceptive,social,Cat-NB,23,0.54421768707483,0.5315883851697666,1.0012578998257962,0.1148364198062377,0.0
contraceptive,social,Cat-ABD-G,23,0.54421768707483,0.5284760775996508,0.9757546907531434,0.10349021911709434,1.0
contraceptive,social,Cat-ABD,23,0.5510204081632653,0.5220611042183623,0.9500387844389063,0.049822931440223976,4.0
contraceptive,social,TAN,23,0.5782312925170068,0.5617402663376755,0.9356691229803809,0.09638162867252317,
contraceptive,social,AODE,23,0.5714285714285714,0.5583068783068783,0.9392891397832254,0.07237140165224024,
contraceptive,social,Cat-NB,24,0.43537414965986393,0.4139676097836307,1.1084324436412345,0.20423750537311736,0.0
contraceptive,social,Cat-ABD-G,24,0.43537414965986393,0.4120890461447737,1.071887553635119,0.17532986630953848,1.0
contraceptive,social,Cat-ABD,24,0.47619047619047616,0.4477919467605282,1.0246672239150534,0.10062991264772359,4.0
contraceptive,social,TAN,24,0.5578231292517006,0.5394042377899643,0.9866710592696238,0.08267090055283798,
contraceptive,social,AODE,24,0.4897959183673469,0.4668596373563015,1.01991793651915,0.1029386526978396,
contraceptive,social,Cat-NB,25,0.46258503401360546,0.450716468590832,1.1694318786409286,0.1806636538971108,0.0
contraceptive,social,Cat-ABD-G,25,0.4557823129251701,0.44304987765857334,1.1238735866283565,0.17034070979165392,1.0
contraceptive,social,Cat-ABD,25,0.48299319727891155,0.4635225885225885,1.0621410119878485,0.10264840161612203,4.0
contraceptive,social,TAN,25,0.4557823129251701,0.4339391113442521,1.160357587234138,0.16381918272712226,
contraceptive,social,AODE,25,0.4897959183673469,0.4592496919139255,1.0893605429819395,0.12209613009879466,
contraceptive,social,Cat-NB,26,0.47619047619047616,0.44590816441170333,1.054684240013296,0.16872466830218422,0.0
contraceptive,social,Cat-ABD-G,26,0.46938775510204084,0.4410620897406701,1.0241198863543104,0.1561362450028485,1.0
contraceptive,social,Cat-ABD,26,0.48299319727891155,0.4551895769287074,0.9848879462677814,0.12031238975881633,4.0
contraceptive,social,TAN,26,0.47619047619047616,0.45418858322084127,0.9416350463574882,0.12219246218228834,
contraceptive,social,AODE,26,0.47619047619047616,0.4496335526667737,0.982216356001579,0.13447598511029488,
contraceptive,social,Cat-NB,27,0.5918367346938775,0.5816598915989161,0.9560599167455829,0.12030381996856428,0.0
contraceptive,social,Cat-ABD-G,27,0.6054421768707483,0.5947553121863293,0.933019268826934,0.09655705037283409,1.0
contraceptive,social,Cat-ABD,27,0.6122448979591837,0.5993022208883553,0.9104341921602368,0.11607914643335521,4.0
contraceptive,social,TAN,27,0.6258503401360545,0.6102994227994228,0.866700400023799,0.06994607368357506,
contraceptive,social,AODE,27,0.6802721088435374,0.6568242476905143,0.8949353355021921,0.12285306199344093,
contraceptive,social,Cat-NB,28,0.54421768707483,0.5354718695862088,0.9429520885920151,0.09138702042675514,0.0
contraceptive,social,Cat-ABD-G,28,0.54421768707483,0.533077741508655,0.9332779776171173,0.06291877046267891,1.0
contraceptive,social,Cat-ABD,28,0.5374149659863946,0.5199517991484933,0.9283646627513701,0.03709307009883006,4.0
contraceptive,social,TAN,28,0.5034013605442177,0.48207511811061216,0.9840284377051969,0.13045700072011557,
contraceptive,social,AODE,28,0.5510204081632653,0.5407927529332699,0.9074033978501563,0.07635838044176671,
contraceptive,social,Cat-NB,29,0.5578231292517006,0.540178622875252,0.9618255658947471,0.11046972192437694,0.0
contraceptive,social,Cat-ABD-G,29,0.5510204081632653,0.5315007315007315,0.9491176401214306,0.10088628927731604,1.0
contraceptive,social,Cat-ABD,29,0.5714285714285714,0.5441996367369502,0.9400643753017855,0.0353286774210464,4.0
contraceptive,social,TAN,29,0.5374149659863946,0.5206417624521072,0.995191379993565,0.10573709261314572,
contraceptive,social,AODE,29,0.5782312925170068,0.5541431998331247,0.9213710744680028,0.07970485386793769,
