dataset,stratum,model,fold,accuracy,log_loss,ece
iris,real,GNB,0,1.0,0.00820195912666901,0.007883580992204927
iris,real,GNB+Platt,0,1.0,0.09647688463247528,0.09193489525188736
iris,real,GNB+Iso,0,1.0,0.017759302289196907,0.015812284514286106
iris,real,ABD-NB,0,1.0,0.01004312292864653,0.009620956251360627
iris,real,ABD-NB+Platt,0,1.0,0.09978214742985442,0.09492961456240445
iris,real,ABD-NB+Iso,0,1.0,0.019355192610604192,0.01717715611042781
iris,real,GNB,1,0.8666666666666667,0.19348123300921982,0.09760705973814923
iris,real,GNB+Platt,1,0.8666666666666667,0.27559639908785616,0.16350525698872584
iris,real,GNB+Iso,1,0.8666666666666667,0.2612142578630055,0.15934327526859546
iris,real,ABD-NB,1,0.8666666666666667,0.2016051174857351,0.10012485816937403
iris,real,ABD-NB+Platt,1,0.8666666666666667,0.29369315902852444,0.19971541822535513
iris,real,ABD-NB+Iso,1,0.9333333333333333,0.19655211221242558,0.13275277268100688
iris,real,GNB,2,1.0,0.0012631678473548312,0.0012551876541790907
iris,real,GNB+Platt,2,1.0,0.10102254789737379,0.09604820713897722
iris,real,GNB+Iso,2,1.0,0.0018654615883144149,0.0018396037318216818
iris,real,ABD-NB,2,1.0,0.0019493861687215376,0.001932968238998689
iris,real,ABD-NB+Platt,2,1.0,0.10487035791879874,0.099512582252963
iris,real,ABD-NB+Iso,2,1.0,0.00025081526524393407,0.00025034404414658873
iris,real,GNB,3,0.9333333333333333,0.15003083282958093,0.060684324118529545
iris,real,GNB+Platt,3,0.9333333333333333,0.24526512412643928,0.024267022882500378
iris,real,GNB+Iso,3,0.9333333333333333,0.08703413530521913,0.04859775185146631
iris,real,ABD-NB,3,0.9333333333333333,0.16081725595995336,0.06171713022136478
iris,real,ABD-NB+Platt,3,0.9333333333333333,0.25751280179258973,0.028462272566501357
iris,real,ABD-NB+Iso,3,0.9333333333333333,0.0897692456792921,0.051277515489112274
iris,real,GNB,4,1.0,0.04140254554020865,0.0376938730546527
iris,real,GNB+Platt,4,1.0,0.12254704249155152,0.11409475263002643
iris,real,GNB+Iso,4,1.0,0.0864774473408066,0.06890362987848145
iris,real,ABD-NB,4,1.0,0.049739097127500055,0.044592637959807974
iris,real,ABD-NB+Platt,4,1.0,0.12664390156686042,0.1176316047144527
iris,real,ABD-NB+Iso,4,1.0,0.09918599535784377,0.07872053609949506
iris,real,GNB,5,1.0,0.08101931243028639,0.0639767347982646
iris,real,GNB+Platt,5,1.0,0.16495699899997915,0.14237745504515636
iris,real,GNB+Iso,5,0.9333333333333333,0.10835275874257214,0.016779498661097944
iris,real,ABD-NB,5,0.9333333333333333,0.09400715377081374,0.07137388474804526
iris,real,ABD-NB+Platt,5,0.9333333333333333,0.19110271957308908,0.15094480515517472
iris,real,ABD-NB+Iso,5,0.9333333333333333,0.10835275874279879,0.016779498661316613
iris,real,GNB,6,0.8666666666666667,0.4974464660714032,0.13737995687750004
iris,real,GNB+Platt,6,0.8666666666666667,0.4626157551283388,0.06026780264071776
iris,real,GNB+Iso,6,0.8666666666666667,3.6911357150688193,0.1390727173341977
iris,real,ABD-NB,6,0.8666666666666667,0.4922263677874315,0.13752918788987614
iris,real,ABD-NB+Platt,6,0.8666666666666667,0.4606622226472563,0.0590414911107806
iris,real,ABD-NB+Iso,6,0.8666666666666667,2.103727975673132,0.13848916139894238
iris,real,GNB,7,0.9333333333333333,0.24145683148444114,0.06483879129631875
iris,real,GNB+Platt,7,0.9333333333333333,0.2813125542377982,0.015434366003091449
iris,real,GNB+Iso,7,0.9333333333333333,0.20296816251489508,0.06349206349206349
iris,real,ABD-NB,7,0.9333333333333333,0.22902692360949498,0.0644243978860165
iris,real,ABD-NB+Platt,7,0.9333333333333333,0.2813907129953253,0.015237350036003683
iris,real,ABD-NB+Iso,7,0.9333333333333333,0.21464510138182474,0.06400213433436741
iris,real,GNB,8,1.0,0.04686224640307194,0.04222713171074543
iris,real,GNB+Platt,8,1.0,0.1251107936535509,0.1164814746030469
iris,real,GNB+Iso,8,1.0,0.08691970208535905,0.0730561592390192
iris,real,ABD-NB,8,1.0,0.057147968240436976,0.050849842438131884
iris,real,ABD-NB+Platt,8,1.0,0.1309383343832283,0.12143303956899243
iris,real,ABD-NB+Iso,8,0.9333333333333333,0.1144111942132846,0.09026666223121432
iris,real,GNB,9,1.0,0.002124820064453351,0.0021112730517497402
iris,real,GNB+Platt,9,1.0,0.09583698417980027,0.09135949911493979
iris,real,GNB+Iso,9,1.0,2.220446049250313e-16,0.0
iris,real,ABD-NB,9,1.0,0.0032503875368088495,0.0032201881878504146
iris,real,ABD-NB+Platt,9,1.0,0.0998442543235703,0.09498448413432492
iris,real,ABD-NB+Iso,9,1.0,2.220446049250313e-16,0.0
iris,real,GNB,10,1.0,0.03863792549746104,0.03464099262537419
iris,real,GNB+Platt,10,1.0,0.12425283209092718,0.11549022790832894
iris,real,GNB+Iso,10,0.9333333333333333,0.06739119941706607,0.051476405033719766
iris,real,ABD-NB,10,1.0,0.0442128593493127,0.03905596048902126
iris,real,ABD-NB+Platt,10,1.0,0.12452510494325784,0.11614003612184724
iris,real,ABD-NB+Iso,10,0.9333333333333333,0.08544496239962641,0.06580982080233329
iris,real,GNB,11,0.9333333333333333,0.10784706621114015,0.07344800292916315
iris,real,GNB+Platt,11,0.9333333333333333,0.19506969825155668,0.14998587676515032
iris,real,GNB+Iso,11,0.9333333333333333,0.11358270739556368,0.0747903391042632
iris,real,ABD-NB,11,0.9333333333333333,0.1078470662112517,0.07344800292919144
iris,real,ABD-NB+Platt,11,0.9333333333333333,0.19610791408055991,0.15022770354414966
iris,real,ABD-NB+Iso,11,0.8666666666666667,0.131543942681582,0.08152212854429175
iris,real,GNB,12,0.8,0.30706497998976395,0.15374067324251114
iris,real,GNB+Platt,12,0.8,0.4379654204376385,0.10588151142811542
iris,real,GNB+Iso,12,0.8,0.3168397054304251,0.16004711229583818
iris,real,ABD-NB,12,0.8,0.3203193773637408,0.16082950363654933
iris,real,ABD-NB+Platt,12,0.8,0.5166030632784876,0.11848310351935148
iris,real,ABD-NB+Iso,12,0.8,0.333272409073225,0.16272052910951001
iris,real,GNB,13,0.9333333333333333,0.2322820403195887,0.08835039507925423
iris,real,GNB+Platt,13,0.9333333333333333,0.2908575311157176,0.04077090102525467
iris,real,GNB+Iso,13,0.9333333333333333,0.2593139858969922,0.08016884596223617
iris,real,ABD-NB,13,0.9333333333333333,0.21888134503203918,0.08847911672077019
iris,real,ABD-NB+Platt,13,0.9333333333333333,0.29680983975511993,0.0446442770708558
iris,real,ABD-NB+Iso,13,0.9333333333333333,0.2742668894524529,0.09171404580067223
iris,real,GNB,14,1.0,0.002796550820657559,0.0027777505060482266
iris,real,GNB+Platt,14,1.0,0.09784088812002854,0.09316889659448224
iris,real,GNB+Iso,14,1.0,0.002705130493669285,0.002650982369753807
iris,real,ABD-NB,14,1.0,0.00252725580925601,0.002512231706985446
iris,real,ABD-NB+Platt,14,1.0,0.09846207723633814,0.09373188375649
iris,real,ABD-NB+Iso,14,1.0,0.0027051304943491766,0.002650982370406507
iris,real,GNB,15,1.0,0.0412438793747408,0.035655399990571504
iris,real,GNB+Platt,15,1.0,0.117880664337239,0.10943458188985344
iris,real,GNB+Iso,15,1.0,0.06670512895257884,0.05242078241117643
iris,real,ABD-NB,15,1.0,0.04504068466614644,0.03867036924778119
iris,real,ABD-NB+Platt,15,1.0,0.11166792532640864,0.10473678967691435
iris,real,ABD-NB+Iso,15,1.0,0.05388220392886826,0.044314383363701276
iris,real,GNB,16,1.0,0.02240703956087257,0.021255866554303695
iris,real,GNB+Platt,16,1.0,0.11585572408773999,0.10923506924712086
iris,real,GNB+Iso,16,1.0,0.04374844019101598,0.039999999999999994
iris,real,ABD-NB,16,1.0,0.028049090026370477,0.026366690128905048
iris,real,ABD-NB+Platt,16,1.0,0.11703759959943247,0.11032286334877356
iris,real,ABD-NB+Iso,16,1.0,0.03431539676025067,0.03204648073985106
iris,real,GNB,17,1.0,0.009625834656934918,0.009146805024965964
iris,real,GNB+Platt,17,1.0,0.10339229697984094,0.09811488936328164
iris,real,GNB+Iso,17,1.0,0.0073394949602042505,0.00694991052083714
iris,real,ABD-NB,17,1.0,0.01520576552007172,0.014219576636529048
iris,real,ABD-NB+Platt,17,1.0,0.10397451263573382,0.0986096116037817
iris,real,ABD-NB+Iso,17,1.0,0.017004193327435593,0.015015404587256934
iris,real,GNB,18,0.8666666666666667,0.60309617203349,0.12760455602087928
iris,real,GNB+Platt,18,0.8666666666666667,0.48923824320702686,0.050408892888484935
iris,real,GNB+Iso,18,0.8666666666666667,3.6847941738868717,0.1326785450563449
iris,real,ABD-NB,18,0.8666666666666667,0.6030961720313779,0.1276045560205008
iris,real,ABD-NB+Platt,18,0.8666666666666667,0.4859292592886417,0.04896589448063693
iris,real,ABD-NB+Iso,18,0.8666666666666667,3.684136148790473,0.1333333333333333
iris,real,GNB,19,1.0,0.034319264619045345,0.03058673788844425
iris,real,GNB+Platt,19,1.0,0.12405475453278023,0.11543894088261938
iris,real,GNB+Iso,19,1.0,0.030502563690147803,0.027676989160821612
iris,real,ABD-NB,19,1.0,0.041735389865805834,0.03657209146600173
iris,real,ABD-NB+Platt,19,1.0,0.12423544876558766,0.11562797152000605
iris,real,ABD-NB+Iso,19,1.0,0.03041520674364753,0.027603057746894494
wine,real,GNB,0,1.0,0.0023765041109639847,0.0023530079937879034
wine,real,GNB+Platt,0,1.0,0.07752643676374872,0.0745093845299313
wine,real,GNB+Iso,0,1.0,0.0017134239378683762,0.0016872710985522676
wine,real,ABD-NB,0,1.0,0.0035166870838319033,0.003465953798520105
wine,real,ABD-NB+Platt,0,1.0,0.07642156677346823,0.07345146959630558
wine,real,ABD-NB+Iso,0,1.0,0.014323742640729362,0.013568753569717538
wine,real,GNB,1,1.0,0.003095420464648483,0.0030224346979303984
wine,real,GNB+Platt,1,1.0,0.13252687350689984,0.11903257109110255
wine,real,GNB+Iso,1,1.0,0.03637371309705398,0.028327307126166292
wine,real,ABD-NB,1,1.0,0.0032772423600336592,0.0031987476477445265
wine,real,ABD-NB+Platt,1,1.0,0.1322792461642473,0.1195612119035697
wine,real,ABD-NB+Iso,1,0.9444444444444444,0.0474133121436095,0.03567242043160867
wine,real,GNB,2,1.0,0.0028780524261983885,0.0028413071431663273
wine,real,GNB+Platt,2,1.0,0.0836629989608884,0.07920832309566452
wine,real,GNB+Iso,2,1.0,0.021007436996192952,0.019046938404991286
wine,real,ABD-NB,2,1.0,0.00287805242617904,0.0028413071431473425
wine,real,ABD-NB+Platt,2,0.9444444444444444,0.14031706677278086,0.11474597502444805
wine,real,ABD-NB+Iso,2,1.0,0.008521266296203903,0.008202418024009622
wine,real,GNB,3,1.0,0.012461249973375717,0.011280027696837872
wine,real,GNB+Platt,3,1.0,0.1050181110926366,0.09437854832262202
wine,real,GNB+Iso,3,1.0,0.03297105787521782,0.028479024440607015
wine,real,ABD-NB,3,1.0,0.012051696630445296,0.011021499698853167
wine,real,ABD-NB+Platt,3,1.0,0.09967499965285288,0.09176215465227232
wine,real,ABD-NB+Iso,3,1.0,0.035660048627392,0.030489480906974127
wine,real,GNB,4,1.0,0.00023762767433503794,0.00023738638618864272
wine,real,GNB+Platt,4,1.0,0.07057588986110873,0.06810730590943573
wine,real,GNB+Iso,4,1.0,0.00023736694146771523,0.00023686057530758475
wine,real,ABD-NB,4,1.0,0.0004026266219230357,0.0004019361385059206
wine,real,ABD-NB+Platt,4,1.0,0.06897842055631914,0.06662483896339515
wine,real,ABD-NB+Iso,4,1.0,0.00023736694126270198,0.00023686057510330372
wine,real,GNB,5,0.9444444444444444,0.08654738100174147,0.04434045995084623
wine,real,GNB+Platt,5,0.9444444444444444,0.11251624072385952,0.09432697255876045
wine,real,GNB+Iso,5,1.0,0.024515889591327486,0.02180787064666719
wine,real,ABD-NB,5,0.9444444444444444,0.06104879567545121,0.03716290132754433
wine,real,ABD-NB+Platt,5,0.9444444444444444,0.14247897198508555,0.11316386447479161
wine,real,ABD-NB+Iso,5,1.0,0.026210465635759073,0.02234004645424764
wine,real,GNB,6,1.0,0.010259531494190486,0.009439360065857173
wine,real,GNB+Platt,6,1.0,0.09094887115013589,0.08441347825047593
wine,real,GNB+Iso,6,1.0,0.014061116416183989,0.01266530807444876
wine,real,ABD-NB,6,1.0,0.007472166338539705,0.007037590487977368
wine,real,ABD-NB+Platt,6,1.0,0.09322159443502692,0.08657314749727836
wine,real,ABD-NB+Iso,6,1.0,0.013392979066274884,0.011969362108449436
wine,real,GNB,7,0.8888888888888888,0.30720772154882653,0.09112808908490899
wine,real,GNB+Platt,7,0.9444444444444444,0.15623617378658491,0.08102976097732703
wine,real,GNB+Iso,7,0.9444444444444444,0.08732459774078756,0.05382147280151542
wine,real,ABD-NB,7,0.8888888888888888,0.30418675160861824,0.08708306745108035
wine,real,ABD-NB+Platt,7,0.9444444444444444,0.15998225311738812,0.08367369521767318
wine,real,ABD-NB+Iso,7,0.9444444444444444,0.09698879111103824,0.030391993693498775
wine,real,GNB,8,0.9411764705882353,0.36309592903641685,0.056642522064999645
wine,real,GNB+Platt,8,0.9411764705882353,0.26136366866082983,0.08169187555484217
wine,real,GNB+Iso,8,0.9411764705882353,0.2406280119102793,0.08695824016223355
wine,real,ABD-NB,8,0.9411764705882353,0.36309592898683835,0.056642522064623835
wine,real,ABD-NB+Platt,8,0.9411764705882353,0.27513462175652187,0.055096178476471316
wine,real,ABD-NB+Iso,8,0.9411764705882353,0.24097045463053046,0.08723976035908054
wine,real,GNB,9,0.9411764705882353,0.09356946186385356,0.05117756593183178
wine,real,GNB+Platt,9,0.9411764705882353,0.14731558462827965,0.11565061087526453
wine,real,GNB+Iso,9,0.9411764705882353,0.13686074123406503,0.059952049160447954
wine,real,ABD-NB,9,0.9411764705882353,0.09466644928762083,0.05205817262966676
wine,real,ABD-NB+Platt,9,0.9411764705882353,0.15205384111581532,0.11936733259708346
wine,real,ABD-NB+Iso,9,1.0,0.07319046459855932,0.05825145734459336
wine,real,GNB,10,1.0,0.03898083814578919,0.029925399710469966
wine,real,GNB+Platt,10,1.0,0.1090239613900642,0.09986383556439812
wine,real,GNB+Iso,10,1.0,0.03356256604305974,0.03014177571922801
wine,real,ABD-NB,10,1.0,0.038980838149475915,0.029925399712355
wine,real,ABD-NB+Platt,10,1.0,0.10318584510841938,0.09551161080943216
wine,real,ABD-NB+Iso,10,1.0,0.02530142414764286,0.023081326179237322
wine,real,GNB,11,1.0,0.017770564635554167,0.015272675703770666
wine,real,GNB+Platt,11,1.0,0.10309402148072919,0.09136435441867924
wine,real,GNB+Iso,11,0.9444444444444444,0.04130833379336838,0.029143157775346772
wine,real,ABD-NB,11,1.0,0.01777056463544551,0.015272675703699308
wine,real,ABD-NB+Platt,11,1.0,0.09797177664065497,0.09288703132225588
wine,real,ABD-NB+Iso,11,1.0,0.006204939649322297,0.00587097635020641
wine,real,GNB,12,0.9444444444444444,0.15030033340206206,0.07434268881116836
wine,real,GNB+Platt,12,0.8888888888888888,0.1936970469372059,0.14297173502462546
wine,real,GNB+Iso,12,0.8888888888888888,0.2448564262841423,0.11953099092365284
wine,real,ABD-NB,12,0.9444444444444444,0.15030033339866802,0.07434268881145775
wine,real,ABD-NB+Platt,12,0.8888888888888888,0.19616445314842898,0.1453632294469519
wine,real,ABD-NB+Iso,12,0.8888888888888888,0.23168714258730516,0.11732042707670867
wine,real,GNB,13,1.0,0.001467115178763035,0.001459640821298569
wine,real,GNB+Platt,13,1.0,0.09387799982467117,0.08684220025546661
wine,real,GNB+Iso,13,1.0,8.466986596103903e-05,8.460537785026645e-05
wine,real,ABD-NB,13,1.0,0.002080803514371117,0.0020648654330091
wine,real,ABD-NB+Platt,13,1.0,0.09532829852044604,0.08827445491551988
wine,real,ABD-NB+Iso,13,1.0,0.0020717043981441606,0.0020504490162005506
wine,real,GNB,14,1.0,0.03997547646240309,0.03152028175024836
wine,real,GNB+Platt,14,1.0,0.12154947724554706,0.10538817640103221
wine,real,GNB+Iso,14,1.0,0.024311861526250374,0.021430361056779163
wine,real,ABD-NB,14,0.9444444444444444,0.08636032496895003,0.04606380563020885
wine,real,ABD-NB+Platt,14,0.8888888888888888,0.14437669199517866,0.11377659368905178
wine,real,ABD-NB+Iso,14,0.9444444444444444,0.047231471634517644,0.034349649664628314
wine,real,GNB,15,1.0,0.0005826739238241709,0.0005802342168494956
wine,real,GNB+Platt,15,1.0,0.07450608393609562,0.07174415328086564
wine,real,GNB+Iso,15,1.0,0.03159120644582853,0.02659069325735992
wine,real,ABD-NB,15,1.0,0.000680121461630028,0.0006772475545465673
wine,real,ABD-NB+Platt,15,1.0,0.08376408765570867,0.08002771746191799
wine,real,ABD-NB+Iso,15,1.0,0.0302447033182844,0.02561623199350746
wine,real,GNB,16,0.9444444444444444,0.19750615884734277,0.05091196213693716
wine,real,GNB+Platt,16,0.9444444444444444,0.1601301066007871,0.08415815986626138
wine,real,GNB+Iso,16,1.0,0.0794811615117137,0.0628325684439705
wine,real,ABD-NB,16,0.9444444444444444,0.3081644528392956,0.06137878990536738
wine,real,ABD-NB+Platt,16,0.9444444444444444,0.20353598779414386,0.13303514163451877
wine,real,ABD-NB+Iso,16,0.9444444444444444,0.10662640160807366,0.07158316124206002
wine,real,GNB,17,1.0,0.0020094186426549594,0.0019736735665831784
wine,real,GNB+Platt,17,1.0,0.09084750534136178,0.08667792157157883
wine,real,GNB+Iso,17,1.0,0.0036943190714884577,0.0035741651454679335
wine,real,ABD-NB,17,1.0,0.002593053675905187,0.0025337967109406723
wine,real,ABD-NB+Platt,17,1.0,0.0855517691554312,0.08184308422790287
wine,real,ABD-NB+Iso,17,1.0,0.014960218834768085,0.013232536427278056
wine,real,GNB,18,0.9411764705882353,0.3924196160664042,0.05868672569346811
wine,real,GNB+Platt,18,0.9411764705882353,0.2547764006602066,0.03308492292063554
wine,real,GNB+Iso,18,0.9411764705882353,0.2413262512735507,0.0578511452619348
wine,real,ABD-NB,18,0.9411764705882353,0.39241961601950454,0.05868672569340316
wine,real,ABD-NB+Platt,18,0.9411764705882353,0.25068443467633217,0.00507352972398889
wine,real,ABD-NB+Iso,18,0.9411764705882353,0.24132625124379495,0.05785114526144286
wine,real,GNB,19,1.0,0.001957465076846106,0.0019411468800268894
wine,real,GNB+Platt,19,1.0,0.07298863451367266,0.07034530509853065
wine,real,GNB+Iso,19,1.0,0.027244750212332112,0.024398814374315764
wine,real,ABD-NB,19,1.0,0.0017375847864857074,0.0017238348268852066
wine,real,ABD-NB+Platt,19,1.0,0.08003916812136382,0.07676982862172567
wine,real,ABD-NB+Iso,19,1.0,0.006624787342430306,0.006478560155942614
breast-cancer,real,GNB,0,0.9649122807017544,0.13648335977688825,0.031465790940585804
breast-cancer,real,GNB+Platt,0,0.9649122807017544,0.15089059957570217,0.08899651828843944
breast-cancer,real,GNB+Iso,0,0.9649122807017544,0.07328460299214384,0.05491500988912063
breast-cancer,real,ABD-NB,0,1.0,0.018068160273291587,0.014427680028928079
breast-cancer,real,ABD-NB+Platt,0,0.9824561403508771,0.07023666207248787,0.0646950760229097
breast-cancer,real,ABD-NB+Iso,0,1.0,0.05912187969177751,0.05047935376111532
breast-cancer,real,GNB,1,0.9122807017543859,0.9119404497455496,0.07850321867193788
breast-cancer,real,GNB+Platt,1,0.9122807017543859,0.23795528153958,0.056063055866224426
breast-cancer,real,GNB+Iso,1,0.9473684210526315,0.5755095418903541,0.04021537698660674
breast-cancer,real,ABD-NB,1,0.9298245614035088,0.26464938008372874,0.07624081904522774
breast-cancer,real,ABD-NB+Platt,1,0.9298245614035088,0.23800307001073764,0.08312471716904163
breast-cancer,real,ABD-NB+Iso,1,0.9298245614035088,0.15591051397111458,0.07729375203498462
breast-cancer,real,GNB,2,0.9824561403508771,0.26431001577729807,0.026298447313520844
breast-cancer,real,GNB+Platt,2,0.9824561403508771,0.13237120468481248,0.0617145107305934
breast-cancer,real,GNB+Iso,2,0.9649122807017544,0.08847538000229707,0.024148541751002832
breast-cancer,real,ABD-NB,2,0.9824561403508771,0.05097413065802785,0.022406365682363878
breast-cancer,real,ABD-NB+Platt,2,0.9824561403508771,0.10364548407759046,0.07802071383549959
breast-cancer,real,ABD-NB+Iso,2,0.9824561403508771,0.06234915631402596,0.03830023727479969
breast-cancer,real,GNB,3,0.9473684210526315,0.8142484772922367,0.04398053162556365
breast-cancer,real,GNB+Platt,3,0.9473684210526315,0.17417934388079975,0.059935827647817574
breast-cancer,real,GNB+Iso,3,0.9649122807017544,0.16252552301675882,0.05325141586700825
breast-cancer,real,ABD-NB,3,0.9473684210526315,0.41066187104635665,0.04557077814153959
breast-cancer,real,ABD-NB+Platt,3,0.9649122807017544,0.16268158642062688,0.023509995815130115
breast-cancer,real,ABD-NB+Iso,3,0.9649122807017544,0.5792586567018159,0.057894364157129424
breast-cancer,real,GNB,4,0.9649122807017544,0.42218342861578795,0.03480700726748043
breast-cancer,real,GNB+Platt,4,0.9649122807017544,0.1606284529401865,0.030705090808840194
breast-cancer,real,GNB+Iso,4,0.9649122807017544,0.09340665951431762,0.03838704840737996
breast-cancer,real,ABD-NB,4,0.9649122807017544,0.043944463739675574,0.02764581471826656
breast-cancer,real,ABD-NB+Platt,4,0.9649122807017544,0.10848793560596057,0.08162596255719301
breast-cancer,real,ABD-NB+Iso,4,0.9649122807017544,0.06720736047846468,0.036789370096165515
breast-cancer,real,GNB,5,0.8245614035087719,1.440988975026266,0.1800044962647486
breast-cancer,real,GNB+Platt,5,0.8245614035087719,0.5327562225688355,0.14519199104129243
breast-cancer,real,GNB+Iso,5,0.8070175438596491,0.4151899121779934,0.1326917509211664
breast-cancer,real,ABD-NB,5,0.8070175438596491,0.6112285922921482,0.15259299908877605
breast-cancer,real,ABD-NB+Platt,5,0.8245614035087719,0.4683310586631927,0.10265339919312788
breast-cancer,real,ABD-NB+Iso,5,0.8070175438596491,0.38942942009449266,0.11000691046578567
breast-cancer,real,GNB,6,0.9298245614035088,0.6546957249947173,0.07257169980073856
breast-cancer,real,GNB+Platt,6,0.9298245614035088,0.21392061932394685,0.06018381109275026
breast-cancer,real,GNB+Iso,6,0.9122807017543859,0.16267272844556727,0.039756428242968066
breast-cancer,real,ABD-NB,6,0.9122807017543859,0.23952889971511504,0.07762327027068798
breast-cancer,real,ABD-NB+Platt,6,0.9298245614035088,0.21104140433179824,0.08153948491303106
breast-cancer,real,ABD-NB+Iso,6,0.9122807017543859,0.14376405043305882,0.06595384472577456
breast-cancer,real,GNB,7,0.9298245614035088,0.40802409840834153,0.06286038431970249
breast-cancer,real,GNB+Platt,7,0.9298245614035088,0.2219918212844406,0.02226414029766932
breast-cancer,real,GNB+Iso,7,0.9473684210526315,0.12753230961160747,0.06101650603230617
breast-cancer,real,ABD-NB,7,0.9473684210526315,0.23375388813230227,0.05117171480824567
breast-cancer,real,ABD-NB+Platt,7,0.9473684210526315,0.18894874691756564,0.032340701471045744
breast-cancer,real,ABD-NB+Iso,7,0.9298245614035088,0.1620725936689703,0.05600730861470271
breast-cancer,real,GNB,8,0.9649122807017544,0.12662826670120814,0.02798963368338951
breast-cancer,real,GNB+Platt,8,0.9649122807017544,0.12694995469894768,0.057710168232977796
breast-cancer,real,GNB+Iso,8,0.9824561403508771,0.05689703213354982,0.030949489426643037
breast-cancer,real,ABD-NB,8,0.9649122807017544,0.07184604603724447,0.022361068745499778
breast-cancer,real,ABD-NB+Platt,8,0.9649122807017544,0.12990720303285347,0.07810790502526668
breast-cancer,real,ABD-NB+Iso,8,0.9824561403508771,0.06540620100365845,0.032067446868954054
breast-cancer,real,GNB,9,0.9642857142857143,0.615621166157227,0.035686766341952225
breast-cancer,real,GNB+Platt,9,0.9642857142857143,0.1634129838253151,0.03047619526212035
breast-cancer,real,GNB+Iso,9,0.9642857142857143,0.12220013756055313,0.022734963227965872
breast-cancer,real,ABD-NB,9,0.9642857142857143,0.18450020083482083,0.02918916636161844
breast-cancer,real,ABD-NB+Platt,9,0.9642857142857143,0.12093666820732943,0.04381217948436946
breast-cancer,real,ABD-NB+Iso,9,0.9821428571428571,0.10385105810486285,0.01758844649456731
breast-cancer,real,GNB,10,0.9473684210526315,0.24657017630133934,0.05122623275420357
breast-cancer,real,GNB+Platt,10,0.9473684210526315,0.15814317794216162,0.07032767404875742
breast-cancer,real,GNB+Iso,10,0.9649122807017544,0.09909912014628547,0.03618371927274439
breast-cancer,real,ABD-NB,10,0.9649122807017544,0.087573812078003,0.029114370689297463
breast-cancer,real,ABD-NB+Platt,10,0.9649122807017544,0.12431302698207333,0.05075113092867863
breast-cancer,real,ABD-NB+Iso,10,0.9649122807017544,0.08022524796463035,0.03565904226974663
breast-cancer,real,GNB,11,0.9649122807017544,0.4173948302115592,0.03454128779465282
breast-cancer,real,GNB+Platt,11,0.9649122807017544,0.15548692056047259,0.05946353349398687
breast-cancer,real,GNB+Iso,11,0.9649122807017544,0.11504237881477535,0.01744777844402217
breast-cancer,real,ABD-NB,11,0.9824561403508771,0.1120065691350755,0.029096162874346663
breast-cancer,real,ABD-NB+Platt,11,0.9824561403508771,0.12049921172687988,0.04969460821158878
breast-cancer,real,ABD-NB+Iso,11,0.9649122807017544,0.08278822000481528,0.0618475099366282
breast-cancer,real,GNB,12,0.9473684210526315,0.23791658975407892,0.05359720185577696
breast-cancer,real,GNB+Platt,12,0.9473684210526315,0.195330671348731,0.06842468843597108
breast-cancer,real,GNB+Iso,12,0.9298245614035088,0.10556301254859524,0.048524953318868164
breast-cancer,real,ABD-NB,12,0.9473684210526315,0.13975922420286205,0.04314151072711095
breast-cancer,real,ABD-NB+Platt,12,0.9473684210526315,0.17337241999303094,0.07051232516625931
breast-cancer,real,ABD-NB+Iso,12,0.9298245614035088,0.10909415259869996,0.043619787126702475
breast-cancer,real,GNB,13,0.8947368421052632,0.9913158568535311,0.09604576001128083
breast-cancer,real,GNB+Platt,13,0.8947368421052632,0.3102214491020756,0.040409572458572435
breast-cancer,real,GNB+Iso,13,0.8947368421052632,0.20503924877490365,0.07041382038585837
breast-cancer,real,ABD-NB,13,0.9473684210526315,0.247309368746755,0.06651292934929315
breast-cancer,real,ABD-NB+Platt,13,0.9298245614035088,0.22733151634574933,0.03934154568474978
breast-cancer,real,ABD-NB+Iso,13,0.9122807017543859,0.16928088751901227,0.07876366316327928
breast-cancer,real,GNB,14,0.8947368421052632,1.1357802780211115,0.102608034144851
breast-cancer,real,GNB+Platt,14,0.8947368421052632,0.3218905375315526,0.03187887081933201
breast-cancer,real,GNB+Iso,14,0.8771929824561403,0.2441017632220962,0.07321908695561453
breast-cancer,real,ABD-NB,14,0.8771929824561403,0.5788234600426289,0.10661806815895258
breast-cancer,real,ABD-NB+Platt,14,0.8771929824561403,0.34549142116635084,0.06196361775686782
breast-cancer,real,ABD-NB+Iso,14,0.8596491228070176,0.22718166421430852,0.09258926171129805
breast-cancer,real,GNB,15,0.9122807017543859,0.6467316950627721,0.07666345965538235
breast-cancer,real,GNB+Platt,15,0.9122807017543859,0.22956575193900294,0.09895474024740103
breast-cancer,real,GNB+Iso,15,0.9122807017543859,0.5776164336060908,0.05031213228422257
breast-cancer,real,ABD-NB,15,0.9122807017543859,0.24397806463916813,0.07299209449242755
breast-cancer,real,ABD-NB+Platt,15,0.9298245614035088,0.22158035450554717,0.08218636227396259
breast-cancer,real,ABD-NB+Iso,15,0.9298245614035088,0.16112602284290156,0.04460346070358289
breast-cancer,real,GNB,16,0.9649122807017544,0.28554940693007497,0.03469951775523372
breast-cancer,real,GNB+Platt,16,0.9649122807017544,0.16019017521446596,0.060223092106965435
breast-cancer,real,GNB+Iso,16,0.9649122807017544,0.08353499147377921,0.03364608026959795
breast-cancer,real,ABD-NB,16,0.9649122807017544,0.10735322617852301,0.03164430286659449
breast-cancer,real,ABD-NB+Platt,16,0.9824561403508771,0.12119699916771214,0.047879355273690236
breast-cancer,real,ABD-NB+Iso,16,0.9824561403508771,0.0771513057741601,0.03813846118434993
breast-cancer,real,GNB,17,0.9824561403508771,0.46341415639683975,0.017443342799728923
breast-cancer,real,GNB+Platt,17,0.9824561403508771,0.11720641131299572,0.04921484463136481
breast-cancer,real,GNB+Iso,17,0.9824561403508771,0.05097084273934449,0.02535711368695754
breast-cancer,real,ABD-NB,17,0.9824561403508771,0.12601265642915482,0.015589662549316485
breast-cancer,real,ABD-NB+Platt,17,0.9824561403508771,0.10745088927300274,0.036436587871460986
breast-cancer,real,ABD-NB+Iso,17,0.9824561403508771,0.05455157039693884,0.01655359069261205
breast-cancer,real,GNB,18,0.9473684210526315,0.8451327556014442,0.0712982913609932
breast-cancer,real,GNB+Platt,18,0.9298245614035088,0.23437316676596426,0.06221760454792202
breast-cancer,real,GNB+Iso,18,0.9298245614035088,0.16218101443689037,0.056611165887356756
breast-cancer,real,ABD-NB,18,0.9473684210526315,0.17881797168346633,0.04291535843422637
breast-cancer,real,ABD-NB+Platt,18,0.9649122807017544,0.14831781627326923,0.05347860974825007
breast-cancer,real,ABD-NB+Iso,18,0.9649122807017544,0.13933418506865888,0.07221339780371287
breast-cancer,real,GNB,19,0.9285714285714286,0.5965064419967947,0.06440806542298166
breast-cancer,real,GNB+Platt,19,0.9285714285714286,0.22497846106513206,0.057597958326801146
breast-cancer,real,GNB+Iso,19,0.9464285714285714,0.16125678605931332,0.05674227473352375
breast-cancer,real,ABD-NB,19,0.9107142857142857,0.2755188817723434,0.0751061282137732
breast-cancer,real,ABD-NB+Platt,19,0.9107142857142857,0.2169968190568618,0.08079674286381301
breast-cancer,real,ABD-NB+Iso,19,0.9285714285714286,0.5784208193487002,0.07087979370110026
digits,real,GNB,0,0.85,2.3686218172245095,0.14853913151181836
digits,real,GNB+Platt,0,0.8777777777777778,0.49976171959243976,0.13771498916704114
digits,real,GNB+Iso,0,0.8888888888888888,0.3593757238396192,0.09869702291905483
digits,real,ABD-NB,0,0.85,2.3686188972700672,0.14853901320082824
digits,real,ABD-NB+Platt,0,0.8777777777777778,0.4997614017517833,0.13771492602704957
digits,real,ABD-NB+Iso,0,0.8888888888888888,0.3593757259607323,0.09869699979673563
digits,real,GNB,1,0.8444444444444444,2.1055950846606297,0.1486325271919635
digits,real,GNB+Platt,1,0.8944444444444445,0.5480603400491457,0.16870511125985332
digits,real,GNB+Iso,1,0.9277777777777778,0.4134258976816118,0.11685124657074641
digits,real,ABD-NB,1,0.8444444444444444,2.105591538206743,0.14863225979274133
digits,real,ABD-NB+Platt,1,0.8888888888888888,0.5440971521209799,0.17478880698697877
digits,real,ABD-NB+Iso,1,0.9222222222222223,0.4175567632791967,0.11396385776137516
digits,real,GNB,2,0.8166666666666667,2.8337743828217685,0.17461762360265004
digits,real,GNB+Platt,2,0.8444444444444444,0.6035057355239649,0.16291976046608872
digits,real,GNB+Iso,2,0.8777777777777778,0.43838804043743995,0.07025945474584858
digits,real,ABD-NB,2,0.8166666666666667,2.833771834205712,0.17461769539054867
digits,real,ABD-NB+Platt,2,0.8444444444444444,0.6035054874792701,0.1629196704967188
digits,real,ABD-NB+Iso,2,0.8777777777777778,0.43838802312516867,0.07025945168701107
digits,real,GNB,3,0.8333333333333334,2.5491448578856546,0.16531619648530174
digits,real,GNB+Platt,3,0.8722222222222222,0.5619427740379699,0.1580836505462947
digits,real,GNB+Iso,3,0.8777777777777778,0.45002843672303483,0.09937653773168785
digits,real,ABD-NB,3,0.8333333333333334,2.5491422559348282,0.16531597339756474
digits,real,ABD-NB+Platt,3,0.8666666666666667,0.5771832458150596,0.14873378608445925
digits,real,ABD-NB+Iso,3,0.8888888888888888,0.4402934000050155,0.09914457581358309
digits,real,GNB,4,0.8666666666666667,2.1941347314283948,0.12608809639779367
digits,real,GNB+Platt,4,0.8833333333333333,0.5428944196112991,0.14888122992992908
digits,real,GNB+Iso,4,0.8944444444444445,0.4028212891236928,0.11381088001976983
digits,real,ABD-NB,4,0.8666666666666667,2.194132996864373,0.12608807996510762
digits,real,ABD-NB+Platt,4,0.8833333333333333,0.542894249320541,0.1488810555453801
digits,real,ABD-NB+Iso,4,0.8944444444444445,0.4028213670579594,0.11381090356294679
digits,real,GNB,5,0.8555555555555555,1.9567182872744828,0.1341159571981193
digits,real,GNB+Platt,5,0.8944444444444445,0.48729025696223616,0.16458085239165984
digits,real,GNB+Iso,5,0.9222222222222223,0.3456833151591455,0.13196823771225674
digits,real,ABD-NB,5,0.8388888888888889,2.077136053037203,0.16091769807111406
digits,real,ABD-NB+Platt,5,0.9,0.5030923280856314,0.17030001443366155
digits,real,ABD-NB+Iso,5,0.9111111111111111,0.3458178804046503,0.13285200831784733
digits,real,GNB,6,0.8333333333333334,2.7223029462531905,0.1631373520744272
digits,real,GNB+Platt,6,0.8666666666666667,0.5554672807564948,0.1466755129229373
digits,real,GNB+Iso,6,0.8833333333333333,0.4205034790398417,0.11665018823108447
digits,real,ABD-NB,6,0.8333333333333334,2.7223017298167824,0.16313730530308937
digits,real,ABD-NB+Platt,6,0.8666666666666667,0.5554670948460187,0.14667535567897333
digits,real,ABD-NB+Iso,6,0.8833333333333333,0.4205035464754284,0.116650214841728
digits,real,GNB,7,0.8603351955307262,2.214644723677553,0.13723854733060672
digits,real,GNB+Platt,7,0.8770949720670391,0.5708488660200994,0.14569159179683203
digits,real,GNB+Iso,7,0.8938547486033519,0.43770496903134937,0.10495137691289197
digits,real,ABD-NB,7,0.8603351955307262,2.214642243131427,0.13723846897158992
digits,real,ABD-NB+Platt,7,0.8770949720670391,0.578282164207341,0.14942889811414253
digits,real,ABD-NB+Iso,7,0.8938547486033519,0.42750000806034794,0.09865071796268252
digits,real,GNB,8,0.8100558659217877,2.6231243031497113,0.18151340255060047
digits,real,GNB+Platt,8,0.8603351955307262,0.5823760811803809,0.1594076776831581
digits,real,GNB+Iso,8,0.8938547486033519,0.39743722024252515,0.08805697493267851
digits,real,ABD-NB,8,0.8100558659217877,2.623118349564543,0.18151330043743427
digits,real,ABD-NB+Platt,8,0.8547486033519553,0.6055141430726206,0.14772111443828628
digits,real,ABD-NB+Iso,8,0.8938547486033519,0.40110090605673787,0.09268539829409803
digits,real,GNB,9,0.8212290502793296,2.9298702367150384,0.17144797714716298
digits,real,GNB+Platt,9,0.8156424581005587,0.6855308208181791,0.10144681380172763
digits,real,GNB+Iso,9,0.8603351955307262,0.5552987105087414,0.06921048202433706
digits,real,ABD-NB,9,0.8212290502793296,2.929868395005058,0.17144789942389663
digits,real,ABD-NB+Platt,9,0.8156424581005587,0.7015824613118061,0.10766531143532257
digits,real,ABD-NB+Iso,9,0.8547486033519553,0.5559600004386089,0.05050355999805797
digits,real,GNB,10,0.8222222222222222,2.7758109039716072,0.16872084885379265
digits,real,GNB+Platt,10,0.8444444444444444,0.658122782965004,0.11707460021115224
digits,real,GNB+Iso,10,0.8833333333333333,0.4828582472981329,0.07840765208597239
digits,real,ABD-NB,10,0.8222222222222222,2.7758074428930635,0.16872078047720251
digits,real,ABD-NB+Platt,10,0.8444444444444444,0.6581225831282721,0.11707442213348437
digits,real,ABD-NB+Iso,10,0.8833333333333333,0.48285822201197537,0.07840762570138222
digits,real,GNB,11,0.8555555555555555,2.0233175141020387,0.14243209747797025
digits,real,GNB+Platt,11,0.9111111111111111,0.4799405541182658,0.17827619838404327
digits,real,GNB+Iso,11,0.9277777777777778,0.36801015799754394,0.10580793248830883
digits,real,ABD-NB,11,0.8555555555555555,2.023314213378369,0.14243184574223225
digits,real,ABD-NB+Platt,11,0.9111111111111111,0.49161505215936185,0.17080263591734207
digits,real,ABD-NB+Iso,11,0.9277777777777778,0.3662078956466411,0.09973242034724464
digits,real,GNB,12,0.8388888888888889,3.0010993047064645,0.15940139023288347
digits,real,GNB+Platt,12,0.8555555555555555,0.5655101923970014,0.15550621302902712
digits,real,GNB+Iso,12,0.8833333333333333,0.4225903407818807,0.07328822427156909
digits,real,ABD-NB,12,0.8388888888888889,3.001096083660381,0.15940137129782223
digits,real,ABD-NB+Platt,12,0.8388888888888889,0.5930268500650903,0.1577879304829367
digits,real,ABD-NB+Iso,12,0.8888888888888888,0.4400673394587058,0.08657713227351337
digits,real,GNB,13,0.8166666666666667,2.552448603495638,0.18175415392215016
digits,real,GNB+Platt,13,0.85,0.6372598250521299,0.13178024722403103
digits,real,GNB+Iso,13,0.8722222222222222,0.49602723114703995,0.07628017950641273
digits,real,ABD-NB,13,0.8166666666666667,2.552445944560094,0.18175396235942437
digits,real,ABD-NB+Platt,13,0.8388888888888889,0.6535655394149101,0.13086993284708553
digits,real,ABD-NB+Iso,13,0.8722222222222222,0.4956681769828647,0.07596037095159142
digits,real,GNB,14,0.8388888888888889,2.3134245376696447,0.14714967051201755
digits,real,GNB+Platt,14,0.8666666666666667,0.5872926399852266,0.11225465378755106
digits,real,GNB+Iso,14,0.8722222222222222,0.45394384641051255,0.08809374181893248
digits,real,ABD-NB,14,0.8388888888888889,2.3134226174384054,0.14714961072231444
digits,real,ABD-NB+Platt,14,0.8555555555555555,0.6092779520680468,0.128599410199824
digits,real,ABD-NB+Iso,14,0.8777777777777778,0.461739761110789,0.0800691859704515
digits,real,GNB,15,0.7944444444444444,3.1383263327502813,0.19427236052039112
digits,real,GNB+Platt,15,0.8111111111111111,0.69740132185638,0.15687863136550345
digits,real,GNB+Iso,15,0.8388888888888889,0.5386796355194625,0.08020205144955421
digits,real,ABD-NB,15,0.7944444444444444,3.138323480075644,0.19427228018253564
digits,real,ABD-NB+Platt,15,0.7944444444444444,0.7230628758299184,0.14111441488419624
digits,real,ABD-NB+Iso,15,0.8333333333333334,0.5333818562056913,0.103569716122523
digits,real,GNB,16,0.8611111111111112,2.4255563506624487,0.13468261276839832
digits,real,GNB+Platt,16,0.8833333333333333,0.5240859796094404,0.17099835449351264
digits,real,GNB+Iso,16,0.9166666666666666,0.37549528051096576,0.1061181099019065
digits,real,ABD-NB,16,0.8611111111111112,2.425553251994143,0.13468251696874603
digits,real,ABD-NB+Platt,16,0.8833333333333333,0.5301531593146529,0.17598140548840407
digits,real,ABD-NB+Iso,16,0.9166666666666666,0.37516050421834146,0.10708765160375873
digits,real,GNB,17,0.88268156424581,1.962688482272671,0.10688443863086938
digits,real,GNB+Platt,17,0.888268156424581,0.5657324190400087,0.1575274149354036
digits,real,GNB+Iso,17,0.9106145251396648,0.42160978708142477,0.12658103460220643
digits,real,ABD-NB,17,0.88268156424581,1.9626873603097397,0.10688425806303076
digits,real,ABD-NB+Platt,17,0.888268156424581,0.5722966969535948,0.1668344458584583
digits,real,ABD-NB+Iso,17,0.9162011173184358,0.43534294993680783,0.1287088690876191
digits,real,GNB,18,0.88268156424581,1.9659063388159648,0.10835653089897182
digits,real,GNB+Platt,18,0.888268156424581,0.4609211182656223,0.14346585734675085
digits,real,GNB+Iso,18,0.888268156424581,0.38235357547124016,0.09152357678997018
digits,real,ABD-NB,18,0.88268156424581,1.965904545518615,0.1083564596228662
digits,real,ABD-NB+Platt,18,0.888268156424581,0.47585338878097433,0.1544943026390747
digits,real,ABD-NB+Iso,18,0.9050279329608939,0.3656300804288486,0.08277788077632701
digits,real,GNB,19,0.8435754189944135,2.2475559527061875,0.14204910969779358
digits,real,GNB+Platt,19,0.8938547486033519,0.5279483316622191,0.15217362511902402
digits,real,GNB+Iso,19,0.9273743016759777,0.3533176728156479,0.13534776580959226
digits,real,ABD-NB,19,0.8435754189944135,2.247552011762368,0.14204910798384007
digits,real,ABD-NB+Platt,19,0.8938547486033519,0.527948007390937,0.15217357369109813
digits,real,ABD-NB+Iso,19,0.9273743016759777,0.3533175965603402,0.135347706548129
heart-cleveland,real,GNB,0,0.9032258064516129,0.12652372366692835,0.09743427589982628
heart-cleveland,real,GNB+Platt,0,0.9032258064516129,0.26262210051535123,0.1940861854081513
heart-cleveland,real,GNB+Iso,0,0.9032258064516129,0.249375209472827,0.1420385677675286
heart-cleveland,real,ABD-NB,0,0.9032258064516129,0.12781503811427258,0.06768044213901941
heart-cleveland,real,ABD-NB+Platt,0,0.967741935483871,0.24966065035021623,0.17468522264184105
heart-cleveland,real,ABD-NB+Iso,0,0.967741935483871,0.2530709402405183,0.1777582851737365
heart-cleveland,real,GNB,1,0.8387096774193549,0.5495649666230603,0.14342618624510498
heart-cleveland,real,GNB+Platt,1,0.8387096774193549,0.40471438935597864,0.08075245226948033
heart-cleveland,real,GNB+Iso,1,0.8709677419354839,0.34158029317938915,0.11744188019674018
heart-cleveland,real,ABD-NB,1,0.8709677419354839,0.5505980756142097,0.164753624305844
heart-cleveland,real,ABD-NB+Platt,1,0.8387096774193549,0.39741444661522923,0.09781867644258194
heart-cleveland,real,ABD-NB+Iso,1,0.8709677419354839,0.3623873002230492,0.06794678520261123
heart-cleveland,real,GNB,2,0.7741935483870968,1.0013142313661076,0.17735129044202763
heart-cleveland,real,GNB+Platt,2,0.7741935483870968,0.5148849125859369,0.09224304789428352
heart-cleveland,real,GNB+Iso,2,0.8387096774193549,0.520703306195123,0.19955178065183166
heart-cleveland,real,ABD-NB,2,0.8387096774193549,0.9443997803213632,0.22388384104314174
heart-cleveland,real,ABD-NB+Platt,2,0.7741935483870968,0.5191605113447578,0.10104058430927743
heart-cleveland,real,ABD-NB+Iso,2,0.8064516129032258,0.5431489790104282,0.1940162432008536
heart-cleveland,real,GNB,3,0.8,1.0098576838925208,0.18483347893793015
heart-cleveland,real,GNB+Platt,3,0.8,0.5039614992256577,0.07861581701291685
heart-cleveland,real,GNB+Iso,3,0.8,0.642101909530585,0.121525053261812
heart-cleveland,real,ABD-NB,3,0.8,1.0180618444146743,0.17736850744948612
heart-cleveland,real,ABD-NB+Platt,3,0.8,0.5067738281114171,0.07837807737807673
heart-cleveland,real,ABD-NB+Iso,3,0.8,1.322217249438063,0.12734778071521657
heart-cleveland,real,GNB,4,0.8333333333333334,0.36588883347348883,0.10791663666828145
heart-cleveland,real,GNB+Platt,4,0.8333333333333334,0.35520065273031065,0.11133291825616376
heart-cleveland,real,GNB+Iso,4,0.8666666666666667,0.30909924028908303,0.15213395121002457
heart-cleveland,real,ABD-NB,4,0.8333333333333334,0.39417567383297025,0.12831933147165459
heart-cleveland,real,ABD-NB+Platt,4,0.8333333333333334,0.3489753566009934,0.10780997631866679
heart-cleveland,real,ABD-NB+Iso,4,0.9,0.30243666185184104,0.11277228264479865
heart-cleveland,real,GNB,5,0.8333333333333334,0.5621915358575617,0.17784313270911756
heart-cleveland,real,GNB+Platt,5,0.8333333333333334,0.46219689652810114,0.1018576565957814
heart-cleveland,real,GNB+Iso,5,0.8333333333333334,0.4236033671115492,0.15514911845701174
heart-cleveland,real,ABD-NB,5,0.8333333333333334,0.5534502581596901,0.17799975955583214
heart-cleveland,real,ABD-NB+Platt,5,0.8333333333333334,0.4637701571516085,0.15379421123507803
heart-cleveland,real,ABD-NB+Iso,5,0.8333333333333334,0.4307270233264953,0.17268697220056103
heart-cleveland,real,GNB,6,0.9,0.2780808329014532,0.09833411219847822
heart-cleveland,real,GNB+Platt,6,0.9,0.33218998123613286,0.17102703738801406
heart-cleveland,real,GNB+Iso,6,0.9,0.31576580553104766,0.13946612664616856
heart-cleveland,real,ABD-NB,6,0.9,0.258634210080782,0.08213343759576179
heart-cleveland,real,ABD-NB+Platt,6,0.9,0.32878213468494194,0.13919201466652462
heart-cleveland,real,ABD-NB+Iso,6,0.9333333333333333,0.30408237539308275,0.14293228408477174
heart-cleveland,real,GNB,7,0.8666666666666667,0.7030929376388669,0.12468208994212102
heart-cleveland,real,GNB+Platt,7,0.8666666666666667,0.3885705136326816,0.09348555583400098
heart-cleveland,real,GNB+Iso,7,0.8666666666666667,0.3688151652510294,0.1518562199853018
heart-cleveland,real,ABD-NB,7,0.8666666666666667,0.5001359198350637,0.14146497833922994
heart-cleveland,real,ABD-NB+Platt,7,0.8666666666666667,0.3763673743572157,0.11446833269117901
heart-cleveland,real,ABD-NB+Iso,7,0.8666666666666667,0.3326163917670069,0.10903887935845058
heart-cleveland,real,GNB,8,0.7,1.282403118119437,0.2512296591737375
heart-cleveland,real,GNB+Platt,8,0.7,0.6367059053527779,0.14181139870679582
heart-cleveland,real,GNB+Iso,8,0.7,0.6556039949902728,0.19095576685804858
heart-cleveland,real,ABD-NB,8,0.6666666666666666,1.3432514765625376,0.2821125948446032
heart-cleveland,real,ABD-NB+Platt,8,0.7,0.6338487715918356,0.15164545541332208
heart-cleveland,real,ABD-NB+Iso,8,0.7,0.6912409707859081,0.20018752610276092
heart-cleveland,real,GNB,9,0.8333333333333334,0.5335965092631413,0.15925785247302401
heart-cleveland,real,GNB+Platt,9,0.8333333333333334,0.39265134269191226,0.09213989757422306
heart-cleveland,real,GNB+Iso,9,0.8333333333333334,0.3829665872610562,0.15777512436192026
heart-cleveland,real,ABD-NB,9,0.8333333333333334,0.5313686405507575,0.1668168845415049
heart-cleveland,real,ABD-NB+Platt,9,0.8333333333333334,0.3947140150008975,0.09325779753560497
heart-cleveland,real,ABD-NB+Iso,9,0.8333333333333334,0.35741349280744733,0.08774815594802672
heart-cleveland,real,GNB,10,0.8387096774193549,0.47263997147902626,0.09906543216072702
heart-cleveland,real,GNB+Platt,10,0.8387096774193549,0.38472803301001973,0.08500979016098839
heart-cleveland,real,GNB+Iso,10,0.8387096774193549,0.34807391866553455,0.12981888506243766
heart-cleveland,real,ABD-NB,10,0.8709677419354839,0.4709405565439584,0.1333097418580536
heart-cleveland,real,ABD-NB+Platt,10,0.8387096774193549,0.383767712590037,0.10188320342173666
heart-cleveland,real,ABD-NB+Iso,10,0.8064516129032258,0.3382101269311332,0.1583173883012845
heart-cleveland,real,GNB,11,0.9354838709677419,0.46471494969042687,0.1041889058756727
heart-cleveland,real,GNB+Platt,11,0.9354838709677419,0.3137287916058305,0.11381147805995441
heart-cleveland,real,GNB+Iso,11,0.9354838709677419,0.31741810070117926,0.13592465390505282
heart-cleveland,real,ABD-NB,11,0.9032258064516129,0.4784362282559125,0.1157145345604543
heart-cleveland,real,ABD-NB+Platt,11,0.9354838709677419,0.3154586237224637,0.11525986628657847
heart-cleveland,real,ABD-NB+Iso,11,0.9354838709677419,0.3082910736016113,0.13314729165572564
heart-cleveland,real,GNB,12,0.8387096774193549,0.5493878537907952,0.14748261753941844
heart-cleveland,real,GNB+Platt,12,0.8387096774193549,0.4028074009137299,0.05269835568251352
heart-cleveland,real,GNB+Iso,12,0.8387096774193549,0.36455895296558244,0.04988787664815383
heart-cleveland,real,ABD-NB,12,0.8387096774193549,0.5339036840764729,0.14738021954969333
heart-cleveland,real,ABD-NB+Platt,12,0.8387096774193549,0.40628597556590423,0.04354131143815216
heart-cleveland,real,ABD-NB+Iso,12,0.8387096774193549,0.3641000638259009,0.0961835861242188
heart-cleveland,real,GNB,13,0.8,0.744183662736596,0.16044262007125765
heart-cleveland,real,GNB+Platt,13,0.8,0.48737655881767256,0.05825839907670387
heart-cleveland,real,GNB+Iso,13,0.8333333333333334,0.4700152469343419,0.1579389205424609
heart-cleveland,real,ABD-NB,13,0.8333333333333334,0.6237144007541865,0.19969837065872698
heart-cleveland,real,ABD-NB+Platt,13,0.8,0.47539915295799895,0.08010862234287863
heart-cleveland,real,ABD-NB+Iso,13,0.8333333333333334,0.4695379323075576,0.1300404656031207
heart-cleveland,real,GNB,14,0.8333333333333334,0.6560415330867622,0.18234313546048542
heart-cleveland,real,GNB+Platt,14,0.8333333333333334,0.47181564686462907,0.0688029184002403
heart-cleveland,real,GNB+Iso,14,0.8333333333333334,0.42298450490935635,0.13628227180940447
heart-cleveland,real,ABD-NB,14,0.8,0.5659485053538635,0.1840125203800478
heart-cleveland,real,ABD-NB+Platt,14,0.8333333333333334,0.46990927472281363,0.05452244449728068
heart-cleveland,real,ABD-NB+Iso,14,0.8333333333333334,0.4175798140539088,0.10909479793093083
heart-cleveland,real,GNB,15,0.8333333333333334,0.5821348930796623,0.11449068440371372
heart-cleveland,real,GNB+Platt,15,0.8333333333333334,0.42526764831518094,0.05447545047760563
heart-cleveland,real,GNB+Iso,15,0.8,0.424109212095014,0.08844893110315148
heart-cleveland,real,ABD-NB,15,0.8666666666666667,0.5165107588996082,0.12395438177132138
heart-cleveland,real,ABD-NB+Platt,15,0.8666666666666667,0.4081291879153484,0.08011321628342907
heart-cleveland,real,ABD-NB+Iso,15,0.8333333333333334,0.41032763087915675,0.09959894957088275
heart-cleveland,real,GNB,16,0.8,0.8488577506144922,0.18480870518633108
heart-cleveland,real,GNB+Platt,16,0.8,0.5182086363712398,0.16073035086945306
heart-cleveland,real,GNB+Iso,16,0.8,0.5192940527327401,0.15428275377336512
heart-cleveland,real,ABD-NB,16,0.7666666666666667,0.8742073691869514,0.2014928279510943
heart-cleveland,real,ABD-NB+Platt,16,0.8,0.5216590220396449,0.1588057515421011
heart-cleveland,real,ABD-NB+Iso,16,0.7666666666666667,0.536138361645277,0.14003676898730955
heart-cleveland,real,GNB,17,0.8333333333333334,0.7088156056606334,0.10726529802742946
heart-cleveland,real,GNB+Platt,17,0.8333333333333334,0.36501071345360797,0.11108199201366026
heart-cleveland,real,GNB+Iso,17,0.8666666666666667,0.3894078980301486,0.10177730562157554
heart-cleveland,real,ABD-NB,17,0.8333333333333334,0.6103423949442244,0.14343747957758218
heart-cleveland,real,ABD-NB+Platt,17,0.8666666666666667,0.355508730638873,0.09758625514413365
heart-cleveland,real,ABD-NB+Iso,17,0.8666666666666667,0.3918182421474069,0.13331707957434039
heart-cleveland,real,GNB,18,0.8,0.814252956440668,0.162350730860635
heart-cleveland,real,GNB+Platt,18,0.8,0.4569625935809553,0.10220709604275442
heart-cleveland,real,GNB+Iso,18,0.8333333333333334,0.45963310402685426,0.13711775498834106
heart-cleveland,real,ABD-NB,18,0.8,0.8142529564373313,0.16235073086037383
heart-cleveland,real,ABD-NB+Platt,18,0.8333333333333334,0.45604433818381357,0.11151209762487096
heart-cleveland,real,ABD-NB+Iso,18,0.8333333333333334,0.44057245119257904,0.1003248754505909
heart-cleveland,real,GNB,19,0.9,0.33838800301764543,0.0829030350357385
heart-cleveland,real,GNB+Platt,19,0.9,0.32505917543533064,0.08238674501965015
heart-cleveland,real,GNB+Iso,19,0.9,0.22282649472745433,0.08353846271514576
heart-cleveland,real,ABD-NB,19,0.9,0.3903789262860148,0.0950951490765638
heart-cleveland,real,ABD-NB+Platt,19,0.9,0.334102670764813,0.057495719176684335
heart-cleveland,real,ABD-NB+Iso,19,0.9,0.283286700621379,0.06882762186948202
hepatitis,real,GNB,0,0.5625,3.6806458671774225,0.3627262711183328
hepatitis,real,GNB+Platt,0,0.8125,0.4772430649202518,0.17084125301162803
hepatitis,real,GNB+Iso,0,0.8125,0.5281739152976661,0.20747098477814646
hepatitis,real,ABD-NB,0,0.5625,3.5293313656814296,0.40722726402411125
hepatitis,real,ABD-NB+Platt,0,0.8125,0.473770210024285,0.1716816897139829
hepatitis,real,ABD-NB+Iso,0,0.625,0.5417691550286541,0.21945719765227034
hepatitis,real,GNB,1,0.6875,1.9989957145242434,0.31179141664378296
hepatitis,real,GNB+Platt,1,0.8125,0.3934262173036864,0.12319205834589761
hepatitis,real,GNB+Iso,1,0.8125,1.9852276017526589,0.11761384592056012
hepatitis,real,ABD-NB,1,0.6875,2.029183452573122,0.3216168775859441
hepatitis,real,ABD-NB+Platt,1,0.8125,0.3934262117448669,0.123192050410358
hepatitis,real,ABD-NB+Iso,1,0.8125,1.9852276017519546,0.11761384592118479
hepatitis,real,GNB,2,0.5,3.1133983894304094,0.4378667236798104
hepatitis,real,GNB+Platt,2,0.8125,0.4179699836699295,0.10429021587964896
hepatitis,real,GNB+Iso,2,0.875,0.5363238010061229,0.15673489785563754
hepatitis,real,ABD-NB,2,0.5,3.026423459113431,0.4352589171185879
hepatitis,real,ABD-NB+Platt,2,0.8125,0.41796997334628,0.10429019663394634
hepatitis,real,ABD-NB+Iso,2,0.875,0.5363238010004912,0.15673489785130934
hepatitis,real,GNB,3,0.6875,1.7882784793093185,0.2818167448763076
hepatitis,real,GNB+Platt,3,0.75,0.5411736378140646,0.1893399361165912
hepatitis,real,GNB+Iso,3,0.6875,0.6742556107919714,0.21963592622711187
hepatitis,real,ABD-NB,3,0.6875,1.7882783814953596,0.28181673741619767
hepatitis,real,ABD-NB+Platt,3,0.75,0.5397682852828456,0.18929356483585508
hepatitis,real,ABD-NB+Iso,3,0.6875,0.6731126086056471,0.2194311862179546
hepatitis,real,GNB,4,0.875,1.0446257658341191,0.14059236649098084
hepatitis,real,GNB+Platt,4,0.75,0.38857527663056074,0.2083357907685256
hepatitis,real,GNB+Iso,4,0.8125,0.4644781606361253,0.13717497291453795
hepatitis,real,ABD-NB,4,0.875,1.0250694926638486,0.14267456598431197
hepatitis,real,ABD-NB+Platt,4,0.75,0.38987894547160556,0.21023462776915536
hepatitis,real,ABD-NB+Iso,4,0.8125,0.47054348682590386,0.19150794451311182
hepatitis,real,GNB,5,0.8666666666666667,1.4327507195190305,0.17397170959903424
hepatitis,real,GNB+Platt,5,0.8,0.28805002758297865,0.09841458915205391
hepatitis,real,GNB+Iso,5,0.9333333333333333,0.13249807392733,0.039886002401127836
hepatitis,real,ABD-NB,5,0.8666666666666667,1.4327505914497354,0.17397169275832874
hepatitis,real,ABD-NB+Platt,5,0.8,0.2911321176256011,0.10211783364959533
hepatitis,real,ABD-NB+Iso,5,0.9333333333333333,0.1397487475028535,0.10763053109211534
hepatitis,real,GNB,6,0.8666666666666667,1.1900108676104888,0.1640928148930071
hepatitis,real,GNB+Platt,6,0.8,0.30564199324478775,0.1176992278454658
hepatitis,real,GNB+Iso,6,0.8666666666666667,0.20108750988709787,0.15064084036811506
hepatitis,real,ABD-NB,6,0.8666666666666667,1.1900107451823503,0.16409280021709677
hepatitis,real,ABD-NB+Platt,6,0.8,0.3168816749831356,0.1292457403252058
hepatitis,real,ABD-NB+Iso,6,0.8666666666666667,0.195226995564989,0.14860920206048067
hepatitis,real,GNB,7,0.8,1.371285855013554,0.15953554141376225
hepatitis,real,GNB+Platt,7,0.8,0.4166051425970409,0.11714592259057557
hepatitis,real,GNB+Iso,7,0.8666666666666667,0.4079739356089445,0.0791526374859708
hepatitis,real,ABD-NB,7,0.7333333333333333,1.2739296035531067,0.18902496589033463
hepatitis,real,ABD-NB+Platt,7,0.8,0.41878910785102674,0.11905279887729173
hepatitis,real,ABD-NB+Iso,7,0.8666666666666667,0.407556804883021,0.07932098765432095
hepatitis,real,GNB,8,0.6,2.441426288707059,0.3690121944122648
hepatitis,real,GNB+Platt,8,0.8,0.4687135170740681,0.12875130304513932
hepatitis,real,GNB+Iso,8,0.8,0.48112158681812384,0.12341130604288503
hepatitis,real,ABD-NB,8,0.6,2.4414261246731335,0.36901218520060297
hepatitis,real,ABD-NB+Platt,8,0.8,0.4698653154294909,0.12987750940391107
hepatitis,real,ABD-NB+Iso,8,0.8,0.4855659937825661,0.1260522078142216
hepatitis,real,GNB,9,0.6666666666666666,0.8091466906554032,0.26988775955424865
hepatitis,real,GNB+Platt,9,0.8,0.32314739257387537,0.2467581580832405
hepatitis,real,GNB+Iso,9,1.0,0.16440978200777318,0.1388973747722654
hepatitis,real,ABD-NB,9,0.6666666666666666,0.8091464864057737,0.26988774784141645
hepatitis,real,ABD-NB+Platt,9,0.8,0.3248159645532834,0.24772900966964598
hepatitis,real,ABD-NB+Iso,9,1.0,0.16034764031429483,0.13590035568357134
hepatitis,real,GNB,10,0.625,3.5007950717927274,0.37301125426986836
hepatitis,real,GNB+Platt,10,0.8125,0.4081602362793578,0.16757595439383932
hepatitis,real,GNB+Iso,10,0.75,0.5204175178595953,0.24550960862446194
hepatitis,real,ABD-NB,10,0.5625,3.4003038327131314,0.35722961903264494
hepatitis,real,ABD-NB+Platt,10,0.8125,0.4107275086728293,0.16617162178309217
hepatitis,real,ABD-NB+Iso,10,0.75,0.5451248557732145,0.24845306335012374
hepatitis,real,GNB,11,0.5625,2.039472285881561,0.36437634890240833
hepatitis,real,GNB+Platt,11,0.8125,0.5028263307460559,0.15211651063112902
hepatitis,real,GNB+Iso,11,0.9375,0.3390369754649679,0.15598207658235066
hepatitis,real,ABD-NB,11,0.5625,2.0659384424481555,0.42859178228800476
hepatitis,real,ABD-NB+Platt,11,0.8125,0.5245637626379029,0.13662609852873858
hepatitis,real,ABD-NB+Iso,11,0.875,0.3512102572960161,0.15980671162418864
hepatitis,real,GNB,12,0.8125,0.5313058500520025,0.20704662606961965
hepatitis,real,GNB+Platt,12,0.8125,0.2825813473073752,0.21330898764004275
hepatitis,real,GNB+Iso,12,0.9375,0.12011963476870496,0.10005637530768029
hepatitis,real,ABD-NB,12,0.8125,0.534622062418445,0.21109524746562183
hepatitis,real,ABD-NB+Platt,12,0.8125,0.2825813233497865,0.21330897349103192
hepatitis,real,ABD-NB+Iso,12,0.9375,0.12011963360038158,0.10005637434541656
hepatitis,real,GNB,13,0.75,3.3287015861946045,0.27637522835754313
hepatitis,real,GNB+Platt,13,0.75,0.48331226815278827,0.06749759963037946
hepatitis,real,GNB+Iso,13,0.6875,0.5735797437860445,0.191043371823425
hepatitis,real,ABD-NB,13,0.75,3.00619799684164,0.27768280548812896
hepatitis,real,ABD-NB+Platt,13,0.75,0.48346902184136153,0.06784148999606228
hepatitis,real,ABD-NB+Iso,13,0.6875,0.5701403246497195,0.18791837181421195
hepatitis,real,GNB,14,0.8125,0.44711228206618725,0.19598103963066027
hepatitis,real,GNB+Platt,14,0.75,0.35310686055306384,0.21485963040451422
hepatitis,real,GNB+Iso,14,0.9375,0.13824019124019699,0.10794334412254639
hepatitis,real,ABD-NB,14,0.8125,0.4475176490185844,0.1946148639898765
hepatitis,real,ABD-NB+Platt,14,0.75,0.3626506013174959,0.26226684429645786
hepatitis,real,ABD-NB+Iso,14,0.9375,0.1370596631767354,0.10657007345288379
hepatitis,real,GNB,15,0.6666666666666666,2.5640223819670895,0.32412898414175495
hepatitis,real,GNB+Platt,15,0.8,0.3482352449825922,0.14182153502569997
hepatitis,real,GNB+Iso,15,0.8,0.464153169189583,0.1665880344783069
hepatitis,real,ABD-NB,15,0.6666666666666666,2.475226411778783,0.32626873845312404
hepatitis,real,ABD-NB+Platt,15,0.8,0.350516750789929,0.14410894785644063
hepatitis,real,ABD-NB+Iso,15,0.8,0.4632938429010357,0.16653998512844587
hepatitis,real,GNB,16,0.6666666666666666,1.784059763583712,0.3142350083929929
hepatitis,real,GNB+Platt,16,0.8,0.4859176344060622,0.24766031276142536
hepatitis,real,GNB+Iso,16,0.7333333333333333,0.5985586414795798,0.19503273548575384
hepatitis,real,ABD-NB,16,0.6,1.79337928909372,0.3291558321868133
hepatitis,real,ABD-NB+Platt,16,0.8,0.47795932285086334,0.23541508466847058
hepatitis,real,ABD-NB+Iso,16,0.7333333333333333,0.5916210774331668,0.19209312184652844
hepatitis,real,GNB,17,0.5333333333333333,1.5053100895346512,0.3806211535723304
hepatitis,real,GNB+Platt,17,0.8,0.474943592712593,0.20638558729375295
hepatitis,real,GNB+Iso,17,0.9333333333333333,0.3084885526422305,0.11920634920634923
hepatitis,real,ABD-NB,17,0.4666666666666667,1.6701696189146753,0.46963419542977486
hepatitis,real,ABD-NB+Platt,17,0.8,0.48086218188094504,0.20849653097416235
hepatitis,real,ABD-NB+Iso,17,0.9333333333333333,0.3084885526422305,0.11920634920634923
hepatitis,real,GNB,18,0.8,1.4887747570486796,0.15590491169606077
hepatitis,real,GNB+Platt,18,0.8,0.3043107217292217,0.1119738316130278
hepatitis,real,GNB+Iso,18,0.9333333333333333,0.23021027541708847,0.16607054852216363
hepatitis,real,ABD-NB,18,0.8,1.465354399046795,0.21220154870099966
hepatitis,real,ABD-NB+Platt,18,0.8,0.30583058286437786,0.11361869301778618
hepatitis,real,ABD-NB+Iso,18,0.9333333333333333,0.2469800810810155,0.14186393978895637
hepatitis,real,GNB,19,0.8,1.9968620474061411,0.21176134489210693
hepatitis,real,GNB+Platt,19,0.8,0.3250905532417517,0.07506860711554815
hepatitis,real,GNB+Iso,19,0.9333333333333333,1.9234605320044922,0.09982010582010571
hepatitis,real,ABD-NB,19,0.8,1.9117237351263225,0.21314782856748823
hepatitis,real,ABD-NB+Platt,19,0.8,0.32758761749165344,0.07934034230141385
hepatitis,real,ABD-NB+Iso,19,0.9333333333333333,1.9171618152369025,0.09402116402116396
dermatology,real,GNB,0,0.8108108108108109,5.141447593386824,0.18918918910433802
dermatology,real,GNB+Platt,0,0.8108108108108109,0.4477301360655469,0.20331728623064835
dermatology,real,GNB+Iso,0,0.8918918918918919,0.16703633215843597,0.07833964459427861
dermatology,real,ABD-NB,0,0.8108108108108109,5.141447200440807,0.18918918910433768
dermatology,real,ABD-NB+Platt,0,0.8108108108108109,0.4488455341217131,0.2041523623995498
dermatology,real,ABD-NB+Iso,0,0.8648648648648649,0.1865062117791097,0.11045275169576205
dermatology,real,GNB,1,0.8378378378378378,2.9106315125098665,0.15942802330508363
dermatology,real,GNB+Platt,1,0.8918918918918919,0.32572922597118364,0.13802885470817333
dermatology,real,GNB+Iso,1,0.9459459459459459,0.20852545694849314,0.056578185232748025
dermatology,real,ABD-NB,1,0.8378378378378378,2.9282653351164543,0.1593573375811949
dermatology,real,ABD-NB+Platt,1,0.8918918918918919,0.33695062303261764,0.13657691296949162
dermatology,real,ABD-NB+Iso,1,0.9459459459459459,0.21727263340180133,0.06972193593026946
dermatology,real,GNB,2,0.8648648648648649,2.640960312048331,0.13513497750302128
dermatology,real,GNB+Platt,2,0.8648648648648649,0.31149046838099276,0.1551471381247324
dermatology,real,GNB+Iso,2,0.9459459459459459,0.10010603945228023,0.07164288903235579
dermatology,real,ABD-NB,2,0.8648648648648649,2.6138492352273435,0.1351349274754583
dermatology,real,ABD-NB+Platt,2,0.8648648648648649,0.31143296518863917,0.15511456090508013
dermatology,real,ABD-NB+Iso,2,0.9459459459459459,0.10361167542592205,0.07472122325128552
dermatology,real,GNB,3,0.8918918918918919,2.1960168855855144,0.10591169269734024
dermatology,real,GNB+Platt,3,0.918918918918919,0.28472041062194875,0.14168127652240214
dermatology,real,GNB+Iso,3,0.972972972972973,0.10460145953937434,0.0658799682905647
dermatology,real,ABD-NB,3,0.8918918918918919,2.181357421150951,0.10619579815335103
dermatology,real,ABD-NB+Platt,3,0.8918918918918919,0.30581634158084137,0.13909017584998068
dermatology,real,ABD-NB+Iso,3,0.972972972972973,0.12667325178321404,0.0934583880032968
dermatology,real,GNB,4,0.9459459459459459,1.4935687089691363,0.054054054054014644
dermatology,real,GNB+Platt,4,0.9459459459459459,0.2614731419922106,0.1292396059006645
dermatology,real,GNB+Iso,4,0.972972972972973,0.07571772930692584,0.06468028331034768
dermatology,real,ABD-NB,4,0.918918918918919,2.2403530634539446,0.08108108108078371
dermatology,real,ABD-NB+Platt,4,0.9459459459459459,0.27282209667934065,0.1373624858422054
dermatology,real,ABD-NB+Iso,4,0.972972972972973,0.09423368974910253,0.07972456744531949
dermatology,real,GNB,5,0.918918918918919,1.9826816022309564,0.08108106533713977
dermatology,real,GNB+Platt,5,0.918918918918919,0.3109266686281511,0.12731349213866017
dermatology,real,GNB+Iso,5,0.9459459459459459,0.18124917962993123,0.059720171991152746
dermatology,real,ABD-NB,5,0.918918918918919,2.0072679370306314,0.08108106466695175
dermatology,real,ABD-NB+Platt,5,0.918918918918919,0.3109338597916724,0.12731600365795231
dermatology,real,ABD-NB+Iso,5,0.9459459459459459,0.2469936618626043,0.0604333193567977
dermatology,real,GNB,6,0.8333333333333334,4.097110338593777,0.16666422879591847
dermatology,real,GNB+Platt,6,0.8333333333333334,0.47331964705626756,0.1557575260031911
dermatology,real,GNB+Iso,6,0.8611111111111112,0.957483670410175,0.10660436456437306
dermatology,real,ABD-NB,6,0.8333333333333334,4.097110161324264,0.1666642287803608
dermatology,real,ABD-NB+Platt,6,0.8333333333333334,0.47330570624498525,0.1557585106077337
dermatology,real,ABD-NB+Iso,6,0.8611111111111112,1.0137992093242896,0.05762311313088825
dermatology,real,GNB,7,0.8611111111111112,3.1877535351504998,0.13865258667687297
dermatology,real,GNB+Platt,7,0.8888888888888888,0.3631885426463303,0.1705070822666251
dermatology,real,GNB+Iso,7,1.0,0.058314875739077614,0.05472093969055188
dermatology,real,ABD-NB,7,0.8611111111111112,3.187752894661568,0.13865258470635777
dermatology,real,ABD-NB+Platt,7,0.8888888888888888,0.37755450967996695,0.17867223431472037
dermatology,real,ABD-NB+Iso,7,1.0,0.07545695583300971,0.06912590146557575
dermatology,real,GNB,8,0.8888888888888888,2.346470086568185,0.11110939235334494
dermatology,real,GNB+Platt,8,0.8888888888888888,0.2681991974198026,0.1516569903498985
dermatology,real,GNB+Iso,8,0.9722222222222222,0.08343372104572985,0.047468820703361184
dermatology,real,ABD-NB,8,0.8888888888888888,2.346469081963155,0.11110939235277295
dermatology,real,ABD-NB+Platt,8,0.8888888888888888,0.26819919774927325,0.1516569902261019
dermatology,real,ABD-NB+Iso,8,0.9722222222222222,0.08343385128600594,0.04746886926218799
dermatology,real,GNB,9,0.8888888888888888,2.7622707996425673,0.11111111105047744
dermatology,real,GNB+Platt,9,0.8888888888888888,0.3275173063416931,0.15887793441884812
dermatology,real,GNB+Iso,9,0.9722222222222222,0.08080918019865654,0.06881128592125718
dermatology,real,ABD-NB,9,0.8888888888888888,2.762269968995843,0.11111111105047655
dermatology,real,ABD-NB+Platt,9,0.8888888888888888,0.32985524663660115,0.15991131761105237
dermatology,real,ABD-NB+Iso,9,0.9722222222222222,0.08384074116096918,0.07161266120445875
dermatology,real,GNB,10,0.8378378378378378,4.116312145576191,0.16216216211176582
dermatology,real,GNB+Platt,10,0.8378378378378378,0.40065102409319214,0.1900523111961694
dermatology,real,GNB+Iso,10,0.9459459459459459,0.1197990070434256,0.09346387074963936
dermatology,real,ABD-NB,10,0.8378378378378378,4.116311459193744,0.16216216211176548
dermatology,real,ABD-NB+Platt,10,0.8378378378378378,0.40065100955203725,0.1900523045456593
dermatology,real,ABD-NB+Iso,10,0.9459459459459459,0.11979900679272823,0.09346387054681618
dermatology,real,GNB,11,0.8378378378378378,4.248368536585364,0.16216216216002521
dermatology,real,GNB+Platt,11,0.8378378378378378,0.39105886401600387,0.18291775119148831
dermatology,real,GNB+Iso,11,0.972972972972973,0.1242459376351519,0.08140223983346848
dermatology,real,ABD-NB,11,0.8378378378378378,4.24836734642289,0.16216216216002521
dermatology,real,ABD-NB+Platt,11,0.8378378378378378,0.3616180185816093,0.17512940149103162
dermatology,real,ABD-NB+Iso,11,0.9459459459459459,0.17320281332486245,0.09183093181609348
dermatology,real,GNB,12,0.8918918918918919,2.464751385375659,0.10810140980160166
dermatology,real,GNB+Platt,12,0.8918918918918919,0.3736644207669519,0.06798983268768034
dermatology,real,GNB+Iso,12,0.918918918918919,0.2951821094244993,0.05417644226706872
dermatology,real,ABD-NB,12,0.8918918918918919,2.4647512154994753,0.10810140975949989
dermatology,real,ABD-NB+Platt,12,0.8918918918918919,0.4317640231786186,0.0962227140580516
dermatology,real,ABD-NB+Iso,12,0.8918918918918919,0.34251418288686314,0.05514660698363168
dermatology,real,GNB,13,0.8918918918918919,2.8454264685998636,0.10760951845793787
dermatology,real,GNB+Platt,13,0.8918918918918919,0.3034336628067374,0.15205001851954797
dermatology,real,GNB+Iso,13,1.0,0.0768625018780674,0.06901542923155332
dermatology,real,ABD-NB,13,0.8918918918918919,2.8454256721225697,0.10760951950008935
dermatology,real,ABD-NB+Platt,13,0.8918918918918919,0.304056277870341,0.152908464245626
dermatology,real,ABD-NB+Iso,13,1.0,0.08085203242994521,0.07248081925991964
dermatology,real,GNB,14,0.9459459459459459,1.3010613704174931,0.05266172495399002
dermatology,real,GNB+Platt,14,0.9459459459459459,0.20335003477082322,0.14796199710723382
dermatology,real,GNB+Iso,14,0.972972972972973,0.047897541785376134,0.03519532227194283
dermatology,real,ABD-NB,14,0.9459459459459459,1.3057207637492063,0.05246896029823511
dermatology,real,ABD-NB+Platt,14,0.9459459459459459,0.20335000679103765,0.14796198718208747
dermatology,real,ABD-NB+Iso,14,0.972972972972973,0.047897541414099895,0.035195321950967855
dermatology,real,GNB,15,0.918918918918919,2.2403530643572487,0.08108108017747229
dermatology,real,GNB+Platt,15,0.918918918918919,0.3090908185130875,0.1327076000621548
dermatology,real,GNB+Iso,15,0.9459459459459459,0.16043432204214442,0.05560199658156477
dermatology,real,ABD-NB,15,0.918918918918919,2.240353064357245,0.08108108017747617
dermatology,real,ABD-NB+Platt,15,0.918918918918919,0.312393958503255,0.13396421728125002
dermatology,real,ABD-NB+Iso,15,0.9459459459459459,0.1635602288886991,0.05827339223740542
dermatology,real,GNB,16,0.8611111111111112,3.309613294837418,0.13888850215662707
dermatology,real,GNB+Platt,16,0.8611111111111112,0.34762997153222314,0.17432909654544135
dermatology,real,GNB+Iso,16,0.9166666666666666,0.19175492004280617,0.04399805831773839
dermatology,real,ABD-NB,16,0.8611111111111112,3.309612589537908,0.13888850215831794
dermatology,real,ABD-NB+Platt,16,0.8611111111111112,0.32725054786565105,0.16987535480885604
dermatology,real,ABD-NB+Iso,16,0.9166666666666666,0.19596055323577172,0.052157930700500316
dermatology,real,GNB,17,0.8888888888888888,3.070113457325394,0.1111111111110914
dermatology,real,GNB+Platt,17,0.8888888888888888,0.32491434759446464,0.15241478530697694
dermatology,real,GNB+Iso,17,1.0,0.06887211957509876,0.06233779222367515
dermatology,real,ABD-NB,17,0.8888888888888888,3.070113457325394,0.1111111111110914
dermatology,real,ABD-NB+Platt,17,0.8888888888888888,0.32757380717698825,0.1531604768659313
dermatology,real,ABD-NB+Iso,17,1.0,0.07430229582953941,0.06753249340197093
dermatology,real,GNB,18,0.8333333333333334,4.324511427801257,0.16666666666262875
dermatology,real,GNB+Platt,18,0.8333333333333334,0.3730605364544169,0.1798861190812
dermatology,real,GNB+Iso,18,0.9166666666666666,0.11630988674573328,0.08658886363301525
dermatology,real,ABD-NB,18,0.8333333333333334,4.324510205732933,0.16666666666262842
dermatology,real,ABD-NB+Platt,18,0.8333333333333334,0.37446775043649344,0.1808404065551359
dermatology,real,ABD-NB+Iso,18,0.9166666666666666,0.12391917460051599,0.091035364587204
dermatology,real,GNB,19,0.8888888888888888,3.0646779602678182,0.11090847589957031
dermatology,real,GNB+Platt,19,0.8888888888888888,0.32347466395345686,0.15815397726265423
dermatology,real,GNB+Iso,19,0.9722222222222222,0.10450640908306955,0.08302802165390469
dermatology,real,ABD-NB,19,0.8888888888888888,3.0700095188913994,0.11104902303942155
dermatology,real,ABD-NB+Platt,19,0.8888888888888888,0.32501482237062995,0.15919518747032171
dermatology,real,ABD-NB+Iso,19,0.9722222222222222,0.10907517181489662,0.08666627642956859
hypothyroid,real,GNB,0,0.23974763406940064,16.684433729197647,0.7598301098064311
hypothyroid,real,GNB+Platt,0,0.9495268138801262,0.19619069464389366,0.0028488397263822796
hypothyroid,real,GNB+Iso,0,0.9495268138801262,0.15430256307006285,0.016836339885750028
hypothyroid,real,ABD-NB,0,0.3249211356466877,3.9200428532621956,0.6319533620216599
hypothyroid,real,ABD-NB+Platt,0,0.9495268138801262,0.18683571892984183,0.046013338784577945
hypothyroid,real,ABD-NB+Iso,0,0.9495268138801262,0.1708874229170285,0.016700916644930355
hypothyroid,real,GNB,1,0.23659305993690852,15.314418269915368,0.7624043182112985
hypothyroid,real,GNB+Platt,1,0.9526813880126183,0.18328086466093726,0.00039813940320576613
hypothyroid,real,GNB+Iso,1,0.9526813880126183,0.15796867804207101,0.016325423690301016
hypothyroid,real,ABD-NB,1,0.3722397476340694,2.5432357537867443,0.5557666643896646
hypothyroid,real,ABD-NB+Platt,1,0.9526813880126183,0.18045645705695829,0.000460650633133608
hypothyroid,real,ABD-NB+Iso,1,0.9526813880126183,0.16814892192704195,0.006763911619822085
hypothyroid,real,GNB,2,0.23659305993690852,17.698125667725623,0.7631912947429674
hypothyroid,real,GNB+Platt,2,0.9526813880126183,0.18657728227282008,6.219512113159187e-05
hypothyroid,real,GNB+Iso,2,0.9526813880126183,0.15608786861491544,0.007867340413779657
hypothyroid,real,ABD-NB,2,0.26813880126182965,11.654296821158663,0.7355607289901175
hypothyroid,real,ABD-NB+Platt,2,0.9526813880126183,0.18416984695246527,6.682446124550712e-05
hypothyroid,real,ABD-NB+Iso,2,0.9526813880126183,0.17394338424096253,0.01290194349472281
hypothyroid,real,GNB,3,0.26582278481012656,17.339597789712613,0.7341627824308838
hypothyroid,real,GNB+Platt,3,0.9525316455696202,0.1870822599409445,0.0005038086307289635
hypothyroid,real,GNB+Iso,3,0.9525316455696202,0.1646286144028213,0.018248756442967442
hypothyroid,real,ABD-NB,3,0.2974683544303797,4.70192815685168,0.681375662842611
hypothyroid,real,ABD-NB+Platt,3,0.9525316455696202,0.1850152588007889,0.0005893191627432959
hypothyroid,real,ABD-NB+Iso,3,0.9525316455696202,0.17071783187722397,0.012942618573470111
hypothyroid,real,GNB,4,0.23417721518987342,15.813780112834731,0.7648010425921952
hypothyroid,real,GNB+Platt,4,0.9525316455696202,0.18299426166918956,0.0006141401536347013
hypothyroid,real,GNB+Iso,4,0.9525316455696202,0.1443334835448088,0.012914974266274314
hypothyroid,real,ABD-NB,4,0.23734177215189872,8.999971831039344,0.7594800505724578
hypothyroid,real,ABD-NB+Platt,4,0.9525316455696202,0.1826118561767453,0.0003221924511521701
hypothyroid,real,ABD-NB+Iso,4,0.9525316455696202,0.1559179394780074,0.025314221441820814
hypothyroid,real,GNB,5,0.27531645569620256,15.940381359979028,0.725316427074309
hypothyroid,real,GNB+Platt,5,0.9525316455696202,0.18394604785174037,9.148788665580554e-05
hypothyroid,real,GNB+Iso,5,0.9525316455696202,0.14931288766698197,0.01935498335869123
hypothyroid,real,ABD-NB,5,0.3069620253164557,3.618491946457694,0.6557394999920344
hypothyroid,real,ABD-NB+Platt,5,0.9525316455696202,0.18628967922533385,0.0003037626730049148
hypothyroid,real,ABD-NB+Iso,5,0.9525316455696202,0.15648197611530482,0.02820394246114136
hypothyroid,real,GNB,6,0.23417721518987342,15.711427244032745,0.7646085473423725
hypothyroid,real,GNB+Platt,6,0.9525316455696202,0.18464883530284446,0.00020203989509426368
hypothyroid,real,GNB+Iso,6,0.9525316455696202,0.15281188556795838,0.014249565513494027
hypothyroid,real,ABD-NB,6,0.33544303797468356,3.4647346692256864,0.620574097894373
hypothyroid,real,ABD-NB+Platt,6,0.9525316455696202,0.17996747302849922,0.0007519812781349167
hypothyroid,real,ABD-NB+Iso,6,0.9525316455696202,0.15294458883005085,0.012175045773586145
hypothyroid,real,GNB,7,0.25,15.428954454619426,0.7491918084821475
hypothyroid,real,GNB+Platt,7,0.9525316455696202,0.1822335483642504,1.9857177522064617e-05
hypothyroid,real,GNB+Iso,7,0.9525316455696202,0.15301365867525754,0.021606862595494
hypothyroid,real,ABD-NB,7,0.3670886075949367,3.1811674495799065,0.5696508291456466
hypothyroid,real,ABD-NB+Platt,7,0.9525316455696202,0.18079700815475666,0.0006662353510695773
hypothyroid,real,ABD-NB+Iso,7,0.9525316455696202,0.15681792374704034,0.019827269626098397
hypothyroid,real,GNB,8,0.21518987341772153,19.0972340906617,0.7847627733565199
hypothyroid,real,GNB+Platt,8,0.9525316455696202,0.1946633969391201,0.0011770167312793456
hypothyroid,real,GNB+Iso,8,0.9525316455696202,0.16195820870836777,0.006735586713998224
hypothyroid,real,ABD-NB,8,0.24367088607594936,10.49510781857158,0.7562832898465736
hypothyroid,real,ABD-NB+Platt,8,0.9525316455696202,0.18928641978695854,0.0010468718954600442
hypothyroid,real,ABD-NB+Iso,8,0.9525316455696202,0.17046687880959246,0.006476644210363633
hypothyroid,real,GNB,9,0.25,16.15246523280271,0.7499575294567127
hypothyroid,real,GNB+Platt,9,0.9525316455696202,0.18668176173841683,0.001217178403964958
hypothyroid,real,GNB+Iso,9,0.9525316455696202,0.14106699865634198,0.01532356752622558
hypothyroid,real,ABD-NB,9,0.25,9.367967127736623,0.7499450637666644
hypothyroid,real,ABD-NB+Platt,9,0.9525316455696202,0.1860175137972925,0.0013727588217995468
hypothyroid,real,ABD-NB+Iso,9,0.9525316455696202,0.1578127194757074,0.010075618502771895
hypothyroid,real,GNB,10,0.2302839116719243,15.748565765375353,0.7692405652257207
hypothyroid,real,GNB+Platt,10,0.9495268138801262,0.19194754096378336,0.002213306231284684
hypothyroid,real,GNB+Iso,10,0.9495268138801262,0.1745594944223345,0.016542628176602958
hypothyroid,real,ABD-NB,10,0.3186119873817035,3.9064044341152995,0.6198018332815344
hypothyroid,real,ABD-NB+Platt,10,0.9495268138801262,0.19069545232851212,0.018429620168827703
hypothyroid,real,ABD-NB+Iso,10,0.9495268138801262,0.18071603487330606,0.021233964953088373
hypothyroid,real,GNB,11,0.2586750788643533,14.933748980162314,0.7406931811252151
hypothyroid,real,GNB+Platt,11,0.9526813880126183,0.18152431332663824,0.00030895766861316343
hypothyroid,real,GNB+Iso,11,0.9526813880126183,0.15515183831523316,0.012653947495580515
hypothyroid,real,ABD-NB,11,0.35331230283911674,3.216242205315084,0.5964978516404921
hypothyroid,real,ABD-NB+Platt,11,0.9526813880126183,0.1727211693171667,0.02952249634758459
hypothyroid,real,ABD-NB+Iso,11,0.9526813880126183,0.16279698560467426,0.024254928449878824
hypothyroid,real,GNB,12,0.2302839116719243,15.937125611020907,0.768764247836426
hypothyroid,real,GNB+Platt,12,0.9526813880126183,0.18274611223267803,0.0011106293257014954
hypothyroid,real,GNB+Iso,12,0.9526813880126183,0.1622140598658865,0.011725347473321816
hypothyroid,real,ABD-NB,12,0.35331230283911674,3.4351145596667956,0.5939527151350363
hypothyroid,real,ABD-NB+Platt,12,0.9526813880126183,0.1801123350594302,0.0005707772799558031
hypothyroid,real,ABD-NB+Iso,12,0.9526813880126183,0.16355135554474715,0.010959179163802388
hypothyroid,real,GNB,13,0.2310126582278481,15.749456905614737,0.7681348424349017
hypothyroid,real,GNB+Platt,13,0.9525316455696202,0.18276240776228295,0.00044869405190395284
hypothyroid,real,GNB+Iso,13,0.9525316455696202,0.14238134742719785,0.028396829752231234
hypothyroid,real,ABD-NB,13,0.34177215189873417,3.2535245793129137,0.6140946920406051
hypothyroid,real,ABD-NB+Platt,13,0.9525316455696202,0.17900007155993083,0.0007438660077464521
hypothyroid,real,ABD-NB+Iso,13,0.9525316455696202,0.14629980016434288,0.031621814907786455
hypothyroid,real,GNB,14,0.2563291139240506,18.47244652542806,0.7435334224107912
hypothyroid,real,GNB+Platt,14,0.9525316455696202,0.18927360513607083,0.0007504753931395491
hypothyroid,real,GNB+Iso,14,0.9525316455696202,0.18140950838007924,0.024313666081296693
hypothyroid,real,ABD-NB,14,0.25316455696202533,7.840567196237831,0.7419483394118414
hypothyroid,real,ABD-NB+Platt,14,0.9525316455696202,0.1955722446800912,0.0005658042196398094
hypothyroid,real,ABD-NB+Iso,14,0.9525316455696202,0.17637992495430527,0.024377099179586414
hypothyroid,real,GNB,15,0.2626582278481013,17.493539603699343,0.7371385149649008
hypothyroid,real,GNB+Platt,15,0.9525316455696202,0.1865519908619085,0.0010513823613703677
hypothyroid,real,GNB+Iso,15,0.9525316455696202,0.16171468338046882,0.016997939995222745
hypothyroid,real,ABD-NB,15,0.2974683544303797,4.836474993737105,0.6806856737432021
hypothyroid,real,ABD-NB+Platt,15,0.9525316455696202,0.18480308990385994,0.0005830505419953669
hypothyroid,real,ABD-NB+Iso,15,0.9525316455696202,0.16148845026841202,0.020910195563930385
hypothyroid,real,GNB,16,0.21835443037974683,16.061060606769594,0.7810360422847782
hypothyroid,real,GNB+Platt,16,0.9525316455696202,0.1842951822911744,0.0020288143838392836
hypothyroid,real,GNB+Iso,16,0.9525316455696202,0.1447364198172595,0.02516700146743502
hypothyroid,real,ABD-NB,16,0.310126582278481,2.8777858541465524,0.6248505667451115
hypothyroid,real,ABD-NB+Platt,16,0.9525316455696202,0.1753494896815497,0.041692860748047574
hypothyroid,real,ABD-NB+Iso,16,0.9525316455696202,0.15360109974620187,0.01731903899568614
hypothyroid,real,GNB,17,0.2911392405063291,17.8731628865049,0.7088325441764963
hypothyroid,real,GNB+Platt,17,0.9525316455696202,0.19469255057128615,0.001591852654234449
hypothyroid,real,GNB+Iso,17,0.9525316455696202,0.15465565858425906,0.022226218941874296
hypothyroid,real,ABD-NB,17,0.2879746835443038,6.868873351403961,0.71161148492536
hypothyroid,real,ABD-NB+Platt,17,0.9525316455696202,0.19343927258933385,0.001672806051347564
hypothyroid,real,ABD-NB+Iso,17,0.9525316455696202,0.16644266591712653,0.015425422166332789
hypothyroid,real,GNB,18,0.2721518987341772,15.225560096249163,0.7266383804571714
hypothyroid,real,GNB+Platt,18,0.9525316455696202,0.181722849355078,0.0007966887817134616
hypothyroid,real,GNB+Iso,18,0.9525316455696202,0.13120431138968727,0.03283562431517186
hypothyroid,real,ABD-NB,18,0.3575949367088608,3.0128725205479077,0.5825278394434997
hypothyroid,real,ABD-NB+Platt,18,0.9525316455696202,0.17676799945596539,0.0006467488600874205
hypothyroid,real,ABD-NB+Iso,18,0.9525316455696202,0.14346613899628005,0.02021308576847963
hypothyroid,real,GNB,19,0.2120253164556962,16.927021232738326,0.7877416488678777
hypothyroid,real,GNB+Platt,19,0.9525316455696202,0.1950310502129438,0.0006322004370313827
hypothyroid,real,GNB+Iso,19,0.9525316455696202,0.14356336719857843,0.0179382314724988
hypothyroid,real,ABD-NB,19,0.2911392405063291,3.2409802965082157,0.6530721379820263
hypothyroid,real,ABD-NB+Platt,19,0.9525316455696202,0.1877192914895194,0.0005989372289985084
hypothyroid,real,ABD-NB+Iso,19,0.9525316455696202,0.14562537162851608,0.018119851174636485
saheart,real,GNB,0,0.8297872340425532,0.47086726823069863,0.13619890029671933
saheart,real,GNB+Platt,0,0.8085106382978723,0.4720558134109127,0.14268077450806632
saheart,real,GNB+Iso,0,0.8085106382978723,0.4770105217072027,0.11942097725026793
saheart,real,ABD-NB,0,0.7872340425531915,0.46826019270427444,0.12931228519668725
saheart,real,ABD-NB+Platt,0,0.8297872340425532,0.4808350745237645,0.1350866832385478
saheart,real,ABD-NB+Iso,0,0.7872340425531915,0.47696164805784874,0.10500977075393449
saheart,real,GNB,1,0.6382978723404256,1.0673394551736899,0.2634638048473763
saheart,real,GNB+Platt,1,0.6808510638297872,0.5915167940881817,0.21210559440834112
saheart,real,GNB+Iso,1,0.6595744680851063,0.6019962865760066,0.18485709982626009
saheart,real,ABD-NB,1,0.6808510638297872,0.8750976241310865,0.21468968713716824
saheart,real,ABD-NB+Platt,1,0.7021276595744681,0.5940887220027918,0.14405095943148774
saheart,real,ABD-NB+Iso,1,0.6808510638297872,0.5918465611728506,0.12210740494264302
saheart,real,GNB,2,0.5869565217391305,0.9384137294278123,0.2760390269811544
saheart,real,GNB+Platt,2,0.6086956521739131,0.6453917792934941,0.09867033843235677
saheart,real,GNB+Iso,2,0.5869565217391305,0.6332144524323863,0.13240350862479128
saheart,real,ABD-NB,2,0.5434782608695652,0.7975292798664418,0.2892204753072083
saheart,real,ABD-NB+Platt,2,0.6086956521739131,0.6596147712049094,0.16694578543160152
saheart,real,ABD-NB+Iso,2,0.5869565217391305,0.6307662163499377,0.15868205519286704
saheart,real,GNB,3,0.717391304347826,0.5928302409509377,0.12921350466014342
saheart,real,GNB+Platt,3,0.7391304347826086,0.5572672795789968,0.12696038520341382
saheart,real,GNB+Iso,3,0.6956521739130435,0.4991144422785742,0.09490944455504022
saheart,real,ABD-NB,3,0.717391304347826,0.5883041510049608,0.1985779116158686
saheart,real,ABD-NB+Platt,3,0.6739130434782609,0.5746263820920401,0.1598264392409459
saheart,real,ABD-NB+Iso,3,0.717391304347826,0.5260251025709551,0.17168737529933165
saheart,real,GNB,4,0.6086956521739131,1.0254462431875808,0.26621816738394166
saheart,real,GNB+Platt,4,0.5869565217391305,0.6221694782513371,0.1324328471990518
saheart,real,GNB+Iso,4,0.6304347826086957,1.1711237990282128,0.13821181837732938
saheart,real,ABD-NB,4,0.6521739130434783,0.8149919272765677,0.22047712395542307
saheart,real,ABD-NB+Platt,4,0.6304347826086957,0.5919303574646511,0.19511505048644545
saheart,real,ABD-NB+Iso,4,0.6304347826086957,1.1354339206467892,0.1772660486310547
saheart,real,GNB,5,0.8043478260869565,0.7657826482621641,0.2552696877928657
saheart,real,GNB+Platt,5,0.7608695652173914,0.540283509185049,0.14521917952342073
saheart,real,GNB+Iso,5,0.6956521739130435,0.5458840844826253,0.08170766520455548
saheart,real,ABD-NB,5,0.8043478260869565,0.6200675256383531,0.16593652503012035
saheart,real,ABD-NB+Platt,5,0.6956521739130435,0.5352148381876479,0.1463351700349925
saheart,real,ABD-NB+Iso,5,0.7608695652173914,0.5128953098103964,0.1516395460673213
saheart,real,GNB,6,0.6956521739130435,0.7083414974788755,0.2071249780026634
saheart,real,GNB+Platt,6,0.6956521739130435,0.5881762848497436,0.08491360095282491
saheart,real,GNB+Iso,6,0.6956521739130435,0.5501223305926395,0.11487704536816766
saheart,real,ABD-NB,6,0.717391304347826,0.6496741877305052,0.2059062734061586
saheart,real,ABD-NB+Platt,6,0.7391304347826086,0.5815786017627161,0.11857028794931757
saheart,real,ABD-NB+Iso,6,0.717391304347826,0.5363596855943342,0.11220958691059629
saheart,real,GNB,7,0.6739130434782609,0.9393746930013388,0.253194492623096
saheart,real,GNB+Platt,7,0.7608695652173914,0.5632749121219474,0.14936702267860366
saheart,real,GNB+Iso,7,0.7391304347826086,0.5871932729812569,0.10765381656598384
saheart,real,ABD-NB,7,0.6956521739130435,0.9078950137299858,0.20922573917347745
saheart,real,ABD-NB+Platt,7,0.6956521739130435,0.5812141745603857,0.06021993021704576
saheart,real,ABD-NB+Iso,7,0.6739130434782609,0.60441109232614,0.07919047121770403
saheart,real,GNB,8,0.782608695652174,0.5508577693156723,0.1319699907561519
saheart,real,GNB+Platt,8,0.782608695652174,0.507950230784512,0.06529008189571825
saheart,real,GNB+Iso,8,0.782608695652174,0.5185826781612273,0.09999411545628362
saheart,real,ABD-NB,8,0.782608695652174,0.46609765689287286,0.09487911508918627
saheart,real,ABD-NB+Platt,8,0.7391304347826086,0.5051411348669702,0.1013522274477219
saheart,real,ABD-NB+Iso,8,0.7608695652173914,0.47619605514608865,0.11480248539781042
saheart,real,GNB,9,0.6956521739130435,1.0358830939060402,0.21668948491343099
saheart,real,GNB+Platt,9,0.717391304347826,0.5565777621100407,0.07547325590241552
saheart,real,GNB+Iso,9,0.6739130434782609,0.6175225404340388,0.153407522286173
saheart,real,ABD-NB,9,0.7391304347826086,0.8480518409353524,0.18986109878963536
saheart,real,ABD-NB+Platt,9,0.6956521739130435,0.5698128920843831,0.09682203132375487
saheart,real,ABD-NB+Iso,9,0.717391304347826,0.6433913903047417,0.10006316714740471
saheart,real,GNB,10,0.8297872340425532,0.42925503605237336,0.1025973487493449
saheart,real,GNB+Platt,10,0.7659574468085106,0.4869879310306675,0.15363365986093
saheart,real,GNB+Iso,10,0.7659574468085106,0.4772195581284408,0.14398467335798784
saheart,real,ABD-NB,10,0.7872340425531915,0.4346805433113414,0.20085589127848044
saheart,real,ABD-NB+Platt,10,0.7446808510638298,0.49372476482558186,0.1574514648890152
saheart,real,ABD-NB+Iso,10,0.7021276595744681,0.46390663199604576,0.16493711497344413
saheart,real,GNB,11,0.6595744680851063,0.8686794345572066,0.23852421562279688
saheart,real,GNB+Platt,11,0.6595744680851063,0.6128956705888549,0.05985389386708224
saheart,real,GNB+Iso,11,0.6808510638297872,0.5921331502567522,0.08440585622280376
saheart,real,ABD-NB,11,0.6382978723404256,0.7128805433435864,0.20609625579891458
saheart,real,ABD-NB+Platt,11,0.6595744680851063,0.5965974999904067,0.06976958456486819
saheart,real,ABD-NB+Iso,11,0.6595744680851063,0.5600605164978073,0.15278209163220746
saheart,real,GNB,12,0.782608695652174,0.7504218097916816,0.16620918414116387
saheart,real,GNB+Platt,12,0.8043478260869565,0.48909708495385773,0.09443830684516075
saheart,real,GNB+Iso,12,0.782608695652174,0.4927379050140161,0.14433182127088168
saheart,real,ABD-NB,12,0.8043478260869565,0.6582328197610756,0.13157619689497413
saheart,real,ABD-NB+Platt,12,0.8043478260869565,0.4823999389432611,0.08481698501999821
saheart,real,ABD-NB+Iso,12,0.8043478260869565,0.4633126045831574,0.07850862282724103
saheart,real,GNB,13,0.6521739130434783,0.8931900867768239,0.2523272952666253
saheart,real,GNB+Platt,13,0.6304347826086957,0.6143832423135851,0.11549001971431543
saheart,real,GNB+Iso,13,0.6086956521739131,0.6147853974095788,0.2448644597586897
saheart,real,ABD-NB,13,0.6956521739130435,0.8548696674316707,0.18395850585534376
saheart,real,ABD-NB+Platt,13,0.6521739130434783,0.6084259015807777,0.07133743413913093
saheart,real,ABD-NB+Iso,13,0.6739130434782609,0.6004182245333984,0.17855761710579998
saheart,real,GNB,14,0.717391304347826,0.6941538275834461,0.1468364443546723
saheart,real,GNB+Platt,14,0.7391304347826086,0.5506604034803976,0.08675360667075038
saheart,real,GNB+Iso,14,0.7608695652173914,0.5264482006165083,0.10876613686143498
saheart,real,ABD-NB,14,0.6739130434782609,0.8060956428109923,0.22719996100586487
saheart,real,ABD-NB+Platt,14,0.6956521739130435,0.6010471334651111,0.09371782977145793
saheart,real,ABD-NB+Iso,14,0.6521739130434783,0.6080415870413463,0.1468031027453498
saheart,real,GNB,15,0.5869565217391305,1.0682385692500425,0.31263151287184254
saheart,real,GNB+Platt,15,0.6521739130434783,0.6445837939317357,0.12579914810432125
saheart,real,GNB+Iso,15,0.5869565217391305,0.6466690320186153,0.1642601433649586
saheart,real,ABD-NB,15,0.6086956521739131,0.7748731234512256,0.3186651842792329
saheart,real,ABD-NB+Platt,15,0.6521739130434783,0.6267215212351273,0.10437507826304566
saheart,real,ABD-NB+Iso,15,0.6304347826086957,0.5906068336320284,0.12425567468128716
saheart,real,GNB,16,0.8043478260869565,0.6509089332094647,0.1643592498477617
saheart,real,GNB+Platt,16,0.7391304347826086,0.4945716048929664,0.12704962041463674
saheart,real,GNB+Iso,16,0.7391304347826086,0.4897397913446633,0.13233428228410515
saheart,real,ABD-NB,16,0.8043478260869565,0.5369043401565224,0.12342011371116282
saheart,real,ABD-NB+Platt,16,0.7391304347826086,0.4869028849474228,0.18288935126541261
saheart,real,ABD-NB+Iso,16,0.7608695652173914,0.4559913148394694,0.10799184265107814
saheart,real,GNB,17,0.6956521739130435,0.7553456113931761,0.17495333689728154
saheart,real,GNB+Platt,17,0.717391304347826,0.5517384873172462,0.11935852622678993
saheart,real,GNB+Iso,17,0.6956521739130435,0.5386567692645967,0.07364638187924526
saheart,real,ABD-NB,17,0.6956521739130435,0.6510383675089337,0.16485990672953565
saheart,real,ABD-NB+Platt,17,0.6739130434782609,0.5566246336554778,0.09361121753844594
saheart,real,ABD-NB+Iso,17,0.6956521739130435,0.5395033394313627,0.07629614749303262
saheart,real,GNB,18,0.6956521739130435,0.8626520496835953,0.26246203281632247
saheart,real,GNB+Platt,18,0.6956521739130435,0.6004692577566536,0.08493341982969153
saheart,real,GNB+Iso,18,0.6739130434782609,0.6008556858998068,0.18534336376663513
saheart,real,ABD-NB,18,0.6739130434782609,0.8342803093288677,0.2541840867677172
saheart,real,ABD-NB+Platt,18,0.6956521739130435,0.603595263423942,0.17677193709643454
saheart,real,ABD-NB+Iso,18,0.6739130434782609,0.5909164531004311,0.13802082943785
saheart,real,GNB,19,0.6739130434782609,0.9951732488595072,0.20722701234774948
saheart,real,GNB+Platt,19,0.717391304347826,0.5751576629199224,0.08463886323126169
saheart,real,GNB+Iso,19,0.717391304347826,1.665810448713286,0.17318348885461257
saheart,real,ABD-NB,19,0.6739130434782609,0.8386095447660679,0.2170332482942275
saheart,real,ABD-NB+Platt,19,0.7391304347826086,0.5961132131229943,0.08677309071415004
saheart,real,ABD-NB+Iso,19,0.6956521739130435,1.688540420215363,0.18661981635975897
spectf,real,GNB,0,0.6285714285714286,6.507807058964,0.35442907030378684
spectf,real,GNB+Platt,0,0.7142857142857143,0.42453412864224394,0.03003759577694024
spectf,real,GNB+Iso,0,0.6285714285714286,0.5200369178126413,0.22238893806204088
spectf,real,ABD-NB,0,0.6857142857142857,4.070869364039971,0.3390432488494506
spectf,real,ABD-NB+Platt,0,0.6857142857142857,0.423069652132201,0.06205644655825092
spectf,real,ABD-NB+Iso,0,0.7142857142857143,0.5380151218773482,0.2082768703224996
spectf,real,GNB,1,0.6857142857142857,4.5912428796710785,0.3074616190333799
spectf,real,GNB+Platt,1,0.7428571428571429,0.5175329568519734,0.058477802872587845
spectf,real,GNB+Iso,1,0.8,1.7979211087965967,0.15376844220234692
spectf,real,ABD-NB,1,0.6857142857142857,2.954701611271682,0.3214433080247186
spectf,real,ABD-NB+Platt,1,0.7714285714285715,0.5036726406418184,0.0741205387526316
spectf,real,ABD-NB+Iso,1,0.9142857142857143,1.7741721530973305,0.17728053734081795
spectf,real,GNB,2,0.5428571428571428,7.791336421242777,0.456036057095518
spectf,real,GNB+Platt,2,0.5714285714285714,0.5076072331111751,0.1179027635589705
spectf,real,GNB+Iso,2,0.7428571428571429,0.56087982359585,0.1481998531199715
spectf,real,ABD-NB,2,0.4857142857142857,4.828206234186101,0.4588265677433931
spectf,real,ABD-NB+Platt,2,0.5714285714285714,0.550129768719707,0.19318091467283055
spectf,real,ABD-NB+Iso,2,0.7714285714285715,0.6180947133591901,0.15749382770317422
spectf,real,GNB,3,0.7714285714285715,2.7891464469789113,0.2173239853117789
spectf,real,GNB+Platt,3,0.7428571428571429,0.36271932753294706,0.0733600045264867
spectf,real,GNB+Iso,3,0.8285714285714286,0.3182539594120739,0.05503735912209129
spectf,real,ABD-NB,3,0.8285714285714286,1.799843409535395,0.19296052128649255
spectf,real,ABD-NB+Platt,3,0.7428571428571429,0.3598254164329878,0.09033315742254308
spectf,real,ABD-NB+Iso,3,0.8285714285714286,0.3054968762889204,0.15090471443960368
spectf,real,GNB,4,0.7142857142857143,2.861509831460952,0.2738359176778287
spectf,real,GNB+Platt,4,0.8,0.43990381270351064,0.08394015461137636
spectf,real,GNB+Iso,4,0.8285714285714286,0.35424272420755276,0.1183767309489776
spectf,real,ABD-NB,4,0.7142857142857143,1.9905568242841123,0.2672621595582877
spectf,real,ABD-NB+Platt,4,0.8,0.45884420055660047,0.10382835245676512
spectf,real,ABD-NB+Iso,4,0.8571428571428571,0.44284128678408674,0.09957819112167332
spectf,real,GNB,5,0.8857142857142857,1.3630988471533703,0.12934615361402574
spectf,real,GNB+Platt,5,0.7142857142857143,0.28876652099325645,0.13012264306016647
spectf,real,GNB+Iso,5,0.9142857142857143,0.21887189864938036,0.07274958864417441
spectf,real,ABD-NB,5,0.8857142857142857,0.7936653085477933,0.11439540512540256
spectf,real,ABD-NB+Platt,5,0.7142857142857143,0.30331181567731985,0.1437034750444104
spectf,real,ABD-NB+Iso,5,0.9142857142857143,0.22511815239255903,0.049031740994776564
spectf,real,GNB,6,0.7142857142857143,3.3614572243441807,0.2773709920596941
spectf,real,GNB+Platt,6,0.7428571428571429,0.44560606047853696,0.08984723481434792
spectf,real,GNB+Iso,6,0.7714285714285715,0.42590634271948163,0.16844613626633773
spectf,real,ABD-NB,6,0.7428571428571429,2.144688334990486,0.24054680475094153
spectf,real,ABD-NB+Platt,6,0.7428571428571429,0.407772903336149,0.09846962849716356
spectf,real,ABD-NB+Iso,6,0.7714285714285715,0.4118148268602402,0.09857749336251351
spectf,real,GNB,7,0.8285714285714286,2.3060876600107734,0.1802718857596341
spectf,real,GNB+Platt,7,0.7142857142857143,0.33596565818465846,0.10873668639212744
spectf,real,GNB+Iso,7,0.8571428571428571,0.2407779737170379,0.10715724788953847
spectf,real,ABD-NB,7,0.8285714285714286,1.4686341794642905,0.17316229500853159
spectf,real,ABD-NB+Platt,7,0.9142857142857143,0.3245695954121987,0.15428154795366833
spectf,real,ABD-NB+Iso,7,0.8857142857142857,0.23738129149663242,0.09981217785957536
spectf,real,GNB,8,0.6285714285714286,3.3471387443415725,0.34771101272524446
spectf,real,GNB+Platt,8,0.6857142857142857,0.549082461435033,0.10555228055654872
spectf,real,GNB+Iso,8,0.8285714285714286,0.4325237737795373,0.09156064264031136
spectf,real,ABD-NB,8,0.6571428571428571,2.096755858253829,0.35683017277266366
spectf,real,ABD-NB+Platt,8,0.7142857142857143,0.5446884070958963,0.07017334926382554
spectf,real,ABD-NB+Iso,8,0.8285714285714286,0.4330179856049359,0.09830769587912559
spectf,real,GNB,9,0.7941176470588235,3.9122346053478716,0.22021009542393283
spectf,real,GNB+Platt,9,0.7647058823529411,0.35716959201769916,0.05343056526201521
spectf,real,GNB+Iso,9,0.7647058823529411,0.43045424288664974,0.16259087113301773
spectf,real,ABD-NB,9,0.7941176470588235,2.287631541063797,0.22834657650917
spectf,real,ABD-NB+Platt,9,0.7941176470588235,0.34906109192854307,0.07569311473969416
spectf,real,ABD-NB+Iso,9,0.8235294117647058,0.3872211666403202,0.16756886895679238
spectf,real,GNB,10,0.6571428571428571,4.841318774081048,0.33869148737234106
spectf,real,GNB+Platt,10,0.7142857142857143,0.41752352975824686,0.0557383840867724
spectf,real,GNB+Iso,10,0.7714285714285715,0.43476440995660465,0.18052785784136402
spectf,real,ABD-NB,10,0.6571428571428571,3.0923578894025194,0.3355183235072234
spectf,real,ABD-NB+Platt,10,0.7714285714285715,0.4225111651265148,0.06977996864005867
spectf,real,ABD-NB+Iso,10,0.7714285714285715,0.469209255720358,0.11950256681014323
spectf,real,GNB,11,0.6857142857142857,4.789793673138847,0.31109952643181754
spectf,real,GNB+Platt,11,0.7142857142857143,0.5156235949400053,0.04402140042717532
spectf,real,GNB+Iso,11,0.8,1.1399869515744177,0.07695178901966533
spectf,real,ABD-NB,11,0.6857142857142857,3.5727961578660787,0.31011780641467424
spectf,real,ABD-NB+Platt,11,0.7142857142857143,0.529033715291878,0.05780433684361407
spectf,real,ABD-NB+Iso,11,0.7428571428571429,1.1818558442018816,0.1394301361489872
spectf,real,GNB,12,0.6857142857142857,3.550879595371328,0.28934516318328873
spectf,real,GNB+Platt,12,0.8,0.37330716796017527,0.0750295091597226
spectf,real,GNB+Iso,12,0.8285714285714286,0.30842808826559365,0.07036993380777741
spectf,real,ABD-NB,12,0.7142857142857143,2.347346044828022,0.2957240078354858
spectf,real,ABD-NB+Platt,12,0.7714285714285715,0.40458331807067793,0.08986166158371461
spectf,real,ABD-NB+Iso,12,0.8571428571428571,0.33241426316407036,0.10498315257307228
spectf,real,GNB,13,0.7428571428571429,3.5215674603856053,0.2605401262789642
spectf,real,GNB+Platt,13,0.7428571428571429,0.37533403557414335,0.025535203989843578
spectf,real,GNB+Iso,13,0.8571428571428571,0.3024556949267915,0.07002200395610966
spectf,real,ABD-NB,13,0.7428571428571429,2.0000232397996873,0.24173698773970315
spectf,real,ABD-NB+Platt,13,0.8,0.3713171409900919,0.076921563978619
spectf,real,ABD-NB+Iso,13,0.8285714285714286,0.2842445226730418,0.11836184443330693
spectf,real,GNB,14,0.6285714285714286,3.596799928136947,0.3437732933937655
spectf,real,GNB+Platt,14,0.8,0.5197114100226824,0.14855987380366975
spectf,real,GNB+Iso,14,0.8,0.4991233612472267,0.15423051249668346
spectf,real,ABD-NB,14,0.7142857142857143,2.4610877017544563,0.29255323337014016
spectf,real,ABD-NB+Platt,14,0.7714285714285715,0.5078849403432772,0.09184322628320793
spectf,real,ABD-NB+Iso,14,0.8,0.4972084082409893,0.08105669752793669
spectf,real,GNB,15,0.8,3.692226827939385,0.20472747318130102
spectf,real,GNB+Platt,15,0.7142857142857143,0.35076927895303295,0.08668177423284454
spectf,real,GNB+Iso,15,0.8571428571428571,0.36462537206206475,0.16710028665893664
spectf,real,ABD-NB,15,0.7714285714285715,2.5951229731875074,0.2450045705927906
spectf,real,ABD-NB+Platt,15,0.7714285714285715,0.38693385994407187,0.08328480813427228
spectf,real,ABD-NB+Iso,15,0.7714285714285715,0.3910556987137352,0.12524329501742357
spectf,real,GNB,16,0.7428571428571429,3.6211528938661344,0.26043801752904305
spectf,real,GNB+Platt,16,0.7714285714285715,0.4425899324156399,0.11826563382651242
spectf,real,GNB+Iso,16,0.8,0.3789290773807271,0.10176141316442308
spectf,real,ABD-NB,16,0.7428571428571429,1.952178863454119,0.2424664085471455
spectf,real,ABD-NB+Platt,16,0.8285714285714286,0.43111386292286114,0.12834383064919988
spectf,real,ABD-NB+Iso,16,0.8285714285714286,0.3849819135749799,0.11985405187052409
spectf,real,GNB,17,0.7714285714285715,4.113003305083778,0.25798883196095496
spectf,real,GNB+Platt,17,0.7142857142857143,0.39192433227335227,0.058019831088972955
spectf,real,GNB+Iso,17,0.8,0.36754505800925874,0.12102934072264261
spectf,real,ABD-NB,17,0.7714285714285715,2.5819073115877806,0.26077041458722394
spectf,real,ABD-NB+Platt,17,0.7142857142857143,0.3969083781474749,0.08941195246365506
spectf,real,ABD-NB+Iso,17,0.8,0.36202781199335543,0.0782720104850629
spectf,real,GNB,18,0.6857142857142857,4.5736029637184,0.3076795479014217
spectf,real,GNB+Platt,18,0.7142857142857143,0.5376973604944139,0.05805814153112694
spectf,real,GNB+Iso,18,0.7428571428571429,0.6768301609017853,0.15448776464063285
spectf,real,ABD-NB,18,0.7142857142857143,2.902181001817147,0.2786044297920788
spectf,real,ABD-NB+Platt,18,0.7142857142857143,0.45597440226265656,0.08861561657200606
spectf,real,ABD-NB+Iso,18,0.7428571428571429,0.5149728430709041,0.16812474572760033
spectf,real,GNB,19,0.7352941176470589,2.865490917487853,0.27300524414542815
spectf,real,GNB+Platt,19,0.7941176470588235,0.37787681984016286,0.07264387171076311
spectf,real,GNB+Iso,19,0.8823529411764706,0.2568466740736711,0.1175775632882472
spectf,real,ABD-NB,19,0.7352941176470589,1.581472476077261,0.2608259183243737
spectf,real,ABD-NB+Platt,19,0.8235294117647058,0.3643320333071561,0.09389702046934847
spectf,real,ABD-NB+Iso,19,0.9117647058823529,0.25179044662292405,0.06800016976487559
new-thyroid,real,GNB,0,0.9545454545454546,0.3411209760389332,0.06412969228105346
new-thyroid,real,GNB+Platt,0,0.9545454545454546,0.2367208899756667,0.04967036431174551
new-thyroid,real,GNB+Iso,0,0.9090909090909091,0.18288674790898687,0.07625801713975414
new-thyroid,real,ABD-NB,0,0.9545454545454546,0.34112097603874375,0.06412969228098533
new-thyroid,real,ABD-NB+Platt,0,0.9545454545454546,0.23672088997555535,0.04967036431166158
new-thyroid,real,ABD-NB+Iso,0,0.9090909090909091,0.18288674790976278,0.07625801713982334
new-thyroid,real,GNB,1,0.9090909090909091,0.6597183545942614,0.10443574314998327
new-thyroid,real,GNB+Platt,1,0.9090909090909091,0.36573368288150526,0.0763382267133498
new-thyroid,real,GNB+Iso,1,0.9090909090909091,1.3538988265230196,0.10269804750416664
new-thyroid,real,ABD-NB,1,0.9090909090909091,0.6597183545935713,0.10443574314981272
new-thyroid,real,ABD-NB+Platt,1,0.9090909090909091,0.3657336828811523,0.07633822671310009
new-thyroid,real,ABD-NB+Iso,1,0.9090909090909091,1.353898826522868,0.10269804750409336
new-thyroid,real,GNB,2,0.9545454545454546,0.0899723256570194,0.042405733305076916
new-thyroid,real,GNB+Platt,2,0.9545454545454546,0.17534229178911664,0.050752995480110044
new-thyroid,real,GNB+Iso,2,0.9545454545454546,0.08545929649944078,0.05417256720098403
new-thyroid,real,ABD-NB,2,0.9545454545454546,0.08997232565757257,0.042405733305217144
new-thyroid,real,ABD-NB+Platt,2,0.9545454545454546,0.17562480225866262,0.050769586546931256
new-thyroid,real,ABD-NB+Iso,2,0.9545454545454546,0.08591690367974766,0.0542769063654517
new-thyroid,real,GNB,3,0.9545454545454546,0.28695604165625604,0.04346103500555398
new-thyroid,real,GNB+Platt,3,0.9545454545454546,0.215957318636171,0.030770246265555152
new-thyroid,real,GNB+Iso,3,0.9545454545454546,0.08898025494105853,0.04312104842697798
new-thyroid,real,ABD-NB,3,0.9545454545454546,0.2869560416561925,0.04346103500555998
new-thyroid,real,ABD-NB+Platt,3,0.9545454545454546,0.2159573186361681,0.030770246265541024
new-thyroid,real,ABD-NB+Iso,3,0.9545454545454546,0.0889802549410685,0.04312104842698786
new-thyroid,real,GNB,4,1.0,0.007997130857323993,0.007695821485958104
new-thyroid,real,GNB+Platt,4,1.0,0.07272701222841366,0.06991756641778138
new-thyroid,real,GNB+Iso,4,1.0,0.020285940158457957,0.019381312880430376
new-thyroid,real,ABD-NB,4,1.0,0.007997130857344584,0.007695821485976736
new-thyroid,real,ABD-NB+Platt,4,1.0,0.07272701222841899,0.06991756641778663
new-thyroid,real,ABD-NB+Iso,4,1.0,0.02028594015840064,0.019381312880375076
new-thyroid,real,GNB,5,0.9523809523809523,0.04247777869806248,0.030172834707112992
new-thyroid,real,GNB+Platt,5,0.9523809523809523,0.11794787462760563,0.09387496665690898
new-thyroid,real,GNB+Iso,5,0.9523809523809523,0.07360870007686236,0.051576358033058205
new-thyroid,real,ABD-NB,5,0.9523809523809523,0.04247777869809111,0.030172834707129642
new-thyroid,real,ABD-NB+Platt,5,0.9523809523809523,0.11794787462760224,0.09387496665691028
new-thyroid,real,ABD-NB+Iso,5,0.9523809523809523,0.07360870007650848,0.05157635803291655
new-thyroid,real,GNB,6,1.0,0.0005227161419202207,0.0005199817887187042
new-thyroid,real,GNB+Platt,6,1.0,0.06680500540010718,0.06449944601336124
new-thyroid,real,GNB+Iso,6,1.0,0.003467230304716188,0.0033440112608108473
new-thyroid,real,ABD-NB,6,1.0,0.000522716141909268,0.000519981788707935
new-thyroid,real,ABD-NB+Platt,6,1.0,0.06693058777636597,0.06461578108790428
new-thyroid,real,ABD-NB+Iso,6,1.0,0.0034672303047067034,0.0033440112608020293
new-thyroid,real,GNB,7,0.9523809523809523,0.11077659264304292,0.040094826222256054
new-thyroid,real,GNB+Platt,7,0.9523809523809523,0.11640945520669826,0.09407973138899905
new-thyroid,real,GNB+Iso,7,0.9523809523809523,0.10783968035601346,0.060098207224916635
new-thyroid,real,ABD-NB,7,0.9523809523809523,0.11077659264031284,0.04009482622201496
new-thyroid,real,ABD-NB+Platt,7,0.9523809523809523,0.12969375700113156,0.09877753062575678
new-thyroid,real,ABD-NB+Iso,7,0.9523809523809523,0.11027512009445034,0.06376883031371348
new-thyroid,real,GNB,8,1.0,0.006029719375993326,0.0058875232082235
new-thyroid,real,GNB+Platt,8,1.0,0.0680525941420684,0.06566942798133898
new-thyroid,real,GNB+Iso,8,1.0,0.012062500727835863,0.011261598029951428
new-thyroid,real,ABD-NB,8,1.0,0.006029719375981613,0.005887523208212286
new-thyroid,real,ABD-NB+Platt,8,1.0,0.06805259414207407,0.06566942798134481
new-thyroid,real,ABD-NB+Iso,8,1.0,0.012062500727905424,0.0112615980300111
new-thyroid,real,GNB,9,1.0,0.03163763257145592,0.02377102084287272
new-thyroid,real,GNB+Platt,9,0.9523809523809523,0.10107945149155333,0.0844062130389842
new-thyroid,real,GNB+Iso,9,1.0,0.034277894355356706,0.02631547539047198
new-thyroid,real,ABD-NB,9,1.0,0.031637632571594396,0.023771020842959175
new-thyroid,real,ABD-NB+Platt,9,0.9523809523809523,0.10107945149175349,0.08440621303908175
new-thyroid,real,ABD-NB+Iso,9,1.0,0.034277894355346866,0.026315475390456235
new-thyroid,real,GNB,10,0.8636363636363636,0.8386426933230211,0.14646357440683644
new-thyroid,real,GNB+Platt,10,0.8636363636363636,0.4398247976361604,0.12077660452805097
new-thyroid,real,GNB+Iso,10,0.8181818181818182,2.726059900372584,0.17836501752617778
new-thyroid,real,ABD-NB,10,0.8636363636363636,0.8386426933200455,0.14646357440643232
new-thyroid,real,ABD-NB+Platt,10,0.8636363636363636,0.43982479763450916,0.12077660452754388
new-thyroid,real,ABD-NB+Iso,10,0.8181818181818182,2.7260599003731656,0.1783650175262834
new-thyroid,real,GNB,11,1.0,0.0039890626089958,0.003920759662049522
new-thyroid,real,GNB+Platt,11,1.0,0.06981723732113945,0.06728326415123424
new-thyroid,real,GNB+Iso,11,1.0,0.003688959118098466,0.0036179205665896053
new-thyroid,real,ABD-NB,11,1.0,0.005729274262200878,0.0055597610256831395
new-thyroid,real,ABD-NB+Platt,11,1.0,0.06985442132356624,0.06731858865684515
new-thyroid,real,ABD-NB+Iso,11,1.0,0.0039077752516595765,0.0038341841104497787
new-thyroid,real,GNB,12,0.9545454545454546,0.2598012540362908,0.040309590813565555
new-thyroid,real,GNB+Platt,12,0.9545454545454546,0.21865937359904894,0.033366012154290296
new-thyroid,real,GNB+Iso,12,0.9545454545454546,0.10685224072266734,0.03426646005990354
new-thyroid,real,ABD-NB,12,0.9545454545454546,0.25980125403622856,0.04030959081355878
new-thyroid,real,ABD-NB+Platt,12,0.9545454545454546,0.21941045167252013,0.03313374887268683
new-thyroid,real,ABD-NB+Iso,12,0.9545454545454546,0.10320307110381152,0.04492834123345155
new-thyroid,real,GNB,13,1.0,0.0005118533001242439,0.0005101992393634625
new-thyroid,real,GNB+Platt,13,1.0,0.06718438782245822,0.06487140308546446
new-thyroid,real,GNB+Iso,13,1.0,0.002451019481820613,0.002397266584510671
new-thyroid,real,ABD-NB,13,1.0,0.0005118533001284425,0.0005101992393676813
new-thyroid,real,ABD-NB+Platt,13,1.0,0.06718438782246669,0.06487140308547301
new-thyroid,real,ABD-NB+Iso,13,1.0,0.0024510194818121427,0.0023972665845022334
new-thyroid,real,GNB,14,1.0,0.007420965007149746,0.0072021201953362465
new-thyroid,real,GNB+Platt,14,1.0,0.07232838101610954,0.06961928874823634
new-thyroid,real,GNB+Iso,14,1.0,0.008901040563662182,0.008526468705576537
new-thyroid,real,ABD-NB,14,1.0,0.007420965007267307,0.0072021201954460675
new-thyroid,real,ABD-NB+Platt,14,1.0,0.07251711084211009,0.06979316037465623
new-thyroid,real,ABD-NB+Iso,14,1.0,0.008994256273664713,0.008619299715826473
new-thyroid,real,GNB,15,0.9523809523809523,0.11086737000319768,0.04955497573484307
new-thyroid,real,GNB+Platt,15,0.9523809523809523,0.1919240209964782,0.07208598887048598
new-thyroid,real,GNB+Iso,15,0.9523809523809523,0.09052138823719301,0.053749250250678324
new-thyroid,real,ABD-NB,15,0.9523809523809523,0.11086737000367565,0.04955497573491958
new-thyroid,real,ABD-NB+Platt,15,0.9523809523809523,0.19429901774342895,0.07177295181055876
new-thyroid,real,ABD-NB+Iso,15,0.9523809523809523,0.0923042016864732,0.05447589328943115
new-thyroid,real,GNB,16,0.9047619047619048,0.2978191297591313,0.07556948599494852
new-thyroid,real,GNB+Platt,16,0.9047619047619048,0.27523949557119787,0.05715733229572488
new-thyroid,real,GNB+Iso,16,0.9047619047619048,0.15659997998735659,0.05775055329472693
new-thyroid,real,ABD-NB,16,0.9047619047619048,0.2978191297584061,0.07556948599492702
new-thyroid,real,ABD-NB+Platt,16,0.9047619047619048,0.2752394955709929,0.05715733229564566
new-thyroid,real,ABD-NB+Iso,16,0.9047619047619048,0.15659997998709013,0.05775055329462718
new-thyroid,real,GNB,17,1.0,0.025779107646739963,0.021160341779457574
new-thyroid,real,GNB+Platt,17,1.0,0.09003007127313326,0.08303756601948896
new-thyroid,real,GNB+Iso,17,1.0,0.051591819968913655,0.0427706957174213
new-thyroid,real,ABD-NB,17,1.0,0.02577910764648231,0.021160341779302216
new-thyroid,real,ABD-NB+Platt,17,1.0,0.090030071272783,0.08303756601927322
new-thyroid,real,ABD-NB+Iso,17,1.0,0.0515918199686796,0.04277069571728069
new-thyroid,real,GNB,18,1.0,0.0013785164115199847,0.0013704972314937391
new-thyroid,real,GNB+Platt,18,1.0,0.0670069934032379,0.06469032461668836
new-thyroid,real,GNB+Iso,18,1.0,0.00543783003355983,0.0052607284474468176
new-thyroid,real,ABD-NB,18,1.0,0.0013785164115190157,0.001370497231492851
new-thyroid,real,ABD-NB+Platt,18,1.0,0.06700699340321756,0.06469032461667074
new-thyroid,real,ABD-NB+Iso,18,1.0,0.005437830033649371,0.005260728447533034
new-thyroid,real,GNB,19,1.0,0.025925831136935976,0.02027166300658104
new-thyroid,real,GNB+Platt,19,1.0,0.09335881182501841,0.0823917238070113
new-thyroid,real,GNB+Iso,19,1.0,0.03121220192225899,0.02462542681388192
new-thyroid,real,ABD-NB,19,1.0,0.025925831137033468,0.02027166300663781
new-thyroid,real,ABD-NB+Platt,19,1.0,0.09335881182511925,0.08239172380706059
new-thyroid,real,ABD-NB+Iso,19,1.0,0.031212201922229833,0.024625426813864412
breast-w,real,GNB,0,0.9571428571428572,0.5820037388846778,0.04270241858906865
breast-w,real,GNB+Platt,0,0.9571428571428572,0.15049019376352843,0.03244616006335166
breast-w,real,GNB+Iso,0,0.9714285714285714,0.12266949864423347,0.020802810282251054
breast-w,real,ABD-NB,0,0.9571428571428572,0.5524527207883115,0.04248838655025622
breast-w,real,ABD-NB+Platt,0,0.9571428571428572,0.14960582778903922,0.032217273798422916
breast-w,real,ABD-NB+Iso,0,0.9714285714285714,0.12116406549252108,0.020737213974945976
breast-w,real,GNB,1,0.9714285714285714,0.5548188286655072,0.02856986830091912
breast-w,real,GNB+Platt,1,0.9714285714285714,0.11228697154161761,0.016113312712011902
breast-w,real,GNB+Iso,1,0.9714285714285714,0.09010179642077196,0.010107289053245733
breast-w,real,ABD-NB,1,0.9714285714285714,0.551732992366515,0.02856683912942637
breast-w,real,ABD-NB+Platt,1,0.9714285714285714,0.11160599142964138,0.01642111258333908
breast-w,real,ABD-NB+Iso,1,0.9714285714285714,0.09107404875704314,0.024966649062583123
breast-w,real,GNB,2,1.0,1.0176085266824443e-06,1.0175732315653718e-06
breast-w,real,GNB+Platt,2,1.0,0.048785938931178975,0.04689832276803205
breast-w,real,GNB+Iso,2,1.0,0.030531469831411362,0.027655935613681924
breast-w,real,ABD-NB,2,1.0,3.4274594405095305e-05,3.423367994748183e-05
breast-w,real,ABD-NB+Platt,2,1.0,0.048371178201818264,0.04647886214238288
breast-w,real,ABD-NB+Iso,2,1.0,0.026827353076366744,0.025230739247844934
breast-w,real,GNB,3,0.9714285714285714,0.40100683808459203,0.03631112363806472
breast-w,real,GNB+Platt,3,0.9571428571428572,0.1281942544212806,0.0272108243152542
breast-w,real,GNB+Iso,3,0.9571428571428572,0.07304803070442419,0.05349839213106032
breast-w,real,ABD-NB,3,0.9714285714285714,0.3461807431096474,0.03568971146962676
breast-w,real,ABD-NB+Platt,3,0.9714285714285714,0.12532824047742586,0.0256079844330295
breast-w,real,ABD-NB+Iso,3,0.9571428571428572,0.0650405960825689,0.03742182988707431
breast-w,real,GNB,4,0.9571428571428572,0.7841145511493053,0.0411449198521514
breast-w,real,GNB+Platt,4,0.9571428571428572,0.12992668641844868,0.027218356314594683
breast-w,real,GNB+Iso,4,0.9428571428571428,0.11563239430970833,0.026071605935071303
breast-w,real,ABD-NB,4,0.9571428571428572,0.7400429448440149,0.04053820940359319
breast-w,real,ABD-NB+Platt,4,0.9714285714285714,0.12333479584964661,0.025286558959043852
breast-w,real,ABD-NB+Iso,4,0.9571428571428572,0.1289151089394056,0.029193474719868683
breast-w,real,GNB,5,0.9142857142857143,1.152868158934999,0.08071875701614137
breast-w,real,GNB+Platt,5,0.9142857142857143,0.2506974461870313,0.04095031190302317
breast-w,real,GNB+Iso,5,0.9142857142857143,0.2604780818804547,0.0515265518197819
breast-w,real,ABD-NB,5,0.9142857142857143,1.3501268952175325,0.08298636130756416
breast-w,real,ABD-NB+Platt,5,0.9142857142857143,0.26795031996181257,0.04272325387226085
breast-w,real,ABD-NB+Iso,5,0.9142857142857143,0.24946569446691302,0.05409473085301083
breast-w,real,GNB,6,0.9857142857142858,0.3947787957082857,0.014235866710104683
breast-w,real,GNB+Platt,6,0.9857142857142858,0.07977629021397592,0.03146176023932902
breast-w,real,GNB+Iso,6,0.9857142857142858,0.07876309334832952,0.01907168476883205
breast-w,real,ABD-NB,6,0.9857142857142858,0.39701833111396584,0.016290514643477527
breast-w,real,ABD-NB+Platt,6,0.9857142857142858,0.07984646202138686,0.031432815544946466
breast-w,real,ABD-NB+Iso,6,0.9857142857142858,0.07343244478601259,0.014518106922056379
breast-w,real,GNB,7,0.9285714285714286,1.6750029998478897,0.07131131068462082
breast-w,real,GNB+Platt,7,0.9285714285714286,0.21872925865837994,0.04917238094028971
breast-w,real,GNB+Iso,7,0.9285714285714286,0.21136730187388508,0.05751048873798477
breast-w,real,ABD-NB,7,0.9285714285714286,1.659288804211427,0.07122895417331676
breast-w,real,ABD-NB+Platt,7,0.9285714285714286,0.20849377640344,0.04771962704944916
breast-w,real,ABD-NB+Iso,7,0.9285714285714286,0.20313676252996213,0.05441975678374174
breast-w,real,GNB,8,0.9428571428571428,1.1085077238589385,0.05834321229630507
breast-w,real,GNB+Platt,8,0.9428571428571428,0.2021880302447228,0.01374053130574807
breast-w,real,GNB+Iso,8,0.9285714285714286,0.1651696550617553,0.03618096567939692
breast-w,real,ABD-NB,8,0.9428571428571428,1.039987980266397,0.06166130573562756
breast-w,real,ABD-NB+Platt,8,0.9428571428571428,0.20493231171881168,0.016109177973965376
breast-w,real,ABD-NB+Iso,8,0.9285714285714286,0.15893845128932735,0.0273135620413893
breast-w,real,GNB,9,0.9710144927536232,0.8009001528606837,0.02898451719896522
breast-w,real,GNB+Platt,9,0.9710144927536232,0.11531699799309417,0.018852762360194498
breast-w,real,GNB+Iso,9,0.9565217391304348,0.11938280032480313,0.024553658128397375
breast-w,real,ABD-NB,9,0.9710144927536232,0.800902429207826,0.028982241165702916
breast-w,real,ABD-NB+Platt,9,0.9710144927536232,0.11507281174303202,0.018584479235410126
breast-w,real,ABD-NB+Iso,9,0.9565217391304348,0.12167634593184658,0.026634585208729994
breast-w,real,GNB,10,0.9714285714285714,0.17640629523548187,0.02836928219928314
breast-w,real,GNB+Platt,10,0.9714285714285714,0.1545704312249787,0.04844010826494989
breast-w,real,GNB+Iso,10,0.9714285714285714,0.09047021039153108,0.017701863354037166
breast-w,real,ABD-NB,10,0.9714285714285714,0.15579208821236812,0.028240694743567274
breast-w,real,ABD-NB+Platt,10,0.9714285714285714,0.15406117711793807,0.05003219589506687
breast-w,real,ABD-NB+Iso,10,0.9714285714285714,0.08630037238354478,0.01819702413667273
breast-w,real,GNB,11,0.8857142857142857,2.3549149642886094,0.11424768669518448
breast-w,real,GNB+Platt,11,0.8857142857142857,0.348567910751556,0.07424316392669407
breast-w,real,GNB+Iso,11,0.9142857142857143,0.638426981721209,0.0762157005143982
breast-w,real,ABD-NB,11,0.8857142857142857,2.3158929322868675,0.11352898981754822
breast-w,real,ABD-NB+Platt,11,0.8857142857142857,0.3492370117301432,0.07492516876326995
breast-w,real,ABD-NB+Iso,11,0.9142857142857143,0.6375901767555123,0.07584949840606472
breast-w,real,GNB,12,0.9571428571428572,0.9142575417488771,0.042850063987835196
breast-w,real,GNB+Platt,12,0.9571428571428572,0.1274866607100069,0.024953460843468528
breast-w,real,GNB+Iso,12,0.9571428571428572,0.11984360959455825,0.02217145575135552
breast-w,real,ABD-NB,12,0.9571428571428572,0.9200162746744078,0.042840864001867374
breast-w,real,ABD-NB+Platt,12,0.9571428571428572,0.12962266205703618,0.025032511402544276
breast-w,real,ABD-NB+Iso,12,0.9571428571428572,0.12071921467007984,0.0236255158211476
breast-w,real,GNB,13,0.9714285714285714,0.41454740960153635,0.028513995187367858
breast-w,real,GNB+Platt,13,0.9714285714285714,0.09960318007772159,0.042298396347836026
breast-w,real,GNB+Iso,13,0.9714285714285714,0.06002682842051783,0.026156744852296986
breast-w,real,ABD-NB,13,0.9714285714285714,0.3122572932431255,0.02201249820836556
breast-w,real,ABD-NB+Platt,13,0.9714285714285714,0.09357819630426892,0.04082148034851626
breast-w,real,ABD-NB+Iso,13,0.9714285714285714,0.07518390935337016,0.048065824204181956
breast-w,real,GNB,14,0.9428571428571428,1.203704420615275,0.0553816341316898
breast-w,real,GNB+Platt,14,0.9428571428571428,0.1653029753076211,0.030768317388727227
breast-w,real,GNB+Iso,14,0.9428571428571428,0.12760169665195825,0.06782927584475862
breast-w,real,ABD-NB,14,0.9571428571428572,0.9465354875181362,0.04939358010912931
breast-w,real,ABD-NB+Platt,14,0.9428571428571428,0.15450007004767605,0.0273297538617931
breast-w,real,ABD-NB+Iso,14,0.9428571428571428,0.12719115430538183,0.045728527872288094
breast-w,real,GNB,15,0.9714285714285714,0.5463472166040052,0.028475887215861917
breast-w,real,GNB+Platt,15,0.9714285714285714,0.1118200456898532,0.01851183200891327
breast-w,real,GNB+Iso,15,0.9714285714285714,0.08447104042999609,0.021669674336223993
breast-w,real,ABD-NB,15,0.9714285714285714,0.5384902156817805,0.028477631902176892
breast-w,real,ABD-NB+Platt,15,0.9714285714285714,0.11178788152571091,0.016837618876344627
breast-w,real,ABD-NB+Iso,15,0.9714285714285714,0.08017425218685986,0.0075052128548103916
breast-w,real,GNB,16,0.9714285714285714,0.42015390020430576,0.02761907625291528
breast-w,real,GNB+Platt,16,0.9714285714285714,0.09824437572270045,0.044594629884019875
breast-w,real,GNB+Iso,16,0.9714285714285714,0.08101169608738842,0.007732125317318112
breast-w,real,ABD-NB,16,0.9714285714285714,0.4246181478185586,0.02942276559213159
breast-w,real,ABD-NB+Platt,16,0.9714285714285714,0.09866709774828962,0.04435883521907643
breast-w,real,ABD-NB+Iso,16,0.9714285714285714,0.08125666210124591,0.0067629756353159085
breast-w,real,GNB,17,0.9714285714285714,0.7897805748612239,0.028250553577519266
breast-w,real,GNB+Platt,17,0.9714285714285714,0.11502893688594852,0.019974921451433626
breast-w,real,GNB+Iso,17,0.9714285714285714,0.12601659675096005,0.03549967402347309
breast-w,real,ABD-NB,17,0.9714285714285714,0.7722066815351164,0.028198902826217065
breast-w,real,ABD-NB+Platt,17,0.9714285714285714,0.11403690326606337,0.018317010077995723
breast-w,real,ABD-NB+Iso,17,0.9714285714285714,0.12417669758842574,0.034305833202045
breast-w,real,GNB,18,0.9714285714285714,0.46172781039066685,0.027490095263846492
breast-w,real,GNB+Platt,18,0.9714285714285714,0.13936403050314766,0.026742527928428753
breast-w,real,GNB+Iso,18,0.9571428571428572,0.10667615496163593,0.031153825095069882
breast-w,real,ABD-NB,18,0.9714285714285714,0.45696149277439385,0.03002598792185113
breast-w,real,ABD-NB+Platt,18,0.9714285714285714,0.1401963477694377,0.0281947742362581
breast-w,real,ABD-NB+Iso,18,0.9571428571428572,0.11033257098162372,0.02715562680376593
breast-w,real,GNB,19,0.9710144927536232,0.5623807055783631,0.028984249958686314
breast-w,real,GNB+Platt,19,0.9710144927536232,0.11330759322696185,0.015589586685957182
breast-w,real,GNB+Iso,19,0.9710144927536232,0.08898829780085635,0.010858739614324351
breast-w,real,ABD-NB,19,0.9710144927536232,0.45635742673448093,0.028677142807690292
breast-w,real,ABD-NB+Platt,19,0.9710144927536232,0.11309641075892811,0.015353927955549452
breast-w,real,ABD-NB+Iso,19,0.9710144927536232,0.08928625782551416,0.010321463152195037
horse-colic,real,GNB,0,0.8108108108108109,1.1204140219675502,0.20933589791840432
horse-colic,real,GNB+Platt,0,0.8108108108108109,0.5209562592156705,0.1131656735379524
horse-colic,real,GNB+Iso,0,0.7837837837837838,0.4861623257863376,0.0798828677689502
horse-colic,real,ABD-NB,0,0.8108108108108109,1.0873509977308526,0.2105881699760529
horse-colic,real,ABD-NB+Platt,0,0.7837837837837838,0.5322141809897464,0.12387911864265089
horse-colic,real,ABD-NB+Iso,0,0.7567567567567568,0.5308376486365886,0.15832481635678936
horse-colic,real,GNB,1,0.7027027027027027,1.3943773994241915,0.2159337906660044
horse-colic,real,GNB+Platt,1,0.7567567567567568,0.5532692468613226,0.13461307784511645
horse-colic,real,GNB+Iso,1,0.8108108108108109,0.544893515563963,0.1830231391711508
horse-colic,real,ABD-NB,1,0.7297297297297297,1.217746425392123,0.2522230426590429
horse-colic,real,ABD-NB+Platt,1,0.7567567567567568,0.5492129407441491,0.1378325073752158
horse-colic,real,ABD-NB+Iso,1,0.7837837837837838,0.5473518671755149,0.15891608872363877
horse-colic,real,GNB,2,0.8918918918918919,0.457244672116403,0.11437407599149543
horse-colic,real,GNB+Platt,2,0.8378378378378378,0.4154952646757895,0.2001140785179932
horse-colic,real,GNB+Iso,2,0.8648648648648649,0.38578249488512656,0.12217363176744679
horse-colic,real,ABD-NB,2,0.8108108108108109,0.5386464112423279,0.13441156880211447
horse-colic,real,ABD-NB+Platt,2,0.8648648648648649,0.4097655700839282,0.1611255902817414
horse-colic,real,ABD-NB+Iso,2,0.8648648648648649,0.3736488151369292,0.09225219541385807
horse-colic,real,GNB,3,0.6756756756756757,1.172603912167307,0.2549787353770504
horse-colic,real,GNB+Platt,3,0.7297297297297297,0.5784395069329173,0.10103106839455425
horse-colic,real,GNB+Iso,3,0.7297297297297297,0.5377017459377977,0.13517885412490754
horse-colic,real,ABD-NB,3,0.7297297297297297,1.0869487258057118,0.27028622250066914
horse-colic,real,ABD-NB+Platt,3,0.7567567567567568,0.5743682727456587,0.09420777983239773
horse-colic,real,ABD-NB+Iso,3,0.7567567567567568,0.5368507272772537,0.1424771900960977
horse-colic,real,GNB,4,0.6756756756756757,1.1077579507281745,0.25033087286765
horse-colic,real,GNB+Platt,4,0.6486486486486487,0.5952240705093526,0.12418706503455071
horse-colic,real,GNB+Iso,4,0.7297297297297297,0.5887259319950989,0.15263091925630193
horse-colic,real,ABD-NB,4,0.6756756756756757,1.0441961920107075,0.30170539843944244
horse-colic,real,ABD-NB+Platt,4,0.7027027027027027,0.5889538754551485,0.09635729687823698
horse-colic,real,ABD-NB+Iso,4,0.7297297297297297,0.5778194498748316,0.13963925818253362
horse-colic,real,GNB,5,0.6216216216216216,1.3382378596923488,0.28481749438048654
horse-colic,real,GNB+Platt,5,0.6216216216216216,0.6185939258543234,0.1054482385895637
horse-colic,real,GNB+Iso,5,0.6756756756756757,0.6282459473429047,0.1704413050702756
horse-colic,real,ABD-NB,5,0.5945945945945946,1.242952567406021,0.27660227756676153
horse-colic,real,ABD-NB+Platt,5,0.6216216216216216,0.6051704637761223,0.13066150439409488
horse-colic,real,ABD-NB+Iso,5,0.6756756756756757,0.6334530989584876,0.191540507537779
horse-colic,real,GNB,6,0.6756756756756757,1.227214798973272,0.24363014091043234
horse-colic,real,GNB+Platt,6,0.7027027027027027,0.567059942683538,0.10538602581030038
horse-colic,real,GNB+Iso,6,0.6756756756756757,0.556521913057356,0.15468650241505752
horse-colic,real,ABD-NB,6,0.6756756756756757,1.0760330722218827,0.23139693538946932
horse-colic,real,ABD-NB+Platt,6,0.6756756756756757,0.5708985727866068,0.13642797035752577
horse-colic,real,ABD-NB+Iso,6,0.7027027027027027,0.5508270669665991,0.14034341374860052
horse-colic,real,GNB,7,0.8918918918918919,0.8832437003995387,0.1144198745832216
horse-colic,real,GNB+Platt,7,0.918918918918919,0.399212252081654,0.18854391177223323
horse-colic,real,GNB+Iso,7,0.8918918918918919,1.1398495627207887,0.19599934181371756
horse-colic,real,ABD-NB,7,0.8918918918918919,0.7605776016602708,0.12274396186052662
horse-colic,real,ABD-NB+Platt,7,0.918918918918919,0.4004377688563487,0.18957751054731292
horse-colic,real,ABD-NB+Iso,7,0.918918918918919,0.3915652425272779,0.17294306757553712
horse-colic,real,GNB,8,0.6666666666666666,1.2492789161972189,0.2960265642965696
horse-colic,real,GNB+Platt,8,0.6944444444444444,0.5533117117840427,0.09501683195183636
horse-colic,real,GNB+Iso,8,0.75,0.5616230325111363,0.09569480262303298
horse-colic,real,ABD-NB,8,0.6666666666666666,1.0787300179927017,0.24833821567647169
horse-colic,real,ABD-NB+Platt,8,0.75,0.537443232396154,0.08933843411034534
horse-colic,real,ABD-NB+Iso,8,0.75,0.5687741265133837,0.07184077801108316
horse-colic,real,GNB,9,0.6388888888888888,2.9419606934930767,0.33636087952929283
horse-colic,real,GNB+Platt,9,0.6388888888888888,0.6409248249473211,0.13174680500561356
horse-colic,real,GNB+Iso,9,0.6111111111111112,0.7516410089923946,0.26913495388374664
horse-colic,real,ABD-NB,9,0.6666666666666666,2.677481774556057,0.2510582737704619
horse-colic,real,ABD-NB+Platt,9,0.6388888888888888,0.6385169552108861,0.12030947450289198
horse-colic,real,ABD-NB+Iso,9,0.5833333333333334,0.7323073615993492,0.20898252466448083
horse-colic,real,GNB,10,0.7027027027027027,1.2457458005850661,0.25435806323631016
horse-colic,real,GNB+Platt,10,0.7567567567567568,0.5511205157965715,0.09921762374435204
horse-colic,real,GNB+Iso,10,0.7567567567567568,0.5576711514449176,0.1132491663948251
horse-colic,real,ABD-NB,10,0.7027027027027027,1.1447356004962081,0.20364583465780497
horse-colic,real,ABD-NB+Platt,10,0.7297297297297297,0.6070154102060842,0.09733419807317448
horse-colic,real,ABD-NB+Iso,10,0.6756756756756757,0.6572465528131005,0.12545968995253093
horse-colic,real,GNB,11,0.7837837837837838,0.785242836247394,0.1636844091697071
horse-colic,real,GNB+Platt,11,0.7837837837837838,0.4756129769435682,0.16417818068577197
horse-colic,real,GNB+Iso,11,0.7567567567567568,0.481522173715444,0.08774650099088048
horse-colic,real,ABD-NB,11,0.7837837837837838,0.7548477771164539,0.15639731239873655
horse-colic,real,ABD-NB+Platt,11,0.7837837837837838,0.47473126676401495,0.1003267621909987
horse-colic,real,ABD-NB+Iso,11,0.7837837837837838,0.48752673096249827,0.1437084236001927
horse-colic,real,GNB,12,0.6216216216216216,1.8546408471014169,0.3199218194510563
horse-colic,real,GNB+Platt,12,0.6486486486486487,0.6582597286171787,0.20997043565176032
horse-colic,real,GNB+Iso,12,0.7297297297297297,0.6447107519915009,0.20508188711094677
horse-colic,real,ABD-NB,12,0.6486486486486487,1.7431859259044247,0.3165005499271384
horse-colic,real,ABD-NB+Platt,12,0.6756756756756757,0.6444048457068091,0.1533433381921883
horse-colic,real,ABD-NB+Iso,12,0.7567567567567568,0.6513498994887523,0.1775635753182561
horse-colic,real,GNB,13,0.7567567567567568,0.9748240020770385,0.1899993166627525
horse-colic,real,GNB+Platt,13,0.7837837837837838,0.48457602509317704,0.12684489255175008
horse-colic,real,GNB+Iso,13,0.8378378378378378,0.4457845622849615,0.18137153742099105
horse-colic,real,ABD-NB,13,0.7837837837837838,0.8756439863297413,0.20899306885150004
horse-colic,real,ABD-NB+Platt,13,0.7837837837837838,0.47564201845399606,0.16773291075742247
horse-colic,real,ABD-NB+Iso,13,0.8378378378378378,0.4449057963764437,0.20170844038741775
horse-colic,real,GNB,14,0.7567567567567568,1.6787509012094326,0.24953466460192358
horse-colic,real,GNB+Platt,14,0.7297297297297297,0.537007151749062,0.13033147527139044
horse-colic,real,GNB+Iso,14,0.7837837837837838,1.209342516487291,0.1174361962519016
horse-colic,real,ABD-NB,14,0.7297297297297297,1.677004006080089,0.25524554738591726
horse-colic,real,ABD-NB+Platt,14,0.7567567567567568,0.5350330605333364,0.08922695574554831
horse-colic,real,ABD-NB+Iso,14,0.7837837837837838,1.2185173048335354,0.08474532921371727
horse-colic,real,GNB,15,0.7027027027027027,1.2297903388492855,0.2679104700408524
horse-colic,real,GNB+Platt,15,0.6756756756756757,0.5871917842305613,0.09535669059065037
horse-colic,real,GNB+Iso,15,0.6756756756756757,0.5791879705322768,0.2135625601548242
horse-colic,real,ABD-NB,15,0.7027027027027027,1.1201856829991985,0.24920668629280027
horse-colic,real,ABD-NB+Platt,15,0.7027027027027027,0.5809785627616496,0.1478783139810523
horse-colic,real,ABD-NB+Iso,15,0.6756756756756757,0.5866649982179953,0.1537796425578926
horse-colic,real,GNB,16,0.7837837837837838,0.9367043764742089,0.20393265237434258
horse-colic,real,GNB+Platt,16,0.7837837837837838,0.5073548217834599,0.09616619402630644
horse-colic,real,GNB+Iso,16,0.7837837837837838,0.4722677648727798,0.09651577517303496
horse-colic,real,ABD-NB,16,0.7837837837837838,0.8854954014432174,0.21862475165914216
horse-colic,real,ABD-NB+Platt,16,0.7567567567567568,0.5096807589666248,0.08314111143383238
horse-colic,real,ABD-NB+Iso,16,0.7567567567567568,0.5157125302907402,0.07311458004015829
horse-colic,real,GNB,17,0.7027027027027027,1.1721099129228543,0.2439324966204583
horse-colic,real,GNB+Platt,17,0.6756756756756757,0.5551499441884873,0.0985375143744151
horse-colic,real,GNB+Iso,17,0.7297297297297297,0.570912480513081,0.10292404551855061
horse-colic,real,ABD-NB,17,0.7027027027027027,1.030351727343624,0.2091879475252347
horse-colic,real,ABD-NB+Platt,17,0.7297297297297297,0.5450965510706741,0.07870091235600128
horse-colic,real,ABD-NB+Iso,17,0.7027027027027027,0.5654073216051497,0.16089599762420675
horse-colic,real,GNB,18,0.6666666666666666,1.8073274665574592,0.2831278431376658
horse-colic,real,GNB+Platt,18,0.7222222222222222,0.5879033249256472,0.09875216048079165
horse-colic,real,GNB+Iso,18,0.7222222222222222,0.6284106253203274,0.09156156551262262
horse-colic,real,ABD-NB,18,0.7222222222222222,1.5240387879447186,0.22435517774040492
horse-colic,real,ABD-NB+Platt,18,0.7777777777777778,0.5522403777313876,0.1041599563692309
horse-colic,real,ABD-NB+Iso,18,0.75,0.7714864052722952,0.08408338372684435
horse-colic,real,GNB,19,0.75,0.6818978136186653,0.15581429418859635
horse-colic,real,GNB+Platt,19,0.75,0.4713046407617886,0.21060521447727104
horse-colic,real,GNB+Iso,19,0.8055555555555556,0.4480377827742943,0.10918122781244252
horse-colic,real,ABD-NB,19,0.7777777777777778,0.8339808220203131,0.15034012457452212
horse-colic,real,ABD-NB+Platt,19,0.7777777777777778,0.4750172465356217,0.16661870551566357
horse-colic,real,ABD-NB+Iso,19,0.8055555555555556,0.46346255652443197,0.120021252403209
ecoli,real,GNB,0,0.8181818181818182,0.9089374463265435,0.19119030479559368
ecoli,real,GNB+Platt,0,0.8484848484848485,0.5719638494387895,0.19450619347134931
ecoli,real,GNB+Iso,0,0.8787878787878788,0.35097299834827833,0.09505514662127339
ecoli,real,ABD-NB,0,0.8181818181818182,0.9079883403555783,0.19114361712654582
ecoli,real,ABD-NB+Platt,0,0.8484848484848485,0.5687857906176329,0.21884713226452268
ecoli,real,ABD-NB+Iso,0,0.8787878787878788,0.35014852197747937,0.09506990652002954
ecoli,real,GNB,1,0.7878787878787878,0.9512144394919775,0.18587217679119927
ecoli,real,GNB+Platt,1,0.8181818181818182,0.5368642282730196,0.19153716541803678
ecoli,real,GNB+Iso,1,0.8484848484848485,0.32585713872227595,0.11920763673968712
ecoli,real,ABD-NB,1,0.7878787878787878,0.9494430485927551,0.1857000667737012
ecoli,real,ABD-NB+Platt,1,0.8181818181818182,0.536023178654169,0.19101345638187167
ecoli,real,ABD-NB+Iso,1,0.8484848484848485,0.33800759187658175,0.12423070381529797
ecoli,real,GNB,2,0.8181818181818182,1.132315891835746,0.12288041416148297
ecoli,real,GNB+Platt,2,0.8787878787878788,0.5116061964770577,0.20502105149823507
ecoli,real,GNB+Iso,2,0.7878787878787878,1.1068321440986535,0.15057491143841584
ecoli,real,ABD-NB,2,0.8181818181818182,1.132004210434045,0.12287343563999731
ecoli,real,ABD-NB+Platt,2,0.8787878787878788,0.5115237547638003,0.20497013377066642
ecoli,real,ABD-NB+Iso,2,0.7878787878787878,1.1058897243263772,0.15057603771121564
ecoli,real,GNB,3,0.7878787878787878,1.0776915741688122,0.16931010436026425
ecoli,real,GNB+Platt,3,0.8181818181818182,0.5652401018368636,0.2100857146018757
ecoli,real,GNB+Iso,3,0.8484848484848485,0.38755347109571486,0.12738378561277602
ecoli,real,ABD-NB,3,0.7878787878787878,1.0766121370494535,0.1693210078239803
ecoli,real,ABD-NB+Platt,3,0.8181818181818182,0.5632244680976681,0.20981294136540818
ecoli,real,ABD-NB+Iso,3,0.8484848484848485,0.38188761974427954,0.1261078275006667
ecoli,real,GNB,4,0.7575757575757576,1.3175660034151015,0.1807761454462165
ecoli,real,GNB+Platt,4,0.8181818181818182,0.6013758579017853,0.1791056388968246
ecoli,real,GNB+Iso,4,0.8787878787878788,1.2152160603365256,0.13330802213209791
ecoli,real,ABD-NB,4,0.7575757575757576,1.3159417209029718,0.18067408961368364
ecoli,real,ABD-NB+Platt,4,0.8181818181818182,0.6012642106612929,0.17900483196041644
ecoli,real,ABD-NB+Iso,4,0.8787878787878788,1.2155271496479558,0.1334141131640466
ecoli,real,GNB,5,0.6666666666666666,2.896267404710928,0.30185722306112034
ecoli,real,GNB+Platt,5,0.7878787878787878,0.6005809486795783,0.20110002438837488
ecoli,real,GNB+Iso,5,0.8484848484848485,0.4631151133964187,0.06005749814619251
ecoli,real,ABD-NB,5,0.6666666666666666,2.8932556262439166,0.3017307285272368
ecoli,real,ABD-NB+Platt,5,0.8181818181818182,0.6047349728932279,0.24288930253314694
ecoli,real,ABD-NB+Iso,5,0.8484848484848485,0.4662772976017502,0.09364289158729104
ecoli,real,GNB,6,0.696969696969697,2.1578378087653407,0.2596271829133765
ecoli,real,GNB+Platt,6,0.7272727272727273,0.7497865946545412,0.08388362699896976
ecoli,real,GNB+Iso,6,0.8181818181818182,0.565957681691142,0.15024352996866447
ecoli,real,ABD-NB,6,0.696969696969697,2.1556509451584644,0.2594792846776345
ecoli,real,ABD-NB+Platt,6,0.7272727272727273,0.7495074675468374,0.08383722162238993
ecoli,real,ABD-NB+Iso,6,0.8181818181818182,0.5643279747802701,0.1496370969460271
ecoli,real,GNB,7,0.78125,2.3419225061652984,0.17863296977939896
ecoli,real,GNB+Platt,7,0.8125,0.5793850098216792,0.22576299913679126
ecoli,real,GNB+Iso,7,0.875,0.4463194271532362,0.16976207659430342
ecoli,real,ABD-NB,7,0.78125,2.340059731249292,0.17861391735582427
ecoli,real,ABD-NB+Platt,7,0.8125,0.5792733010576542,0.22568113159060949
ecoli,real,ABD-NB+Iso,7,0.875,0.44628271497268224,0.16972525420445816
ecoli,real,GNB,8,0.78125,2.727297093397634,0.2296311441729658
ecoli,real,GNB+Platt,8,0.8125,0.6156156848205537,0.14673639727717785
ecoli,real,GNB+Iso,8,0.90625,1.1726381444890959,0.1551604936724854
ecoli,real,ABD-NB,8,0.78125,2.7256559848347903,0.22963023474991515
ecoli,real,ABD-NB+Platt,8,0.8125,0.6829556699654884,0.13093273795017074
ecoli,real,ABD-NB+Iso,8,0.875,2.0667160934098168,0.11556977551473002
ecoli,real,GNB,9,0.84375,0.5461850103690602,0.17534433928553161
ecoli,real,GNB+Platt,9,0.8125,0.5088642050447785,0.2467408482327792
ecoli,real,GNB+Iso,9,0.84375,0.37024052390831896,0.112307073125024
ecoli,real,ABD-NB,9,0.84375,0.5451982680212222,0.1752133143354433
ecoli,real,ABD-NB+Platt,9,0.8125,0.5086570724106572,0.24668993879468482
ecoli,real,ABD-NB+Iso,9,0.84375,0.3701889283769228,0.11226892710059426
ecoli,real,GNB,10,0.7878787878787878,0.6368694037781051,0.15417991869763384
ecoli,real,GNB+Platt,10,0.9090909090909091,0.48180909750446316,0.27074581026180944
ecoli,real,GNB+Iso,10,0.8787878787878788,0.28631441766709226,0.13028878312820713
ecoli,real,ABD-NB,10,0.7878787878787878,0.635485824035497,0.1541161514194033
ecoli,real,ABD-NB+Platt,10,0.9090909090909091,0.4788230926454622,0.27263084036819496
ecoli,real,ABD-NB+Iso,10,0.8787878787878788,0.2887512002109288,0.16178800005273036
ecoli,real,GNB,11,0.7272727272727273,2.378223395557151,0.21423533646428053
ecoli,real,GNB+Platt,11,0.8484848484848485,0.5949781426092481,0.19382709728903375
ecoli,real,GNB+Iso,11,0.8484848484848485,0.4319604965135696,0.095566266679184
ecoli,real,ABD-NB,11,0.7272727272727273,2.3759355826133315,0.21406971627377447
ecoli,real,ABD-NB+Platt,11,0.8181818181818182,0.6224231806576379,0.20804429871463112
ecoli,real,ABD-NB+Iso,11,0.8484848484848485,0.4673184785551547,0.12351512799685674
ecoli,real,GNB,12,0.6666666666666666,1.5215467420152218,0.26761629977202717
ecoli,real,GNB+Platt,12,0.7575757575757576,0.7032410213310373,0.2179057138246166
ecoli,real,GNB+Iso,12,0.8484848484848485,0.5192234157189686,0.17880437647661548
ecoli,real,ABD-NB,12,0.6666666666666666,1.563139992959586,0.2612674966234269
ecoli,real,ABD-NB+Platt,12,0.7575757575757576,0.7030998059712751,0.2178226835254875
ecoli,real,ABD-NB+Iso,12,0.8484848484848485,0.5191326288065844,0.17877164923303193
ecoli,real,GNB,13,0.7575757575757576,2.8327158963095305,0.22781012343740648
ecoli,real,GNB+Platt,13,0.7575757575757576,0.5596271690787609,0.20054899286669076
ecoli,real,GNB+Iso,13,0.9090909090909091,1.0727852232807402,0.10891298254213434
ecoli,real,ABD-NB,13,0.7575757575757576,2.8832524956711474,0.2271159011605543
ecoli,real,ABD-NB+Platt,13,0.7878787878787878,0.5313163390059259,0.1993835439284243
ecoli,real,ABD-NB+Iso,13,0.8787878787878788,0.3829754410936843,0.13456241046542225
ecoli,real,GNB,14,0.696969696969697,1.4049878388902102,0.2744074351163389
ecoli,real,GNB+Platt,14,0.8181818181818182,0.5796415511852765,0.213801350948647
ecoli,real,GNB+Iso,14,0.8181818181818182,0.3752096612600294,0.1148181687747358
ecoli,real,ABD-NB,14,0.696969696969697,1.4030851062709782,0.27429194099517334
ecoli,real,ABD-NB+Platt,14,0.7575757575757576,0.5998064203951476,0.19950724582632728
ecoli,real,ABD-NB+Iso,14,0.7878787878787878,0.42490614354784895,0.16385349722653803
ecoli,real,GNB,15,0.8181818181818182,0.6757048751429481,0.16069608451953238
ecoli,real,GNB+Platt,15,0.8787878787878788,0.4934007967702633,0.1745751311702116
ecoli,real,GNB+Iso,15,0.8787878787878788,0.33110606633566353,0.13909839725806125
ecoli,real,ABD-NB,15,0.8181818181818182,0.6746701479009496,0.16066101575086075
ecoli,real,ABD-NB+Platt,15,0.8787878787878788,0.49319424351804364,0.17443891192106653
ecoli,real,ABD-NB+Iso,15,0.8787878787878788,0.33081786075186403,0.13890474875929298
ecoli,real,GNB,16,0.7575757575757576,1.2594013870088603,0.18893474704279728
ecoli,real,GNB+Platt,16,0.8181818181818182,0.5909799047708157,0.18313769145382502
ecoli,real,GNB+Iso,16,0.8181818181818182,0.45357666235768324,0.12985138909322008
ecoli,real,ABD-NB,16,0.7575757575757576,1.2582147279801552,0.18887211755914746
ecoli,real,ABD-NB+Platt,16,0.8181818181818182,0.6007437937274746,0.1530427881389446
ecoli,real,ABD-NB+Iso,16,0.8181818181818182,0.4663700618056608,0.12001876259735296
ecoli,real,GNB,17,0.8125,1.187554802089534,0.1727373919978
ecoli,real,GNB+Platt,17,0.875,0.5010939870915245,0.1879491826154104
ecoli,real,GNB+Iso,17,0.90625,0.37279840642394513,0.10810091546643588
ecoli,real,ABD-NB,17,0.8125,1.1858006681685747,0.1726767793247203
ecoli,real,ABD-NB+Platt,17,0.875,0.5008089983735315,0.18788240839947565
ecoli,real,ABD-NB+Iso,17,0.90625,0.37134255690465745,0.10750555477292256
ecoli,real,GNB,18,0.6875,2.419130468243755,0.2628756197231118
ecoli,real,GNB+Platt,18,0.78125,0.7659549434576977,0.16734327931677975
ecoli,real,GNB+Iso,18,0.84375,1.3812869369521044,0.14498425634492465
ecoli,real,ABD-NB,18,0.6875,2.4175929868897637,0.26262795519728255
ecoli,real,ABD-NB+Platt,18,0.78125,0.7671886586589023,0.1677581700415329
ecoli,real,ABD-NB+Iso,18,0.84375,1.3812135659136637,0.16343619938355197
ecoli,real,GNB,19,0.90625,0.973752326371578,0.09599071330114878
ecoli,real,GNB+Platt,19,0.90625,0.4568114500980365,0.25016404025876837
ecoli,real,GNB+Iso,19,0.9375,1.0452165773470672,0.1270658596947791
ecoli,real,ABD-NB,19,0.90625,0.9735286776140607,0.09586719986054162
ecoli,real,ABD-NB+Platt,19,0.90625,0.4519194111395912,0.24949184543368041
ecoli,real,ABD-NB+Iso,19,0.9375,1.0463900461553168,0.09632462241097003
yeast,real,GNB,0,0.13513513513513514,8.554319413470921,0.7882851062118661
yeast,real,GNB+Platt,0,0.4594594594594595,1.4729599509917959,0.13001509882021575
yeast,real,GNB+Iso,0,0.5608108108108109,1.3891616772529938,0.1351167987902588
yeast,real,ABD-NB,0,0.13513513513513514,8.525140794653263,0.7881432210621911
yeast,real,ABD-NB+Platt,0,0.4594594594594595,1.4721350896225203,0.12535539429378376
yeast,real,ABD-NB+Iso,0,0.5675675675675675,1.3886230264530404,0.14118573571979498
yeast,real,GNB,1,0.0945945945945946,8.189010089964611,0.8283328806133798
yeast,real,GNB+Platt,1,0.38513513513513514,1.4425776497940916,0.1092853695018036
yeast,real,GNB+Iso,1,0.6216216216216216,1.162557957363645,0.17816820475458806
yeast,real,ABD-NB,1,0.0945945945945946,8.160225483367658,0.8281820991855807
yeast,real,ABD-NB+Platt,1,0.38513513513513514,1.4421077798840105,0.10916480994941473
yeast,real,ABD-NB+Iso,1,0.6216216216216216,1.1623666935714778,0.1781812629628555
yeast,real,GNB,2,0.1554054054054054,5.328054970330411,0.6597534686596418
yeast,real,GNB+Platt,2,0.3783783783783784,1.4435005045513016,0.15033666872718665
yeast,real,GNB+Iso,2,0.5878378378378378,1.5034118214956191,0.19635413159070417
yeast,real,ABD-NB,2,0.1554054054054054,5.308704598503033,0.6594298355474439
yeast,real,ABD-NB+Platt,2,0.3783783783783784,1.4427256032226663,0.15028146966101025
yeast,real,ABD-NB+Iso,2,0.5878378378378378,1.5030760466213982,0.1964438200156626
yeast,real,GNB,3,0.12837837837837837,8.702369090188148,0.7877975425976964
yeast,real,GNB+Platt,3,0.39864864864864863,1.5204524734288343,0.10619777467082339
yeast,real,GNB+Iso,3,0.4797297297297297,1.3162416879536931,0.10519991592948427
yeast,real,ABD-NB,3,0.12837837837837837,8.673690903835158,0.7876098173734626
yeast,real,ABD-NB+Platt,3,0.39864864864864863,1.520156917815457,0.10157396074641584
yeast,real,ABD-NB+Iso,3,0.4797297297297297,1.316007085491731,0.11076155703150331
yeast,real,GNB,4,0.08783783783783784,8.71788681349766,0.8323375104747036
yeast,real,GNB+Platt,4,0.36486486486486486,1.515896967261193,0.08204506065360637
yeast,real,GNB+Iso,4,0.4864864864864865,1.2974982519164275,0.07473324734419545
yeast,real,ABD-NB,4,0.08783783783783784,8.688364857861238,0.8320707722562034
yeast,real,ABD-NB+Platt,4,0.36486486486486486,1.5152965630584894,0.08194620157934664
yeast,real,ABD-NB+Iso,4,0.4864864864864865,1.296519629790931,0.06583052391249608
yeast,real,GNB,5,0.12162162162162163,8.278920302322984,0.7903248939310948
yeast,real,GNB+Platt,5,0.3716216216216216,1.4791113471966413,0.06093913555542034
yeast,real,GNB+Iso,5,0.5,1.4133186792349592,0.09570363772072393
yeast,real,ABD-NB,5,0.12162162162162163,8.250081279284089,0.7901009054312811
yeast,real,ABD-NB+Platt,5,0.3716216216216216,1.4784280310184432,0.0607334215211774
yeast,real,ABD-NB+Iso,5,0.5,1.4128507400441166,0.11132035030167804
yeast,real,GNB,6,0.2702702702702703,7.532876168191918,0.5756361244255873
yeast,real,GNB+Platt,6,0.4864864864864865,1.3341753970269683,0.13249303674228138
yeast,real,GNB+Iso,6,0.5675675675675675,1.2468737752413457,0.12704850459319547
yeast,real,ABD-NB,6,0.2702702702702703,7.507246609067935,0.5754855532183134
yeast,real,ABD-NB+Platt,6,0.4864864864864865,1.3335766773338071,0.13234460636916737
yeast,real,ABD-NB+Iso,6,0.5675675675675675,1.2458501304594263,0.12655073480298806
yeast,real,GNB,7,0.12162162162162163,7.967130441312394,0.7823504338426999
yeast,real,GNB+Platt,7,0.41216216216216217,1.424705838667349,0.14111388161411018
yeast,real,GNB+Iso,7,0.6081081081081081,1.0991378807330592,0.15453497739150868
yeast,real,ABD-NB,7,0.12162162162162163,7.938229182165906,0.7820393584570844
yeast,real,ABD-NB+Platt,7,0.41216216216216217,1.423749342978114,0.14088411057797168
yeast,real,ABD-NB+Iso,7,0.6081081081081081,1.0979590612183847,0.1544720640252459
yeast,real,GNB,8,0.19594594594594594,8.548157147214342,0.7128958491613864
yeast,real,GNB+Platt,8,0.49324324324324326,1.4277627300113356,0.18248060534051097
yeast,real,GNB+Iso,8,0.6081081081081081,1.2562408115089196,0.17966433009353372
yeast,real,ABD-NB,8,0.19594594594594594,8.521814962803504,0.7127514179286148
yeast,real,ABD-NB+Platt,8,0.4864864864864865,1.4274517620839506,0.1891648720911961
yeast,real,ABD-NB+Iso,8,0.6081081081081081,1.2565201962284251,0.17976742458314443
yeast,real,GNB,9,0.11564625850340136,8.21826344596681,0.7663142955594561
yeast,real,GNB+Platt,9,0.41496598639455784,1.459706566844012,0.08980405486881601
yeast,real,GNB+Iso,9,0.5510204081632653,1.2024317589724798,0.16299287015445935
yeast,real,ABD-NB,9,0.11564625850340136,8.189892387681079,0.7660225356442393
yeast,real,ABD-NB+Platt,9,0.41496598639455784,1.4590540497298732,0.08965165724170028
yeast,real,ABD-NB+Iso,9,0.5578231292517006,1.2015259774291258,0.15074535614786327
yeast,real,GNB,10,0.08783783783783784,6.078926751054181,0.8067388948379459
yeast,real,GNB+Platt,10,0.33783783783783783,1.4712041563492195,0.11690848322279472
yeast,real,GNB+Iso,10,0.527027027027027,1.274262642270028,0.14846352562979442
yeast,real,ABD-NB,10,0.08783783783783784,6.058303791612903,0.8063350582637987
yeast,real,ABD-NB+Platt,10,0.33783783783783783,1.4707801083294514,0.11680855082848171
yeast,real,ABD-NB+Iso,10,0.5202702702702703,1.2739728425019328,0.1400126029599269
yeast,real,GNB,11,0.12162162162162163,8.663775338280713,0.7932316945451524
yeast,real,GNB+Platt,11,0.35135135135135137,1.554298519083499,0.1192115814719058
yeast,real,GNB+Iso,11,0.5,1.4621332048469362,0.07378390134035054
yeast,real,ABD-NB,11,0.12162162162162163,8.636157561759365,0.7929510384922707
yeast,real,ABD-NB+Platt,11,0.35135135135135137,1.554026470652763,0.11907705351886311
yeast,real,ABD-NB+Iso,11,0.5,1.4627088734763958,0.0697394505633448
yeast,real,GNB,12,0.13513513513513514,8.0662848738493,0.7979355258000901
yeast,real,GNB+Platt,12,0.38513513513513514,1.5197779118295904,0.11660498811209905
yeast,real,GNB+Iso,12,0.49324324324324326,1.2806962544346583,0.09566465356772715
yeast,real,ABD-NB,12,0.13513513513513514,8.037056628053614,0.7976363374604546
yeast,real,ABD-NB+Platt,12,0.38513513513513514,1.5192915710357884,0.1164827095002836
yeast,real,ABD-NB+Iso,12,0.4864864864864865,1.2804639386215424,0.09284920264417494
yeast,real,GNB,13,0.12837837837837837,8.677355739385163,0.6820261174561149
yeast,real,GNB+Platt,13,0.39864864864864863,1.4582425185579715,0.11033609308033218
yeast,real,GNB+Iso,13,0.5540540540540541,1.37859688238537,0.12436540587487235
yeast,real,ABD-NB,13,0.12837837837837837,8.648791427682815,0.6817832156694439
yeast,real,ABD-NB+Platt,13,0.39864864864864863,1.4575998658642562,0.11023498855123663
yeast,real,ABD-NB+Iso,13,0.5540540540540541,1.378810013171273,0.1241855585139859
yeast,real,GNB,14,0.13513513513513514,8.21787877906704,0.7614666358121974
yeast,real,GNB+Platt,14,0.40540540540540543,1.4383671704796017,0.14587802417532658
yeast,real,GNB+Iso,14,0.581081081081081,1.1449164373202272,0.16090484258107673
yeast,real,ABD-NB,14,0.13513513513513514,8.18887258535416,0.7614840029005858
yeast,real,ABD-NB+Platt,14,0.40540540540540543,1.4375124616244954,0.14572848021488652
yeast,real,ABD-NB+Iso,14,0.581081081081081,1.1438952963389213,0.16032592897177453
yeast,real,GNB,15,0.18243243243243243,8.37996866283437,0.7304124789333692
yeast,real,GNB+Platt,15,0.4189189189189189,1.4134232758633622,0.10256997878654206
yeast,real,GNB+Iso,15,0.5472972972972973,1.1776597789745538,0.0855179996397987
yeast,real,ABD-NB,15,0.18243243243243243,8.352533214297795,0.7303156473991941
yeast,real,ABD-NB+Platt,15,0.42567567567567566,1.4130097007090359,0.1181999622853424
yeast,real,ABD-NB+Iso,15,0.5405405405405406,1.1777126848956827,0.08583987722397089
yeast,real,GNB,16,0.20945945945945946,7.756237617733196,0.619408348722777
yeast,real,GNB+Platt,16,0.4391891891891892,1.4179910716214217,0.09263365502188294
yeast,real,GNB+Iso,16,0.5878378378378378,1.3227787841751866,0.16645899404020523
yeast,real,ABD-NB,16,0.20945945945945946,7.72994658283724,0.6192235191575552
yeast,real,ABD-NB+Platt,16,0.4391891891891892,1.417691561399698,0.0925611209933781
yeast,real,ABD-NB+Iso,16,0.5743243243243243,1.3232032976376373,0.15297854266410393
yeast,real,GNB,17,0.14864864864864866,8.064192977006659,0.7579973918498804
yeast,real,GNB+Platt,17,0.44594594594594594,1.4124171273743562,0.1355463561781158
yeast,real,GNB+Iso,17,0.6081081081081081,1.1280623406296038,0.16832982827079332
yeast,real,ABD-NB,17,0.14864864864864866,8.036097794238183,0.7578043700551786
yeast,real,ABD-NB+Platt,17,0.44594594594594594,1.411517108376818,0.13538438294347993
yeast,real,ABD-NB+Iso,17,0.6148648648648649,1.128399403428686,0.17510553691350092
yeast,real,GNB,18,0.14864864864864866,8.050343037911702,0.747938754800197
yeast,real,GNB+Platt,18,0.38513513513513514,1.4396278966715819,0.1667691588751296
yeast,real,GNB+Iso,18,0.4797297297297297,1.2267299763951536,0.09778285813500555
yeast,real,ABD-NB,18,0.14864864864864866,8.022740900903411,0.7477871822452021
yeast,real,ABD-NB+Platt,18,0.39864864864864863,1.4386444236560827,0.14862922211180718
yeast,real,ABD-NB+Iso,18,0.4797297297297297,1.228837399746918,0.08353892052893161
yeast,real,GNB,19,0.1564625850340136,7.983439814232503,0.7678156702853861
yeast,real,GNB+Platt,19,0.4421768707482993,1.4373158147749399,0.10960152792859833
yeast,real,GNB+Iso,19,0.5714285714285714,1.2031906345490555,0.14292155320564034
yeast,real,ABD-NB,19,0.1564625850340136,7.9544385162350615,0.7675686480205948
yeast,real,ABD-NB+Platt,19,0.4489795918367347,1.4363628412929204,0.1252495203608998
yeast,real,ABD-NB+Iso,19,0.5714285714285714,1.2033485703281763,0.14294353478415597
penguins,real,GNB,0,0.9714285714285714,0.040111929635906124,0.006879171275447314
penguins,real,GNB+Platt,0,0.9714285714285714,0.09182768056864606,0.07422391163881673
penguins,real,GNB+Iso,0,0.9714285714285714,0.08392664736971639,0.03941340447258974
penguins,real,ABD-NB,0,0.9714285714285714,0.04751086395300562,0.035158916396525616
penguins,real,ABD-NB+Platt,0,0.9714285714285714,0.09785349788481336,0.06067646333091728
penguins,real,ABD-NB+Iso,0,0.9714285714285714,0.08623287745098318,0.041372170595254026
penguins,real,GNB,1,0.9714285714285714,0.08126551235008095,0.02972850180752115
penguins,real,GNB+Platt,1,0.9714285714285714,0.10848967969127173,0.07479675363419036
penguins,real,GNB+Iso,1,0.9714285714285714,0.03555919293676914,0.02539698401055697
penguins,real,ABD-NB,1,0.9714285714285714,0.0874788281445189,0.034448295080276845
penguins,real,ABD-NB+Platt,1,0.9714285714285714,0.097524104363931,0.07055732260265639
penguins,real,ABD-NB+Iso,1,0.9714285714285714,0.03557017504169538,0.025407964144832297
penguins,real,GNB,2,0.9714285714285714,0.04898271279033319,0.02525008291502627
penguins,real,GNB+Platt,2,0.9714285714285714,0.14330993785259655,0.015863811562195875
penguins,real,GNB+Iso,2,0.9714285714285714,0.7894578226612532,0.028571352079625467
penguins,real,ABD-NB,2,0.9714285714285714,0.044087375603989884,0.026616064417743227
penguins,real,ABD-NB+Platt,2,0.9714285714285714,0.13224427321633406,0.014886360863836878
penguins,real,ABD-NB+Iso,2,0.9714285714285714,0.15047874814409665,0.0284156458098892
penguins,real,GNB,3,1.0,0.026465526478192985,0.021743752613134458
penguins,real,GNB+Platt,3,1.0,0.0602024522048237,0.057883989474448234
penguins,real,GNB+Iso,3,1.0,0.02832078121680938,0.025938731271806133
penguins,real,ABD-NB,3,1.0,0.03799431404154067,0.030113539511120117
penguins,real,ABD-NB+Platt,3,1.0,0.061946009008451416,0.05914332050547593
penguins,real,ABD-NB+Iso,3,1.0,0.027118192681361314,0.024980822385571876
penguins,real,GNB,4,1.0,0.023898349007539944,0.020494435236601414
penguins,real,GNB+Platt,4,1.0,0.05440529482649068,0.05257667271187751
penguins,real,GNB+Iso,4,1.0,0.006928630829633451,0.006536164679124656
penguins,real,ABD-NB,4,1.0,0.036022632081989386,0.029652762953299196
penguins,real,ABD-NB+Platt,4,1.0,0.04947958264197537,0.047880400009983934
penguins,real,ABD-NB+Iso,4,1.0,0.0069421966805754375,0.006549727550311063
penguins,real,GNB,5,0.9411764705882353,0.16226783208194814,0.06976805075809046
penguins,real,GNB+Platt,5,0.9117647058823529,0.18408888975964055,0.10560636064186946
penguins,real,GNB+Iso,5,0.9117647058823529,0.15927609958443517,0.06537050119749452
penguins,real,ABD-NB,5,0.9411764705882353,0.1443446610447634,0.04165185837872293
penguins,real,ABD-NB+Platt,5,0.9705882352941176,0.1802237929082683,0.10659186497240108
penguins,real,ABD-NB+Iso,5,0.9117647058823529,0.15905065159599527,0.06534548700205933
penguins,real,GNB,6,0.9411764705882353,0.11127746997339402,0.04164448903886875
penguins,real,GNB+Platt,6,0.9705882352941176,0.16230236904871087,0.023619211785382108
penguins,real,GNB+Iso,6,0.9705882352941176,0.08503701838905607,0.030079405682273793
penguins,real,ABD-NB,6,0.9411764705882353,0.11127746997704324,0.04164448903551485
penguins,real,ABD-NB+Platt,6,0.9705882352941176,0.16230236904614417,0.023619211773793277
penguins,real,ABD-NB+Iso,6,0.9705882352941176,0.08503701840735334,0.030079405683383905
penguins,real,GNB,7,0.8823529411764706,0.24318716149625785,0.09140864972303792
penguins,real,GNB+Platt,7,0.8823529411764706,0.26583553174457397,0.1355044792749165
penguins,real,GNB+Iso,7,0.9411764705882353,0.10330616237253762,0.05453318065745525
penguins,real,ABD-NB,7,0.8823529411764706,0.2538898792214648,0.10641653943050557
penguins,real,ABD-NB+Platt,7,0.8823529411764706,0.2501702810580301,0.0971509083177984
penguins,real,ABD-NB+Iso,7,0.9117647058823529,0.11180341668036776,0.055308506145134065
penguins,real,GNB,8,0.9705882352941176,0.09202037526843689,0.044004374616853345
penguins,real,GNB+Platt,8,0.9705882352941176,0.11713977281336979,0.04144095015490563
penguins,real,GNB+Iso,8,0.9705882352941176,0.05074393143528852,0.04013688191211524
penguins,real,ABD-NB,8,0.9705882352941176,0.1536446473933778,0.08802003871953144
penguins,real,ABD-NB+Platt,8,0.9705882352941176,0.11584319643808066,0.08281622908083591
penguins,real,ABD-NB+Iso,8,0.9705882352941176,0.05794892273122806,0.04565163348315244
penguins,real,GNB,9,1.0,0.01722550914582198,0.01505205633275741
penguins,real,GNB+Platt,9,1.0,0.06628933318124312,0.061724025064331126
penguins,real,GNB+Iso,9,0.9705882352941176,0.030202623005624346,0.018883236302016403
penguins,real,ABD-NB,9,1.0,0.0252966387998727,0.021361830440261194
penguins,real,ABD-NB+Platt,9,1.0,0.06602666342333133,0.060119093295314334
penguins,real,ABD-NB+Iso,9,0.9705882352941176,0.03129251353333567,0.01936694547017689
penguins,real,GNB,10,1.0,0.01736608720771862,0.014430471580886282
penguins,real,GNB+Platt,10,1.0,0.06030934100431803,0.058089903007065014
penguins,real,GNB+Iso,10,1.0,0.02147810854367198,0.018682059902685056
penguins,real,ABD-NB,10,1.0,0.02550828957783784,0.020648760846760383
penguins,real,ABD-NB+Platt,10,1.0,0.05732432905815668,0.055339695437990534
penguins,real,ABD-NB+Iso,10,1.0,0.025494501372317846,0.021850782961266937
penguins,real,GNB,11,0.9714285714285714,0.11872659488537493,0.0398480585739982
penguins,real,GNB+Platt,11,0.9714285714285714,0.14832299810700256,0.041326112631206516
penguins,real,GNB+Iso,11,0.9714285714285714,0.08872357282701934,0.04666171176100642
penguins,real,ABD-NB,11,0.9714285714285714,0.11347326699786277,0.04444856433885733
penguins,real,ABD-NB+Platt,11,0.9714285714285714,0.1431330921464704,0.0633613048634879
penguins,real,ABD-NB+Iso,11,0.9714285714285714,0.11610086870404544,0.054389090734652173
penguins,real,GNB,12,0.9428571428571428,0.10329680200278957,0.03191762839097638
penguins,real,GNB+Platt,12,0.9142857142857143,0.1786791084373992,0.08310872599035482
penguins,real,GNB+Iso,12,0.9428571428571428,0.10677512716512876,0.052601673036459386
penguins,real,ABD-NB,12,0.9428571428571428,0.11038690876023076,0.06682646455166612
penguins,real,ABD-NB+Platt,12,0.9142857142857143,0.17384529115734984,0.0983407522294757
penguins,real,ABD-NB+Iso,12,0.9428571428571428,0.11001210716279172,0.057278783760842195
penguins,real,GNB,13,0.9714285714285714,0.08073342721885557,0.026585360322333385
penguins,real,GNB+Platt,13,0.9714285714285714,0.11995049258425904,0.06917523611546599
penguins,real,GNB+Iso,13,0.9714285714285714,0.030810463958019056,0.02167112241367055
penguins,real,ABD-NB,13,0.9714285714285714,0.07822094781006084,0.02770255187269548
penguins,real,ABD-NB+Platt,13,0.9714285714285714,0.11004017142714884,0.06563558184548884
penguins,real,ABD-NB+Iso,13,0.9714285714285714,0.03197337424031057,0.022143750085879085
penguins,real,GNB,14,1.0,0.003062230798539472,0.0029691866369935785
penguins,real,GNB+Platt,14,1.0,0.044892430289140944,0.04376948126308822
penguins,real,GNB+Iso,14,1.0,1.4463394368606463e-07,1.4463358799510218e-07
penguins,real,ABD-NB,14,1.0,0.008867994144371264,0.008272220967958942
penguins,real,ABD-NB+Platt,14,1.0,0.044489560115916996,0.043379355233900546
penguins,real,ABD-NB+Iso,14,1.0,1.248174942838085e-05,1.2479104527618468e-05
penguins,real,GNB,15,0.9411764705882353,0.1642144811379097,0.03941475305554622
penguins,real,GNB+Platt,15,0.9411764705882353,0.20668516599856218,0.025514204103294254
penguins,real,GNB+Iso,15,0.9411764705882353,0.1533411533333202,0.05505183890456332
penguins,real,ABD-NB,15,0.9411764705882353,0.11575673646303415,0.052168528351688156
penguins,real,ABD-NB+Platt,15,0.9411764705882353,0.14636997818809735,0.06682682286846446
penguins,real,ABD-NB+Iso,15,0.9411764705882353,0.09825474492881225,0.025040145209093492
penguins,real,GNB,16,0.9411764705882353,0.10118274255174668,0.05173574371836762
penguins,real,GNB+Platt,16,0.9411764705882353,0.12658033379990738,0.09290312968996464
penguins,real,GNB+Iso,16,1.0,0.036753991873591456,0.03075637901648328
penguins,real,ABD-NB,16,0.9411764705882353,0.11302642025360923,0.06933616447848415
penguins,real,ABD-NB+Platt,16,0.9705882352941176,0.11293552964118855,0.08986319338114199
penguins,real,ABD-NB+Iso,16,1.0,0.039889588790528265,0.03310519791113276
penguins,real,GNB,17,0.9705882352941176,0.09503109256289978,0.047179120974686295
penguins,real,GNB+Platt,17,0.9411764705882353,0.15530308003320684,0.07974841386007778
penguins,real,GNB+Iso,17,0.9411764705882353,0.11707405084012303,0.055669870392771166
penguins,real,ABD-NB,17,0.9705882352941176,0.09266906597667543,0.04828878958601166
penguins,real,ABD-NB+Platt,17,0.9411764705882353,0.14901742175138222,0.07788792199154948
penguins,real,ABD-NB+Iso,17,0.9411764705882353,0.11814417771441393,0.05474302784164133
penguins,real,GNB,18,0.8823529411764706,0.1590784198673704,0.08550839041840982
penguins,real,GNB+Platt,18,0.9117647058823529,0.23265167399981712,0.04007922319912758
penguins,real,GNB+Iso,18,0.9411764705882353,1.6477051808872725,0.07832795472512244
penguins,real,ABD-NB,18,0.9117647058823529,0.14698680780261417,0.047397962888591674
penguins,real,ABD-NB+Platt,18,0.9117647058823529,0.2222315655714897,0.03560335273462603
penguins,real,ABD-NB+Iso,18,0.9411764705882353,1.6490296528169186,0.07913854627371307
penguins,real,GNB,19,1.0,0.025149066739089353,0.021564623659656872
penguins,real,GNB+Platt,19,1.0,0.058207518028889335,0.055964987348285866
penguins,real,GNB+Iso,19,1.0,0.00882660566030427,0.008169934640522876
penguins,real,ABD-NB,19,1.0,0.04218124689783981,0.03437546540908015
penguins,real,ABD-NB+Platt,19,1.0,0.05504241185444146,0.05289338311311442
penguins,real,ABD-NB+Iso,19,1.0,0.00882660566030427,0.008169934640522876
mushroom,real,GNB,0,0.9275,0.4211755588910323,0.046085478515952814
mushroom,real,GNB+Platt,0,0.9225,0.3368271185959955,0.15169325059163366
mushroom,real,GNB+Iso,0,0.915,0.3158178886113588,0.1550294671728358
mushroom,real,ABD-NB,0,0.9275,0.42117555887180413,0.04608547851652549
mushroom,real,ABD-NB+Platt,0,0.92,0.33850984732268663,0.15470049241123385
mushroom,real,ABD-NB+Iso,0,0.9175,0.3254524343537025,0.14429727738105091
mushroom,real,GNB,1,0.9275,0.6219824002704284,0.06046391678273186
mushroom,real,GNB+Platt,1,0.9125,0.3617889467305876,0.13421068413515186
mushroom,real,GNB+Iso,1,0.9025,0.35723770348267847,0.15706437488251948
mushroom,real,ABD-NB,1,0.9275,0.6219824002500447,0.06046391678031629
mushroom,real,ABD-NB+Platt,1,0.9125,0.3597222713585253,0.13425531579312536
mushroom,real,ABD-NB+Iso,1,0.91,0.3587695780955019,0.14301064881896094
mushroom,real,GNB,2,0.8975,0.5834701012846395,0.05910146359396924
mushroom,real,GNB+Platt,2,0.88,0.39997790625515944,0.11976529761087791
mushroom,real,GNB+Iso,2,0.8825,0.3942360493206275,0.1675006345077058
mushroom,real,ABD-NB,2,0.8975,0.5834701012573591,0.059101463591835005
mushroom,real,ABD-NB+Platt,2,0.885,0.3945048838693684,0.12021698450516764
mushroom,real,ABD-NB+Iso,2,0.88,0.3965020658300052,0.14336197587555796
mushroom,real,GNB,3,0.9125,0.6697194283330142,0.06919139721826625
mushroom,real,GNB+Platt,3,0.9075,0.3723292352682281,0.13858400079443825
mushroom,real,GNB+Iso,3,0.905,0.35564937379303657,0.14480248630274833
mushroom,real,ABD-NB,3,0.9125,0.6697194283054801,0.06919139721578908
mushroom,real,ABD-NB+Platt,3,0.9075,0.3711099609672347,0.13243031857943163
mushroom,real,ABD-NB+Iso,3,0.8975,0.361194086515758,0.1402361745510776
mushroom,real,GNB,4,0.91,0.8022739407368443,0.07864540782103605
mushroom,real,GNB+Platt,4,0.8975,0.3624373476900172,0.13583693958194745
mushroom,real,GNB+Iso,4,0.9,0.3332173049191954,0.15577260502114695
mushroom,real,ABD-NB,4,0.91,0.8022739407014466,0.07864540781252519
mushroom,real,ABD-NB+Platt,4,0.9,0.36399950959481814,0.13832000742658715
mushroom,real,ABD-NB+Iso,4,0.9,0.33267711753140666,0.15212702684105056
mushroom,real,GNB,5,0.91,0.5269527466278837,0.06697500649670127
mushroom,real,GNB+Platt,5,0.8875,0.38238393755017414,0.14322968707426093
mushroom,real,GNB+Iso,5,0.87,0.37875774612521185,0.1721981870082152
mushroom,real,ABD-NB,5,0.91,0.5269527466046685,0.06697500649247357
mushroom,real,ABD-NB+Platt,5,0.89,0.37077402491342637,0.1294002385140426
mushroom,real,ABD-NB+Iso,5,0.88,0.38429008857667646,0.15245458763278416
mushroom,real,GNB,6,0.9075,0.5225244389124779,0.07930035576745578
mushroom,real,GNB+Platt,6,0.88,0.36673683287342856,0.15840488748719866
mushroom,real,GNB+Iso,6,0.875,0.36375989468704306,0.18070050779570812
mushroom,real,ABD-NB,6,0.9075,0.5225244388895903,0.07930035576351782
mushroom,real,ABD-NB+Platt,6,0.8925,0.35891880543920446,0.15741014664036693
mushroom,real,ABD-NB+Iso,6,0.885,0.3736321079593734,0.16496267547538193
mushroom,real,GNB,7,0.89,0.9261668601778297,0.08221831449013152
mushroom,real,GNB+Platt,7,0.88,0.38386501367712894,0.12342660594284774
mushroom,real,GNB+Iso,7,0.87,0.36553697175201477,0.13569926446241862
mushroom,real,ABD-NB,7,0.89,0.9261668601420066,0.08221831448554588
mushroom,real,ABD-NB+Platt,7,0.88,0.3789053069207515,0.1189779673417786
mushroom,real,ABD-NB+Iso,7,0.8775,0.37270860200710376,0.13471219764847986
mushroom,real,GNB,8,0.9325,0.55175112678486,0.05051198208170455
mushroom,real,GNB+Platt,8,0.89,0.36715870898819136,0.13060349354909212
mushroom,real,GNB+Iso,8,0.8925,0.3609599433343997,0.17250256238101602
mushroom,real,ABD-NB,8,0.9325,0.5517511267645641,0.05051198207926531
mushroom,real,ABD-NB+Platt,8,0.895,0.3557351237556556,0.14164278791416995
mushroom,real,ABD-NB+Iso,8,0.8925,0.37466986433672383,0.16517861105407
mushroom,real,GNB,9,0.915,0.5981616127550707,0.05162751797248891
mushroom,real,GNB+Platt,9,0.9025,0.34775826959211364,0.13872174135874055
mushroom,real,GNB+Iso,9,0.8975,0.3459161819438545,0.17430928421848135
mushroom,real,ABD-NB,9,0.915,0.5981616127284898,0.051627517969362324
mushroom,real,ABD-NB+Platt,9,0.9075,0.3393852855707575,0.14293394607500942
mushroom,real,ABD-NB+Iso,9,0.9,0.35437384472923905,0.14184792580150163
mushroom,real,GNB,10,0.935,0.4070580204391932,0.05301083572081256
mushroom,real,GNB+Platt,10,0.89,0.35407559117674436,0.14346835406573044
mushroom,real,GNB+Iso,10,0.8925,0.3624095544456996,0.192056752683267
mushroom,real,ABD-NB,10,0.935,0.4070580204238098,0.05301083571989939
mushroom,real,ABD-NB+Platt,10,0.895,0.3381979743978147,0.1308833294261895
mushroom,real,ABD-NB+Iso,10,0.8925,0.3668664446678245,0.16745213694043043
mushroom,real,GNB,11,0.915,0.6034716407285934,0.07383698182791947
mushroom,real,GNB+Platt,11,0.8975,0.3495725576918815,0.13497855532736258
mushroom,real,GNB+Iso,11,0.8925,0.33847162274674586,0.16746224498293955
mushroom,real,ABD-NB,11,0.915,0.6034716407006794,0.07383698182448471
mushroom,real,ABD-NB+Platt,11,0.9125,0.34456737139683014,0.14759786770838923
mushroom,real,ABD-NB+Iso,11,0.9075,0.3487363182417978,0.1574587092001986
mushroom,real,GNB,12,0.905,0.6926538712721972,0.06800835290878313
mushroom,real,GNB+Platt,12,0.8925,0.35345564795531503,0.12733323552355805
mushroom,real,GNB+Iso,12,0.8875,0.33493462165031246,0.16329100017709236
mushroom,real,ABD-NB,12,0.905,0.6926538712420383,0.06800835290279275
mushroom,real,ABD-NB+Platt,12,0.8925,0.35482210065135406,0.1496704191712898
mushroom,real,ABD-NB+Iso,12,0.8925,0.33991562267697945,0.13321967933665219
mushroom,real,GNB,13,0.89,0.7982640707847236,0.07315537734246369
mushroom,real,GNB+Platt,13,0.8875,0.38489668524086057,0.12359327971572766
mushroom,real,GNB+Iso,13,0.885,0.3643365349107397,0.12291183429783306
mushroom,real,ABD-NB,13,0.89,0.7982640707550275,0.07315537733929586
mushroom,real,ABD-NB+Platt,13,0.8875,0.38220859635987336,0.11420231456694353
mushroom,real,ABD-NB+Iso,13,0.885,0.37318674036499516,0.12795210079311267
mushroom,real,GNB,14,0.9125,0.6227112158870912,0.06097281976768767
mushroom,real,GNB+Platt,14,0.9075,0.3658406594655277,0.13626920918234434
mushroom,real,GNB+Iso,14,0.9,0.34511998153593737,0.1535176781318374
mushroom,real,ABD-NB,14,0.9125,0.6227112158644847,0.06097281976646601
mushroom,real,ABD-NB+Platt,14,0.91,0.3631062333637267,0.13648950264934853
mushroom,real,ABD-NB+Iso,14,0.9075,0.3520837421965228,0.14088608987099857
mushroom,real,GNB,15,0.93,0.6064410246050325,0.06242355613859926
mushroom,real,GNB+Platt,15,0.8925,0.3649528631868418,0.1320846847743436
mushroom,real,GNB+Iso,15,0.8825,0.35103926705275895,0.13975985119003298
mushroom,real,ABD-NB,15,0.93,0.606441024581208,0.06242355613694975
mushroom,real,ABD-NB+Platt,15,0.895,0.3610712766171197,0.13729416732349675
mushroom,real,ABD-NB+Iso,15,0.8875,0.36541256595387367,0.11500390343727342
mushroom,real,GNB,16,0.92,0.700988153523952,0.07718729125793909
mushroom,real,GNB+Platt,16,0.8925,0.3889807163737891,0.13348529408722823
mushroom,real,GNB+Iso,16,0.8725,0.3912189947615151,0.1733961973918748
mushroom,real,ABD-NB,16,0.92,0.7009881534953736,0.07718729125432144
mushroom,real,ABD-NB+Platt,16,0.89,0.3843268954706106,0.14569430657949553
mushroom,real,ABD-NB+Iso,16,0.8825,0.39833808129756304,0.16565910925027177
mushroom,real,GNB,17,0.8825,0.7572618429018414,0.07764217245720478
mushroom,real,GNB+Platt,17,0.9125,0.3661245340564544,0.15480820418277152
mushroom,real,GNB+Iso,17,0.91,0.3492276538993268,0.15972071570805438
mushroom,real,ABD-NB,17,0.8825,0.7572618428582369,0.0776421724548406
mushroom,real,ABD-NB+Platt,17,0.9125,0.3661242131021886,0.15480798822582187
mushroom,real,ABD-NB+Iso,17,0.91,0.3492276538757331,0.15972071569569365
mushroom,real,GNB,18,0.9175,0.4437522281902668,0.04838398473729143
mushroom,real,GNB+Platt,18,0.915,0.35139131665794454,0.13740659164095423
mushroom,real,GNB+Iso,18,0.91,0.33639975147703793,0.17778271294026576
mushroom,real,ABD-NB,18,0.9175,0.44375222816881277,0.04838398473574083
mushroom,real,ABD-NB+Platt,18,0.915,0.3433923882728041,0.14083397411846363
mushroom,real,ABD-NB+Iso,18,0.91,0.3465268913317166,0.1374428453475579
mushroom,real,GNB,19,0.92,0.510901395016529,0.053261254219687644
mushroom,real,GNB+Platt,19,0.8825,0.39664704212180885,0.11742866033590167
mushroom,real,GNB+Iso,19,0.88,0.3874223437157815,0.15689363315772606
mushroom,real,ABD-NB,19,0.92,0.5109013949999371,0.05326125422118239
mushroom,real,ABD-NB+Platt,19,0.885,0.3882025415305471,0.11284082735823718
mushroom,real,ABD-NB+Iso,19,0.8775,0.3925485053976628,0.13721939934459992
soybean,real,GNB,0,0.8088235294117647,4.495718304894926,0.18250441348686733
soybean,real,GNB+Platt,0,0.8235294117647058,0.6511043013991856,0.18311763092096986
soybean,real,GNB+Iso,0,0.8235294117647058,0.48148133892004,0.17304262165214646
soybean,real,ABD-NB,0,0.8235294117647058,4.472138492813254,0.17967315196707645
soybean,real,ABD-NB+Platt,0,0.8235294117647058,0.6187075730110602,0.1708131271548292
soybean,real,ABD-NB+Iso,0,0.8382352941176471,0.44387369795860776,0.17634287166217877
soybean,real,GNB,1,0.8382352941176471,3.6824218442125947,0.14427058943686746
soybean,real,GNB+Platt,1,0.8529411764705882,0.5839781783194469,0.18926109602136335
soybean,real,GNB+Iso,1,0.8970588235294118,0.37957160212671737,0.10737841886428436
soybean,real,ABD-NB,1,0.8676470588235294,3.660303397793821,0.10816371403403317
soybean,real,ABD-NB+Platt,1,0.8382352941176471,0.6143620494218924,0.168032873979415
soybean,real,ABD-NB+Iso,1,0.8970588235294118,0.3798933444199686,0.10721377722648026
soybean,real,GNB,2,0.8529411764705882,3.998509054841413,0.14880730911006623
soybean,real,GNB+Platt,2,0.8529411764705882,0.5935864789752076,0.1741108380316611
soybean,real,GNB+Iso,2,0.9117647058823529,0.4204807557383135,0.1465653487889198
soybean,real,ABD-NB,2,0.8382352941176471,4.059754399517861,0.1344292266793215
soybean,real,ABD-NB+Platt,2,0.8529411764705882,0.5933926823367832,0.19629903913285918
soybean,real,ABD-NB+Iso,2,0.9117647058823529,0.4178568617865695,0.14057403045878297
soybean,real,GNB,3,0.8529411764705882,3.764530123516659,0.1463794665895536
soybean,real,GNB+Platt,3,0.8529411764705882,0.657092935125784,0.18844070919631575
soybean,real,GNB+Iso,3,0.8970588235294118,0.7540176936920652,0.1312124097325098
soybean,real,ABD-NB,3,0.8382352941176471,3.7096135106760855,0.1580037089929009
soybean,real,ABD-NB+Platt,3,0.8529411764705882,0.6476587199312289,0.17573343442305217
soybean,real,ABD-NB+Iso,3,0.8970588235294118,0.750922860581414,0.1259501468799003
soybean,real,GNB,4,0.8676470588235294,3.517678282531838,0.129781722957974
soybean,real,GNB+Platt,4,0.8676470588235294,0.5702940603955137,0.20003506021069206
soybean,real,GNB+Iso,4,0.8970588235294118,0.4391348076933137,0.15955843897845762
soybean,real,ABD-NB,4,0.8529411764705882,3.4528181347593114,0.13005420442967838
soybean,real,ABD-NB+Platt,4,0.8382352941176471,0.607357596137518,0.19592028614518991
soybean,real,ABD-NB+Iso,4,0.8970588235294118,0.4340507444959117,0.11928648462126988
soybean,real,GNB,5,0.8208955223880597,4.026495906771769,0.1734137057287406
soybean,real,GNB+Platt,5,0.8208955223880597,0.6030608462641206,0.1818426537295945
soybean,real,GNB+Iso,5,0.8805970149253731,0.3968949659321886,0.1136363541011791
soybean,real,ABD-NB,5,0.835820895522388,4.00663869323244,0.17032616364963804
soybean,real,ABD-NB+Platt,5,0.835820895522388,0.5861027404977064,0.16558936718526834
soybean,real,ABD-NB+Iso,5,0.8955223880597015,0.3792108387809385,0.13924054904834082
soybean,real,GNB,6,0.8955223880597015,2.8868237420000002,0.10435416926356422
soybean,real,GNB+Platt,6,0.8955223880597015,0.5090789773921648,0.1784975901168851
soybean,real,GNB+Iso,6,0.8955223880597015,0.32040561143766677,0.15690613536518272
soybean,real,ABD-NB,6,0.9104477611940298,2.4752515329292017,0.07888822449146791
soybean,real,ABD-NB+Platt,6,0.8955223880597015,0.49405086275998505,0.1639192943482275
soybean,real,ABD-NB+Iso,6,0.8955223880597015,0.3128271013758438,0.15735721284709553
soybean,real,GNB,7,0.8656716417910447,3.616399429734095,0.12726368103857216
soybean,real,GNB+Platt,7,0.8656716417910447,0.5405871190691635,0.17082476040372874
soybean,real,GNB+Iso,7,0.8955223880597015,0.3873940649522402,0.15065018953010254
soybean,real,ABD-NB,7,0.8507462686567164,3.623891296207559,0.1407592469899174
soybean,real,ABD-NB+Platt,7,0.835820895522388,0.5581348650142904,0.19148471658797253
soybean,real,ABD-NB+Iso,7,0.8955223880597015,0.3659164225425265,0.17267272760100102
soybean,real,GNB,8,0.8656716417910447,3.712400883141742,0.12949034764355105
soybean,real,GNB+Platt,8,0.8656716417910447,0.5699489228718098,0.21348741960358958
soybean,real,GNB+Iso,8,0.8507462686567164,0.4221738470364784,0.17831824507499083
soybean,real,ABD-NB,8,0.8507462686567164,3.3803722168930257,0.12546600433788704
soybean,real,ABD-NB+Platt,8,0.8656716417910447,0.5909136021835047,0.1851317261423456
soybean,real,ABD-NB+Iso,8,0.8656716417910447,0.4213510724034572,0.16060155313927882
soybean,real,GNB,9,0.8656716417910447,3.4796630752452495,0.1321098206230802
soybean,real,GNB+Platt,9,0.8656716417910447,0.5801613451873355,0.1662017169455088
soybean,real,GNB+Iso,9,0.8955223880597015,0.39558394123706764,0.10134204361866819
soybean,real,ABD-NB,9,0.8805970149253731,2.9081242738777187,0.08633248794620102
soybean,real,ABD-NB+Platt,9,0.8507462686567164,0.5942958627022771,0.14777491383664437
soybean,real,ABD-NB+Iso,9,0.8955223880597015,0.3873310631604541,0.10089017564942984
soybean,real,GNB,10,0.8088235294117647,4.892451301380078,0.1790300409464884
soybean,real,GNB+Platt,10,0.8088235294117647,0.721643910359136,0.17401338367406222
soybean,real,GNB+Iso,10,0.8529411764705882,0.8460653915584134,0.16281617007787932
soybean,real,ABD-NB,10,0.8088235294117647,4.898375641784405,0.17794008720836288
soybean,real,ABD-NB+Platt,10,0.7941176470588235,0.7435305988072571,0.18392734035310687
soybean,real,ABD-NB+Iso,10,0.8529411764705882,0.8365851071884516,0.1438932007046587
soybean,real,GNB,11,0.8823529411764706,3.2505387383681814,0.11840418011557893
soybean,real,GNB+Platt,11,0.8823529411764706,0.5686600161435401,0.15948890966400897
soybean,real,GNB+Iso,11,0.8970588235294118,0.4001619512714956,0.11885839504424658
soybean,real,ABD-NB,11,0.8676470588235294,3.241016710500159,0.12413159762737976
soybean,real,ABD-NB+Platt,11,0.8676470588235294,0.5920331895253843,0.17653263753098752
soybean,real,ABD-NB+Iso,11,0.8970588235294118,0.412430226667528,0.12680636558239483
soybean,real,GNB,12,0.8382352941176471,4.297008373358553,0.16026782354604685
soybean,real,GNB+Platt,12,0.8382352941176471,0.6157101527978264,0.20794896121374057
soybean,real,GNB+Iso,12,0.8823529411764706,0.4040065622642055,0.13328679943807464
soybean,real,ABD-NB,12,0.8382352941176471,4.273849319895302,0.16026714808551798
soybean,real,ABD-NB+Platt,12,0.8235294117647058,0.6248571115399886,0.22431452929515094
soybean,real,ABD-NB+Iso,12,0.8529411764705882,0.4142562222630282,0.12875721574759538
soybean,real,GNB,13,0.8235294117647058,4.193551793898965,0.16923418996461068
soybean,real,GNB+Platt,13,0.8382352941176471,0.6174154241024709,0.2012581989338351
soybean,real,GNB+Iso,13,0.8382352941176471,0.47840133673176494,0.1504270872915154
soybean,real,ABD-NB,13,0.8382352941176471,4.183350045738941,0.16420962867387787
soybean,real,ABD-NB+Platt,13,0.8382352941176471,0.6189035367669379,0.21502849351509415
soybean,real,ABD-NB+Iso,13,0.8382352941176471,0.4449797472140073,0.1464294625707904
soybean,real,GNB,14,0.8676470588235294,2.9258199167074044,0.12588831150724875
soybean,real,GNB+Platt,14,0.8676470588235294,0.5435706715598635,0.1783088385862901
soybean,real,GNB+Iso,14,0.9117647058823529,0.34883815820422165,0.17813520956287957
soybean,real,ABD-NB,14,0.8676470588235294,2.936378009834939,0.12969265639847743
soybean,real,ABD-NB+Platt,14,0.8823529411764706,0.5472927269899804,0.2089756879913647
soybean,real,ABD-NB+Iso,14,0.9264705882352942,0.34412628126674927,0.1797174579821579
soybean,real,GNB,15,0.8208955223880597,4.636901037458298,0.18418838017156003
soybean,real,GNB+Platt,15,0.8059701492537313,0.6313057518887589,0.19443878656472774
soybean,real,GNB+Iso,15,0.8805970149253731,0.3861392091826667,0.1495030466025295
soybean,real,ABD-NB,15,0.8208955223880597,4.558368320695515,0.13017838053864833
soybean,real,ABD-NB+Platt,15,0.8059701492537313,0.6516216138064039,0.1740818512902913
soybean,real,ABD-NB+Iso,15,0.8656716417910447,0.3922402455574236,0.12538338729761386
soybean,real,GNB,16,0.8507462686567164,3.765309296957645,0.14558428131329448
soybean,real,GNB+Platt,16,0.8507462686567164,0.5158462956131883,0.18571583142018694
soybean,real,GNB+Iso,16,0.8955223880597015,0.3535456092594348,0.17770915634526072
soybean,real,ABD-NB,16,0.835820895522388,3.721815731819895,0.15792945934741226
soybean,real,ABD-NB+Platt,16,0.835820895522388,0.537516954390847,0.17187780920792767
soybean,real,ABD-NB+Iso,16,0.8805970149253731,0.35722692085106017,0.16404491539705848
soybean,real,GNB,17,0.8208955223880597,4.568184541708695,0.18076948133282444
soybean,real,GNB+Platt,17,0.835820895522388,0.7120697021192578,0.13259493758756288
soybean,real,GNB+Iso,17,0.8507462686567164,0.517151098948219,0.09943023557733643
soybean,real,ABD-NB,17,0.8059701492537313,4.041811432553652,0.19389245730229865
soybean,real,ABD-NB+Platt,17,0.8059701492537313,0.7323974288015952,0.16695355571339854
soybean,real,ABD-NB+Iso,17,0.8208955223880597,0.5343302676065025,0.10691624124109059
soybean,real,GNB,18,0.8059701492537313,4.446463749594417,0.1826660573587077
soybean,real,GNB+Platt,18,0.835820895522388,0.6612302130041198,0.13392011150826097
soybean,real,GNB+Iso,18,0.8507462686567164,0.48003248746068283,0.16411313150067933
soybean,real,ABD-NB,18,0.8208955223880597,4.307477107047661,0.15259758179569266
soybean,real,ABD-NB+Platt,18,0.835820895522388,0.6279676772488617,0.1564810688523495
soybean,real,ABD-NB+Iso,18,0.8507462686567164,0.46230881129755386,0.17711277026405178
soybean,real,GNB,19,0.9253731343283582,1.9445375131537324,0.07431547392817694
soybean,real,GNB+Platt,19,0.9253731343283582,0.4254081378077185,0.17229520999514011
soybean,real,GNB+Iso,19,0.9253731343283582,0.3013335192108861,0.11722941137628978
soybean,real,ABD-NB,19,0.9253731343283582,1.9105682671686965,0.0743540531205813
soybean,real,ABD-NB+Platt,19,0.9253731343283582,0.43715125537460975,0.17167191582803287
soybean,real,ABD-NB+Iso,19,0.9253731343283582,0.30704109258111856,0.1192234388295554
splice-dna,real,GNB,0,0.9216300940438872,0.2699300615234348,0.06626210523790357
splice-dna,real,GNB+Platt,0,0.9247648902821317,0.28020093339317304,0.07648984907507304
splice-dna,real,GNB+Iso,0,0.9310344827586207,0.16417129612067874,0.03946082785055306
splice-dna,real,ABD-NB,0,0.9247648902821317,0.22761591164525166,0.05148653112315297
splice-dna,real,ABD-NB+Platt,0,0.9247648902821317,0.28020015335251264,0.07648929221854425
splice-dna,real,ABD-NB+Iso,0,0.9310344827586207,0.16417129722876114,0.03946082706323151
splice-dna,real,GNB,1,0.9153605015673981,0.529999129501673,0.07143138686892059
splice-dna,real,GNB+Platt,1,0.9184952978056427,0.3101613909315644,0.0531421026424877
splice-dna,real,GNB+Iso,1,0.9184952978056427,0.23712335071210763,0.02082716902939137
splice-dna,real,ABD-NB,1,0.9153605015673981,0.5299991294887703,0.07143138686743411
splice-dna,real,ABD-NB+Platt,1,0.9184952978056427,0.3087621448937614,0.052126506571716885
splice-dna,real,ABD-NB+Iso,1,0.9184952978056427,0.23634340200353895,0.020599596953068067
splice-dna,real,GNB,2,0.9090909090909091,0.33792284054050153,0.06518782299869459
splice-dna,real,GNB+Platt,2,0.9090909090909091,0.2996984245726018,0.06316322104141162
splice-dna,real,GNB+Iso,2,0.9247648902821317,0.2003629486706243,0.041495204456704134
splice-dna,real,ABD-NB,2,0.9122257053291536,0.3278956591086104,0.06561943760540631
splice-dna,real,ABD-NB+Platt,2,0.9090909090909091,0.2996979523508492,0.06316263100239058
splice-dna,real,ABD-NB+Iso,2,0.9247648902821317,0.2003629486722221,0.041495204458411
splice-dna,real,GNB,3,0.9310344827586207,0.33894801224178284,0.05684407734475077
splice-dna,real,GNB+Platt,3,0.9184952978056427,0.27494037403425065,0.08416579539236156
splice-dna,real,GNB+Iso,3,0.9310344827586207,0.23868339172689915,0.01843412639826721
splice-dna,real,ABD-NB,3,0.9310344827586207,0.33894801223836,0.056844077344453355
splice-dna,real,ABD-NB+Platt,3,0.9184952978056427,0.2749410764787973,0.08416519102302723
splice-dna,real,ABD-NB+Iso,3,0.9310344827586207,0.23868325078064745,0.018434202452728945
splice-dna,real,GNB,4,0.8808777429467085,0.4753755468791028,0.09148438843649316
splice-dna,real,GNB+Platt,4,0.8808777429467085,0.3504071164757014,0.057023991647624075
splice-dna,real,GNB+Iso,4,0.8934169278996865,0.24712795974816681,0.03173663494922986
splice-dna,real,ABD-NB,4,0.8808777429467085,0.4753755468737683,0.09148438843539285
splice-dna,real,ABD-NB+Platt,4,0.8808777429467085,0.33594051363655425,0.046620662614168265
splice-dna,real,ABD-NB+Iso,4,0.8871473354231975,0.24283626199619204,0.03237916767792118
splice-dna,real,GNB,5,0.9059561128526645,0.5132748326639208,0.07322006454060287
splice-dna,real,GNB+Platt,5,0.8526645768025078,0.38877675751067575,0.07302333162034066
splice-dna,real,GNB+Iso,5,0.9184952978056427,0.24235147103108862,0.03607375834491908
splice-dna,real,ABD-NB,5,0.9059561128526645,0.5132748326436654,0.07322006454009221
splice-dna,real,ABD-NB+Platt,5,0.8526645768025078,0.3887755600277044,0.07302292140445146
splice-dna,real,ABD-NB+Iso,5,0.9184952978056427,0.24235139873135175,0.03607378391603981
splice-dna,real,GNB,6,0.9153605015673981,0.526720226761407,0.06799300550213223
splice-dna,real,GNB+Platt,6,0.9153605015673981,0.2682640436694471,0.07448630539313708
splice-dna,real,GNB+Iso,6,0.9184952978056427,0.2306775622347748,0.034721807245347236
splice-dna,real,ABD-NB,6,0.9122257053291536,0.507923594332498,0.06920579196673045
splice-dna,real,ABD-NB+Platt,6,0.9122257053291536,0.265392864291538,0.07101813924683673
splice-dna,real,ABD-NB+Iso,6,0.9216300940438872,0.23169434335417752,0.03457122769915385
splice-dna,real,GNB,7,0.9090909090909091,0.3659720029595657,0.06460905057981087
splice-dna,real,GNB+Platt,7,0.9184952978056427,0.285417981913505,0.05390287643340317
splice-dna,real,GNB+Iso,7,0.9090909090909091,0.22713855870344313,0.03584193108041241
splice-dna,real,ABD-NB,7,0.9059561128526645,0.3568056429729543,0.06768304262639577
splice-dna,real,ABD-NB+Platt,7,0.9153605015673981,0.2848605359841544,0.05431100423507294
splice-dna,real,ABD-NB+Iso,7,0.9090909090909091,0.2254332747377811,0.02552430834387817
splice-dna,real,GNB,8,0.9371069182389937,0.30885296591412986,0.057684959693866916
splice-dna,real,GNB+Platt,8,0.9339622641509434,0.25664604077801906,0.07004450601582025
splice-dna,real,GNB+Iso,8,0.9433962264150944,0.2453438296016322,0.016923108298034544
splice-dna,real,ABD-NB,8,0.940251572327044,0.2722842611518738,0.04697305771008087
splice-dna,real,ABD-NB+Platt,8,0.9308176100628931,0.24512169179256066,0.07073595292802434
splice-dna,real,ABD-NB+Iso,8,0.9433962264150944,0.24498810614478586,0.016383083362740945
splice-dna,real,GNB,9,0.9245283018867925,0.2543676033607591,0.05307371337089857
splice-dna,real,GNB+Platt,9,0.9213836477987422,0.28521439533393095,0.07878493402877557
splice-dna,real,GNB+Iso,9,0.9245283018867925,0.17093507738417632,0.04637925759151605
splice-dna,real,ABD-NB,9,0.9245283018867925,0.254367603358459,0.05307371337077889
splice-dna,real,ABD-NB+Platt,9,0.9213836477987422,0.2833113228711861,0.07193507912554212
splice-dna,real,ABD-NB+Iso,9,0.9276729559748428,0.1707980498661443,0.03997115882637736
splice-dna,real,GNB,10,0.9373040752351097,0.31851345844817835,0.05235742326739745
splice-dna,real,GNB+Platt,10,0.9467084639498433,0.24507448590250022,0.08015626406871748
splice-dna,real,GNB+Iso,10,0.9310344827586207,0.19441700560330863,0.01990207819062806
splice-dna,real,ABD-NB,10,0.9373040752351097,0.3185134584419639,0.05235742326588601
splice-dna,real,ABD-NB+Platt,10,0.9404388714733543,0.24622734414207478,0.07347735336194551
splice-dna,real,ABD-NB+Iso,10,0.9341692789968652,0.1954307067042086,0.01595068219313083
splice-dna,real,GNB,11,0.9028213166144201,0.5644664335875775,0.07157175449103143
splice-dna,real,GNB+Platt,11,0.9122257053291536,0.29060073668315467,0.058142548555421114
splice-dna,real,GNB+Iso,11,0.9247648902821317,0.23617302812874294,0.036733984959076635
splice-dna,real,ABD-NB,11,0.9028213166144201,0.5644664335821004,0.07157175448932392
splice-dna,real,ABD-NB+Platt,11,0.9122257053291536,0.28831845482197266,0.05827115617461034
splice-dna,real,ABD-NB+Iso,11,0.9247648902821317,0.23620548883305933,0.04159081355152491
splice-dna,real,GNB,12,0.9247648902821317,0.28199893895068334,0.06296095651096814
splice-dna,real,GNB+Platt,12,0.9247648902821317,0.27409520293419376,0.06463578826224663
splice-dna,real,GNB+Iso,12,0.9341692789968652,0.17548114022540037,0.03183890471371289
splice-dna,real,ABD-NB,12,0.9247648902821317,0.28199893894493294,0.06296095651018146
splice-dna,real,ABD-NB+Platt,12,0.9278996865203761,0.26218069862744786,0.06479559681308458
splice-dna,real,ABD-NB+Iso,12,0.9278996865203761,0.17452661815500053,0.02493984248938242
splice-dna,real,GNB,13,0.9404388714733543,0.3248079341141153,0.04292916356145411
splice-dna,real,GNB+Platt,13,0.9435736677115988,0.24524962877259493,0.09125426262901383
splice-dna,real,GNB+Iso,13,0.9467084639498433,0.19931500609953998,0.03404964173494708
splice-dna,real,ABD-NB,13,0.9404388714733543,0.3248079341081815,0.042929163560862287
splice-dna,real,ABD-NB+Platt,13,0.9467084639498433,0.2446667791986348,0.08794255169054237
splice-dna,real,ABD-NB+Iso,13,0.9467084639498433,0.19939326133201085,0.030931012358647127
splice-dna,real,GNB,14,0.8996865203761756,0.46757043212782945,0.07486500486076546
splice-dna,real,GNB+Platt,14,0.890282131661442,0.33369161733554986,0.06112909817437351
splice-dna,real,GNB+Iso,14,0.9028213166144201,0.23376416413608078,0.04709170580341787
splice-dna,real,ABD-NB,14,0.8996865203761756,0.46757043212217675,0.07486500485948724
splice-dna,real,ABD-NB+Platt,14,0.890282131661442,0.33369111530724177,0.06112922877180967
splice-dna,real,ABD-NB+Iso,14,0.9028213166144201,0.23376416413522527,0.04709170580823133
splice-dna,real,GNB,15,0.9184952978056427,0.352866420608022,0.05659784848571504
splice-dna,real,GNB+Platt,15,0.8557993730407524,0.34772006852409965,0.09941032684302989
splice-dna,real,GNB+Iso,15,0.9341692789968652,0.19847059888523705,0.03011425986053152
splice-dna,real,ABD-NB,15,0.9184952978056427,0.35286642059054696,0.05659784848580029
splice-dna,real,ABD-NB+Platt,15,0.8557993730407524,0.34743058433103446,0.09919820201387707
splice-dna,real,ABD-NB+Iso,15,0.9341692789968652,0.19799983881720642,0.03163709832742235
splice-dna,real,GNB,16,0.9153605015673981,0.3003530531089803,0.06556576603045898
splice-dna,real,GNB+Platt,16,0.9122257053291536,0.28898738960853715,0.0637920668416407
splice-dna,real,GNB+Iso,16,0.9278996865203761,0.19468320628440744,0.03249732541333157
splice-dna,real,ABD-NB,16,0.9216300940438872,0.2555778787404092,0.05893925299939536
splice-dna,real,ABD-NB+Platt,16,0.9122257053291536,0.28898669485679923,0.06379146485672722
splice-dna,real,ABD-NB+Iso,16,0.9278996865203761,0.1946831999957531,0.03249731964731912
splice-dna,real,GNB,17,0.8996865203761756,0.5201663420564763,0.09076248334830422
splice-dna,real,GNB+Platt,17,0.890282131661442,0.33390615969345067,0.06047163745255729
splice-dna,real,GNB+Iso,17,0.9028213166144201,0.25522896959538355,0.030857703884968276
splice-dna,real,ABD-NB,17,0.8996865203761756,0.5201663420516618,0.09076248334809167
splice-dna,real,ABD-NB+Platt,17,0.890282131661442,0.33390600262421477,0.060471924830726415
splice-dna,real,ABD-NB+Iso,17,0.9028213166144201,0.25522896830796393,0.030857702615327335
splice-dna,real,GNB,18,0.9056603773584906,0.3945442860645414,0.06870428580327295
splice-dna,real,GNB+Platt,18,0.9056603773584906,0.32526697453165326,0.06079933176821421
splice-dna,real,GNB+Iso,18,0.9088050314465409,0.2148682215447409,0.029722141045721674
splice-dna,real,ABD-NB,18,0.9119496855345912,0.3737762680695206,0.07076568941239714
splice-dna,real,ABD-NB+Platt,18,0.9056603773584906,0.3197558648402235,0.07330304118915656
splice-dna,real,ABD-NB+Iso,18,0.9119496855345912,0.21548625023517082,0.02677535354575152
splice-dna,real,GNB,19,0.9056603773584906,0.39245097613501695,0.06895459382909354
splice-dna,real,GNB+Platt,19,0.9150943396226415,0.3054957169735441,0.06945817651779865
splice-dna,real,GNB+Iso,19,0.9119496855345912,0.2312777493197525,0.02439844250147588
splice-dna,real,ABD-NB,19,0.9119496855345912,0.32328293154540105,0.057380260552594466
splice-dna,real,ABD-NB+Platt,19,0.9150943396226415,0.3028899655552959,0.068431592836283
splice-dna,real,ABD-NB+Iso,19,0.9119496855345912,0.22778219129129895,0.02851845817792305
credit-aus,real,GNB,0,0.7971014492753623,1.0231354630368683,0.18274581178568608
credit-aus,real,GNB+Platt,0,0.8115942028985508,0.4417805020295116,0.05448269193193796
credit-aus,real,GNB+Iso,0,0.8405797101449275,0.41843591128671453,0.07304774400068541
credit-aus,real,ABD-NB,0,0.782608695652174,0.8899902177407466,0.17427390633680617
credit-aus,real,ABD-NB+Platt,0,0.7971014492753623,0.42260004627764713,0.07617133740379244
credit-aus,real,ABD-NB+Iso,0,0.8405797101449275,0.41654372713936927,0.05709877051212772
credit-aus,real,GNB,1,0.7971014492753623,1.396542824750511,0.18132626866920187
credit-aus,real,GNB+Platt,1,0.8405797101449275,0.4521575036784835,0.059694603168697936
credit-aus,real,GNB+Iso,1,0.8115942028985508,0.4269365923615942,0.09300782073033541
credit-aus,real,ABD-NB,1,0.7391304347826086,1.1700188609453819,0.21856082373798247
credit-aus,real,ABD-NB+Platt,1,0.7971014492753623,0.4251309023540741,0.12036001128818899
credit-aus,real,ABD-NB+Iso,1,0.8695652173913043,0.37871590500491664,0.0679902380822568
credit-aus,real,GNB,2,0.7391304347826086,1.1990172248120614,0.23159969872273756
credit-aus,real,GNB+Platt,2,0.7971014492753623,0.4878349984313517,0.11519668615412237
credit-aus,real,GNB+Iso,2,0.8695652173913043,0.39713762602977737,0.07712088466664956
credit-aus,real,ABD-NB,2,0.7246376811594203,0.9444343190965101,0.21456934033869324
credit-aus,real,ABD-NB+Platt,2,0.8405797101449275,0.4340810902672214,0.13358767991367645
credit-aus,real,ABD-NB+Iso,2,0.8695652173913043,0.36458030792004004,0.06080034975284315
credit-aus,real,GNB,3,0.7536231884057971,1.8909418994293778,0.24305537185183373
credit-aus,real,GNB+Platt,3,0.7536231884057971,0.5664295309163118,0.11633155343186091
credit-aus,real,GNB+Iso,3,0.7971014492753623,0.5076000904610514,0.08507567401263917
credit-aus,real,ABD-NB,3,0.782608695652174,1.5323375030398125,0.1733426421716068
credit-aus,real,ABD-NB+Platt,3,0.8260869565217391,0.4897966382905458,0.08228369925416543
credit-aus,real,ABD-NB+Iso,3,0.8405797101449275,0.4577449891594206,0.1308029485850024
credit-aus,real,GNB,4,0.7246376811594203,1.2806968532341036,0.23988119938459967
credit-aus,real,GNB+Platt,4,0.7246376811594203,0.5261049015264744,0.06302314891047757
credit-aus,real,GNB+Iso,4,0.7681159420289855,0.8590725567102357,0.10644982455146124
credit-aus,real,ABD-NB,4,0.7391304347826086,1.0489638151622973,0.2310254719189579
credit-aus,real,ABD-NB+Platt,4,0.7536231884057971,0.5028180259162837,0.11079809020880065
credit-aus,real,ABD-NB+Iso,4,0.782608695652174,0.858089596819935,0.10278078720881526
credit-aus,real,GNB,5,0.7391304347826086,1.2178998860789076,0.21988432204132785
credit-aus,real,GNB+Platt,5,0.7681159420289855,0.4894933636981628,0.11056251995036265
credit-aus,real,GNB+Iso,5,0.8115942028985508,0.45779758333960935,0.1388103456937545
credit-aus,real,ABD-NB,5,0.7391304347826086,1.1099233176755658,0.17720973574316373
credit-aus,real,ABD-NB+Platt,5,0.8115942028985508,0.46017328918627354,0.05986400451443372
credit-aus,real,ABD-NB+Iso,5,0.8405797101449275,0.44344423403484234,0.10096352138411765
credit-aus,real,GNB,6,0.8840579710144928,0.8212236551134235,0.11243673321262501
credit-aus,real,GNB+Platt,6,0.8840579710144928,0.36692095218156573,0.10869934549365026
credit-aus,real,GNB+Iso,6,0.8405797101449275,0.34944165020839113,0.09409857341728398
credit-aus,real,ABD-NB,6,0.8985507246376812,0.5864380321051919,0.10940053470317664
credit-aus,real,ABD-NB+Platt,6,0.8840579710144928,0.3316601828983592,0.1183319100206739
credit-aus,real,ABD-NB+Iso,6,0.8405797101449275,0.34798374804123,0.07813643140455838
credit-aus,real,GNB,7,0.782608695652174,1.1270435432089945,0.18675583398988613
credit-aus,real,GNB+Platt,7,0.8260869565217391,0.4251397106575637,0.08658260807717622
credit-aus,real,GNB+Iso,7,0.8405797101449275,0.38064949067045545,0.09915314426166082
credit-aus,real,ABD-NB,7,0.8405797101449275,0.847723411911719,0.10462739307879557
credit-aus,real,ABD-NB+Platt,7,0.8695652173913043,0.3799898629718111,0.141467418855184
credit-aus,real,ABD-NB+Iso,7,0.8840579710144928,0.3514082308154556,0.10417402539580138
credit-aus,real,GNB,8,0.7681159420289855,0.7903234260856059,0.19004882534671458
credit-aus,real,GNB+Platt,8,0.7681159420289855,0.4711431511160746,0.15775899783562067
credit-aus,real,GNB+Iso,8,0.8405797101449275,0.3690631866226169,0.05489396016159131
credit-aus,real,ABD-NB,8,0.7971014492753623,0.618333269967999,0.10168589255697803
credit-aus,real,ABD-NB+Platt,8,0.8115942028985508,0.4000258903164194,0.11987233197632714
credit-aus,real,ABD-NB+Iso,8,0.855072463768116,0.37142336545950844,0.06780686540848926
credit-aus,real,GNB,9,0.8260869565217391,0.5969804262091997,0.14200834416358227
credit-aus,real,GNB+Platt,9,0.855072463768116,0.3895471872431381,0.14023227101288063
credit-aus,real,GNB+Iso,9,0.8695652173913043,0.3145690355203039,0.08514140502750658
credit-aus,real,ABD-NB,9,0.8260869565217391,0.5501248398146602,0.13414299413734507
credit-aus,real,ABD-NB+Platt,9,0.8405797101449275,0.37107096574854276,0.14931245668263496
credit-aus,real,ABD-NB+Iso,9,0.855072463768116,0.32604670363299976,0.12737032280832777
credit-aus,real,GNB,10,0.6956521739130435,1.1297894896720408,0.2630481350816978
credit-aus,real,GNB+Platt,10,0.7536231884057971,0.5144447000724339,0.15473774574289764
credit-aus,real,GNB+Iso,10,0.8260869565217391,0.42848927682080223,0.08148653532654743
credit-aus,real,ABD-NB,10,0.6666666666666666,0.8839835654567104,0.24957400148134976
credit-aus,real,ABD-NB+Platt,10,0.8115942028985508,0.4460254973818392,0.11603428244650574
credit-aus,real,ABD-NB+Iso,10,0.8405797101449275,0.4139441236740017,0.07968801325661773
credit-aus,real,GNB,11,0.7391304347826086,1.6045478525724197,0.21500779754592306
credit-aus,real,GNB+Platt,11,0.782608695652174,0.5277329869941548,0.08369291395169587
credit-aus,real,GNB+Iso,11,0.8260869565217391,1.163393590549739,0.11551841506603355
credit-aus,real,ABD-NB,11,0.7536231884057971,1.086432431355412,0.2221106473560316
credit-aus,real,ABD-NB+Platt,11,0.782608695652174,0.4753705705385657,0.05927553141599032
credit-aus,real,ABD-NB+Iso,11,0.8405797101449275,0.7864033832367956,0.08865875229938935
credit-aus,real,GNB,12,0.8115942028985508,0.7831223481762776,0.15053538644329992
credit-aus,real,GNB+Platt,12,0.8260869565217391,0.4145720212914892,0.08209212540650795
credit-aus,real,GNB+Iso,12,0.8695652173913043,0.340879355162832,0.05423114095810542
credit-aus,real,ABD-NB,12,0.8115942028985508,0.6060293962651384,0.13869935649317852
credit-aus,real,ABD-NB+Platt,12,0.8405797101449275,0.39962183938954005,0.09924722344400674
credit-aus,real,ABD-NB+Iso,12,0.8695652173913043,0.35630304298105275,0.06944555452801954
credit-aus,real,GNB,13,0.8985507246376812,0.8485023973360691,0.11749808979263794
credit-aus,real,GNB+Platt,13,0.8985507246376812,0.35261267463732604,0.09140366269895746
credit-aus,real,GNB+Iso,13,0.8695652173913043,0.3422846889635321,0.04202250430856543
credit-aus,real,ABD-NB,13,0.8840579710144928,0.7525561785581831,0.12894773227052508
credit-aus,real,ABD-NB+Platt,13,0.8840579710144928,0.3340874376844109,0.09928274856218351
credit-aus,real,ABD-NB+Iso,13,0.8695652173913043,0.3203456852782612,0.06468902855732134
credit-aus,real,GNB,14,0.8260869565217391,0.7555473908435933,0.18235984122209525
credit-aus,real,GNB+Platt,14,0.8260869565217391,0.421663581612398,0.07008838647658838
credit-aus,real,GNB+Iso,14,0.8260869565217391,0.3643693379758141,0.0731919881110959
credit-aus,real,ABD-NB,14,0.8260869565217391,0.620754753310943,0.12444462677709624
credit-aus,real,ABD-NB+Platt,14,0.855072463768116,0.36942437017472535,0.17006935436920517
credit-aus,real,ABD-NB+Iso,14,0.8405797101449275,0.3486380682594404,0.06488095259944361
credit-aus,real,GNB,15,0.7681159420289855,1.6847648521439977,0.22194191074288847
credit-aus,real,GNB+Platt,15,0.7681159420289855,0.4961095011649985,0.1402956716998571
credit-aus,real,GNB+Iso,15,0.8405797101449275,0.6984941794101225,0.07705840802869728
credit-aus,real,ABD-NB,15,0.7971014492753623,1.1336014489732773,0.15614388623884176
credit-aus,real,ABD-NB+Platt,15,0.8260869565217391,0.4060116744831242,0.1071086149523535
credit-aus,real,ABD-NB+Iso,15,0.8840579710144928,0.3483581453648961,0.07303908631568921
credit-aus,real,GNB,16,0.7681159420289855,1.337248277057462,0.22989487072746623
credit-aus,real,GNB+Platt,16,0.7536231884057971,0.5137937764297867,0.11408843260493091
credit-aus,real,GNB+Iso,16,0.782608695652174,0.4811999269551521,0.06930456608253856
credit-aus,real,ABD-NB,16,0.7681159420289855,1.1567665795681439,0.23498301309688074
credit-aus,real,ABD-NB+Platt,16,0.7536231884057971,0.4880862736007506,0.05983647554121041
credit-aus,real,ABD-NB+Iso,16,0.7971014492753623,0.4578645185871943,0.11843307231194845
credit-aus,real,GNB,17,0.8115942028985508,0.7302588593727566,0.15553034978168814
credit-aus,real,GNB+Platt,17,0.8260869565217391,0.4338878572123757,0.12749016705415123
credit-aus,real,GNB+Iso,17,0.8115942028985508,0.37324246654328225,0.1269688242175535
credit-aus,real,ABD-NB,17,0.8260869565217391,0.6725741347654413,0.15427959828398563
credit-aus,real,ABD-NB+Platt,17,0.8260869565217391,0.3965380539265031,0.07958594897425061
credit-aus,real,ABD-NB+Iso,17,0.8405797101449275,0.3762555011243608,0.06900076860730739
credit-aus,real,GNB,18,0.782608695652174,1.254538034207457,0.16155188679726265
credit-aus,real,GNB+Platt,18,0.8260869565217391,0.439262149456894,0.1198557933949832
credit-aus,real,GNB+Iso,18,0.7971014492753623,0.47430161875808463,0.07845147737505312
credit-aus,real,ABD-NB,18,0.7536231884057971,1.0516711920283108,0.16780850847809992
credit-aus,real,ABD-NB+Platt,18,0.8115942028985508,0.4345655144391761,0.07885424329163909
credit-aus,real,ABD-NB+Iso,18,0.8115942028985508,0.45486150563794475,0.06224796195606741
credit-aus,real,GNB,19,0.7536231884057971,1.1760001748973077,0.19269191467398772
credit-aus,real,GNB+Platt,19,0.8260869565217391,0.46352550134551707,0.12891848159971303
credit-aus,real,GNB+Iso,19,0.7971014492753623,0.4644087029725883,0.07877590512578433
credit-aus,real,ABD-NB,19,0.782608695652174,0.9954157036503741,0.16370017905715228
credit-aus,real,ABD-NB+Platt,19,0.855072463768116,0.4258764765683744,0.07727192275933246
credit-aus,real,ABD-NB+Iso,19,0.8260869565217391,0.4395970254784739,0.09432628966951612
credit-ger,real,GNB,0,0.73,0.7370947185235743,0.18312838471217055
credit-ger,real,GNB+Platt,0,0.75,0.5375489003049696,0.12122941982756602
credit-ger,real,GNB+Iso,0,0.76,0.5674943999473313,0.09094012056444671
credit-ger,real,ABD-NB,0,0.7,0.7216429853136749,0.11711744229795115
credit-ger,real,ABD-NB+Platt,0,0.78,0.538729297421157,0.11382669980901719
credit-ger,real,ABD-NB+Iso,0,0.76,0.561310879818356,0.08473489406902036
credit-ger,real,GNB,1,0.81,0.479945740506683,0.06567509554173563
credit-ger,real,GNB+Platt,1,0.81,0.4516476561583614,0.08009161215993318
credit-ger,real,GNB+Iso,1,0.81,0.4405675769967137,0.055497293386875354
credit-ger,real,ABD-NB,1,0.82,0.44719766028936747,0.08655990885128166
credit-ger,real,ABD-NB+Platt,1,0.8,0.44502977687974676,0.10401404941404069
credit-ger,real,ABD-NB+Iso,1,0.8,0.44434936636818206,0.10144387560419597
credit-ger,real,GNB,2,0.65,0.657172097969038,0.18808779350254493
credit-ger,real,GNB+Platt,2,0.66,0.5657015591683308,0.13193375905772398
credit-ger,real,GNB+Iso,2,0.65,0.5492587928782783,0.11487110963020074
credit-ger,real,ABD-NB,2,0.67,0.6559340705779804,0.16501749821568878
credit-ger,real,ABD-NB+Platt,2,0.64,0.5658469008993596,0.14268460312921277
credit-ger,real,ABD-NB+Iso,2,0.63,0.5564422786791787,0.13731972767716533
credit-ger,real,GNB,3,0.69,1.0375773457481003,0.18690623660644434
credit-ger,real,GNB+Platt,3,0.72,0.5720472988945453,0.08586761005173804
credit-ger,real,GNB+Iso,3,0.72,0.6085824136517555,0.09660782605548258
credit-ger,real,ABD-NB,3,0.7,0.9469110058726414,0.15297196119313228
credit-ger,real,ABD-NB+Platt,3,0.73,0.5657417520364109,0.07719192504053701
credit-ger,real,ABD-NB+Iso,3,0.73,0.6009927751953852,0.08077587789788751
credit-ger,real,GNB,4,0.69,0.8151185377488166,0.1544167332624971
credit-ger,real,GNB+Platt,4,0.69,0.5260107011181643,0.115876885258374
credit-ger,real,GNB+Iso,4,0.68,0.5295047034862876,0.11835159754513187
credit-ger,real,ABD-NB,4,0.7,0.8166490350243316,0.15790148664753603
credit-ger,real,ABD-NB+Platt,4,0.73,0.529222037517431,0.10431096220961188
credit-ger,real,ABD-NB+Iso,4,0.71,0.5339358643327188,0.12950538386817775
credit-ger,real,GNB,5,0.83,0.6610814542089167,0.10225313549603844
credit-ger,real,GNB+Platt,5,0.82,0.4629301148341372,0.07310347016256119
credit-ger,real,GNB+Iso,5,0.82,0.47663874255201244,0.07312459625376098
credit-ger,real,ABD-NB,5,0.82,0.6988923595850391,0.04938091262755385
credit-ger,real,ABD-NB+Platt,5,0.83,0.4642198418468418,0.0915979865482673
credit-ger,real,ABD-NB+Iso,5,0.83,0.4806960745157793,0.09104875822796031
credit-ger,real,GNB,6,0.71,0.629776424229162,0.1826349344252142
credit-ger,real,GNB+Platt,6,0.75,0.5431125709174246,0.07708440559160318
credit-ger,real,GNB+Iso,6,0.76,0.5395747829843226,0.08748289930735127
credit-ger,real,ABD-NB,6,0.72,0.586427671427358,0.11417645448393843
credit-ger,real,ABD-NB+Platt,6,0.76,0.531160504609997,0.07593774555419416
credit-ger,real,ABD-NB+Iso,6,0.77,0.5190328563042371,0.08098513610198543
credit-ger,real,GNB,7,0.77,0.5527759466683421,0.12868320503497066
credit-ger,real,GNB+Platt,7,0.77,0.4759278741923882,0.06720277164024467
credit-ger,real,GNB+Iso,7,0.78,0.46401485299407974,0.06983295360283195
credit-ger,real,ABD-NB,7,0.78,0.5360591986331699,0.12334128556564807
credit-ger,real,ABD-NB+Platt,7,0.76,0.4740274543930542,0.06062421679247147
credit-ger,real,ABD-NB+Iso,7,0.78,0.4621713841265029,0.06690155433781987
credit-ger,real,GNB,8,0.71,0.7688959850763284,0.14683433569001236
credit-ger,real,GNB+Platt,8,0.72,0.5277164712726051,0.12101574593785742
credit-ger,real,GNB+Iso,8,0.7,0.5284897960722332,0.050858279599020756
credit-ger,real,ABD-NB,8,0.69,0.6967826055174983,0.1861119843463835
credit-ger,real,ABD-NB+Platt,8,0.71,0.5257453229454061,0.0945229126925129
credit-ger,real,ABD-NB+Iso,8,0.71,0.5167727219022916,0.08688694239713272
credit-ger,real,GNB,9,0.71,0.6958312402170964,0.14332689261621068
credit-ger,real,GNB+Platt,9,0.71,0.5342017653399254,0.06942119586236331
credit-ger,real,GNB+Iso,9,0.71,0.5335075584080202,0.04668763854444054
credit-ger,real,ABD-NB,9,0.72,0.655567517779811,0.1503774447536515
credit-ger,real,ABD-NB+Platt,9,0.7,0.5330889927179596,0.05843595493597465
credit-ger,real,ABD-NB+Iso,9,0.73,0.5292120019013693,0.04343412581389748
credit-ger,real,GNB,10,0.75,0.6998267830502124,0.09759792805155254
credit-ger,real,GNB+Platt,10,0.78,0.4846847587614652,0.08227698070623331
credit-ger,real,GNB+Iso,10,0.77,0.5006360974368473,0.08942725305411922
credit-ger,real,ABD-NB,10,0.75,0.7032062714429411,0.13543019584188495
credit-ger,real,ABD-NB+Platt,10,0.78,0.4836895664434154,0.06128304192687487
credit-ger,real,ABD-NB+Iso,10,0.77,0.5003531243718603,0.08042091424239875
credit-ger,real,GNB,11,0.76,0.5906523476803069,0.11717554305055075
credit-ger,real,GNB+Platt,11,0.78,0.49339682942882845,0.0633196690692959
credit-ger,real,GNB+Iso,11,0.75,0.48965749112063306,0.11045679020865824
credit-ger,real,ABD-NB,11,0.76,0.568232223378304,0.09167912034431734
credit-ger,real,ABD-NB+Platt,11,0.78,0.49349268275518443,0.035464570101008244
credit-ger,real,ABD-NB+Iso,11,0.79,0.48962276551899386,0.06666705900948385
credit-ger,real,GNB,12,0.67,1.0069215322628433,0.2396545411989584
credit-ger,real,GNB+Platt,12,0.69,0.5986677289796236,0.09295437839867118
credit-ger,real,GNB+Iso,12,0.68,0.8587618717079387,0.11240756298229791
credit-ger,real,ABD-NB,12,0.67,0.9469339751189269,0.2006833822673952
credit-ger,real,ABD-NB+Platt,12,0.71,0.5862720912871023,0.09398544003167582
credit-ger,real,ABD-NB+Iso,12,0.72,0.8480336962875438,0.1392846029549048
credit-ger,real,GNB,13,0.76,0.6098006915739841,0.1355882818454937
credit-ger,real,GNB+Platt,13,0.77,0.5001508741733517,0.047520940258257593
credit-ger,real,GNB+Iso,13,0.77,0.49918702488633804,0.06750991870291453
credit-ger,real,ABD-NB,13,0.74,0.6094504603519009,0.09774418555421129
credit-ger,real,ABD-NB+Platt,13,0.77,0.5022534461525937,0.05741067570550105
credit-ger,real,ABD-NB+Iso,13,0.79,0.5013065022738463,0.08761405480500553
credit-ger,real,GNB,14,0.73,0.6040864945623244,0.14383580005671998
credit-ger,real,GNB+Platt,14,0.77,0.5086304977167715,0.07786209603419905
credit-ger,real,GNB+Iso,14,0.73,0.5227793123571074,0.11609321136754609
credit-ger,real,ABD-NB,14,0.73,0.6088498142855766,0.13089374675293683
credit-ger,real,ABD-NB+Platt,14,0.73,0.5132233090897901,0.079945771995146
credit-ger,real,ABD-NB+Iso,14,0.72,0.5321990738485267,0.12587500003363328
credit-ger,real,GNB,15,0.77,0.7661758830153993,0.1082520570551167
credit-ger,real,GNB+Platt,15,0.73,0.5064359952230375,0.06519960844660903
credit-ger,real,GNB+Iso,15,0.75,0.5111644790921254,0.08928585575898407
credit-ger,real,ABD-NB,15,0.78,0.706497364497408,0.10480314037422711
credit-ger,real,ABD-NB+Platt,15,0.77,0.49447614260430806,0.046830574949133494
credit-ger,real,ABD-NB+Iso,15,0.78,0.5000561837834357,0.07081105247474498
credit-ger,real,GNB,16,0.68,0.5977848617548589,0.159416913389961
credit-ger,real,GNB+Platt,16,0.77,0.5066676760620854,0.08173552922103096
credit-ger,real,GNB+Iso,16,0.75,0.5051911234947073,0.04471321276092376
credit-ger,real,ABD-NB,16,0.71,0.5601021118244401,0.18620173970171094
credit-ger,real,ABD-NB+Platt,16,0.77,0.49922299767905953,0.08152790308092427
credit-ger,real,ABD-NB+Iso,16,0.76,0.4920427348692715,0.06252191667341073
credit-ger,real,GNB,17,0.71,0.6690262614940851,0.15694279415137105
credit-ger,real,GNB+Platt,17,0.67,0.5468765975510941,0.11383667826515133
credit-ger,real,GNB+Iso,17,0.67,0.535264884175437,0.11823580906190322
credit-ger,real,ABD-NB,17,0.7,0.6432815773696557,0.14469243721049763
credit-ger,real,ABD-NB+Platt,17,0.72,0.5422367299464275,0.1137903675259371
credit-ger,real,ABD-NB+Iso,17,0.71,0.5294104842015135,0.11705040918725744
credit-ger,real,GNB,18,0.76,0.564098999721149,0.08629683121851517
credit-ger,real,GNB+Platt,18,0.74,0.49468838253198066,0.06706323942791988
credit-ger,real,GNB+Iso,18,0.76,0.4816739645050612,0.03674748436835978
credit-ger,real,ABD-NB,18,0.75,0.5757580897738458,0.09264564649481977
credit-ger,real,ABD-NB+Platt,18,0.77,0.4914308755271857,0.0861956076748431
credit-ger,real,ABD-NB+Iso,18,0.76,0.4872928325783215,0.03513504901019632
credit-ger,real,GNB,19,0.75,0.7716062751047903,0.1583000810131614
credit-ger,real,GNB+Platt,19,0.71,0.5584336566978343,0.09730688482525797
credit-ger,real,GNB+Iso,19,0.71,0.5552518370440894,0.09595548136839727
credit-ger,real,ABD-NB,19,0.72,0.7426733116391224,0.1645286334799262
credit-ger,real,ABD-NB+Platt,19,0.72,0.5666957687165531,0.13820394276551504
credit-ger,real,ABD-NB+Iso,19,0.72,0.8157911666871158,0.1137541686279196
churn,real,GNB,0,0.8775,0.3715318570281696,0.055410854117711454
churn,real,GNB+Platt,0,0.875,0.2911640769624838,0.05377550303441542
churn,real,GNB+Iso,0,0.875,0.2573422494564033,0.031683606490657754
churn,real,ABD-NB,0,0.865,0.35295028141902507,0.0625042845863113
churn,real,ABD-NB+Platt,0,0.865,0.2967927254037617,0.06692838579261581
churn,real,ABD-NB+Iso,0,0.8725,0.2551689733411383,0.02959395658600812
churn,real,GNB,1,0.835,0.4608521480440193,0.08773665647440632
churn,real,GNB+Platt,1,0.845,0.3373579787364919,0.07182998221537049
churn,real,GNB+Iso,1,0.8575,0.30667271467707463,0.03422522888254992
churn,real,ABD-NB,1,0.825,0.440833740943191,0.08948503880851316
churn,real,ABD-NB+Platt,1,0.8325,0.3485064197314688,0.06840649617587105
churn,real,ABD-NB+Iso,1,0.8575,0.3071081804706999,0.02832397346605192
churn,real,GNB,2,0.8625,0.4254215622550649,0.06424175875398369
churn,real,GNB+Platt,2,0.855,0.3167523980246778,0.06965492491423243
churn,real,GNB+Iso,2,0.8575,0.29355466922784273,0.02149694163270756
churn,real,ABD-NB,2,0.86,0.4207655096872044,0.0744944069833692
churn,real,ABD-NB+Platt,2,0.845,0.330824705276451,0.05912354328356983
churn,real,ABD-NB+Iso,2,0.8475,0.35628934830234094,0.024559479668539705
churn,real,GNB,3,0.8875,0.34258339930172554,0.03299197045912207
churn,real,GNB+Platt,3,0.875,0.30265640552739326,0.05475310704433048
churn,real,GNB+Iso,3,0.865,0.2826350072776537,0.03695629663589916
churn,real,ABD-NB,3,0.8775,0.33310916356365183,0.04866092700812864
churn,real,ABD-NB+Platt,3,0.865,0.31821745875849294,0.05171304275720868
churn,real,ABD-NB+Iso,3,0.8675,0.28203223239441616,0.025498066092659363
churn,real,GNB,4,0.86,0.3967105871540922,0.06357556692932427
churn,real,GNB+Platt,4,0.8525,0.3253378516659849,0.07121963758075325
churn,real,GNB+Iso,4,0.8525,0.29234573055759083,0.02780727466296398
churn,real,ABD-NB,4,0.8325,0.38653561753501364,0.08178690719978382
churn,real,ABD-NB+Platt,4,0.8475,0.3370506061455483,0.063556456201716
churn,real,ABD-NB+Iso,4,0.865,0.28988743199426475,0.02048857075803479
churn,real,GNB,5,0.8475,0.4737556068646158,0.0697262652669212
churn,real,GNB+Platt,5,0.8375,0.33836049059146267,0.06461321060151134
churn,real,GNB+Iso,5,0.845,0.3087239653928645,0.03899411915179221
churn,real,ABD-NB,5,0.8475,0.4737556068584827,0.06972626526634652
churn,real,ABD-NB+Platt,5,0.825,0.34862863359579577,0.06994004974426153
churn,real,ABD-NB+Iso,5,0.86,0.2955701187866422,0.03559118804826774
churn,real,GNB,6,0.8775,0.35055910038692717,0.056418232156107584
churn,real,GNB+Platt,6,0.8725,0.3102620219935244,0.04932000800024498
churn,real,GNB+Iso,6,0.8775,0.29520721947081574,0.02591595189993328
churn,real,ABD-NB,6,0.8775,0.3505591003843307,0.05641823215585722
churn,real,ABD-NB+Platt,6,0.865,0.32020197656240934,0.047156183538492005
churn,real,ABD-NB+Iso,6,0.8675,0.2902057681862631,0.03287643566381228
churn,real,GNB,7,0.89,0.2941524410044035,0.03238696414048113
churn,real,GNB+Platt,7,0.8775,0.2886439587099281,0.049908378745870195
churn,real,GNB+Iso,7,0.8725,0.27100441313393087,0.03768360743935749
churn,real,ABD-NB,7,0.8775,0.2991192576381901,0.04129648571415739
churn,real,ABD-NB+Platt,7,0.87,0.30789999057344114,0.05364784686927463
churn,real,ABD-NB+Iso,7,0.8725,0.2724883902196069,0.030330152634853138
churn,real,GNB,8,0.87,0.38490931280007534,0.05420614516077314
churn,real,GNB+Platt,8,0.86,0.2994362162484876,0.053223201720723784
churn,real,GNB+Iso,8,0.8575,0.273101384454013,0.04700745165939174
churn,real,ABD-NB,8,0.855,0.3676892747712584,0.06053449479903898
churn,real,ABD-NB+Platt,8,0.86,0.3115148450849159,0.06774422570435566
churn,real,ABD-NB+Iso,8,0.8725,0.26575243768395573,0.016757383466214512
churn,real,GNB,9,0.865,0.3547125719211669,0.055412724631323976
churn,real,GNB+Platt,9,0.8675,0.291119166108936,0.057809716194634306
churn,real,GNB+Iso,9,0.875,0.317003571365117,0.01944765686103173
churn,real,ABD-NB,9,0.865,0.35471257191743744,0.055412724630880324
churn,real,ABD-NB+Platt,9,0.8675,0.29532513629461987,0.06194252897600966
churn,real,ABD-NB+Iso,9,0.8725,0.31484602066824563,0.024644194550936707
churn,real,GNB,10,0.8825,0.3735747706261882,0.05600877471055418
churn,real,GNB+Platt,10,0.875,0.29301129595910225,0.07482786913945222
churn,real,GNB+Iso,10,0.88,0.2685084298805885,0.05469130666410971
churn,real,ABD-NB,10,0.88,0.35832794268611046,0.04237067211723039
churn,real,ABD-NB+Platt,10,0.865,0.3010032325153428,0.07797335998944334
churn,real,ABD-NB+Iso,10,0.8475,0.26779759199910635,0.055304905881516785
churn,real,GNB,11,0.885,0.3497305933045839,0.03880853108406988
churn,real,GNB+Platt,11,0.875,0.3079733571709081,0.048886692957564815
churn,real,GNB+Iso,11,0.885,0.2875217041205327,0.02091827617494175
churn,real,ABD-NB,11,0.865,0.33739454811569886,0.04896751540665788
churn,real,ABD-NB+Platt,11,0.8675,0.3159457099161378,0.055272908186005096
churn,real,ABD-NB+Iso,11,0.8725,0.282063182051133,0.009701272690087175
churn,real,GNB,12,0.86,0.4549626922800606,0.06544126285827587
churn,real,GNB+Platt,12,0.855,0.33191625631649324,0.04545999484179359
churn,real,GNB+Iso,12,0.86,0.31261263281785284,0.023976081531018698
churn,real,ABD-NB,12,0.8475,0.4329741367832265,0.0766222840584293
churn,real,ABD-NB+Platt,12,0.8425,0.34656181949904225,0.05524456582118584
churn,real,ABD-NB+Iso,12,0.8475,0.3032725707211305,0.03804490757527774
churn,real,GNB,13,0.88,0.2874425134663882,0.0346085993470292
churn,real,GNB+Platt,13,0.8675,0.2813813746834642,0.07636850233077658
churn,real,GNB+Iso,13,0.8775,0.23585762558241374,0.040148335712867696
churn,real,ABD-NB,13,0.875,0.2870432246613758,0.04126665066889143
churn,real,ABD-NB+Platt,13,0.86,0.2977304224277079,0.07182027518908789
churn,real,ABD-NB+Iso,13,0.875,0.23210346578744676,0.04906724783440282
churn,real,GNB,14,0.8725,0.3891794644579145,0.06652035863461142
churn,real,GNB+Platt,14,0.8625,0.3248297635875788,0.05361042922888683
churn,real,GNB+Iso,14,0.87,0.3014863042583831,0.029892802637904642
churn,real,ABD-NB,14,0.8575,0.3726640223745788,0.06490830471415686
churn,real,ABD-NB+Platt,14,0.86,0.3306398604041709,0.06511323804479001
churn,real,ABD-NB+Iso,14,0.86,0.29474563253475705,0.026711659734100956
churn,real,GNB,15,0.8375,0.47148203755849605,0.08176313429344761
churn,real,GNB+Platt,15,0.8475,0.32893456688322076,0.06903901487102876
churn,real,GNB+Iso,15,0.85,0.35785116959978475,0.0396311503272684
churn,real,ABD-NB,15,0.835,0.46219302020426317,0.07725364986946034
churn,real,ABD-NB+Platt,15,0.83,0.35011455305086897,0.07338134917537509
churn,real,ABD-NB+Iso,15,0.8625,0.35631138138387297,0.030080366725286065
churn,real,GNB,16,0.855,0.43658481852905096,0.07080400484791562
churn,real,GNB+Platt,16,0.85,0.313500926094238,0.06041369263690078
churn,real,GNB+Iso,16,0.85,0.2938123334081731,0.03589551609182273
churn,real,ABD-NB,16,0.845,0.4102279542235989,0.07066614538635177
churn,real,ABD-NB+Platt,16,0.85,0.32532020876406037,0.06597512017250527
churn,real,ABD-NB+Iso,16,0.875,0.29129143907117777,0.029323281640157694
churn,real,GNB,17,0.89,0.28398667839450353,0.037290701444544494
churn,real,GNB+Platt,17,0.8875,0.2798727776547839,0.052227572801831074
churn,real,GNB+Iso,17,0.8975,0.24502051408771025,0.038987604335616044
churn,real,ABD-NB,17,0.88,0.2784930077388495,0.03703080842754814
churn,real,ABD-NB+Platt,17,0.8825,0.2904071949132804,0.05598168247634239
churn,real,ABD-NB+Iso,17,0.8825,0.2440231858572909,0.02241362248392704
churn,real,GNB,18,0.855,0.46354875498019976,0.0779513932878123
churn,real,GNB+Platt,18,0.84,0.3340563774743823,0.07297905354132864
churn,real,GNB+Iso,18,0.845,0.3035343341663349,0.0382361311384285
churn,real,ABD-NB,18,0.835,0.4390969921518701,0.08481381532379897
churn,real,ABD-NB+Platt,18,0.8325,0.3456285268987941,0.08766177727224911
churn,real,ABD-NB+Iso,18,0.845,0.3026529452827989,0.041382208209576776
churn,real,GNB,19,0.85,0.3658752041915092,0.07368459849614459
churn,real,GNB+Platt,19,0.855,0.3154296048488754,0.08140803554528861
churn,real,GNB+Iso,19,0.8475,0.28942934883878274,0.03912922913811936
churn,real,ABD-NB,19,0.8475,0.3564415507972028,0.07598408272461418
churn,real,ABD-NB+Platt,19,0.855,0.327170683258479,0.04028990612043697
churn,real,ABD-NB+Iso,19,0.88,0.27994980901943645,0.043362125333243844
profb,real,GNB,0,0.6911764705882353,0.7023095782368879,0.1013734162638678
profb,real,GNB+Platt,0,0.6617647058823529,0.5955760255996264,0.049694291683230696
profb,real,GNB+Iso,0,0.6617647058823529,0.5942075257924823,0.09565935588185415
profb,real,ABD-NB,0,0.6911764705882353,0.7023095782307154,0.1013734162638876
profb,real,ABD-NB+Platt,0,0.6617647058823529,0.5976520639273348,0.06395962777701351
profb,real,ABD-NB+Iso,0,0.6617647058823529,0.5902772469599533,0.09643779819504746
profb,real,GNB,1,0.6323529411764706,0.9119167974794219,0.20120469671512728
profb,real,GNB+Platt,1,0.6470588235294118,0.6688118210797835,0.09533863619659962
profb,real,GNB+Iso,1,0.6617647058823529,1.0586070868555348,0.13697858493437198
profb,real,ABD-NB,1,0.6323529411764706,0.9119167974715037,0.20120469671497232
profb,real,ABD-NB+Platt,1,0.6470588235294118,0.6688101315684498,0.09520790871860561
profb,real,ABD-NB+Iso,1,0.6617647058823529,1.0611847048008916,0.14759408939093116
profb,real,GNB,2,0.6716417910447762,0.5400025620441229,0.08739016100513557
profb,real,GNB+Platt,2,0.6865671641791045,0.5826574812334241,0.09754246184356968
profb,real,GNB+Iso,2,0.6716417910447762,0.5776732533682555,0.0874268115904497
profb,real,ABD-NB,2,0.6716417910447762,0.5400025620441296,0.0873901610053404
profb,real,ABD-NB+Platt,2,0.6865671641791045,0.5831257802390654,0.09217771459372132
profb,real,ABD-NB+Iso,2,0.6716417910447762,0.5825821094683664,0.11133085698664971
profb,real,GNB,3,0.6119402985074627,0.7277938780829855,0.14336628705480023
profb,real,GNB+Platt,3,0.5970149253731343,0.626395785830906,0.15730344260745505
profb,real,GNB+Iso,3,0.5970149253731343,0.6137931991832727,0.13079712471754915
profb,real,ABD-NB,3,0.6119402985074627,0.7277938780819015,0.14336628705483256
profb,real,ABD-NB+Platt,3,0.5970149253731343,0.6268446283507494,0.16643472998501252
profb,real,ABD-NB+Iso,3,0.5970149253731343,0.6167480801113085,0.13397804660576257
profb,real,GNB,4,0.7611940298507462,0.5420635591407593,0.11494447744251808
profb,real,GNB+Platt,4,0.7014925373134329,0.5815992057012564,0.08448318334385108
profb,real,GNB+Iso,4,0.7014925373134329,0.5734160861629192,0.062489402572124396
profb,real,ABD-NB,4,0.7611940298507462,0.5420635591404916,0.11494447744195657
profb,real,ABD-NB+Platt,4,0.7014925373134329,0.5817724407624814,0.07425297558775754
profb,real,ABD-NB+Iso,4,0.7014925373134329,0.5736818598500464,0.04587704073325344
profb,real,GNB,5,0.6567164179104478,0.9477939190920025,0.10101738641893154
profb,real,GNB+Platt,5,0.6716417910447762,0.6285991416787857,0.10353680285224216
profb,real,GNB+Iso,5,0.6716417910447762,0.6398126656516877,0.13596642013104274
profb,real,ABD-NB,5,0.6567164179104478,0.9477750055300675,0.10055848235120696
profb,real,ABD-NB+Platt,5,0.6716417910447762,0.6286554169329226,0.13177089178853724
profb,real,ABD-NB+Iso,5,0.6716417910447762,0.6382283697866644,0.14959552715245966
profb,real,GNB,6,0.6268656716417911,0.8310262056772784,0.18627274683038214
profb,real,GNB+Platt,6,0.6417910447761194,0.647253688369484,0.11458787374016081
profb,real,GNB+Iso,6,0.6119402985074627,0.6716004233574336,0.10723784618620161
profb,real,ABD-NB,6,0.6268656716417911,0.8310262056710878,0.18627274683059913
profb,real,ABD-NB+Platt,6,0.6417910447761194,0.6473570305907451,0.11472677864590053
profb,real,ABD-NB+Iso,6,0.6119402985074627,0.6718931393665527,0.11736291687477303
profb,real,GNB,7,0.6417910447761194,0.6432673471352068,0.15037154439473996
profb,real,GNB+Platt,7,0.7014925373134329,0.5876567332613299,0.12878688784903783
profb,real,GNB+Iso,7,0.6865671641791045,0.5936074026206519,0.17958661183284416
profb,real,ABD-NB,7,0.6417910447761194,0.6440525312325237,0.1502657315022918
profb,real,ABD-NB+Platt,7,0.7014925373134329,0.5872234926304831,0.12775546354383283
profb,real,ABD-NB+Iso,7,0.6865671641791045,0.5897142998737236,0.18264370580575434
profb,real,GNB,8,0.582089552238806,0.781088537546641,0.14128191989226624
profb,real,GNB+Platt,8,0.6268656716417911,0.6369939229357019,0.08740864796352642
profb,real,GNB+Iso,8,0.6119402985074627,0.6458975799306556,0.10521506878012532
profb,real,ABD-NB,8,0.582089552238806,0.7821992046172105,0.1407910557027493
profb,real,ABD-NB+Platt,8,0.6268656716417911,0.639128100166983,0.08954993708803269
profb,real,ABD-NB+Iso,8,0.6119402985074627,0.6506437564754235,0.09542200075881341
profb,real,GNB,9,0.7164179104477612,0.5789598966351607,0.08943826880661473
profb,real,GNB+Platt,9,0.7313432835820896,0.5838383693255476,0.09728292390151266
profb,real,GNB+Iso,9,0.746268656716418,0.5667084173082021,0.11008878701716729
profb,real,ABD-NB,9,0.7014925373134329,0.5813670072458009,0.07306149325368
profb,real,ABD-NB+Platt,9,0.7313432835820896,0.5841908299908153,0.10481509165929148
profb,real,ABD-NB+Iso,9,0.7313432835820896,0.5659329283593217,0.08751122463962246
profb,real,GNB,10,0.6029411764705882,0.8300156747474166,0.1881764574825096
profb,real,GNB+Platt,10,0.6323529411764706,0.640503962414661,0.13178702582874224
profb,real,GNB+Iso,10,0.6176470588235294,0.6549499556885314,0.1388895220972599
profb,real,ABD-NB,10,0.6029411764705882,0.8281584547966987,0.1894793770929068
profb,real,ABD-NB+Platt,10,0.6323529411764706,0.6389112905012242,0.12148623113938478
profb,real,ABD-NB+Iso,10,0.6323529411764706,0.6621858782474176,0.07272135699489635
profb,real,GNB,11,0.7352941176470589,0.5755609481085949,0.09200708280896387
profb,real,GNB+Platt,11,0.7647058823529411,0.5492264535892368,0.10728104384082783
profb,real,GNB+Iso,11,0.7205882352941176,0.5232001899109209,0.09494703920767031
profb,real,ABD-NB,11,0.75,0.5776910891165623,0.12422641246276125
profb,real,ABD-NB+Platt,11,0.7647058823529411,0.5497512927591803,0.10767085396368395
profb,real,ABD-NB+Iso,11,0.7205882352941176,0.5227077293734981,0.0949443463815384
profb,real,GNB,12,0.6268656716417911,0.6262247595617167,0.12624561335485093
profb,real,GNB+Platt,12,0.6567164179104478,0.6258579881884494,0.0772725046602176
profb,real,GNB+Iso,12,0.6567164179104478,0.6243136458818862,0.10858897358732489
profb,real,ABD-NB,12,0.6268656716417911,0.6262247595615797,0.12624561335471451
profb,real,ABD-NB+Platt,12,0.6567164179104478,0.6256903692482947,0.07670902826358603
profb,real,ABD-NB+Iso,12,0.6567164179104478,0.6272510836514068,0.10820724770241688
profb,real,GNB,13,0.6567164179104478,0.6132786533532321,0.09370149579955646
profb,real,GNB+Platt,13,0.7014925373134329,0.5938560855155937,0.13030358870132838
profb,real,GNB+Iso,13,0.6716417910447762,0.5995682553973424,0.06979152454634192
profb,real,ABD-NB,13,0.6567164179104478,0.6119165364394256,0.09117622994135213
profb,real,ABD-NB+Platt,13,0.7014925373134329,0.5938152174674295,0.11038408716956867
profb,real,ABD-NB+Iso,13,0.6716417910447762,0.6001879517889592,0.07012781216711511
profb,real,GNB,14,0.7611940298507462,0.641950546803594,0.1402778121538802
profb,real,GNB+Platt,14,0.7164179104477612,0.5776351704082353,0.054329659500064374
profb,real,GNB+Iso,14,0.746268656716418,0.5548001692367674,0.06170953555342481
profb,real,ABD-NB,14,0.7611940298507462,0.6419505467972986,0.14027781215397714
profb,real,ABD-NB+Platt,14,0.7164179104477612,0.5771424753297073,0.05414762155232757
profb,real,ABD-NB+Iso,14,0.746268656716418,0.5520889393108762,0.07419544418514072
profb,real,GNB,15,0.582089552238806,0.6836721970614097,0.16680381236142067
profb,real,GNB+Platt,15,0.6268656716417911,0.6222670025212675,0.08059398459837919
profb,real,GNB+Iso,15,0.5970149253731343,0.6098458235077793,0.1266205235002673
profb,real,ABD-NB,15,0.582089552238806,0.6885550801293377,0.17258696421987593
profb,real,ABD-NB+Platt,15,0.6268656716417911,0.6229697311400396,0.07119718676400404
profb,real,ABD-NB+Iso,15,0.5970149253731343,0.609924638383279,0.11652776650077155
profb,real,GNB,16,0.6417910447761194,0.9576156130652561,0.14977150379407428
profb,real,GNB+Platt,16,0.6119402985074627,0.6239047561863242,0.1450964672734965
profb,real,GNB+Iso,16,0.6119402985074627,0.6339048803345796,0.1583853603891744
profb,real,ABD-NB,16,0.6417910447761194,0.9576156130566428,0.1497715037940957
profb,real,ABD-NB+Platt,16,0.6119402985074627,0.6241350573127692,0.14480540003507963
profb,real,ABD-NB+Iso,16,0.6119402985074627,0.6186907914208855,0.1339953003606605
profb,real,GNB,17,0.6417910447761194,0.7950501220704199,0.2033061456250902
profb,real,GNB+Platt,17,0.6417910447761194,0.6447128628209106,0.1131925431816738
profb,real,GNB+Iso,17,0.6865671641791045,0.6499295716108404,0.13606786466893545
profb,real,ABD-NB,17,0.6417910447761194,0.7950501220629197,0.20330614562502897
profb,real,ABD-NB+Platt,17,0.6268656716417911,0.6461361162340657,0.09663808195630683
profb,real,ABD-NB+Iso,17,0.6417910447761194,0.651328123362293,0.0703466633205139
profb,real,GNB,18,0.5671641791044776,1.0281451133900734,0.2366906166308947
profb,real,GNB+Platt,18,0.6567164179104478,0.6546500635674514,0.12414809227741996
profb,real,GNB+Iso,18,0.582089552238806,0.6686331956362193,0.1691231199737972
profb,real,ABD-NB,18,0.5671641791044776,1.028145113368845,0.23669061663044316
profb,real,ABD-NB+Platt,18,0.6567164179104478,0.655838947847491,0.12445042755443969
profb,real,ABD-NB+Iso,18,0.5970149253731343,0.6854435389167021,0.1480999893095162
profb,real,GNB,19,0.7313432835820896,0.6747630457665168,0.13853403411079365
profb,real,GNB+Platt,19,0.6716417910447762,0.607493431689156,0.052484348348086254
profb,real,GNB+Iso,19,0.6716417910447762,0.6216125610960344,0.1117691663433191
profb,real,ABD-NB,19,0.7313432835820896,0.67476304576062,0.13853403411023837
profb,real,ABD-NB+Platt,19,0.6716417910447762,0.6076796169106472,0.09014522259143297
profb,real,ABD-NB+Iso,19,0.6716417910447762,0.6205550149434022,0.07388356723612177
contraceptive,real,GNB,0,0.4527027027027027,1.4518529719398532,0.26659157054591764
contraceptive,real,GNB+Platt,0,0.46621621621621623,1.0179365916770302,0.03789646508018086
contraceptive,real,GNB+Iso,0,0.4527027027027027,1.1936326871783938,0.12323490983050078
contraceptive,real,ABD-NB,0,0.4527027027027027,1.3561275660139782,0.21029151770838278
contraceptive,real,ABD-NB+Platt,0,0.46621621621621623,1.0171779566572656,0.04234997985442166
contraceptive,real,ABD-NB+Iso,0,0.44594594594594594,1.197508774549079,0.11041585983389295
contraceptive,real,GNB,1,0.4527027027027027,1.4293963114555717,0.23397258597919168
contraceptive,real,GNB+Platt,1,0.5135135135135135,1.0071843337534019,0.0758573566810728
contraceptive,real,GNB+Iso,1,0.5,1.0184842441293878,0.08992314528555152
contraceptive,real,ABD-NB,1,0.44594594594594594,1.348859921306249,0.21260677768226596
contraceptive,real,ABD-NB+Platt,1,0.5135135135135135,1.0080764272570952,0.06449188007588412
contraceptive,real,ABD-NB+Iso,1,0.49324324324324326,1.0197867191891858,0.08343802108002411
contraceptive,real,GNB,2,0.5067567567567568,1.4270292885370686,0.17336493982219386
contraceptive,real,GNB+Platt,2,0.5472972972972973,0.9788373106477026,0.08666116381445237
contraceptive,real,GNB+Iso,2,0.5067567567567568,1.1643732215438027,0.08777914838874244
contraceptive,real,ABD-NB,2,0.5067567567567568,1.3482625498585583,0.17447998918980873
contraceptive,real,ABD-NB+Platt,2,0.5472972972972973,0.9813872325509455,0.09389422747908877
contraceptive,real,ABD-NB+Iso,2,0.527027027027027,1.1607638481646052,0.09340892623072723
contraceptive,real,GNB,3,0.5238095238095238,1.1022092190158672,0.1602781837633076
contraceptive,real,GNB+Platt,3,0.5918367346938775,0.9295915986367312,0.10554642814738158
contraceptive,real,GNB+Iso,3,0.5714285714285714,0.9145554214067275,0.07693476072983083
contraceptive,real,ABD-NB,3,0.5306122448979592,1.05871051023886,0.11811211360655807
contraceptive,real,ABD-NB+Platt,3,0.5918367346938775,0.9304014466235607,0.10863406964159172
contraceptive,real,ABD-NB+Iso,3,0.5850340136054422,0.9127402338729833,0.08399009866461385
contraceptive,real,GNB,4,0.41496598639455784,1.3075858520802262,0.26443309154979117
contraceptive,real,GNB+Platt,4,0.4489795918367347,1.0153442432430193,0.06535014663278044
contraceptive,real,GNB+Iso,4,0.46938775510204084,1.011821953180106,0.08191922141199072
contraceptive,real,ABD-NB,4,0.41496598639455784,1.2424097156035134,0.22739651423031362
contraceptive,real,ABD-NB+Platt,4,0.4557823129251701,1.015185053221741,0.060122248274979105
contraceptive,real,ABD-NB+Iso,4,0.46258503401360546,1.0111694225152108,0.08590028805494286
contraceptive,real,GNB,5,0.4557823129251701,1.2973372056271835,0.2261377769198352
contraceptive,real,GNB+Platt,5,0.5170068027210885,0.9856864165190915,0.05243125592307177
contraceptive,real,GNB+Iso,5,0.47619047619047616,0.9733465617188277,0.11182315673770457
contraceptive,real,ABD-NB,5,0.46938775510204084,1.2258888651170596,0.19885620568266382
contraceptive,real,ABD-NB+Platt,5,0.5102040816326531,0.9853296557267883,0.04164655088142776
contraceptive,real,ABD-NB+Iso,5,0.4897959183673469,0.9732548644347536,0.08671746019909735
contraceptive,real,GNB,6,0.46258503401360546,1.2818850837995994,0.2157055803784372
contraceptive,real,GNB+Platt,6,0.47619047619047616,0.9810739224881423,0.07099611630999053
contraceptive,real,GNB+Iso,6,0.4897959183673469,0.9892787169692329,0.11491295931448679
contraceptive,real,ABD-NB,6,0.46938775510204084,1.216354831823051,0.19488704721423752
contraceptive,real,ABD-NB+Platt,6,0.48299319727891155,0.9793682685475329,0.07365329374178219
contraceptive,real,ABD-NB+Iso,6,0.47619047619047616,0.9910756443362506,0.08313710085070625
contraceptive,real,GNB,7,0.47619047619047616,1.1972410250786303,0.2312657802829557
contraceptive,real,GNB+Platt,7,0.4965986394557823,0.9879285509577007,0.07218599467417013
contraceptive,real,GNB+Iso,7,0.5170068027210885,0.9568396981548724,0.05230824108941414
contraceptive,real,ABD-NB,7,0.46258503401360546,1.1359293741309573,0.19127351343763405
contraceptive,real,ABD-NB+Platt,7,0.5102040816326531,0.9878038435615375,0.06046615924209819
contraceptive,real,ABD-NB+Iso,7,0.5102040816326531,0.9569679092596552,0.08271862698044308
contraceptive,real,GNB,8,0.4489795918367347,1.7844037216881439,0.2520691394595797
contraceptive,real,GNB+Platt,8,0.48299319727891155,1.0273042478971213,0.0745208048355094
contraceptive,real,GNB+Iso,8,0.4897959183673469,1.0384229027413858,0.08259918660182371
contraceptive,real,ABD-NB,8,0.4557823129251701,1.6709934720164683,0.23692395246236495
contraceptive,real,ABD-NB+Platt,8,0.46938775510204084,1.0292733115516508,0.08675743189585865
contraceptive,real,ABD-NB+Iso,8,0.5102040816326531,1.0393632918640543,0.10819532303895875
contraceptive,real,GNB,9,0.46938775510204084,1.34532080222688,0.2089254702934336
contraceptive,real,GNB+Platt,9,0.47619047619047616,0.9998067902158984,0.08889502017996076
contraceptive,real,GNB+Iso,9,0.4965986394557823,0.9907937292603056,0.12624589087862498
contraceptive,real,ABD-NB,9,0.46938775510204084,1.2716448352138294,0.18516538953170963
contraceptive,real,ABD-NB+Platt,9,0.4897959183673469,1.0019327529347013,0.08740392295880735
contraceptive,real,ABD-NB+Iso,9,0.48299319727891155,0.9911816975660258,0.0804821890408681
contraceptive,real,GNB,10,0.4189189189189189,1.4145517067572246,0.28663078508779527
contraceptive,real,GNB+Platt,10,0.4797297297297297,1.0171348205521358,0.030529570736061825
contraceptive,real,GNB+Iso,10,0.46621621621621623,1.003086784245164,0.0663376867464066
contraceptive,real,ABD-NB,10,0.4189189189189189,1.3250977308549032,0.2470807275178336
contraceptive,real,ABD-NB+Platt,10,0.4864864864864865,1.0178335557858054,0.04425942940449719
contraceptive,real,ABD-NB+Iso,10,0.46621621621621623,1.004411737538802,0.06877195843587448
contraceptive,real,GNB,11,0.4797297297297297,1.347612190486236,0.19357578272831139
contraceptive,real,GNB+Platt,11,0.527027027027027,0.9934627733210235,0.0805202176718131
contraceptive,real,GNB+Iso,11,0.5202702702702703,0.9727095752151363,0.13262743907868932
contraceptive,real,ABD-NB,11,0.4797297297297297,1.2824529242504799,0.1671564691198596
contraceptive,real,ABD-NB+Platt,11,0.5337837837837838,0.997510127768054,0.0772184591443694
contraceptive,real,ABD-NB+Iso,11,0.5202702702702703,0.9707651045124239,0.12851271112131005
contraceptive,real,GNB,12,0.5337837837837838,1.35280974642804,0.1983016069410403
contraceptive,real,GNB+Platt,12,0.5337837837837838,0.9594592739189896,0.10072021497146542
contraceptive,real,GNB+Iso,12,0.5743243243243243,0.9555377136256941,0.08948726585347866
contraceptive,real,ABD-NB,12,0.5472972972972973,1.2835322342934412,0.1497813014651057
contraceptive,real,ABD-NB+Platt,12,0.5472972972972973,0.9635605568607049,0.08938651503616211
contraceptive,real,ABD-NB+Iso,12,0.5608108108108109,0.9567726167346762,0.08377266651265837
contraceptive,real,GNB,13,0.4897959183673469,1.1800910896897285,0.15940311823879244
contraceptive,real,GNB+Platt,13,0.47619047619047616,0.9828196005318843,0.09045905172275862
contraceptive,real,GNB+Iso,13,0.4965986394557823,0.9702855531509562,0.12101075903292535
contraceptive,real,ABD-NB,13,0.4965986394557823,1.1256710327298802,0.13401328310539654
contraceptive,real,ABD-NB+Platt,13,0.48299319727891155,0.982710450923911,0.08853414405389327
contraceptive,real,ABD-NB+Iso,13,0.5170068027210885,0.9712900243173345,0.10652007990776942
contraceptive,real,GNB,14,0.5102040816326531,1.2842985068624089,0.18329111550758395
contraceptive,real,GNB+Platt,14,0.5170068027210885,0.9886987381165799,0.04443466471680264
contraceptive,real,GNB+Iso,14,0.46938775510204084,1.0095381895242765,0.10473131363593154
contraceptive,real,ABD-NB,14,0.5170068027210885,1.2171624155850795,0.17680463480699243
contraceptive,real,ABD-NB+Platt,14,0.5170068027210885,0.9890114207587571,0.049179071942326014
contraceptive,real,ABD-NB+Iso,14,0.48299319727891155,1.0129543543593296,0.08678785600958265
contraceptive,real,GNB,15,0.4013605442176871,1.5179801201225886,0.2887735354614946
contraceptive,real,GNB+Platt,15,0.4217687074829932,1.0557537215204653,0.10800544182186743
contraceptive,real,GNB+Iso,15,0.4489795918367347,1.0409858138680161,0.12409052662409888
contraceptive,real,ABD-NB,15,0.4013605442176871,1.4270150729219118,0.2578742829496236
contraceptive,real,ABD-NB+Platt,15,0.42857142857142855,1.053138504541365,0.07053422835941309
contraceptive,real,ABD-NB+Iso,15,0.43537414965986393,1.044546420250512,0.11802658387168362
contraceptive,real,GNB,16,0.46258503401360546,1.7599045791567234,0.23316195868795297
contraceptive,real,GNB+Platt,16,0.5374149659863946,1.001704825398239,0.08244597645687587
contraceptive,real,GNB+Iso,16,0.5034013605442177,1.2013419617150702,0.06901599469822234
contraceptive,real,ABD-NB,16,0.46938775510204084,1.6439946822541096,0.19900923570343598
contraceptive,real,ABD-NB+Platt,16,0.5374149659863946,1.0037378716613388,0.08573089224854401
contraceptive,real,ABD-NB+Iso,16,0.5034013605442177,1.2036374292235597,0.08115336976922632
contraceptive,real,GNB,17,0.5306122448979592,1.1031774427385947,0.16700912127991674
contraceptive,real,GNB+Platt,17,0.5102040816326531,0.9391351172847802,0.1008700030475243
contraceptive,real,GNB+Iso,17,0.5102040816326531,0.9094244507285844,0.07262310086890066
contraceptive,real,ABD-NB,17,0.5374149659863946,1.0568463753330863,0.14542540278550004
contraceptive,real,ABD-NB+Platt,17,0.5102040816326531,0.9398864661280187,0.09839077977179496
contraceptive,real,ABD-NB+Iso,17,0.5170068027210885,0.9095316766309903,0.0661682916828112
contraceptive,real,GNB,18,0.43537414965986393,1.4216831437088477,0.23443945356585263
contraceptive,real,GNB+Platt,18,0.46938775510204084,1.0033300767432654,0.1185037798677626
contraceptive,real,GNB+Iso,18,0.47619047619047616,1.0141632188034397,0.12111837176362951
contraceptive,real,ABD-NB,18,0.4421768707482993,1.343165778088701,0.20067687506827442
contraceptive,real,ABD-NB+Platt,18,0.46938775510204084,1.0059439919036035,0.08963214172422468
contraceptive,real,ABD-NB+Iso,18,0.46938775510204084,1.0125713677938681,0.11669675023675319
contraceptive,real,GNB,19,0.4421768707482993,1.3527395108856506,0.2490003197529355
contraceptive,real,GNB+Platt,19,0.46258503401360546,1.011094507559898,0.06276710136967202
contraceptive,real,GNB+Iso,19,0.4557823129251701,1.0121506407482554,0.09806844019347713
contraceptive,real,ABD-NB,19,0.4421768707482993,1.2700284303831655,0.2160847416500576
contraceptive,real,ABD-NB+Platt,19,0.46938775510204084,1.0088783650065531,0.07707545174168222
contraceptive,real,ABD-NB+Iso,19,0.4489795918367347,1.0091965164244117,0.10556360990778378
titanic,real,GNB,0,0.7963800904977375,0.7392418803470825,0.12072090746978988
titanic,real,GNB+Platt,0,0.8054298642533937,0.5258318724807067,0.08867542171513229
titanic,real,GNB+Iso,0,0.7918552036199095,0.5476530820707817,0.12159516287729286
titanic,real,ABD-NB,0,0.8009049773755657,0.5752199029182762,0.0743556441641567
titanic,real,ABD-NB+Platt,0,0.8009049773755657,0.5049795756765911,0.06547276469210803
titanic,real,ABD-NB+Iso,0,0.8009049773755657,0.5393308871201592,0.08228527189822658
titanic,real,GNB,1,0.7420814479638009,0.7502337787400674,0.18603217447648437
titanic,real,GNB+Platt,1,0.7375565610859729,0.5698846543802093,0.04251377043010531
titanic,real,GNB+Iso,1,0.7375565610859729,0.5821892486365519,0.09309369339386049
titanic,real,ABD-NB,1,0.751131221719457,0.6527366350983589,0.14588199601525226
titanic,real,ABD-NB+Platt,1,0.751131221719457,0.5601720338952706,0.04684771023027584
titanic,real,ABD-NB+Iso,1,0.7420814479638009,0.5673957654930923,0.04225378391637987
titanic,real,GNB,2,0.8235294117647058,0.7325630684828865,0.09460788502728451
titanic,real,GNB+Platt,2,0.8235294117647058,0.4835791399235628,0.09649005094842358
titanic,real,GNB+Iso,2,0.8190045248868778,0.5018311309530733,0.09345100362728577
titanic,real,ABD-NB,2,0.8280542986425339,0.5184089715795022,0.051977100133712636
titanic,real,ABD-NB+Platt,2,0.8280542986425339,0.4647070511914284,0.07781820441448387
titanic,real,ABD-NB+Iso,2,0.8280542986425339,0.49558889852272253,0.11250684197607978
titanic,real,GNB,3,0.7692307692307693,0.8658844539640673,0.16945705113326076
titanic,real,GNB+Platt,3,0.755656108597285,0.5496710260527085,0.05469402315298962
titanic,real,GNB+Iso,3,0.7601809954751131,0.5826160650137773,0.11580606745884917
titanic,real,ABD-NB,3,0.7692307692307693,0.6816445954319136,0.1271400198656859
titanic,real,ABD-NB+Platt,3,0.7737556561085973,0.531626578856357,0.025302410326783677
titanic,real,ABD-NB+Iso,3,0.7737556561085973,0.5741041402793898,0.12651884494420765
titanic,real,GNB,4,0.751131221719457,0.8694430484057061,0.1920247921210983
titanic,real,GNB+Platt,4,0.7420814479638009,0.5830654824700975,0.08443908501137057
titanic,real,GNB+Iso,4,0.7420814479638009,0.6140632570785004,0.1431341871756514
titanic,real,ABD-NB,4,0.7420814479638009,0.7343837811433167,0.15335182443199089
titanic,real,ABD-NB+Platt,4,0.7420814479638009,0.5713970690376939,0.0334420191945002
titanic,real,ABD-NB+Iso,4,0.7375565610859729,0.6171716200876717,0.14328839308567246
titanic,real,GNB,5,0.7828054298642534,0.7035807647112278,0.15319924282465508
titanic,real,GNB+Platt,5,0.7828054298642534,0.5276252230839594,0.04293681992818728
titanic,real,GNB+Iso,5,0.7782805429864253,0.5440770041623147,0.1068317203153241
titanic,real,ABD-NB,5,0.7782805429864253,0.6235206702271964,0.11388974895281782
titanic,real,ABD-NB+Platt,5,0.7873303167420814,0.5262585008337872,0.05344574961813206
titanic,real,ABD-NB+Iso,5,0.7782805429864253,0.5503848290102822,0.07937331560389214
titanic,real,GNB,6,0.7963800904977375,1.0448104492777333,0.12722295642516812
titanic,real,GNB+Platt,6,0.8009049773755657,0.5087909856094065,0.05801630776997317
titanic,real,GNB+Iso,6,0.8009049773755657,0.5249781695301634,0.10382382892680009
titanic,real,ABD-NB,6,0.8054298642533937,0.6963307232017214,0.09212656877387823
titanic,real,ABD-NB+Platt,6,0.8054298642533937,0.5017455136087616,0.07172691386920049
titanic,real,ABD-NB+Iso,6,0.8054298642533937,0.5227715414949425,0.08916363141947738
titanic,real,GNB,7,0.7681818181818182,0.8802181995641906,0.1586239286780562
titanic,real,GNB+Platt,7,0.7681818181818182,0.5506749730441937,0.04537826714100807
titanic,real,GNB+Iso,7,0.759090909090909,0.5709921111677109,0.09413543591294449
titanic,real,ABD-NB,7,0.7727272727272727,0.6829197963482756,0.12757096944289356
titanic,real,ABD-NB+Platt,7,0.7727272727272727,0.5412467102714104,0.022625478088589977
titanic,real,ABD-NB+Iso,7,0.7681818181818182,0.562401925899489,0.09706678292420035
titanic,real,GNB,8,0.7681818181818182,0.8099486847985705,0.17044001843934992
titanic,real,GNB+Platt,8,0.759090909090909,0.55456513543724,0.045427866170315356
titanic,real,GNB+Iso,8,0.75,0.5671828790490184,0.09523797381768363
titanic,real,ABD-NB,8,0.7681818181818182,0.7030067692163835,0.15033240392926522
titanic,real,ABD-NB+Platt,8,0.7681818181818182,0.5465330541776455,0.033157038421449805
titanic,real,ABD-NB+Iso,8,0.7454545454545455,0.5654581940053098,0.08754452062886069
titanic,real,GNB,9,0.7727272727272727,0.7033764763395577,0.14929738971441484
titanic,real,GNB+Platt,9,0.759090909090909,0.5429171361555962,0.03611174083117004
titanic,real,GNB+Iso,9,0.759090909090909,0.553166092628925,0.06142272606219634
titanic,real,ABD-NB,9,0.7818181818181819,0.5804594892892778,0.1067957717528967
titanic,real,ABD-NB+Platt,9,0.7727272727272727,0.52930297677211,0.04885064353838068
titanic,real,ABD-NB+Iso,9,0.7727272727272727,0.5559969097475721,0.12373728313655107
titanic,real,GNB,10,0.7782805429864253,0.6663253280317237,0.1473416595767881
titanic,real,GNB+Platt,10,0.7782805429864253,0.5353587147682023,0.045926737518353286
titanic,real,GNB+Iso,10,0.7782805429864253,0.5432321159889575,0.093277356477896
titanic,real,ABD-NB,10,0.7782805429864253,0.6000097423718176,0.1067553489752254
titanic,real,ABD-NB+Platt,10,0.7782805429864253,0.5278366044214887,0.04236014884590637
titanic,real,ABD-NB+Iso,10,0.7782805429864253,0.5543791974376315,0.09882290200371731
titanic,real,GNB,11,0.7782805429864253,0.6893462155484674,0.15336979671095147
titanic,real,GNB+Platt,11,0.7647058823529411,0.5313040446344979,0.07727551894908448
titanic,real,GNB+Iso,11,0.7737556561085973,0.5421333842819391,0.07267832184324029
titanic,real,ABD-NB,11,0.7782805429864253,0.6124863566403159,0.10902401574724094
titanic,real,ABD-NB+Platt,11,0.7782805429864253,0.5226342581926215,0.026187247744765725
titanic,real,ABD-NB+Iso,11,0.7782805429864253,0.5535106149927548,0.10162347154056621
titanic,real,GNB,12,0.7963800904977375,0.7127598613837421,0.1315754966729476
titanic,real,GNB+Platt,12,0.7873303167420814,0.5245403744497318,0.057360203677006505
titanic,real,GNB+Iso,12,0.7782805429864253,0.5396064108340626,0.08583980626972995
titanic,real,ABD-NB,12,0.7963800904977375,0.5757675852194422,0.09478213660096986
titanic,real,ABD-NB+Platt,12,0.7918552036199095,0.517692289240169,0.05739746648628989
titanic,real,ABD-NB+Iso,12,0.7873303167420814,0.541573456893171,0.09204950250880438
titanic,real,GNB,13,0.7647058823529411,0.8557292515145192,0.16826790840420563
titanic,real,GNB+Platt,13,0.7601809954751131,0.556059084462005,0.05523567707533667
titanic,real,GNB+Iso,13,0.7601809954751131,0.5757819653265415,0.08407643307344564
titanic,real,ABD-NB,13,0.7737556561085973,0.637158700131489,0.11198105777733669
titanic,real,ABD-NB+Platt,13,0.7737556561085973,0.5377085087268664,0.014764631353268626
titanic,real,ABD-NB+Iso,13,0.7647058823529411,0.5684410392048691,0.09965952859113238
titanic,real,GNB,14,0.7918552036199095,0.7040697627276388,0.13131735723665988
titanic,real,GNB+Platt,14,0.7828054298642534,0.5286944111825272,0.0601905193354139
titanic,real,GNB+Iso,14,0.7692307692307693,0.5603309728104546,0.12940123129950437
titanic,real,ABD-NB,14,0.7963800904977375,0.5953083373629858,0.09495156234374182
titanic,real,ABD-NB+Platt,14,0.7963800904977375,0.5006729426268582,0.04174237877710433
titanic,real,ABD-NB+Iso,14,0.7782805429864253,0.5459190616814459,0.08822740901950951
titanic,real,GNB,15,0.7782805429864253,0.8084112585540829,0.15459833003430065
titanic,real,GNB+Platt,15,0.7647058823529411,0.5288729824464375,0.03872894368283389
titanic,real,GNB+Iso,15,0.755656108597285,0.5307342437294317,0.059040477153118005
titanic,real,ABD-NB,15,0.7692307692307693,0.6685899195650858,0.11912811566687198
titanic,real,ABD-NB+Platt,15,0.7737556561085973,0.5217010808934539,0.033536452371567715
titanic,real,ABD-NB+Iso,15,0.7601809954751131,0.5357618296842226,0.06914247196792231
titanic,real,GNB,16,0.7918552036199095,0.8127238963391801,0.12771480379044997
titanic,real,GNB+Platt,16,0.7963800904977375,0.5150611408907103,0.06377685853732425
titanic,real,GNB+Iso,16,0.7918552036199095,0.5322128075878048,0.09122306123828533
titanic,real,ABD-NB,16,0.7918552036199095,0.6026609558416939,0.08869116191294019
titanic,real,ABD-NB+Platt,16,0.7918552036199095,0.5084677751496236,0.05923107082927952
titanic,real,ABD-NB+Iso,16,0.7918552036199095,0.5249291142686201,0.07218231734142698
titanic,real,GNB,17,0.7954545454545454,0.6609476725321671,0.1341155422198744
titanic,real,GNB+Platt,17,0.8045454545454546,0.5279756493030692,0.11106025741596981
titanic,real,GNB+Iso,17,0.8,0.5479419453925068,0.12019632635363296
titanic,real,ABD-NB,17,0.7863636363636364,0.5649097305284515,0.09611128508589699
titanic,real,ABD-NB+Platt,17,0.7909090909090909,0.522035875783157,0.04502359302400972
titanic,real,ABD-NB+Iso,17,0.7772727272727272,0.5706094805570183,0.10753055075089724
titanic,real,GNB,18,0.7318181818181818,1.0457365300375068,0.2040385447102821
titanic,real,GNB+Platt,18,0.7272727272727273,0.604235790410591,0.07944576235399267
titanic,real,GNB+Iso,18,0.7318181818181818,0.6261214232130871,0.13611406277300528
titanic,real,ABD-NB,18,0.740909090909091,0.7894411482859932,0.16512311535130914
titanic,real,ABD-NB+Platt,18,0.740909090909091,0.584561797117194,0.06959883286100756
titanic,real,ABD-NB+Iso,18,0.7363636363636363,0.6169243201260799,0.11659174651362947
titanic,real,GNB,19,0.7818181818181819,1.1126669215117608,0.15297338386830228
titanic,real,GNB+Platt,19,0.7772727272727272,0.5431077843577015,0.07858901648292438
titanic,real,GNB+Iso,19,0.7772727272727272,0.587824145821383,0.14093325105058585
titanic,real,ABD-NB,19,0.7863636363636364,0.7844629183434746,0.12368230615961266
titanic,real,ABD-NB+Platt,19,0.7818181818181819,0.530558587715367,0.044998984181949093
titanic,real,ABD-NB+Iso,19,0.7772727272727272,0.5721556517910679,0.12154402613327488
nursery,real,GNB,0,0.635,1.6649557325025421,0.29239710206015324
nursery,real,GNB+Platt,0,0.7975,0.5563621763222979,0.15710111347174224
nursery,real,GNB+Iso,0,0.7775,0.41611876572858547,0.06513938492172368
nursery,real,ABD-NB,0,0.635,1.6648863182612588,0.29239631531489574
nursery,real,ABD-NB+Platt,0,0.7975,0.5554855038560125,0.1496859648317856
nursery,real,ABD-NB+Iso,0,0.7775,0.47625056467820515,0.06830863898906643
nursery,real,GNB,1,0.64,1.6475834847471214,0.2711392288653619
nursery,real,GNB+Platt,1,0.815,0.5351360314321625,0.16059145423379498
nursery,real,GNB+Iso,1,0.82,0.39804372222268714,0.06601768656235574
nursery,real,ABD-NB,1,0.64,1.6475163483480273,0.27113710492685356
nursery,real,ABD-NB+Platt,1,0.815,0.5342705629383774,0.16050022018629903
nursery,real,ABD-NB+Iso,1,0.8175,0.39687787791286394,0.07091910535850908
nursery,real,GNB,2,0.6225,1.6718612230462424,0.28407595112237694
nursery,real,GNB+Platt,2,0.7875,0.5515640716987866,0.1691819345525655
nursery,real,GNB+Iso,2,0.795,0.39969653234071406,0.06566034641171391
nursery,real,ABD-NB,2,0.6225,1.6717884921113892,0.2840748736870401
nursery,real,ABD-NB+Platt,2,0.7875,0.5508408245099801,0.15834361148207166
nursery,real,ABD-NB+Iso,2,0.7925,0.3996564583040302,0.07410184817995896
nursery,real,GNB,3,0.6775,1.3806597449758373,0.2191692305100703
nursery,real,GNB+Platt,3,0.795,0.5452688576114335,0.14726721635934445
nursery,real,GNB+Iso,3,0.7875,0.39819765792843126,0.06013963480948524
nursery,real,ABD-NB,3,0.6775,1.3806051988544545,0.21916909329529463
nursery,real,ABD-NB+Platt,3,0.795,0.5446149314781136,0.1445998212172135
nursery,real,ABD-NB+Iso,3,0.79,0.3978942945095655,0.054052270108632484
nursery,real,GNB,4,0.675,1.5893308013609215,0.25640617404228294
nursery,real,GNB+Platt,4,0.8175,0.5295031380165774,0.16954689653984525
nursery,real,GNB+Iso,4,0.8025,0.39900603567941045,0.058552173565093533
nursery,real,ABD-NB,4,0.675,1.589267917722122,0.2564049242169192
nursery,real,ABD-NB+Platt,4,0.8175,0.5289751047812712,0.16467720011178505
nursery,real,ABD-NB+Iso,4,0.8025,0.39773138371681704,0.06966434110364504
nursery,real,GNB,5,0.6775,1.55872136097476,0.26904660918649154
nursery,real,GNB+Platt,5,0.8175,0.5276278650445775,0.1663278802273086
nursery,real,GNB+Iso,5,0.805,0.41991347228168846,0.07789338911560058
nursery,real,ABD-NB,5,0.6775,1.558662491476572,0.2690453152932242
nursery,real,ABD-NB+Platt,5,0.8175,0.5272110304169297,0.16447962906571043
nursery,real,ABD-NB+Iso,5,0.8075,0.41903065453724203,0.0854641528232673
nursery,real,GNB,6,0.65,1.547864996455723,0.2580625858433885
nursery,real,GNB+Platt,6,0.7975,0.5426799023623431,0.1385011957547091
nursery,real,GNB+Iso,6,0.8,0.46289187873403603,0.06432910192101875
nursery,real,ABD-NB,6,0.65,1.5477983743432548,0.2580614067727533
nursery,real,ABD-NB+Platt,6,0.7975,0.5421771607240403,0.13871085109400821
nursery,real,ABD-NB+Iso,6,0.8,0.4621188834764574,0.06448853175707685
nursery,real,GNB,7,0.675,1.524567822447424,0.26344450701708455
nursery,real,GNB+Platt,7,0.8075,0.5458851213665311,0.153713867801279
nursery,real,GNB+Iso,7,0.8025,0.40263141950831455,0.07196705261297197
nursery,real,ABD-NB,7,0.675,1.52450690622541,0.26344380274542867
nursery,real,ABD-NB+Platt,7,0.8075,0.5449314794612277,0.1536398895082894
nursery,real,ABD-NB+Iso,7,0.8025,0.40103561823771516,0.07642673028951004
nursery,real,GNB,8,0.6625,1.6211668233572558,0.28398215467024035
nursery,real,GNB+Platt,8,0.83,0.5236554100535717,0.17530899076534157
nursery,real,GNB+Iso,8,0.8225,0.3914173678486772,0.07227051622429405
nursery,real,ABD-NB,8,0.6625,1.621101445489974,0.2839804984033263
nursery,real,ABD-NB+Platt,8,0.83,0.5226965536042185,0.1752071135690659
nursery,real,ABD-NB+Iso,8,0.8225,0.3909414890907373,0.0723489223031623
nursery,real,GNB,9,0.6875,1.50837845789949,0.26350855219998964
nursery,real,GNB+Platt,9,0.83,0.5171118512085432,0.17218430528775813
nursery,real,GNB+Iso,9,0.85,0.378294016906421,0.10154411140791636
nursery,real,ABD-NB,9,0.6875,1.508316857160422,0.2635080850696686
nursery,real,ABD-NB+Platt,9,0.83,0.5162386777717196,0.17205701620903224
nursery,real,ABD-NB+Iso,9,0.85,0.3780159732702084,0.1042856687102235
nursery,real,GNB,10,0.655,1.5830313367373938,0.24539999225255646
nursery,real,GNB+Platt,10,0.815,0.5428307328272952,0.15720796119121405
nursery,real,GNB+Iso,10,0.81,0.4046644967576868,0.05747805888066373
nursery,real,ABD-NB,10,0.655,1.582968022057051,0.2454003933000779
nursery,real,ABD-NB+Platt,10,0.815,0.5424865210065615,0.15729016755942493
nursery,real,ABD-NB+Iso,10,0.81,0.4047357821992821,0.05770568215988599
nursery,real,GNB,11,0.615,1.8083696594073337,0.30291483738086566
nursery,real,GNB+Platt,11,0.7975,0.5619002495928608,0.1465481794804143
nursery,real,GNB+Iso,11,0.8,0.4021302691239052,0.06761197658790946
nursery,real,ABD-NB,11,0.615,1.8082944475865883,0.30291274217079267
nursery,real,ABD-NB+Platt,11,0.7975,0.5604967579962854,0.14626507263235883
nursery,real,ABD-NB+Iso,11,0.8,0.4019152240596424,0.06512360122112008
nursery,real,GNB,12,0.6725,1.446441034199364,0.2535261826312769
nursery,real,GNB+Platt,12,0.8,0.5371117673800068,0.14801272017364975
nursery,real,GNB+Iso,12,0.79,0.38925969062255583,0.10317931611373252
nursery,real,ABD-NB,12,0.6725,1.4463801705703292,0.25352456424015746
nursery,real,ABD-NB+Platt,12,0.8025,0.5364547343497176,0.15287775707343063
nursery,real,ABD-NB+Iso,12,0.79,0.3886833504335445,0.10936108413214077
nursery,real,GNB,13,0.665,1.518275431129856,0.2604155569292479
nursery,real,GNB+Platt,13,0.8075,0.546807487661441,0.1745625925971618
nursery,real,GNB+Iso,13,0.8175,0.4553362009348123,0.07534986018143573
nursery,real,ABD-NB,13,0.665,1.5182142996052166,0.2604150965812434
nursery,real,ABD-NB+Platt,13,0.8075,0.5462956256743237,0.1764980672670201
nursery,real,ABD-NB+Iso,13,0.8175,0.45506608489678385,0.07300651968411513
nursery,real,GNB,14,0.6425,1.58989820901885,0.2632410082095701
nursery,real,GNB+Platt,14,0.805,0.5415417187691629,0.1521566433523843
nursery,real,GNB+Iso,14,0.7925,0.41139788353851114,0.059137075993518674
nursery,real,ABD-NB,14,0.6425,1.5898294686106544,0.26323851587502994
nursery,real,ABD-NB+Platt,14,0.805,0.540567480989214,0.15215655598777922
nursery,real,ABD-NB+Iso,14,0.7875,0.410662649236244,0.06637213022516614
nursery,real,GNB,15,0.66,1.522114295054809,0.2598738991050582
nursery,real,GNB+Platt,15,0.8225,0.5214706321781658,0.1629675016545921
nursery,real,GNB+Iso,15,0.8275,0.388075577094075,0.08016456316456673
nursery,real,ABD-NB,15,0.66,1.5220522541966524,0.25987388545839496
nursery,real,ABD-NB+Platt,15,0.8225,0.5211009915288914,0.16311621499187412
nursery,real,ABD-NB+Iso,15,0.8225,0.3872272710820447,0.07705907955480848
nursery,real,GNB,16,0.6325,1.7321840431686872,0.2933427234172963
nursery,real,GNB+Platt,16,0.81,0.5515072751729663,0.16010345842795992
nursery,real,GNB+Iso,16,0.7975,0.41382674644713957,0.04958356064866777
nursery,real,ABD-NB,16,0.6325,1.7321122048170958,0.2933417357301633
nursery,real,ABD-NB+Platt,16,0.81,0.5508037242091305,0.16003744378392518
nursery,real,ABD-NB+Iso,16,0.795,0.41280600358465125,0.053078450565527756
nursery,real,GNB,17,0.6675,1.5094857726207913,0.24916819036199644
nursery,real,GNB+Platt,17,0.82,0.5176238335775872,0.16811746282577256
nursery,real,GNB+Iso,17,0.82,0.3947116154354622,0.08814633938339465
nursery,real,ABD-NB,17,0.6675,1.5094245840454297,0.24916710834535322
nursery,real,ABD-NB+Platt,17,0.8175,0.516859334141876,0.16545222137796817
nursery,real,ABD-NB+Iso,17,0.825,0.39339324443270063,0.0757414845968221
nursery,real,GNB,18,0.685,1.4404270740747278,0.2391332447681532
nursery,real,GNB+Platt,18,0.825,0.5212700162117951,0.17067494363117727
nursery,real,GNB+Iso,18,0.82,0.4056534987084022,0.07297336463833906
nursery,real,ABD-NB,18,0.685,1.4403734867103055,0.23913283084290385
nursery,real,ABD-NB+Platt,18,0.825,0.5208376648965096,0.1707106695693847
nursery,real,ABD-NB+Iso,18,0.82,0.4051172155839722,0.0724648266671621
nursery,real,GNB,19,0.69,1.5658466248252472,0.27342710281367144
nursery,real,GNB+Platt,19,0.835,0.5177581694422028,0.17458321563162912
nursery,real,GNB+Iso,19,0.8475,0.375688862621525,0.09223962028660013
nursery,real,ABD-NB,19,0.69,1.5657849603769916,0.2734268257511013
nursery,real,ABD-NB+Platt,19,0.8375,0.5171698602557259,0.1771255798423072
nursery,real,ABD-NB+Iso,19,0.8475,0.3751324184910103,0.09234233283951258
segmentation,real,GNB,0,0.8008658008658008,1.749919573479657,0.18644830459876244
segmentation,real,GNB+Platt,0,0.8095238095238095,0.6798813854173896,0.2005143141121602
segmentation,real,GNB+Iso,0,0.8831168831168831,0.4109894372708436,0.09683134365782298
segmentation,real,ABD-NB,0,0.7922077922077922,1.3025893068558034,0.15870238629847108
segmentation,real,ABD-NB+Platt,0,0.8138528138528138,0.6097256889807104,0.17197149044571064
segmentation,real,ABD-NB+Iso,0,0.8874458874458875,0.4261212216880625,0.11934015399904441
segmentation,real,GNB,1,0.8138528138528138,1.2433542771426482,0.16641172656858533
segmentation,real,GNB+Platt,1,0.8398268398268398,0.6400512664564065,0.23271884729085449
segmentation,real,GNB+Iso,1,0.8917748917748918,0.3629330464688335,0.12023249499061568
segmentation,real,ABD-NB,1,0.7835497835497836,0.9948913290333566,0.15850958953809607
segmentation,real,ABD-NB+Platt,1,0.8138528138528138,0.5915333625719237,0.1982402344494732
segmentation,real,ABD-NB+Iso,1,0.8961038961038961,0.3764018310447674,0.1162929109377838
segmentation,real,GNB,2,0.8051948051948052,1.5251386625734815,0.17825520869290223
segmentation,real,GNB+Platt,2,0.8138528138528138,0.6823716937121768,0.2052846419659567
segmentation,real,GNB+Iso,2,0.8744588744588745,0.392713602372045,0.08264757597247048
segmentation,real,ABD-NB,2,0.8095238095238095,0.8938389491496175,0.13466339427598795
segmentation,real,ABD-NB+Platt,2,0.8138528138528138,0.6146676576770713,0.16803582671277523
segmentation,real,ABD-NB+Iso,2,0.8658008658008658,0.397988817137554,0.08217734819759034
segmentation,real,GNB,3,0.8051948051948052,1.5295545300121582,0.18408763303930004
segmentation,real,GNB+Platt,3,0.8225108225108225,0.6766880500974659,0.220069665731148
segmentation,real,GNB+Iso,3,0.9090909090909091,0.4228788940933285,0.11961121142511222
segmentation,real,ABD-NB,3,0.8095238095238095,1.0294521363443732,0.1431753759798533
segmentation,real,ABD-NB+Platt,3,0.8268398268398268,0.6196839831845503,0.20795533068310096
segmentation,real,ABD-NB+Iso,3,0.9134199134199135,0.4053259181386402,0.12414377162155904
segmentation,real,GNB,4,0.8138528138528138,1.4339586815604806,0.1738899689561545
segmentation,real,GNB+Platt,4,0.8138528138528138,0.6997754234251033,0.20692766197039356
segmentation,real,GNB+Iso,4,0.8787878787878788,0.4029249749404539,0.1073362083644637
segmentation,real,ABD-NB,4,0.8095238095238095,0.9320315010413706,0.14015755656173656
segmentation,real,ABD-NB+Platt,4,0.8181818181818182,0.6132972628869355,0.16437786923449982
segmentation,real,ABD-NB+Iso,4,0.8787878787878788,0.3850885321108167,0.08530556332469992
segmentation,real,GNB,5,0.7922077922077922,1.8579872918518414,0.19197816127984418
segmentation,real,GNB+Platt,5,0.8095238095238095,0.6773667275287989,0.2183908530548291
segmentation,real,GNB+Iso,5,0.8528138528138528,0.4141142733204429,0.076006501098288
segmentation,real,ABD-NB,5,0.7835497835497836,1.2003626567715724,0.18197358575985573
segmentation,real,ABD-NB+Platt,5,0.8051948051948052,0.6622708797360644,0.2348042138104423
segmentation,real,ABD-NB+Iso,5,0.8528138528138528,0.41197050197279,0.09391923286713925
segmentation,real,GNB,6,0.7878787878787878,1.7577344868446911,0.1983627553562807
segmentation,real,GNB+Platt,6,0.8095238095238095,0.7093642092067712,0.2244181448392611
segmentation,real,GNB+Iso,6,0.8831168831168831,0.46168687288175403,0.09349162924140908
segmentation,real,ABD-NB,6,0.7878787878787878,1.3141733529584492,0.17837908947775766
segmentation,real,ABD-NB+Platt,6,0.8095238095238095,0.6935485121486745,0.22087564081504935
segmentation,real,ABD-NB+Iso,6,0.8874458874458875,0.4602689663855328,0.10543030838308556
segmentation,real,GNB,7,0.7922077922077922,1.4896567600855377,0.1887704461278527
segmentation,real,GNB+Platt,7,0.7922077922077922,0.6758696101202876,0.20069459894063285
segmentation,real,GNB+Iso,7,0.8787878787878788,0.4136290283645636,0.09472913865402391
segmentation,real,ABD-NB,7,0.7748917748917749,1.1280107001265827,0.18251303220068785
segmentation,real,ABD-NB+Platt,7,0.8008658008658008,0.6453936463301628,0.15451405600652396
segmentation,real,ABD-NB+Iso,7,0.8744588744588745,0.4104642084019384,0.0953272543917688
segmentation,real,GNB,8,0.7878787878787878,1.6698864383295242,0.18961148880492368
segmentation,real,GNB+Platt,8,0.7965367965367965,0.6904885815144781,0.19274114603948125
segmentation,real,GNB+Iso,8,0.8831168831168831,0.41167257786319883,0.11010354875597639
segmentation,real,ABD-NB,8,0.7835497835497836,0.9851323856204531,0.14615106282357784
segmentation,real,ABD-NB+Platt,8,0.8051948051948052,0.6202733614929545,0.1670056292049617
segmentation,real,ABD-NB+Iso,8,0.8961038961038961,0.4947292268335072,0.10976487485866518
segmentation,real,GNB,9,0.7922077922077922,1.8833688235449402,0.19790766514487154
segmentation,real,GNB+Platt,9,0.8008658008658008,0.7264683385148256,0.21359110673141468
segmentation,real,GNB+Iso,9,0.8571428571428571,0.44258624683623393,0.0741691633889914
segmentation,real,ABD-NB,9,0.7965367965367965,1.2285208370188982,0.1546672825016736
segmentation,real,ABD-NB+Platt,9,0.8095238095238095,0.6602061446797893,0.15678485875249248
segmentation,real,ABD-NB+Iso,9,0.8571428571428571,0.43969945191374427,0.07342172220620621
segmentation,real,GNB,10,0.8051948051948052,1.6756676644491761,0.18006052373295092
segmentation,real,GNB+Platt,10,0.8181818181818182,0.66522796130698,0.22033763261923361
segmentation,real,GNB+Iso,10,0.9090909090909091,0.36928996442643425,0.10988140920180847
segmentation,real,ABD-NB,10,0.7922077922077922,1.0354390552265944,0.14668515907605698
segmentation,real,ABD-NB+Platt,10,0.8398268398268398,0.6145902864523687,0.1600435834243921
segmentation,real,ABD-NB+Iso,10,0.9004329004329005,0.40833738000025693,0.09939656343746403
segmentation,real,GNB,11,0.8225108225108225,1.3117772713167732,0.1612128982083119
segmentation,real,GNB+Platt,11,0.8268398268398268,0.6224352116396894,0.22484591294780937
segmentation,real,GNB+Iso,11,0.9177489177489178,0.35534871079458635,0.12319421029700327
segmentation,real,ABD-NB,11,0.8181818181818182,0.8150155491134482,0.13847604233119132
segmentation,real,ABD-NB+Platt,11,0.8528138528138528,0.566028094114974,0.17006716989316353
segmentation,real,ABD-NB+Iso,11,0.9090909090909091,0.35916927897374556,0.13652925626703913
segmentation,real,GNB,12,0.7835497835497836,2.0525933017900284,0.19546753068778489
segmentation,real,GNB+Platt,12,0.8138528138528138,0.7365307463892309,0.20675664196007915
segmentation,real,GNB+Iso,12,0.8701298701298701,0.4918917039775404,0.06976432955491668
segmentation,real,ABD-NB,12,0.7922077922077922,1.567199806902658,0.1767028717066627
segmentation,real,ABD-NB+Platt,12,0.8138528138528138,0.6939633983637655,0.181759977473113
segmentation,real,ABD-NB+Iso,12,0.8571428571428571,0.49819948578405393,0.05793071004090393
segmentation,real,GNB,13,0.8051948051948052,1.8811203422099325,0.17621460098743447
segmentation,real,GNB+Platt,13,0.8051948051948052,0.6916678901675437,0.19775459339822954
segmentation,real,GNB+Iso,13,0.8658008658008658,0.43707543836968465,0.08220680867446997
segmentation,real,ABD-NB,13,0.7878787878787878,1.5660130480040508,0.17203398486577703
segmentation,real,ABD-NB+Platt,13,0.8051948051948052,0.6463035013037508,0.13819306981826257
segmentation,real,ABD-NB+Iso,13,0.8831168831168831,0.44446903408412747,0.08487400914892296
segmentation,real,GNB,14,0.7705627705627706,1.714257411701158,0.20286656111711177
segmentation,real,GNB+Platt,14,0.7748917748917749,0.7297800937385802,0.2069077566238794
segmentation,real,GNB+Iso,14,0.8744588744588745,0.45799296971623965,0.09484325873714634
segmentation,real,ABD-NB,14,0.7705627705627706,1.1228965402623035,0.1738723178208505
segmentation,real,ABD-NB+Platt,14,0.7748917748917749,0.709639564720096,0.15987422023368572
segmentation,real,ABD-NB+Iso,14,0.8787878787878788,0.45451711671938677,0.1020957344256958
segmentation,real,GNB,15,0.7835497835497836,1.8395993776303634,0.19580737553940306
segmentation,real,GNB+Platt,15,0.8051948051948052,0.6753976440059339,0.20287975836170696
segmentation,real,GNB+Iso,15,0.8658008658008658,0.4206073103833976,0.08938935847693147
segmentation,real,ABD-NB,15,0.7792207792207793,1.2797562109115792,0.16904359427083882
segmentation,real,ABD-NB+Platt,15,0.8225108225108225,0.6173372134970306,0.18012354628372587
segmentation,real,ABD-NB+Iso,15,0.8744588744588745,0.4314760407752972,0.08458708270983457
segmentation,real,GNB,16,0.7922077922077922,1.2388011308023426,0.17731716667659475
segmentation,real,GNB+Platt,16,0.8008658008658008,0.6858329534423871,0.2247849782239706
segmentation,real,GNB+Iso,16,0.8831168831168831,0.40604938799456286,0.11776224548331304
segmentation,real,ABD-NB,16,0.7965367965367965,0.8326952176133514,0.15572203885630906
segmentation,real,ABD-NB+Platt,16,0.7965367965367965,0.6235894411139133,0.1833983978478028
segmentation,real,ABD-NB+Iso,16,0.8744588744588745,0.40137338505485115,0.1064492118788413
segmentation,real,GNB,17,0.7792207792207793,1.5254150982730525,0.20929890871600826
segmentation,real,GNB+Platt,17,0.8138528138528138,0.6927850577708656,0.2517987148349729
segmentation,real,GNB+Iso,17,0.8701298701298701,0.4074881345776442,0.09640866694987743
segmentation,real,ABD-NB,17,0.7792207792207793,1.2408566807932722,0.19411253072383058
segmentation,real,ABD-NB+Platt,17,0.8008658008658008,0.6658587800046034,0.17733639865807313
segmentation,real,ABD-NB+Iso,17,0.8614718614718615,0.4099307915559978,0.0873922322518371
segmentation,real,GNB,18,0.8181818181818182,1.4823702016414013,0.16141700887123564
segmentation,real,GNB+Platt,18,0.8138528138528138,0.6816020787355034,0.21180267019771215
segmentation,real,GNB+Iso,18,0.8831168831168831,0.4047961754562119,0.10300987319653822
segmentation,real,ABD-NB,18,0.8095238095238095,1.0548394589108425,0.15043375098416006
segmentation,real,ABD-NB+Platt,18,0.8181818181818182,0.6098133474717606,0.1588529293766624
segmentation,real,ABD-NB+Iso,18,0.8787878787878788,0.4009130465690071,0.0963336566364015
segmentation,real,GNB,19,0.7922077922077922,1.4646519105467612,0.19167452012662717
segmentation,real,GNB+Platt,19,0.8008658008658008,0.6801192777623978,0.20219758040430824
segmentation,real,GNB+Iso,19,0.8831168831168831,0.3741055556335268,0.09823411907963749
segmentation,real,ABD-NB,19,0.8008658008658008,0.8621869297316034,0.13859400290280355
segmentation,real,ABD-NB+Platt,19,0.8441558441558441,0.5931806469684856,0.18094897230009596
segmentation,real,ABD-NB+Iso,19,0.8744588744588745,0.47317509269657765,0.08130145499812204
vehicle,real,GNB,0,0.4470588235294118,2.389365823839046,0.35217950268164455
vehicle,real,GNB+Platt,0,0.4588235294117647,1.1925566372878156,0.06306911489159786
vehicle,real,GNB+Iso,0,0.5058823529411764,1.3355258553813507,0.12351149801433772
vehicle,real,ABD-NB,0,0.5058823529411764,1.2704620658152,0.13120094418996692
vehicle,real,ABD-NB+Platt,0,0.49411764705882355,1.131510060958448,0.09544879445044985
vehicle,real,ABD-NB+Iso,0,0.4823529411764706,1.1023925344028251,0.11068329969252633
vehicle,real,GNB,1,0.4117647058823529,3.1420818066333513,0.39864431628229235
vehicle,real,GNB+Platt,1,0.4235294117647059,1.211685098711741,0.12243244200873836
vehicle,real,GNB+Iso,1,0.4823529411764706,1.0751630883451826,0.10802939435351819
vehicle,real,ABD-NB,1,0.49411764705882355,1.3333198321814193,0.16842437733856422
vehicle,real,ABD-NB+Platt,1,0.49411764705882355,1.12729575543378,0.09941417680002668
vehicle,real,ABD-NB+Iso,1,0.47058823529411764,1.0949896920019349,0.16001738922042186
vehicle,real,GNB,2,0.4588235294117647,2.750851416752021,0.3567263518554825
vehicle,real,GNB+Platt,2,0.4823529411764706,1.1363265876027877,0.03754749745659034
vehicle,real,GNB+Iso,2,0.5764705882352941,1.0512481258321875,0.0671336096270044
vehicle,real,ABD-NB,2,0.5529411764705883,1.1678254524378908,0.1722907936880946
vehicle,real,ABD-NB+Platt,2,0.5294117647058824,1.0614011607890472,0.14126554967908797
vehicle,real,ABD-NB+Iso,2,0.5647058823529412,1.3174317941056841,0.08727858727599934
vehicle,real,GNB,3,0.4235294117647059,2.5856628005186466,0.4439260362751566
vehicle,real,GNB+Platt,3,0.4823529411764706,1.15528413885594,0.07467336817979116
vehicle,real,GNB+Iso,3,0.5176470588235295,1.0871159493490454,0.133442335812871
vehicle,real,ABD-NB,3,0.47058823529411764,1.3930341392169518,0.20804880928283964
vehicle,real,ABD-NB+Platt,3,0.49411764705882355,1.068104399634583,0.10245773919540338
vehicle,real,ABD-NB+Iso,3,0.4823529411764706,1.079221465445111,0.12683071453241918
vehicle,real,GNB,4,0.4,3.0024453144842176,0.44711307662598987
vehicle,real,GNB+Platt,4,0.47058823529411764,1.1771126250609287,0.024889785675759384
vehicle,real,GNB+Iso,4,0.5764705882352941,1.320839265003416,0.11915388554561004
vehicle,real,ABD-NB,4,0.5176470588235295,1.17443662062364,0.13370257959207982
vehicle,real,ABD-NB+Platt,4,0.5529411764705883,1.0247850414077049,0.16888682860675175
vehicle,real,ABD-NB+Iso,4,0.5058823529411764,1.032489617103584,0.1387675340899527
vehicle,real,GNB,5,0.49411764705882355,2.066680134854837,0.3433704883381381
vehicle,real,GNB+Platt,5,0.4823529411764706,1.1279755351656788,0.145215835176668
vehicle,real,GNB+Iso,5,0.611764705882353,0.9610003664591438,0.1149168178911783
vehicle,real,ABD-NB,5,0.5647058823529412,0.9872794141284327,0.15394796669642566
vehicle,real,ABD-NB+Platt,5,0.5764705882352941,0.967782687876407,0.17915362209698468
vehicle,real,ABD-NB+Iso,5,0.6470588235294118,0.8828712149556778,0.18158986578582983
vehicle,real,GNB,6,0.47619047619047616,1.9331729753918105,0.3221340498604098
vehicle,real,GNB+Platt,6,0.5357142857142857,1.109909123362816,0.061049573251032586
vehicle,real,GNB+Iso,6,0.5833333333333334,1.02461721528227,0.12025115174648195
vehicle,real,ABD-NB,6,0.5357142857142857,1.04576204899117,0.1045810944124131
vehicle,real,ABD-NB+Platt,6,0.5714285714285714,1.0275455523061574,0.1292088683965787
vehicle,real,ABD-NB+Iso,6,0.5952380952380952,0.9644462503882748,0.10002434374240911
vehicle,real,GNB,7,0.47619047619047616,2.5901540154121276,0.3023817058527195
vehicle,real,GNB+Platt,7,0.5238095238095238,1.1136522893024108,0.0575888994169672
vehicle,real,GNB+Iso,7,0.5952380952380952,0.9822498464697254,0.0690681498931676
vehicle,real,ABD-NB,7,0.5357142857142857,1.3942622885102662,0.15411171336381763
vehicle,real,ABD-NB+Platt,7,0.5833333333333334,1.043156853014644,0.10105024937749502
vehicle,real,ABD-NB+Iso,7,0.5833333333333334,1.0209509622389963,0.14364565433679985
vehicle,real,GNB,8,0.5238095238095238,2.458814155030332,0.3414836737298781
vehicle,real,GNB+Platt,8,0.5238095238095238,1.1174758783725494,0.09434230055271516
vehicle,real,GNB+Iso,8,0.5952380952380952,0.9782655372569774,0.1028594076376636
vehicle,real,ABD-NB,8,0.5238095238095238,1.171098870253759,0.10540842529424548
vehicle,real,ABD-NB+Platt,8,0.5714285714285714,1.0410428272413932,0.11993013561361898
vehicle,real,ABD-NB+Iso,8,0.5833333333333334,0.9875035899820523,0.0852664288233746
vehicle,real,GNB,9,0.44047619047619047,2.333257216005211,0.4020350834334817
vehicle,real,GNB+Platt,9,0.4642857142857143,1.1486768665206049,0.12243634836384744
vehicle,real,GNB+Iso,9,0.5357142857142857,0.9837142287703728,0.116691408752699
vehicle,real,ABD-NB,9,0.5595238095238095,0.9494628820106534,0.10802463691269727
vehicle,real,ABD-NB+Platt,9,0.5595238095238095,0.9989447135720401,0.09076662270013468
vehicle,real,ABD-NB+Iso,9,0.5357142857142857,0.9424506947224567,0.17394580351650754
vehicle,real,GNB,10,0.4588235294117647,2.032933185384774,0.3398451756785848
vehicle,real,GNB+Platt,10,0.5058823529411764,1.1074824259875438,0.0740405129243585
vehicle,real,GNB+Iso,10,0.5764705882352941,0.9386348351896442,0.08523820880343308
vehicle,real,ABD-NB,10,0.49411764705882355,1.0205621807102754,0.16540357140240813
vehicle,real,ABD-NB+Platt,10,0.5176470588235295,1.0304400541832244,0.06701367181457334
vehicle,real,ABD-NB+Iso,10,0.5294117647058824,0.9719686661271657,0.07687753282993685
vehicle,real,GNB,11,0.4470588235294118,2.928673976395103,0.3727730576207984
vehicle,real,GNB+Platt,11,0.49411764705882355,1.1634578027283056,0.09661270363157885
vehicle,real,GNB+Iso,11,0.5647058823529412,1.1052459876321723,0.0937708438517293
vehicle,real,ABD-NB,11,0.5058823529411764,1.3920620365403606,0.13063679125008032
vehicle,real,ABD-NB+Platt,11,0.5529411764705883,1.0001806072696355,0.0778494522373943
vehicle,real,ABD-NB+Iso,11,0.5647058823529412,1.2439488595086512,0.09340172276821505
vehicle,real,GNB,12,0.5176470588235295,2.556173891706398,0.33107132649840876
vehicle,real,GNB+Platt,12,0.5411764705882353,1.11769725594842,0.10714834834467432
vehicle,real,GNB+Iso,12,0.611764705882353,0.9972911703523832,0.18544559899479363
vehicle,real,ABD-NB,12,0.5411764705882353,1.5368974287227641,0.17888773246571865
vehicle,real,ABD-NB+Platt,12,0.5647058823529412,1.0702436633627983,0.10852270103817377
vehicle,real,ABD-NB+Iso,12,0.5647058823529412,1.1235658139043896,0.14404354644960016
vehicle,real,GNB,13,0.3411764705882353,3.543213240092075,0.517214979776759
vehicle,real,GNB+Platt,13,0.4,1.3145351829732874,0.15648970125888553
vehicle,real,GNB+Iso,13,0.4823529411764706,1.0930466239211007,0.16389617436551168
vehicle,real,ABD-NB,13,0.4470588235294118,1.29191440390069,0.18218432026922582
vehicle,real,ABD-NB+Platt,13,0.4588235294117647,1.1483976536988987,0.16289561843071756
vehicle,real,ABD-NB+Iso,13,0.49411764705882355,1.094099933646333,0.13581456142836884
vehicle,real,GNB,14,0.4117647058823529,2.737814372479965,0.4459386643372813
vehicle,real,GNB+Platt,14,0.4,1.2093244721745657,0.13215149525842496
vehicle,real,GNB+Iso,14,0.4470588235294118,1.0838231605541289,0.12458681410378475
vehicle,real,ABD-NB,14,0.49411764705882355,1.1811656166509412,0.12585179935783036
vehicle,real,ABD-NB+Platt,14,0.43529411764705883,1.067604014845715,0.1344582457593743
vehicle,real,ABD-NB+Iso,14,0.4470588235294118,0.9880630544801567,0.19051918666531556
vehicle,real,GNB,15,0.5176470588235295,2.3993452349462143,0.2851026654804034
vehicle,real,GNB+Platt,15,0.5176470588235295,1.1464147713797095,0.08345580973059794
vehicle,real,GNB+Iso,15,0.5529411764705883,1.0254007669093381,0.15214409066849863
vehicle,real,ABD-NB,15,0.49411764705882355,1.45359090212085,0.1285923703127953
vehicle,real,ABD-NB+Platt,15,0.5647058823529412,1.0703389223285518,0.11831786926177977
vehicle,real,ABD-NB+Iso,15,0.611764705882353,1.027718921633829,0.11907374813537605
vehicle,real,GNB,16,0.4642857142857143,2.1578255897568073,0.32640723776566805
vehicle,real,GNB+Platt,16,0.5357142857142857,1.0644391111660465,0.09958956599969569
vehicle,real,GNB+Iso,16,0.5952380952380952,0.9625185316812886,0.15632360179881757
vehicle,real,ABD-NB,16,0.6309523809523809,0.9634690072931391,0.09647012330588184
vehicle,real,ABD-NB+Platt,16,0.5952380952380952,0.9401863148340762,0.13480411531487022
vehicle,real,ABD-NB+Iso,16,0.5952380952380952,1.2054853031721597,0.1448074015160161
vehicle,real,GNB,17,0.44047619047619047,2.649301107138857,0.367354772849898
vehicle,real,GNB+Platt,17,0.4523809523809524,1.1860706675268535,0.09144439563710138
vehicle,real,GNB+Iso,17,0.47619047619047616,1.1016365255002358,0.13087766914299753
vehicle,real,ABD-NB,17,0.5119047619047619,1.3271906289840871,0.1565043874410578
vehicle,real,ABD-NB+Platt,17,0.4523809523809524,1.117695892182466,0.07876060355875547
vehicle,real,ABD-NB+Iso,17,0.4642857142857143,1.100307498130772,0.13764228163055767
vehicle,real,GNB,18,0.47619047619047616,2.501013152332375,0.32797547036127916
vehicle,real,GNB+Platt,18,0.5238095238095238,1.150813543003776,0.07477303748627993
vehicle,real,GNB+Iso,18,0.6071428571428571,2.2147759069832014,0.102163820396606
vehicle,real,ABD-NB,18,0.4523809523809524,1.3447479081650788,0.1984542038251472
vehicle,real,ABD-NB+Platt,18,0.4642857142857143,1.1502446089184706,0.07245567799670607
vehicle,real,ABD-NB+Iso,18,0.4523809523809524,1.9883093643624323,0.129011733211049
vehicle,real,GNB,19,0.47619047619047616,2.119156674786384,0.31441100878213163
vehicle,real,GNB+Platt,19,0.5119047619047619,1.1116683673954546,0.06594797554390724
vehicle,real,GNB+Iso,19,0.5238095238095238,1.0298857947964253,0.08245965657789531
vehicle,real,ABD-NB,19,0.5,1.2032059443203262,0.09945487347839639
vehicle,real,ABD-NB+Platt,19,0.4880952380952381,1.069225488298679,0.083118543932058
vehicle,real,ABD-NB+Iso,19,0.4880952380952381,1.0013641289854665,0.1181331483355869
satimage,real,GNB,0,0.805,3.6205505566376517,0.18807089434842195
satimage,real,GNB+Platt,0,0.8075,0.7145141272163564,0.11609115929216551
satimage,real,GNB+Iso,0,0.8075,0.5708654310038671,0.05933657142974043
satimage,real,ABD-NB,0,0.8075,1.6558474894961972,0.17067311211338493
satimage,real,ABD-NB+Platt,0,0.81,0.6988984353011787,0.11363264439711486
satimage,real,ABD-NB+Iso,0,0.8125,0.5202274074112908,0.04975010846318994
satimage,real,GNB,1,0.755,3.9084153285832612,0.22979542224985494
satimage,real,GNB+Platt,1,0.7725,0.7941188434792132,0.12703788911810113
satimage,real,GNB+Iso,1,0.78,0.6186678654793849,0.06147390572149672
satimage,real,ABD-NB,1,0.755,1.7289719098964855,0.20338341398406548
satimage,real,ABD-NB+Platt,1,0.7725,0.7901447659141256,0.12459430510081732
satimage,real,ABD-NB+Iso,1,0.785,0.5698492736674532,0.06425657091857316
satimage,real,GNB,2,0.815,3.6170085136372836,0.17666519620783516
satimage,real,GNB+Platt,2,0.81,0.7072250325456061,0.12287051059461748
satimage,real,GNB+Iso,2,0.7975,0.5956953249410103,0.04859736129551227
satimage,real,ABD-NB,2,0.8075,1.7276343870877156,0.1653587741773586
satimage,real,ABD-NB+Platt,2,0.805,0.7108482035269779,0.11479838310470689
satimage,real,ABD-NB+Iso,2,0.805,0.554940500502803,0.05662024525594414
satimage,real,GNB,3,0.79,3.4568796874103067,0.1998848058455025
satimage,real,GNB+Platt,3,0.79,0.760391986465593,0.11048859667835745
satimage,real,GNB+Iso,3,0.8125,0.5648442215721129,0.04100423209076307
satimage,real,ABD-NB,3,0.79,1.5420908442233412,0.17080278585023834
satimage,real,ABD-NB+Platt,3,0.7925,0.7390566515364044,0.12512854195254067
satimage,real,ABD-NB+Iso,3,0.7975,0.5251582679710209,0.038194855269958604
satimage,real,GNB,4,0.8025,3.280038270511194,0.18627509472431572
satimage,real,GNB+Platt,4,0.815,0.7016984948462991,0.11877973653035814
satimage,real,GNB+Iso,4,0.8125,0.5659160693468113,0.0678455927114177
satimage,real,ABD-NB,4,0.81,1.8208507229297188,0.15838372254319796
satimage,real,ABD-NB+Platt,4,0.82,0.6692558360976403,0.11033943768591702
satimage,real,ABD-NB+Iso,4,0.805,0.5218588583227965,0.04610091448205251
satimage,real,GNB,5,0.8125,3.16242348290849,0.1775503907446928
satimage,real,GNB+Platt,5,0.8125,0.7084215064951954,0.09513352304021166
satimage,real,GNB+Iso,5,0.8275,0.5408953149395213,0.049338183972262445
satimage,real,ABD-NB,5,0.81,1.4567498184628165,0.15742411570112202
satimage,real,ABD-NB+Platt,5,0.815,0.6868161193495588,0.08094933269895953
satimage,real,ABD-NB+Iso,5,0.8225,0.5625644194753834,0.03713689238573023
satimage,real,GNB,6,0.825,2.8473472899100587,0.17274667837225866
satimage,real,GNB+Platt,6,0.8275,0.6772780310047714,0.1060573552229454
satimage,real,GNB+Iso,6,0.835,0.5165794684363,0.07824893847472113
satimage,real,ABD-NB,6,0.815,1.242092517748039,0.14412702150376877
satimage,real,ABD-NB+Platt,6,0.815,0.6536150404317153,0.12811465864084304
satimage,real,ABD-NB+Iso,6,0.835,0.4840435930681729,0.055360578558104195
satimage,real,GNB,7,0.7775,3.9577767042591576,0.21443908669177825
satimage,real,GNB+Platt,7,0.785,0.772134968531512,0.11883486139754104
satimage,real,GNB+Iso,7,0.805,0.5907636130373873,0.0457232154826835
satimage,real,ABD-NB,7,0.785,1.8380795042935845,0.1874002910933543
satimage,real,ABD-NB+Platt,7,0.79,0.7524463104466254,0.10736639093276412
satimage,real,ABD-NB+Iso,7,0.8,0.5412425439468886,0.039667977061508694
satimage,real,GNB,8,0.8175,2.9270044934055983,0.17193755888152096
satimage,real,GNB+Platt,8,0.8325,0.6541500826013995,0.11240377959189261
satimage,real,GNB+Iso,8,0.8325,0.5328203416182287,0.05823070292125437
satimage,real,ABD-NB,8,0.815,1.5124423129688416,0.14436564467366797
satimage,real,ABD-NB+Platt,8,0.825,0.6528224609828112,0.11357349556474436
satimage,real,ABD-NB+Iso,8,0.8275,0.5202410333432791,0.049876599051753255
satimage,real,GNB,9,0.7744360902255639,3.908182459906131,0.21332143070246512
satimage,real,GNB+Platt,9,0.7744360902255639,0.8091695204312187,0.0865713945384133
satimage,real,GNB+Iso,9,0.8045112781954887,0.6544308516224119,0.04946968395128422
satimage,real,ABD-NB,9,0.7744360902255639,2.133839438729054,0.19418331012024226
satimage,real,ABD-NB+Platt,9,0.7819548872180451,0.7915815864573753,0.07989995629864649
satimage,real,ABD-NB+Iso,9,0.8045112781954887,0.6137067664603532,0.05315448201859205
satimage,real,GNB,10,0.815,2.8985461383327036,0.17336351470791714
satimage,real,GNB+Platt,10,0.82,0.6707497860643307,0.11378679050653188
satimage,real,GNB+Iso,10,0.8175,0.5280528793907858,0.06986340895049815
satimage,real,ABD-NB,10,0.8125,1.3778780730666722,0.15300040228049855
satimage,real,ABD-NB+Platt,10,0.8125,0.6586562884582509,0.11942443460324388
satimage,real,ABD-NB+Iso,10,0.815,0.48203435091283336,0.04745502770347666
satimage,real,GNB,11,0.8,3.377274082125776,0.19091130698752878
satimage,real,GNB+Platt,11,0.805,0.7372619498889033,0.11137929364032662
satimage,real,GNB+Iso,11,0.8125,0.5364353829113888,0.062883771959411
satimage,real,ABD-NB,11,0.7975,1.5125798465899611,0.16912917036569453
satimage,real,ABD-NB+Platt,11,0.8025,0.72186529524137,0.10999857065707852
satimage,real,ABD-NB+Iso,11,0.82,0.4974785614401357,0.03993851072312867
satimage,real,GNB,12,0.81,3.514230410260285,0.18333388218103225
satimage,real,GNB+Platt,12,0.815,0.7088826020727714,0.10843737297824214
satimage,real,GNB+Iso,12,0.8175,0.5833452987593624,0.056538865189880244
satimage,real,ABD-NB,12,0.81,1.6503058299378737,0.1637100328879485
satimage,real,ABD-NB+Platt,12,0.8175,0.6966820806434484,0.11413464546879008
satimage,real,ABD-NB+Iso,12,0.8225,0.542330199210761,0.04154884987322412
satimage,real,GNB,13,0.7925,3.8045910642994523,0.20156940863079553
satimage,real,GNB+Platt,13,0.7975,0.7335174559335974,0.12914476378360684
satimage,real,GNB+Iso,13,0.8125,0.5905457920374669,0.053332519994256214
satimage,real,ABD-NB,13,0.795,1.7226120848579256,0.17985284808011545
satimage,real,ABD-NB+Platt,13,0.8025,0.7111024707126586,0.1138607362867457
satimage,real,ABD-NB+Iso,13,0.8075,0.5311286291139296,0.03850082926731653
satimage,real,GNB,14,0.795,3.638431185810698,0.19580522410105447
satimage,real,GNB+Platt,14,0.7975,0.735945078824902,0.11518633995309037
satimage,real,GNB+Iso,14,0.8075,0.5990290455484737,0.0661192334296538
satimage,real,ABD-NB,14,0.7925,1.7331459700289025,0.18034129103529545
satimage,real,ABD-NB+Platt,14,0.795,0.7224117257503618,0.10733355622849568
satimage,real,ABD-NB+Iso,14,0.81,0.5577312283321387,0.03310338133189524
satimage,real,GNB,15,0.7975,3.571407712991304,0.19113267760895536
satimage,real,GNB+Platt,15,0.805,0.7312653297485079,0.1261310197405585
satimage,real,GNB+Iso,15,0.7975,0.5700716798149333,0.06559847174258668
satimage,real,ABD-NB,15,0.8025,1.5689091113273241,0.16996812558649171
satimage,real,ABD-NB+Platt,15,0.8025,0.716874029523266,0.1110136039182748
satimage,real,ABD-NB+Iso,15,0.805,0.5294119425641045,0.05383443800226746
satimage,real,GNB,16,0.7675,3.7277218637347187,0.2180227741595877
satimage,real,GNB+Platt,16,0.775,0.7892075673511385,0.11194242302647563
satimage,real,GNB+Iso,16,0.7925,0.6494369160631307,0.03596909448774698
satimage,real,ABD-NB,16,0.7725,1.808969192331213,0.18829340315718693
satimage,real,ABD-NB+Platt,16,0.7725,0.7647484339364652,0.11723229551052922
satimage,real,ABD-NB+Iso,16,0.785,0.5999519849924444,0.04405457234013296
satimage,real,GNB,17,0.78,3.8471963739561046,0.21716781961886023
satimage,real,GNB+Platt,17,0.7825,0.785456876642975,0.10715811622664909
satimage,real,GNB+Iso,17,0.795,0.639334541522388,0.051443933913982165
satimage,real,ABD-NB,17,0.7775,2.138655550923519,0.19247276536721333
satimage,real,ABD-NB+Platt,17,0.78,0.7746699595167489,0.10972394422528527
satimage,real,ABD-NB+Iso,17,0.79,0.5993355545893618,0.05062097390970294
satimage,real,GNB,18,0.8,3.0744735790848803,0.18459521331074125
satimage,real,GNB+Platt,18,0.82,0.7064610078334224,0.10603243943424134
satimage,real,GNB+Iso,18,0.8225,0.5300724867462138,0.04077738423364265
satimage,real,ABD-NB,18,0.81,1.4819253691809005,0.15248046193295167
satimage,real,ABD-NB+Platt,18,0.825,0.6859445359108329,0.08625626058407908
satimage,real,ABD-NB+Iso,18,0.8225,0.4996309300917211,0.03857450837889608
satimage,real,GNB,19,0.8095238095238095,3.1920356168499415,0.18189857622191669
satimage,real,GNB+Platt,19,0.8145363408521303,0.6848581469101286,0.11265164690467847
satimage,real,GNB+Iso,19,0.8270676691729323,0.5552099802657335,0.0537356386565357
satimage,real,ABD-NB,19,0.8020050125313283,1.6433840297513473,0.16294922022214933
satimage,real,ABD-NB+Platt,19,0.8195488721804511,0.6713478747136207,0.10712121539398992
satimage,real,ABD-NB+Iso,19,0.8270676691729323,0.5314838626239001,0.04824430456442057
phoneme,real,GNB,0,0.7675,0.6023781514988804,0.13486227328078035
phoneme,real,GNB+Platt,0,0.7775,0.47419277346980776,0.025053545691209947
phoneme,real,GNB+Iso,0,0.785,0.44123766074369597,0.02956440791740386
phoneme,real,ABD-NB,0,0.7825,0.5564954303520995,0.10763054798240665
phoneme,real,ABD-NB+Platt,0,0.775,0.47162895033057295,0.04381106321830976
phoneme,real,ABD-NB+Iso,0,0.7725,0.4411500111119267,0.02530426610290339
phoneme,real,GNB,1,0.7725,0.5894558069938943,0.11294293336615197
phoneme,real,GNB+Platt,1,0.785,0.46901291475676316,0.04903334057102218
phoneme,real,GNB+Iso,1,0.7825,0.45087884657743693,0.04307758424163981
phoneme,real,ABD-NB,1,0.7925,0.5306364429698095,0.08333456139039541
phoneme,real,ABD-NB+Platt,1,0.79,0.46104184521545544,0.05384276079752916
phoneme,real,ABD-NB+Iso,1,0.7875,0.429897911062292,0.0344900513158637
phoneme,real,GNB,2,0.7575,0.6142702610143541,0.11450034577737038
phoneme,real,GNB+Platt,2,0.765,0.4639726946244202,0.03084781663507004
phoneme,real,GNB+Iso,2,0.7775,0.4339066718966873,0.042705201559309854
phoneme,real,ABD-NB,2,0.78,0.5698236825290836,0.10489056837621598
phoneme,real,ABD-NB+Platt,2,0.765,0.46722069972988206,0.06762407416435273
phoneme,real,ABD-NB+Iso,2,0.7825,0.4320550189373614,0.03843774705907575
phoneme,real,GNB,3,0.755,0.5964738767846,0.11111793275954862
phoneme,real,GNB+Platt,3,0.785,0.48684774621755655,0.038652190343619934
phoneme,real,GNB+Iso,3,0.7775,0.4488647583560595,0.0421509081851399
phoneme,real,ABD-NB,3,0.79,0.5496997799840977,0.10562875561641308
phoneme,real,ABD-NB+Platt,3,0.7775,0.48019600963547193,0.05417920363600697
phoneme,real,ABD-NB+Iso,3,0.79,0.4390957621041524,0.04132075399037094
phoneme,real,GNB,4,0.7475,0.7401570715002839,0.12171345159879254
phoneme,real,GNB+Platt,4,0.7675,0.49784218176365613,0.047550559804624686
phoneme,real,GNB+Iso,4,0.765,0.4995785387164119,0.05023903472798051
phoneme,real,ABD-NB,4,0.7675,0.6969908786289604,0.11165766181438191
phoneme,real,ABD-NB+Platt,4,0.755,0.49912534195094077,0.076100287267126
phoneme,real,ABD-NB+Iso,4,0.7725,0.48736662417072646,0.06123072010931685
phoneme,real,GNB,5,0.7675,0.671630193195447,0.11722475047190878
phoneme,real,GNB+Platt,5,0.7725,0.46829474120236997,0.044358555367267204
phoneme,real,GNB+Iso,5,0.77,0.5168135944269424,0.032705531536769805
phoneme,real,ABD-NB,5,0.7925,0.6050997584985214,0.09389570919852194
phoneme,real,ABD-NB+Platt,5,0.7725,0.4588787288820595,0.06135666776828684
phoneme,real,ABD-NB+Iso,5,0.8,0.4889423600238895,0.03424359448023937
phoneme,real,GNB,6,0.7525,0.6280857044868066,0.12180898479502514
phoneme,real,GNB+Platt,6,0.7975,0.45469575700013887,0.039347392707076316
phoneme,real,GNB+Iso,6,0.785,0.44216589002563095,0.025317392102177268
phoneme,real,ABD-NB,6,0.8,0.5671068044937809,0.10522467685772574
phoneme,real,ABD-NB+Platt,6,0.7875,0.4499638837370236,0.04386398542023347
phoneme,real,ABD-NB+Iso,6,0.8025,0.42633989145625484,0.03184745441268623
phoneme,real,GNB,7,0.76,0.6139564316462488,0.12450603145706704
phoneme,real,GNB+Platt,7,0.76,0.4741984486019925,0.03899505771346583
phoneme,real,GNB+Iso,7,0.78,0.4465092788242043,0.03891405268846398
phoneme,real,ABD-NB,7,0.785,0.5622746964274995,0.08612997527883123
phoneme,real,ABD-NB+Platt,7,0.77,0.46893104759209137,0.06408111394282429
phoneme,real,ABD-NB+Iso,7,0.7925,0.42967621572556763,0.026571246802801297
phoneme,real,GNB,8,0.7825,0.601196410690589,0.11818129035938853
phoneme,real,GNB+Platt,8,0.79,0.45377555995761626,0.04184740193448769
phoneme,real,GNB+Iso,8,0.7925,0.4274203104054841,0.05335430977777724
phoneme,real,ABD-NB,8,0.8,0.5522275724219331,0.10270361642898354
phoneme,real,ABD-NB+Platt,8,0.785,0.45560813648967075,0.0523516743618387
phoneme,real,ABD-NB+Iso,8,0.7925,0.4264851769049774,0.018813166962894826
phoneme,real,GNB,9,0.7875,0.6548308354626319,0.14114844760176398
phoneme,real,GNB+Platt,9,0.755,0.470643641854673,0.03780256446578754
phoneme,real,GNB+Iso,9,0.7725,0.4412655035979646,0.040600769897100555
phoneme,real,ABD-NB,9,0.7775,0.6142058944251858,0.11037773014558866
phoneme,real,ABD-NB+Platt,9,0.755,0.47788741397858175,0.07784630231032949
phoneme,real,ABD-NB+Iso,9,0.7875,0.4319681966835144,0.029850665985881503
phoneme,real,GNB,10,0.78,0.6134536560248235,0.12129531111941336
phoneme,real,GNB+Platt,10,0.78,0.45705138122074584,0.03459358303544845
phoneme,real,GNB+Iso,10,0.785,0.431534255958407,0.041069690423848886
phoneme,real,ABD-NB,10,0.78,0.5792857845317307,0.11415379859891941
phoneme,real,ABD-NB+Platt,10,0.785,0.4648224292301832,0.07627173766990383
phoneme,real,ABD-NB+Iso,10,0.775,0.42793019243478225,0.03752580739702529
phoneme,real,GNB,11,0.735,0.6151394727282842,0.1240864890423653
phoneme,real,GNB+Platt,11,0.775,0.47958442622345077,0.034230169009028075
phoneme,real,GNB+Iso,11,0.78,0.452129822146845,0.04605275291009036
phoneme,real,ABD-NB,11,0.78,0.5555322775185257,0.1092891396663007
phoneme,real,ABD-NB+Platt,11,0.7725,0.4728850835559373,0.041094691556309466
phoneme,real,ABD-NB+Iso,11,0.7825,0.4408997420238178,0.01938514412845119
phoneme,real,GNB,12,0.8,0.5613812614761191,0.09180210788064119
phoneme,real,GNB+Platt,12,0.795,0.4371853884883841,0.05038756879154993
phoneme,real,GNB+Iso,12,0.825,0.4736038548948753,0.053441912206895044
phoneme,real,ABD-NB,12,0.825,0.5048145895248846,0.08155287681732204
phoneme,real,ABD-NB+Platt,12,0.795,0.4336923294433568,0.054496373581312076
phoneme,real,ABD-NB+Iso,12,0.8225,0.46245143280265694,0.05168509149217813
phoneme,real,GNB,13,0.765,0.7071885400637551,0.13109921487968948
phoneme,real,GNB+Platt,13,0.7525,0.4748824436275889,0.051151540524050985
phoneme,real,GNB+Iso,13,0.775,0.4690304603573523,0.04052966809667066
phoneme,real,ABD-NB,13,0.7775,0.664701368159013,0.11789527229889352
phoneme,real,ABD-NB+Platt,13,0.75,0.48390513938936464,0.07933801840201696
phoneme,real,ABD-NB+Iso,13,0.78,0.45557448002439316,0.03525711210953139
phoneme,real,GNB,14,0.7625,0.6280510854316148,0.129416197812293
phoneme,real,GNB+Platt,14,0.77,0.46976383828334856,0.051452525555864236
phoneme,real,GNB+Iso,14,0.7775,0.44079833137959346,0.04149994005567346
phoneme,real,ABD-NB,14,0.7775,0.5807948626266739,0.10307738530541424
phoneme,real,ABD-NB+Platt,14,0.765,0.46875910419435685,0.07454396296353326
phoneme,real,ABD-NB+Iso,14,0.7775,0.42968108424855855,0.032410814750097376
phoneme,real,GNB,15,0.73,0.6535256991034014,0.13119355457648765
phoneme,real,GNB+Platt,15,0.7725,0.5008136317014484,0.042560123972405974
phoneme,real,GNB+Iso,15,0.7675,0.469244131453378,0.0442008683156781
phoneme,real,ABD-NB,15,0.7775,0.5828885575533517,0.1007017256801662
phoneme,real,ABD-NB+Platt,15,0.7675,0.49100488596029185,0.05021298197746485
phoneme,real,ABD-NB+Iso,15,0.78,0.4517373036616503,0.030943102677773806
phoneme,real,GNB,16,0.75,0.6504273503420823,0.11100037186966437
phoneme,real,GNB+Platt,16,0.76,0.47493384486264206,0.03509635959412361
phoneme,real,GNB+Iso,16,0.77,0.4641786682403579,0.029238795649594092
phoneme,real,ABD-NB,16,0.7725,0.6068673511326506,0.10059935329774053
phoneme,real,ABD-NB+Platt,16,0.7625,0.47435314360714026,0.05744887169743535
phoneme,real,ABD-NB+Iso,16,0.7775,0.4463115979050948,0.0436886101218297
phoneme,real,GNB,17,0.7425,0.7708341613814212,0.14717937578537912
phoneme,real,GNB+Platt,17,0.755,0.5009051996483763,0.04473191884437138
phoneme,real,GNB+Iso,17,0.7525,0.4766796102601336,0.04479927988507842
phoneme,real,ABD-NB,17,0.7575,0.7235533927743535,0.130528901741371
phoneme,real,ABD-NB+Platt,17,0.7525,0.4975679105554434,0.057502753888066374
phoneme,real,ABD-NB+Iso,17,0.76,0.46587416331695763,0.03904729998295736
phoneme,real,GNB,18,0.7775,0.6133423283812655,0.13474991753917875
phoneme,real,GNB+Platt,18,0.7925,0.4782190286659989,0.03790910807518503
phoneme,real,GNB+Iso,18,0.78,0.45511981561405684,0.04483711196404507
phoneme,real,ABD-NB,18,0.7925,0.5532893173933027,0.1040846694239098
phoneme,real,ABD-NB+Platt,18,0.795,0.46894215911766524,0.04206822775360193
phoneme,real,ABD-NB+Iso,18,0.795,0.44271450225343556,0.04123343292026482
phoneme,real,GNB,19,0.8025,0.5209117217079374,0.11068726016652887
phoneme,real,GNB+Platt,19,0.8,0.44413806758041546,0.03714632324156272
phoneme,real,GNB+Iso,19,0.7975,0.4172516311168628,0.04543519417036106
phoneme,real,ABD-NB,19,0.8125,0.4786041734346359,0.07344185155553082
phoneme,real,ABD-NB+Platt,19,0.795,0.4387272311239815,0.055671594153504395
phoneme,real,ABD-NB+Iso,19,0.81,0.4114212009177906,0.04275430153164233
page-blocks,real,GNB,0,0.74,1.4770403550594657,0.22541495745827972
page-blocks,real,GNB+Platt,0,0.9225,0.26656568036486455,0.04725422928295627
page-blocks,real,GNB+Iso,0,0.9325,0.1783875628849909,0.038559935538419896
page-blocks,real,ABD-NB,0,0.925,0.5196035709401872,0.06296492712932769
page-blocks,real,ABD-NB+Platt,0,0.93,0.24718953178842498,0.0498015082193253
page-blocks,real,ABD-NB+Iso,0,0.945,0.15990449424978856,0.02451584637796585
page-blocks,real,GNB,1,0.78,1.527263954393082,0.19955458765287015
page-blocks,real,GNB+Platt,1,0.925,0.28243498632879444,0.035184115651462226
page-blocks,real,GNB+Iso,1,0.95,0.1846440320070476,0.027973770325347702
page-blocks,real,ABD-NB,1,0.9325,0.517270479285484,0.058940565296064486
page-blocks,real,ABD-NB+Platt,1,0.945,0.26072220646356015,0.03696171631873411
page-blocks,real,ABD-NB+Iso,1,0.9375,0.18417048112234333,0.029065760175302758
page-blocks,real,GNB,2,0.8425,1.3450711848385988,0.13930201276654622
page-blocks,real,GNB+Platt,2,0.9275,0.25247153073910017,0.0304981663396827
page-blocks,real,GNB+Iso,2,0.935,0.17111788157350752,0.03247905015670329
page-blocks,real,ABD-NB,2,0.9175,0.6979739385261415,0.0649863750531634
page-blocks,real,ABD-NB+Platt,2,0.9375,0.23291829354220497,0.03534286404810434
page-blocks,real,ABD-NB+Iso,2,0.94,0.16936338829269346,0.026695519253536224
page-blocks,real,GNB,3,0.82,1.0549930276218331,0.1402593475463415
page-blocks,real,GNB+Platt,3,0.93,0.21672225376236504,0.05266448833300698
page-blocks,real,GNB+Iso,3,0.94,0.15622308527116247,0.028340744833092818
page-blocks,real,ABD-NB,3,0.9325,0.5888301976514235,0.05361641776096982
page-blocks,real,ABD-NB+Platt,3,0.9425,0.2055888720555413,0.03164107767231807
page-blocks,real,ABD-NB+Iso,3,0.945,0.1554636649131128,0.018141851560295158
page-blocks,real,GNB,4,0.8,0.8772477642257124,0.16727575419995067
page-blocks,real,GNB+Platt,4,0.93,0.23088614773311433,0.06835865396710726
page-blocks,real,GNB+Iso,4,0.9575,0.11982924156044189,0.027530357291726107
page-blocks,real,ABD-NB,4,0.9525,0.1982960573252831,0.03347588295347921
page-blocks,real,ABD-NB+Platt,4,0.955,0.1908754013028171,0.05529367234212165
page-blocks,real,ABD-NB+Iso,4,0.96,0.11094151576525693,0.029211471065589287
page-blocks,real,GNB,5,0.7875,1.3052855076186853,0.18843725186466506
page-blocks,real,GNB+Platt,5,0.925,0.2651384460275444,0.05340937109270489
page-blocks,real,GNB+Iso,5,0.9475,0.1631417207771429,0.026868596417952095
page-blocks,real,ABD-NB,5,0.9225,0.4166307435210648,0.05330606849076347
page-blocks,real,ABD-NB+Platt,5,0.945,0.2256568399949796,0.02680683548271416
page-blocks,real,ABD-NB+Iso,5,0.9425,0.1579696872533754,0.026278210639770306
page-blocks,real,GNB,6,0.755,1.7731706477913554,0.22299794986773894
page-blocks,real,GNB+Platt,6,0.9225,0.27736849525763857,0.04368101720705887
page-blocks,real,GNB+Iso,6,0.93,0.1673176175228226,0.050886858419680256
page-blocks,real,ABD-NB,6,0.9325,0.5233095987038975,0.05069548511875295
page-blocks,real,ABD-NB+Platt,6,0.9425,0.23189164790016675,0.034873095050051775
page-blocks,real,ABD-NB+Iso,6,0.9525,0.14699580991405958,0.02887872766808971
page-blocks,real,GNB,7,0.745,1.4067683041928607,0.21964690472413825
page-blocks,real,GNB+Platt,7,0.9125,0.31019638555539936,0.043430716499163594
page-blocks,real,GNB+Iso,7,0.9175,0.18779883971190034,0.03633218503379787
page-blocks,real,ABD-NB,7,0.9175,0.5167563227749905,0.06604875212824383
page-blocks,real,ABD-NB+Platt,7,0.9175,0.2851502008776211,0.035790526802934285
page-blocks,real,ABD-NB+Iso,7,0.92,0.22356982148195623,0.050620610218810314
page-blocks,real,GNB,8,0.78,1.2538794608305879,0.1843547068441786
page-blocks,real,GNB+Platt,8,0.925,0.24348757666238574,0.0474198777944221
page-blocks,real,GNB+Iso,8,0.9475,0.1539351336646196,0.03543787094612109
page-blocks,real,ABD-NB,8,0.935,0.5044194556840398,0.052986823763140754
page-blocks,real,ABD-NB+Platt,8,0.9375,0.20286311728696385,0.033737982179023934
page-blocks,real,ABD-NB+Iso,8,0.9475,0.14981233883482165,0.025313792927692914
page-blocks,real,GNB,9,0.7794486215538847,1.3668193812315255,0.19071890474062803
page-blocks,real,GNB+Platt,9,0.9298245614035088,0.2606239458216486,0.05994661922918293
page-blocks,real,GNB+Iso,9,0.9398496240601504,0.19824420978500548,0.02228423888563902
page-blocks,real,ABD-NB,9,0.9273182957393483,0.49580051035836264,0.05823166472657196
page-blocks,real,ABD-NB+Platt,9,0.9298245614035088,0.23143401676123299,0.04444487019227929
page-blocks,real,ABD-NB+Iso,9,0.9448621553884712,0.1663920134739405,0.025440273508049834
page-blocks,real,GNB,10,0.775,1.3244889921410987,0.18793744511799987
page-blocks,real,GNB+Platt,10,0.9375,0.2759450127673245,0.03756209900325662
page-blocks,real,GNB+Iso,10,0.945,0.18790090100542295,0.025952601512964066
page-blocks,real,ABD-NB,10,0.9425,0.5566330072506055,0.05212437318291489
page-blocks,real,ABD-NB+Platt,10,0.9425,0.23879386551432374,0.030608788410573698
page-blocks,real,ABD-NB+Iso,10,0.945,0.18166724638885245,0.02678512501260655
page-blocks,real,GNB,11,0.92,0.7950784603567672,0.0728657558869363
page-blocks,real,GNB+Platt,11,0.925,0.23908381084984132,0.03330384231026896
page-blocks,real,GNB+Iso,11,0.9525,0.18181354080101755,0.023175199383977007
page-blocks,real,ABD-NB,11,0.93,0.5969624379170668,0.060566914509719336
page-blocks,real,ABD-NB+Platt,11,0.9325,0.25206460560845445,0.04051461371901456
page-blocks,real,ABD-NB+Iso,11,0.95,0.17567325996427724,0.02792456122593909
page-blocks,real,GNB,12,0.785,1.1963524318234997,0.18811007637692587
page-blocks,real,GNB+Platt,12,0.9125,0.26188792053705073,0.04850632355849094
page-blocks,real,GNB+Iso,12,0.935,0.15964282372846425,0.033261242230710183
page-blocks,real,ABD-NB,12,0.935,0.3536594808892633,0.04742273635586333
page-blocks,real,ABD-NB+Platt,12,0.9375,0.2198566213223083,0.03873481010784192
page-blocks,real,ABD-NB+Iso,12,0.9575,0.13095691213755042,0.025115551453823735
page-blocks,real,GNB,13,0.7275,2.062981554579149,0.25112473152449105
page-blocks,real,GNB+Platt,13,0.93,0.26635246661637785,0.0654099025188228
page-blocks,real,GNB+Iso,13,0.9275,0.19571500299627181,0.04131808544852457
page-blocks,real,ABD-NB,13,0.925,0.6615219324462026,0.06173065630306732
page-blocks,real,ABD-NB+Platt,13,0.93,0.23426293168609014,0.05683283455372938
page-blocks,real,ABD-NB+Iso,13,0.9375,0.16885149753920203,0.030404788176796795
page-blocks,real,GNB,14,0.79,1.2244951462694786,0.1735182475809
page-blocks,real,GNB+Platt,14,0.925,0.25775445306053624,0.04849461035755109
page-blocks,real,GNB+Iso,14,0.9375,0.15866112091472367,0.02582517334267288
page-blocks,real,ABD-NB,14,0.93,0.3885374190343226,0.06110788996928625
page-blocks,real,ABD-NB+Platt,14,0.9325,0.2459045485726226,0.0505027959837294
page-blocks,real,ABD-NB+Iso,14,0.9425,0.21437481866105987,0.02821714958592424
page-blocks,real,GNB,15,0.785,1.1443551619414318,0.17691311990386216
page-blocks,real,GNB+Platt,15,0.9225,0.25628789702590216,0.06562780147021136
page-blocks,real,GNB+Iso,15,0.9425,0.15414585145228368,0.029394317109426978
page-blocks,real,ABD-NB,15,0.9425,0.4508114318215264,0.04730597353467586
page-blocks,real,ABD-NB+Platt,15,0.94,0.22807514767080922,0.03194553237332081
page-blocks,real,ABD-NB+Iso,15,0.935,0.15348308426184676,0.03230420318803632
page-blocks,real,GNB,16,0.7775,1.275282448014041,0.18994992746652703
page-blocks,real,GNB+Platt,16,0.9175,0.28138669886766154,0.03494438279438511
page-blocks,real,GNB+Iso,16,0.9325,0.18542811496045083,0.03023700618085457
page-blocks,real,ABD-NB,16,0.9125,0.43431347896912426,0.06784382315883378
page-blocks,real,ABD-NB+Platt,16,0.925,0.2671536008780853,0.016537920028556138
page-blocks,real,ABD-NB+Iso,16,0.9325,0.17485880751766725,0.01469417735310019
page-blocks,real,GNB,17,0.7825,1.315605334270855,0.17993211945575827
page-blocks,real,GNB+Platt,17,0.9325,0.2307610150520388,0.04492942670039346
page-blocks,real,GNB+Iso,17,0.9425,0.14399432627353068,0.03495703382080529
page-blocks,real,ABD-NB,17,0.9325,0.38554952576436063,0.053242431268849005
page-blocks,real,ABD-NB+Platt,17,0.9425,0.19690591499244878,0.04583065142137903
page-blocks,real,ABD-NB+Iso,17,0.955,0.13355243507810108,0.03913799055723553
page-blocks,real,GNB,18,0.78,1.2485270874023675,0.19763797867606456
page-blocks,real,GNB+Platt,18,0.925,0.26426471583368133,0.05063818488316031
page-blocks,real,GNB+Iso,18,0.935,0.14735661318951718,0.027924364641632803
page-blocks,real,ABD-NB,18,0.935,0.2865302713927347,0.0502621191807036
page-blocks,real,ABD-NB+Platt,18,0.9375,0.23510371619313164,0.04825030837673768
page-blocks,real,ABD-NB+Iso,18,0.955,0.13721792103829067,0.028873200010332077
page-blocks,real,GNB,19,0.7543859649122807,1.4824705829764973,0.20709058355633916
page-blocks,real,GNB+Platt,19,0.9172932330827067,0.23908039926587757,0.05750887780869146
page-blocks,real,GNB+Iso,19,0.9398496240601504,0.13984903870145202,0.04214630803549971
page-blocks,real,ABD-NB,19,0.9348370927318296,0.6971976558814216,0.05161320822533334
page-blocks,real,ABD-NB+Platt,19,0.9398496240601504,0.20775274413833406,0.03859919996615145
page-blocks,real,ABD-NB+Iso,19,0.9473684210526315,0.145326728832158,0.024902392567824116
ionosphere,real,GNB,0,0.8333333333333334,1.1513375990162307,0.15018915902963142
ionosphere,real,GNB+Platt,0,0.8611111111111112,0.4129255307741269,0.07469410430173433
ionosphere,real,GNB+Iso,0,0.8333333333333334,0.3184194183860094,0.1035708739741527
ionosphere,real,ABD-NB,0,0.8333333333333334,1.151160300165394,0.15017800044933916
ionosphere,real,ABD-NB+Platt,0,0.8333333333333334,0.40814962457358755,0.08023455396653603
ionosphere,real,ABD-NB+Iso,0,0.8333333333333334,0.30264094072589365,0.10465187239172719
ionosphere,real,GNB,1,0.7714285714285715,2.5575937284430363,0.23852588587833828
ionosphere,real,GNB+Platt,1,0.7428571428571429,0.5957996602623515,0.14811731216586924
ionosphere,real,GNB+Iso,1,0.7714285714285715,0.5430417228302339,0.18439315713976773
ionosphere,real,ABD-NB,1,0.8,2.20685093961861,0.2122840253226543
ionosphere,real,ABD-NB+Platt,1,0.7714285714285715,0.5858789995216839,0.14444828155538353
ionosphere,real,ABD-NB+Iso,1,0.7714285714285715,0.5549459390095394,0.17573078860363958
ionosphere,real,GNB,2,0.9428571428571428,0.3891902381822487,0.050811134610307285
ionosphere,real,GNB+Platt,2,0.9428571428571428,0.23516635236621447,0.10749423023255834
ionosphere,real,GNB+Iso,2,0.9714285714285714,0.14213789879438662,0.06724185695066591
ionosphere,real,ABD-NB,2,0.9428571428571428,0.38912345017088273,0.0508047356903875
ionosphere,real,ABD-NB+Platt,2,0.9428571428571428,0.2588601770839789,0.09301431223398521
ionosphere,real,ABD-NB+Iso,2,0.9714285714285714,0.13562721225554,0.06128711018929939
ionosphere,real,GNB,3,0.8571428571428571,1.8559947310528873,0.147846158802498
ionosphere,real,GNB+Platt,3,0.8285714285714286,0.40547542817783644,0.05618101458778736
ionosphere,real,GNB+Iso,3,0.8571428571428571,1.0978091431625114,0.12974467223201683
ionosphere,real,ABD-NB,3,0.8571428571428571,1.8559222864297915,0.14784591793399565
ionosphere,real,ABD-NB+Platt,3,0.8571428571428571,0.4004935462473969,0.02342205615503405
ionosphere,real,ABD-NB+Iso,3,0.8571428571428571,0.5154940739564885,0.1061746894673695
ionosphere,real,GNB,4,0.9714285714285714,0.029870693850701003,0.01905721712592158
ionosphere,real,GNB+Platt,4,1.0,0.16525416752411087,0.14970924045890938
ionosphere,real,GNB+Iso,4,1.0,0.1193534482099678,0.10460799595034631
ionosphere,real,ABD-NB,4,0.9714285714285714,0.029849402891460406,0.0190497287146078
ionosphere,real,ABD-NB+Platt,4,1.0,0.18109527026695896,0.1619318779947566
ionosphere,real,ABD-NB+Iso,4,1.0,0.10886679524870854,0.09676183598535623
ionosphere,real,GNB,5,0.9428571428571428,0.09490377603163652,0.055312357248242884
ionosphere,real,GNB+Platt,5,0.9714285714285714,0.22274223297065612,0.17068628225533217
ionosphere,real,GNB+Iso,5,0.9714285714285714,0.19463031172758458,0.13477044803203422
ionosphere,real,ABD-NB,5,0.9428571428571428,0.09484425749778509,0.05529260858262413
ionosphere,real,ABD-NB+Platt,5,0.9142857142857143,0.2149812859162137,0.17111109661099538
ionosphere,real,ABD-NB+Iso,5,0.9714285714285714,0.18748457636068505,0.12877555520826045
ionosphere,real,GNB,6,0.9142857142857143,1.12112909565321,0.10095257478083255
ionosphere,real,GNB+Platt,6,0.9142857142857143,0.3064436668496991,0.10779294680888318
ionosphere,real,GNB+Iso,6,0.9142857142857143,0.2661726001813217,0.07645946626239686
ionosphere,real,ABD-NB,6,0.9142857142857143,1.1210821331528498,0.10096112010659339
ionosphere,real,ABD-NB+Platt,6,0.9142857142857143,0.3024977203095222,0.10399245173225213
ionosphere,real,ABD-NB+Iso,6,0.8857142857142857,0.2618442863803285,0.12592128668443053
ionosphere,real,GNB,7,0.8285714285714286,1.8145926120762554,0.15570709059261406
ionosphere,real,GNB+Platt,7,0.8571428571428571,0.36797101099135104,0.08256092271923697
ionosphere,real,GNB+Iso,7,0.8571428571428571,0.3770619610816205,0.14528135162312017
ionosphere,real,ABD-NB,7,0.8285714285714286,1.8144783742462174,0.15569553920395027
ionosphere,real,ABD-NB+Platt,7,0.8571428571428571,0.3679665204196557,0.0825692111739565
ionosphere,real,ABD-NB+Iso,7,0.8571428571428571,0.37706195632861655,0.14528134860797431
ionosphere,real,GNB,8,0.8571428571428571,1.982920110959572,0.15165514782508277
ionosphere,real,GNB+Platt,8,0.8571428571428571,0.4104586309947313,0.11194164427108474
ionosphere,real,GNB+Iso,8,0.8571428571428571,0.3925354625738314,0.0994134027087708
ionosphere,real,ABD-NB,8,0.8571428571428571,1.9828075320863372,0.1516467278309636
ionosphere,real,ABD-NB+Platt,8,0.8571428571428571,0.40641567189156735,0.08510565221381376
ionosphere,real,ABD-NB+Iso,8,0.8571428571428571,0.3877323223998225,0.0991516149645247
ionosphere,real,GNB,9,1.0,0.004010246986923675,0.003850503437933631
ionosphere,real,GNB+Platt,9,1.0,0.14352567303793276,0.13040837025045904
ionosphere,real,GNB+Iso,9,1.0,0.09175090319272497,0.07825074000516435
ionosphere,real,ABD-NB,9,1.0,0.004014667254151833,0.0038545765947321144
ionosphere,real,ABD-NB+Platt,9,1.0,0.1279576301829923,0.1192992716331048
ionosphere,real,ABD-NB+Iso,9,1.0,0.08278030194169797,0.07194448550626314
ionosphere,real,GNB,10,0.8333333333333334,2.6833990918310744,0.1810421399469602
ionosphere,real,GNB+Platt,10,0.8333333333333334,0.47888230466269593,0.07967037392824221
ionosphere,real,GNB+Iso,10,0.8055555555555556,0.5333417866753618,0.19659068726623263
ionosphere,real,ABD-NB,10,0.8333333333333334,2.6832848918968644,0.18104725361663015
ionosphere,real,ABD-NB+Platt,10,0.8333333333333334,0.44181897358808453,0.09669550642568628
ionosphere,real,ABD-NB+Iso,10,0.8055555555555556,0.5455090753644343,0.16945327731359672
ionosphere,real,GNB,11,0.9428571428571428,0.9674495431320992,0.06417302976829269
ionosphere,real,GNB+Platt,11,0.9428571428571428,0.27411224814378177,0.09277929080463362
ionosphere,real,GNB+Iso,11,0.9428571428571428,0.9698968105018599,0.11285679141848011
ionosphere,real,ABD-NB,11,0.9428571428571428,0.9674412937321063,0.06416321687290796
ionosphere,real,ABD-NB+Platt,11,0.9428571428571428,0.2614710574645403,0.0682212004613632
ionosphere,real,ABD-NB+Iso,11,0.9428571428571428,0.962953517307779,0.10715005029932688
ionosphere,real,GNB,12,0.8285714285714286,1.8827856022176552,0.17516117169779646
ionosphere,real,GNB+Platt,12,0.8285714285714286,0.43953231246436153,0.058802545261430694
ionosphere,real,GNB+Iso,12,0.8,0.42012283994599364,0.13328060047485307
ionosphere,real,ABD-NB,12,0.8285714285714286,1.622353113919517,0.18092845185330916
ionosphere,real,ABD-NB+Platt,12,0.8,0.4424784237071979,0.08117078999114595
ionosphere,real,ABD-NB+Iso,12,0.8,0.5311763907547439,0.18220131694990657
ionosphere,real,GNB,13,0.8571428571428571,0.9892644383432216,0.12313969418272346
ionosphere,real,GNB+Platt,13,0.8571428571428571,0.39092091302720394,0.05314844828425233
ionosphere,real,GNB+Iso,13,0.8857142857142857,0.2697190125804167,0.09499328141934854
ionosphere,real,ABD-NB,13,0.8571428571428571,0.9891213733580538,0.12312327626722555
ionosphere,real,ABD-NB+Platt,13,0.8571428571428571,0.35941052966585835,0.04390304111442718
ionosphere,real,ABD-NB+Iso,13,0.8571428571428571,0.28103856229346347,0.0797571832109723
ionosphere,real,GNB,14,0.9428571428571428,0.49268108042930486,0.04994928790578601
ionosphere,real,GNB+Platt,14,0.9428571428571428,0.23043719010860672,0.08459214491749255
ionosphere,real,GNB+Iso,14,0.9428571428571428,0.19258881154111543,0.09193631914278927
ionosphere,real,ABD-NB,14,0.9428571428571428,0.49261246499751976,0.04994988048029866
ionosphere,real,ABD-NB+Platt,14,0.9428571428571428,0.2657237678210512,0.09580231625613493
ionosphere,real,ABD-NB+Iso,14,0.9428571428571428,0.1699899333715026,0.0732712562597565
ionosphere,real,GNB,15,0.9428571428571428,0.6737269056436361,0.050030182300147746
ionosphere,real,GNB+Platt,15,0.9428571428571428,0.2261758609476988,0.1194688278156242
ionosphere,real,GNB+Iso,15,0.9714285714285714,0.2134420030625388,0.11555774619170066
ionosphere,real,ABD-NB,15,0.9428571428571428,0.6737027914566072,0.05003027713772629
ionosphere,real,ABD-NB+Platt,15,0.9428571428571428,0.204989136551386,0.10613916669720784
ionosphere,real,ABD-NB+Iso,15,0.9428571428571428,0.20356136531217978,0.10151020579879058
ionosphere,real,GNB,16,0.9142857142857143,0.24524682935142336,0.07549894798409404
ionosphere,real,GNB+Platt,16,0.9428571428571428,0.22190421726528523,0.15939752745138547
ionosphere,real,GNB+Iso,16,0.9142857142857143,0.14770981869196728,0.10622390811268298
ionosphere,real,ABD-NB,16,0.9142857142857143,0.24515792763808955,0.07549195917900178
ionosphere,real,ABD-NB+Platt,16,0.9142857142857143,0.23614646146564722,0.10709885007591244
ionosphere,real,ABD-NB+Iso,16,0.9428571428571428,0.13138171168216214,0.09643400261551417
ionosphere,real,GNB,17,0.8285714285714286,1.2466309377057658,0.1619114744014109
ionosphere,real,GNB+Platt,17,0.8285714285714286,0.3938358735459379,0.06787817389854862
ionosphere,real,GNB+Iso,17,0.8571428571428571,0.3230539072454272,0.16892227607342206
ionosphere,real,ABD-NB,17,0.8285714285714286,1.2465637662012858,0.1619088007737701
ionosphere,real,ABD-NB+Platt,17,0.8571428571428571,0.3870506957074508,0.052081856608699684
ionosphere,real,ABD-NB+Iso,17,0.8571428571428571,0.26506716889292764,0.15980942116972432
ionosphere,real,GNB,18,0.8571428571428571,1.4610921675199173,0.12342895246178673
ionosphere,real,GNB+Platt,18,0.8857142857142857,0.33217202367955717,0.06647142078730367
ionosphere,real,GNB+Iso,18,0.9142857142857143,0.3447702161798877,0.12132792060575891
ionosphere,real,ABD-NB,18,0.8571428571428571,1.460945661153911,0.12341189151815433
ionosphere,real,ABD-NB+Platt,18,0.8857142857142857,0.33214614710369433,0.0664549858925567
ionosphere,real,ABD-NB+Iso,18,0.9142857142857143,0.3447690165524171,0.12132801999363396
ionosphere,real,GNB,19,0.9428571428571428,0.4299355867230187,0.05956155980066753
ionosphere,real,GNB+Platt,19,0.9428571428571428,0.2830650888756467,0.15856242773714566
ionosphere,real,GNB+Iso,19,0.9428571428571428,0.20159732375478415,0.08519789470685392
ionosphere,real,ABD-NB,19,0.9428571428571428,0.4298787193329063,0.059563390094343166
ionosphere,real,ABD-NB+Platt,19,0.9142857142857143,0.2951512632644921,0.1668759386117116
ionosphere,real,ABD-NB+Iso,19,0.9428571428571428,0.1948675077887712,0.10056246312023617
sonar,real,GNB,0,0.7142857142857143,1.7695540173708433,0.2986287592672858
sonar,real,GNB+Platt,0,0.6666666666666666,0.5572872055113296,0.16727726877119653
sonar,real,GNB+Iso,0,0.6666666666666666,0.46002986139693003,0.2002251763574292
sonar,real,ABD-NB,0,0.6666666666666666,1.7496659857641856,0.3109481681562468
sonar,real,ABD-NB+Platt,0,0.6666666666666666,0.5674309352193774,0.17048595819521165
sonar,real,ABD-NB+Iso,0,0.7619047619047619,0.45656886922568823,0.19490870924130266
sonar,real,GNB,1,0.8095238095238095,2.130767304134783,0.20905895300332322
sonar,real,GNB+Platt,1,0.8095238095238095,0.5292490291768568,0.17581725114470623
sonar,real,GNB+Iso,1,0.7142857142857143,0.49178643692359436,0.12445356616035042
sonar,real,ABD-NB,1,0.8095238095238095,1.7708354376922466,0.22675582038768916
sonar,real,ABD-NB+Platt,1,0.7142857142857143,0.554194616352551,0.170786195052333
sonar,real,ABD-NB+Iso,1,0.7142857142857143,0.5231762019386416,0.191060093554692
sonar,real,GNB,2,0.6666666666666666,1.7182310984810187,0.32263351871526086
sonar,real,GNB+Platt,2,0.6666666666666666,0.6035621211449639,0.03340861513594138
sonar,real,GNB+Iso,2,0.6190476190476191,0.5551162674367397,0.18946300119012377
sonar,real,ABD-NB,2,0.6666666666666666,1.7182310929612679,0.3226335190898316
sonar,real,ABD-NB+Platt,2,0.7142857142857143,0.6095293954509999,0.217253988261855
sonar,real,ABD-NB+Iso,2,0.7619047619047619,0.5233179838608992,0.182159976924476
sonar,real,GNB,3,0.5714285714285714,3.038177040148786,0.4053580893731646
sonar,real,GNB+Platt,3,0.6190476190476191,0.6621309277900317,0.06497527417987888
sonar,real,GNB+Iso,3,0.7619047619047619,0.5310687571514788,0.1895820985277992
sonar,real,ABD-NB,3,0.5714285714285714,2.416553793336829,0.4128296134723469
sonar,real,ABD-NB+Platt,3,0.5714285714285714,0.6780492312336784,0.10875328583512077
sonar,real,ABD-NB+Iso,3,0.7142857142857143,0.5339841639518881,0.1558880256521213
sonar,real,GNB,4,0.6666666666666666,5.4369277094804795,0.33232695134816825
sonar,real,GNB+Platt,4,0.6666666666666666,0.6830423686480065,0.15306506566434477
sonar,real,GNB+Iso,4,0.7142857142857143,0.7031046105041948,0.1950792782455566
sonar,real,ABD-NB,4,0.6666666666666666,5.12313129001165,0.3282514004718886
sonar,real,ABD-NB+Platt,4,0.6666666666666666,0.6918656432792897,0.1361572641434378
sonar,real,ABD-NB+Iso,4,0.6666666666666666,0.7231070006834053,0.17696726735064106
sonar,real,GNB,5,0.7619047619047619,0.8876703354796053,0.22573438279663596
sonar,real,GNB+Platt,5,0.7142857142857143,0.5517834171535516,0.1556232946690771
sonar,real,GNB+Iso,5,0.6190476190476191,0.5429748711386158,0.16056915170859581
sonar,real,ABD-NB,5,0.7619047619047619,0.7547694634292396,0.19482330862437225
sonar,real,ABD-NB+Platt,5,0.7142857142857143,0.5565547774283652,0.10802987891183005
sonar,real,ABD-NB+Iso,5,0.6190476190476191,0.5444881670981552,0.1383200680069991
sonar,real,GNB,6,0.6190476190476191,1.0629960000701508,0.2610357811112985
sonar,real,GNB+Platt,6,0.7142857142857143,0.5754058546370441,0.17728534180260969
sonar,real,GNB+Iso,6,0.6666666666666666,0.5127761430351102,0.19492323151303867
sonar,real,ABD-NB,6,0.6190476190476191,1.062995999344675,0.2610357809586993
sonar,real,ABD-NB+Platt,6,0.7142857142857143,0.5625164245077884,0.10691529218292606
sonar,real,ABD-NB+Iso,6,0.6666666666666666,0.5280612312919664,0.1876383854999234
sonar,real,GNB,7,0.5238095238095238,3.2643938911052905,0.47569964268000975
sonar,real,GNB+Platt,7,0.47619047619047616,0.7148112491892546,0.21819118225105175
sonar,real,GNB+Iso,7,0.47619047619047616,0.5998158753429961,0.2810782225428039
sonar,real,ABD-NB,7,0.5238095238095238,3.264393875066415,0.4756996437707142
sonar,real,ABD-NB+Platt,7,0.47619047619047616,0.6932845653762154,0.20658634931638925
sonar,real,ABD-NB+Iso,7,0.47619047619047616,0.6271822073083201,0.29917591750055816
sonar,real,GNB,8,0.7,1.1814428732445035,0.22488328957986145
sonar,real,GNB+Platt,8,0.75,0.5206390284685006,0.15977329302335513
sonar,real,GNB+Iso,8,0.8,0.44973819798479797,0.13771920277597755
sonar,real,ABD-NB,8,0.7,1.1814428508316233,0.22488328567071786
sonar,real,ABD-NB+Platt,8,0.75,0.5541070728923365,0.15693322619126193
sonar,real,ABD-NB+Iso,8,0.8,0.44833024145492956,0.1610253097770475
sonar,real,GNB,9,0.8,2.1205227724397764,0.19415820473938167
sonar,real,GNB+Platt,9,0.85,0.5056152637261546,0.16195033985601984
sonar,real,GNB+Iso,9,0.85,0.4545514659305142,0.24896417241427182
sonar,real,ABD-NB,9,0.8,2.1205227681487417,0.19415820432954733
sonar,real,ABD-NB+Platt,9,0.8,0.5110812504446577,0.11718896090337627
sonar,real,ABD-NB+Iso,9,0.9,0.45274070424979496,0.21926985697284507
sonar,real,GNB,10,0.6190476190476191,4.725558902245671,0.37102780913695427
sonar,real,GNB+Platt,10,0.6190476190476191,0.6684331673793149,0.12080755080252258
sonar,real,GNB+Iso,10,0.7619047619047619,0.6383928600828979,0.1854190573829449
sonar,real,ABD-NB,10,0.6190476190476191,4.725558892610432,0.37102780865032187
sonar,real,ABD-NB+Platt,10,0.6190476190476191,0.667453229495606,0.08748770181822785
sonar,real,ABD-NB+Iso,10,0.7619047619047619,0.6166107495702503,0.27813629087895214
sonar,real,GNB,11,0.6666666666666666,1.8453660880564564,0.342695823671056
sonar,real,GNB+Platt,11,0.6666666666666666,0.6027979417489743,0.12043736794784773
sonar,real,GNB+Iso,11,0.6666666666666666,0.48761381752066346,0.18410150246355408
sonar,real,ABD-NB,11,0.6190476190476191,1.5090545488968676,0.32832075783411074
sonar,real,ABD-NB+Platt,11,0.6190476190476191,0.6175529759958653,0.163951042863906
sonar,real,ABD-NB+Iso,11,0.6190476190476191,0.49506657645587104,0.2251575862835692
sonar,real,GNB,12,0.6190476190476191,2.1728416636607517,0.36675631505430384
sonar,real,GNB+Platt,12,0.6190476190476191,0.6179911267641466,0.13060556961841754
sonar,real,GNB+Iso,12,0.8095238095238095,0.48850299139779674,0.1558963899197331
sonar,real,ABD-NB,12,0.6190476190476191,2.1709613596540582,0.3689120081498109
sonar,real,ABD-NB+Platt,12,0.6190476190476191,0.6270599500499996,0.05705329661307761
sonar,real,ABD-NB+Iso,12,0.8095238095238095,0.48379499069707876,0.12084339240010128
sonar,real,GNB,13,0.7142857142857143,1.9802734696345272,0.27224436416528686
sonar,real,GNB+Platt,13,0.7619047619047619,0.5533870552953819,0.24397320250459648
sonar,real,GNB+Iso,13,0.7619047619047619,0.5423474038064572,0.16891427378560536
sonar,real,ABD-NB,13,0.7142857142857143,1.7050870525272628,0.2611531612543907
sonar,real,ABD-NB+Platt,13,0.7142857142857143,0.5461688638337103,0.14149606860787162
sonar,real,ABD-NB+Iso,13,0.7619047619047619,0.5616060889118465,0.19086788760092863
sonar,real,GNB,14,0.6190476190476191,2.0775589776728154,0.3783833615717984
sonar,real,GNB+Platt,14,0.6190476190476191,0.6277189764614949,0.17221530290604967
sonar,real,GNB+Iso,14,0.8095238095238095,0.529121881538284,0.2530119774515198
sonar,real,ABD-NB,14,0.6190476190476191,2.0775589678831867,0.3783833613246202
sonar,real,ABD-NB+Platt,14,0.6666666666666666,0.6319125545120776,0.15424912362567123
sonar,real,ABD-NB+Iso,14,0.7142857142857143,0.5272846346375409,0.1266115448975615
sonar,real,GNB,15,0.7619047619047619,1.2936272946886853,0.2572726494402737
sonar,real,GNB+Platt,15,0.7142857142857143,0.5511260610524357,0.10854592920014566
sonar,real,GNB+Iso,15,0.7142857142857143,0.46531043370312647,0.1965618141048235
sonar,real,ABD-NB,15,0.8095238095238095,1.029315434965409,0.2464307502666625
sonar,real,ABD-NB+Platt,15,0.7142857142857143,0.5455305585078839,0.08632757385943388
sonar,real,ABD-NB+Iso,15,0.6666666666666666,0.46100628024543494,0.18800093773884213
sonar,real,GNB,16,0.7142857142857143,1.475521228544045,0.27175097991647984
sonar,real,GNB+Platt,16,0.7142857142857143,0.5506766578939939,0.14125587500653952
sonar,real,GNB+Iso,16,0.7142857142857143,0.5034520750215942,0.17442644356371542
sonar,real,ABD-NB,16,0.7142857142857143,1.3692698808717423,0.29250166488287926
sonar,real,ABD-NB+Platt,16,0.7142857142857143,0.5519259796344741,0.11712762958055858
sonar,real,ABD-NB+Iso,16,0.7142857142857143,0.48797127757065906,0.19198714516985052
sonar,real,GNB,17,0.6666666666666666,1.8879413712977715,0.3142470661709749
sonar,real,GNB+Platt,17,0.6666666666666666,0.625631777540595,0.11989821542478983
sonar,real,GNB+Iso,17,0.6666666666666666,0.5514050648528359,0.19145446087216872
sonar,real,ABD-NB,17,0.7142857142857143,1.702413970063285,0.3033934922439515
sonar,real,ABD-NB+Platt,17,0.6190476190476191,0.6051511235799312,0.18608530182268265
sonar,real,ABD-NB+Iso,17,0.6190476190476191,0.5500997589209342,0.24186766066356521
sonar,real,GNB,18,0.65,4.734592571744764,0.3438106051498143
sonar,real,GNB+Platt,18,0.65,0.6454676396912242,0.0717724128590177
sonar,real,GNB+Iso,18,0.7,0.6549112447189546,0.254738741769766
sonar,real,ABD-NB,18,0.65,3.9468487593159325,0.3593613692867029
sonar,real,ABD-NB+Platt,18,0.65,0.6433189353276811,0.0855652554243206
sonar,real,ABD-NB+Iso,18,0.7,0.66631627161511,0.19853636637249875
sonar,real,GNB,19,0.65,1.459011629770033,0.34329913571678716
sonar,real,GNB+Platt,19,0.65,0.5933349820388211,0.10546946969635407
sonar,real,GNB+Iso,19,0.8,0.4693201881793879,0.11651226206541296
sonar,real,ABD-NB,19,0.6,1.2709086498805644,0.3471197549485667
sonar,real,ABD-NB+Platt,19,0.6,0.6304239699135289,0.14905295964468715
sonar,real,ABD-NB+Iso,19,0.8,0.4887890618643304,0.2088053784214605
texture,real,GNB,0,0.7855361596009975,3.2077928743956923,0.20204832257064115
texture,real,GNB+Platt,0,0.7855361596009975,0.8717365758868153,0.09810286543855243
texture,real,GNB+Iso,0,0.7905236907730673,0.7171477223927384,0.059791202976237016
texture,real,ABD-NB,0,0.7955112219451371,1.0764552741918165,0.12659885725636894
texture,real,ABD-NB+Platt,0,0.7880299251870324,0.7852876458460857,0.08754625517344415
texture,real,ABD-NB+Iso,0,0.7980049875311721,0.660548098212061,0.026765162878173557
texture,real,GNB,1,0.7556109725685786,3.247525301362724,0.2220886667376722
texture,real,GNB+Platt,1,0.7556109725685786,0.922662781204604,0.11474050112465614
texture,real,GNB+Iso,1,0.7755610972568578,0.703237215019936,0.056155060858025255
texture,real,ABD-NB,1,0.7855361596009975,1.1345723673685661,0.12181188107765038
texture,real,ABD-NB+Platt,1,0.7955112219451371,0.7685336845120875,0.08288186615984536
texture,real,ABD-NB+Iso,1,0.7905236907730673,0.61938265137393,0.0336615864984737
texture,real,GNB,2,0.7680798004987531,3.033696632461827,0.20831471686982664
texture,real,GNB+Platt,2,0.7680798004987531,0.9017268158982154,0.08722067059316826
texture,real,GNB+Iso,2,0.7855361596009975,0.6604633424978761,0.051803645738766994
texture,real,ABD-NB,2,0.7905236907730673,1.0960893889429575,0.12327789236130687
texture,real,ABD-NB+Platt,2,0.7830423940149626,0.7944060638556264,0.08639007054212347
texture,real,ABD-NB+Iso,2,0.773067331670823,0.7194532894953544,0.05630825767119678
texture,real,GNB,3,0.7406483790523691,3.470540554200623,0.2371306776467122
texture,real,GNB+Platt,3,0.743142144638404,0.9768996170141154,0.11245417647493074
texture,real,GNB+Iso,3,0.7581047381546134,0.7125255121217247,0.05970216823496819
texture,real,ABD-NB,3,0.7780548628428927,1.2368149556053882,0.12855974823496047
texture,real,ABD-NB+Platt,3,0.7855361596009975,0.8236167154709667,0.052929871271815754
texture,real,ABD-NB+Iso,3,0.7805486284289277,0.8027764290250117,0.020908132766608654
texture,real,GNB,4,0.775,3.3465156050348046,0.20404875406700107
texture,real,GNB+Platt,4,0.775,0.9060879676290899,0.10944118498407193
texture,real,GNB+Iso,4,0.78,0.6703067071781226,0.03825831121897484
texture,real,ABD-NB,4,0.8075,1.06812463791506,0.12433022010398595
texture,real,ABD-NB+Platt,4,0.8075,0.7865553780311473,0.05732509957782747
texture,real,ABD-NB+Iso,4,0.805,0.5725920326801606,0.04548136705695562
texture,real,GNB,5,0.7875,2.7563936297034415,0.19577308297832768
texture,real,GNB+Platt,5,0.785,0.8623162840441203,0.09227980743825018
texture,real,GNB+Iso,5,0.8,0.596378642996573,0.06687534922242948
texture,real,ABD-NB,5,0.7975,0.9185363548766199,0.11107544436066402
texture,real,ABD-NB+Platt,5,0.805,0.6911349351577275,0.12167074235829113
texture,real,ABD-NB+Iso,5,0.82,0.5663423629657811,0.038862738241665605
texture,real,GNB,6,0.7825,3.216077956146429,0.19138740313705987
texture,real,GNB+Platt,6,0.7775,0.8755703252899711,0.0862997253183454
texture,real,GNB+Iso,6,0.785,0.6612146343319353,0.0436930660073042
texture,real,ABD-NB,6,0.7775,1.1925924481737205,0.13779398087126102
texture,real,ABD-NB+Platt,6,0.7825,0.7784549717183958,0.07565018763629833
texture,real,ABD-NB+Iso,6,0.7825,0.5992235259256983,0.028234703680106152
texture,real,GNB,7,0.755,3.1543866018040814,0.22377033947614625
texture,real,GNB+Platt,7,0.755,0.9410353795190519,0.11926240652280279
texture,real,GNB+Iso,7,0.7725,0.6726336428561759,0.05891789001535613
texture,real,ABD-NB,7,0.7925,1.098300418945173,0.132311436894276
texture,real,ABD-NB+Platt,7,0.7925,0.7848095425022376,0.10100926722076542
texture,real,ABD-NB+Iso,7,0.7975,0.6930260740752994,0.0457219028729617
texture,real,GNB,8,0.8,2.4985235434547404,0.18169739668385332
texture,real,GNB+Platt,8,0.8,0.8173839810728282,0.081343033734496
texture,real,GNB+Iso,8,0.8025,0.5912773762955232,0.036614933912218775
texture,real,ABD-NB,8,0.8225,0.9071366218878132,0.08858441427043065
texture,real,ABD-NB+Platt,8,0.835,0.6512442625307936,0.10890391960483722
texture,real,ABD-NB+Iso,8,0.8325,0.49647707310681793,0.044281719712097316
texture,real,GNB,9,0.805,2.4751406039598574,0.17157811977271878
texture,real,GNB+Platt,9,0.8025,0.7975545536282767,0.100175879742674
texture,real,GNB+Iso,9,0.795,0.5892956568415362,0.05627453872673435
texture,real,ABD-NB,9,0.8475,0.8143632713335152,0.07886949419954524
texture,real,ABD-NB+Platt,9,0.8375,0.6293011494187647,0.09113276903723774
texture,real,ABD-NB+Iso,9,0.8425,0.48534199652760734,0.04653287293234992
texture,real,GNB,10,0.7057356608478803,4.595436702523184,0.2651003662060938
texture,real,GNB+Platt,10,0.7007481296758105,1.1060205932103164,0.15754673817788378
texture,real,GNB+Iso,10,0.7231920199501247,0.8519093429301192,0.06222439081853269
texture,real,ABD-NB,10,0.7306733167082294,1.628400219077377,0.18126124122283976
texture,real,ABD-NB+Platt,10,0.7331670822942643,0.9317487285391954,0.0725798374025838
texture,real,ABD-NB+Iso,10,0.7556109725685786,0.8382534639835137,0.050734044356404225
texture,real,GNB,11,0.773067331670823,3.1679657470198155,0.20865034926437187
texture,real,GNB+Platt,11,0.7755610972568578,0.9199788143468021,0.0925095672640791
texture,real,GNB+Iso,11,0.7680798004987531,0.7360675769376173,0.03489607216530417
texture,real,ABD-NB,11,0.7855361596009975,1.2153053950231851,0.13665460485572636
texture,real,ABD-NB+Platt,11,0.7855361596009975,0.7769727480552344,0.08359346710019243
texture,real,ABD-NB+Iso,11,0.7855361596009975,0.712802500274544,0.04561318190478725
texture,real,GNB,12,0.7805486284289277,2.8522713596863025,0.19878511270308993
texture,real,GNB+Platt,12,0.7805486284289277,0.8745758017901774,0.08544968627944866
texture,real,GNB+Iso,12,0.770573566084788,0.6542385703621756,0.0537250342540285
texture,real,ABD-NB,12,0.800498753117207,0.9980837253358957,0.11255491059714194
texture,real,ABD-NB+Platt,12,0.7930174563591023,0.7465690343569646,0.10141528008411806
texture,real,ABD-NB+Iso,12,0.7980049875311721,0.5650991899357254,0.05669690924386329
texture,real,GNB,13,0.7980049875311721,2.914450258390171,0.17844871204377347
texture,real,GNB+Platt,13,0.7980049875311721,0.8238335150898688,0.07949305221065323
texture,real,GNB+Iso,13,0.8054862842892768,0.6045383113174227,0.05570970448351902
texture,real,ABD-NB,13,0.8079800498753117,0.9792945315586395,0.11728299788230429
texture,real,ABD-NB+Platt,13,0.8129675810473815,0.7370027750582764,0.08629505380521224
texture,real,ABD-NB+Iso,13,0.8054862842892768,0.5912790013540701,0.03839131533450056
texture,real,GNB,14,0.78,2.9648125694810368,0.1988615357828484
texture,real,GNB+Platt,14,0.7775,0.8779605088659018,0.09129537062679458
texture,real,GNB+Iso,14,0.79,0.6222069247319322,0.04778762860439726
texture,real,ABD-NB,14,0.8125,0.8795807466540236,0.10323427486315521
texture,real,ABD-NB+Platt,14,0.81,0.7298374564348196,0.1173164745314681
texture,real,ABD-NB+Iso,14,0.805,0.5914750203464639,0.02731292219206091
texture,real,GNB,15,0.7725,3.4291485986381476,0.2114803127765357
texture,real,GNB+Platt,15,0.7675,0.9176537236610006,0.09417504029221518
texture,real,GNB+Iso,15,0.76,0.7441815187271792,0.04049600542897215
texture,real,ABD-NB,15,0.78,1.3661129512004484,0.1346124282290912
texture,real,ABD-NB+Platt,15,0.7775,0.8258393553424438,0.08606474165165817
texture,real,ABD-NB+Iso,15,0.7675,0.6617385785994176,0.049892960572514494
texture,real,GNB,16,0.805,2.4998542980450575,0.1738934160260863
texture,real,GNB+Platt,16,0.8075,0.7905771489785367,0.10058615040532165
texture,real,GNB+Iso,16,0.8125,0.5847622965617713,0.049872739896405865
texture,real,ABD-NB,16,0.8325,0.8143543940718019,0.09071923557734009
texture,real,ABD-NB+Platt,16,0.8375,0.6657214052337582,0.09525767527242143
texture,real,ABD-NB+Iso,16,0.8275,0.6317781540503736,0.04324255947555873
texture,real,GNB,17,0.795,2.270998374991706,0.18737259416137445
texture,real,GNB+Platt,17,0.7975,0.8119663152684475,0.08134981975276312
texture,real,GNB+Iso,17,0.7925,0.5449109034065013,0.057115135451273696
texture,real,ABD-NB,17,0.8225,0.8115700651289061,0.09560752637518895
texture,real,ABD-NB+Platt,17,0.82,0.6553525467120322,0.09479044793475265
texture,real,ABD-NB+Iso,17,0.825,0.49144029411098633,0.06029654558150743
texture,real,GNB,18,0.79,2.843765794276469,0.19784388172360837
texture,real,GNB+Platt,18,0.79,0.8486395871073432,0.08907432203815231
texture,real,GNB+Iso,18,0.81,0.5864632929137855,0.043565178925107806
texture,real,ABD-NB,18,0.8075,0.9120039129584498,0.10911579407620554
texture,real,ABD-NB+Platt,18,0.815,0.7062034911376344,0.0797037054310078
texture,real,ABD-NB+Iso,18,0.815,0.5222336385757933,0.04181267728837048
texture,real,GNB,19,0.7775,2.8752523350872683,0.19836437794301992
texture,real,GNB+Platt,19,0.7775,0.8889285605850518,0.10167411378784061
texture,real,GNB+Iso,19,0.7925,0.6657440023016861,0.03916536278265209
texture,real,ABD-NB,19,0.825,0.980661779178449,0.09623991413341154
texture,real,ABD-NB+Platt,19,0.8225,0.7097075484595676,0.09576490388052833
texture,real,ABD-NB+Iso,19,0.8225,0.5992567981274234,0.04550352212760815
mfeat-karhunen,real,GNB,0,0.925,0.49210463597833354,0.07051741513869786
mfeat-karhunen,real,GNB+Platt,0,0.925,0.3758985357507513,0.06279372534976185
mfeat-karhunen,real,GNB+Iso,0,0.925,0.227562202832015,0.05475240772079601
mfeat-karhunen,real,ABD-NB,0,0.93,0.4186353361150897,0.05796068153687707
mfeat-karhunen,real,ABD-NB+Platt,0,0.93,0.3477547713250813,0.0423232119405671
mfeat-karhunen,real,ABD-NB+Iso,0,0.925,0.23497733768300524,0.04961217505430023
mfeat-karhunen,real,GNB,1,0.925,0.5917911539569706,0.06603071808156769
mfeat-karhunen,real,GNB+Platt,1,0.925,0.3509833973771913,0.04509232960461214
mfeat-karhunen,real,GNB+Iso,1,0.935,0.45479092927901954,0.04852128449590346
mfeat-karhunen,real,ABD-NB,1,0.92,0.577214342461066,0.06396300502625862
mfeat-karhunen,real,ABD-NB+Platt,1,0.925,0.3362725170704037,0.048652635939079224
mfeat-karhunen,real,ABD-NB+Iso,1,0.93,0.48182341798651124,0.049167120731667284
mfeat-karhunen,real,GNB,2,0.945,0.5642043172093093,0.04848194832388737
mfeat-karhunen,real,GNB+Platt,2,0.94,0.30731499969074116,0.05013591204738574
mfeat-karhunen,real,GNB+Iso,2,0.94,0.222614020009734,0.03502918352695059
mfeat-karhunen,real,ABD-NB,2,0.93,0.4720898509367944,0.054035873730823525
mfeat-karhunen,real,ABD-NB+Platt,2,0.935,0.31451521222500317,0.055830209636053625
mfeat-karhunen,real,ABD-NB+Iso,2,0.94,0.25570644492857,0.020902484741103636
mfeat-karhunen,real,GNB,3,0.94,0.41646645080740136,0.05391346601012179
mfeat-karhunen,real,GNB+Platt,3,0.94,0.3006438997270215,0.04190120658809522
mfeat-karhunen,real,GNB+Iso,3,0.935,0.2789980264634168,0.052280446230102154
mfeat-karhunen,real,ABD-NB,3,0.935,0.3247415982865646,0.05962158458433103
mfeat-karhunen,real,ABD-NB+Platt,3,0.935,0.30990288467321747,0.04156664125099231
mfeat-karhunen,real,ABD-NB+Iso,3,0.94,0.16133910581768127,0.048077011772196414
mfeat-karhunen,real,GNB,4,0.915,0.7835901723479267,0.07764408591324419
mfeat-karhunen,real,GNB+Platt,4,0.91,0.41500984938985097,0.05613831388470385
mfeat-karhunen,real,GNB+Iso,4,0.905,0.6385028487893443,0.04365541502293428
mfeat-karhunen,real,ABD-NB,4,0.915,0.6975153677926533,0.06804941822910796
mfeat-karhunen,real,ABD-NB+Platt,4,0.915,0.3935211492919497,0.03911772431463512
mfeat-karhunen,real,ABD-NB+Iso,4,0.91,0.6435179118314771,0.03929607265358395
mfeat-karhunen,real,GNB,5,0.94,0.5432718634323249,0.05208093334643466
mfeat-karhunen,real,GNB+Platt,5,0.935,0.3132369080902936,0.04672216368899841
mfeat-karhunen,real,GNB+Iso,5,0.94,0.3301936067691817,0.030533898918408638
mfeat-karhunen,real,ABD-NB,5,0.94,0.47840798568984616,0.05665958109529466
mfeat-karhunen,real,ABD-NB+Platt,5,0.935,0.3197902486796936,0.059188960070554894
mfeat-karhunen,real,ABD-NB+Iso,5,0.93,0.32845658993602334,0.03800176619404412
mfeat-karhunen,real,GNB,6,0.96,0.226877180043474,0.028260357959283312
mfeat-karhunen,real,GNB+Platt,6,0.96,0.16419437882636045,0.0791176158729425
mfeat-karhunen,real,GNB+Iso,6,0.96,0.2351346224159164,0.030404061890463668
mfeat-karhunen,real,ABD-NB,6,0.96,0.1905598155852028,0.02547979288487689
mfeat-karhunen,real,ABD-NB+Platt,6,0.955,0.16711902206525747,0.08298986898631479
mfeat-karhunen,real,ABD-NB+Iso,6,0.965,0.23432285014135867,0.03953737874711427
mfeat-karhunen,real,GNB,7,0.945,0.4472277992673284,0.045046556458213816
mfeat-karhunen,real,GNB+Platt,7,0.945,0.2701468598931446,0.06375524275235832
mfeat-karhunen,real,GNB+Iso,7,0.945,0.29238098334148277,0.035465025459276926
mfeat-karhunen,real,ABD-NB,7,0.95,0.3509537351834504,0.04169841312327949
mfeat-karhunen,real,ABD-NB+Platt,7,0.945,0.2633847891964295,0.05798739393964433
mfeat-karhunen,real,ABD-NB+Iso,7,0.945,0.29267855696722206,0.03056616761359941
mfeat-karhunen,real,GNB,8,0.92,0.652831716670114,0.06368531134804724
mfeat-karhunen,real,GNB+Platt,8,0.92,0.36655811753654755,0.047557298751660204
mfeat-karhunen,real,GNB+Iso,8,0.925,0.4845857435314077,0.030574625023638932
mfeat-karhunen,real,ABD-NB,8,0.925,0.5529535513677749,0.06656801230662093
mfeat-karhunen,real,ABD-NB+Platt,8,0.925,0.3736804237708676,0.025868689178916864
mfeat-karhunen,real,ABD-NB+Iso,8,0.925,0.3637142161159161,0.026799789122273168
mfeat-karhunen,real,GNB,9,0.935,0.23366140516709805,0.043656570870834036
mfeat-karhunen,real,GNB+Platt,9,0.94,0.26813594664273294,0.07288649709809482
mfeat-karhunen,real,GNB+Iso,9,0.95,0.16195467830992552,0.03201467287852963
mfeat-karhunen,real,ABD-NB,9,0.945,0.24356259171966244,0.03436756720757171
mfeat-karhunen,real,ABD-NB+Platt,9,0.945,0.2775474465013705,0.05929007887781808
mfeat-karhunen,real,ABD-NB+Iso,9,0.94,0.16707778213951116,0.03093878700758179
mfeat-karhunen,real,GNB,10,0.955,0.2340393319821537,0.039158987927003425
mfeat-karhunen,real,GNB+Platt,10,0.945,0.24878755798284097,0.06049541765967209
mfeat-karhunen,real,GNB+Iso,10,0.95,0.2640431944728134,0.04323167860366822
mfeat-karhunen,real,ABD-NB,10,0.945,0.2055326259604862,0.04607781199220185
mfeat-karhunen,real,ABD-NB+Platt,10,0.95,0.21771432589760864,0.06808740328761093
mfeat-karhunen,real,ABD-NB+Iso,10,0.94,0.2630622735174283,0.05392314881132746
mfeat-karhunen,real,GNB,11,0.945,0.463897654495381,0.049223856511763836
mfeat-karhunen,real,GNB+Platt,11,0.94,0.2665872423085025,0.06585799202067934
mfeat-karhunen,real,GNB+Iso,11,0.955,0.3130002437992331,0.03557960677116722
mfeat-karhunen,real,ABD-NB,11,0.945,0.4192426468504597,0.04459449052781004
mfeat-karhunen,real,ABD-NB+Platt,11,0.945,0.28361480809302686,0.05151204687846358
mfeat-karhunen,real,ABD-NB+Iso,11,0.945,0.3254313562788056,0.039860342101378315
mfeat-karhunen,real,GNB,12,0.94,0.4146237009628414,0.04896676789861201
mfeat-karhunen,real,GNB+Platt,12,0.94,0.3178496565109042,0.0401213146845137
mfeat-karhunen,real,GNB+Iso,12,0.945,0.18721078878100564,0.018772548936909713
mfeat-karhunen,real,ABD-NB,12,0.95,0.31163239023241085,0.04834665082892513
mfeat-karhunen,real,ABD-NB+Platt,12,0.95,0.292988023786259,0.03767191122609912
mfeat-karhunen,real,ABD-NB+Iso,12,0.95,0.170533369063755,0.017020457806378425
mfeat-karhunen,real,GNB,13,0.935,0.3567157107932436,0.05339728574374568
mfeat-karhunen,real,GNB+Platt,13,0.93,0.30128119785503343,0.0610621600250032
mfeat-karhunen,real,GNB+Iso,13,0.94,0.2095186853774567,0.04751466448392679
mfeat-karhunen,real,ABD-NB,13,0.945,0.345316847822135,0.05889048060489584
mfeat-karhunen,real,ABD-NB+Platt,13,0.945,0.3073432688906819,0.04248053524978736
mfeat-karhunen,real,ABD-NB+Iso,13,0.94,0.22024707012022737,0.04667892912842925
mfeat-karhunen,real,GNB,14,0.945,0.498835434818427,0.041261023134464135
mfeat-karhunen,real,GNB+Platt,14,0.94,0.2683687948552228,0.06381368360355098
mfeat-karhunen,real,GNB+Iso,14,0.935,0.43924472176302204,0.03860247080862731
mfeat-karhunen,real,ABD-NB,14,0.94,0.5028079869211014,0.05710928589577356
mfeat-karhunen,real,ABD-NB+Platt,14,0.94,0.3085879191632916,0.035569409932061924
mfeat-karhunen,real,ABD-NB+Iso,14,0.935,0.4750960329428116,0.02543889481669425
mfeat-karhunen,real,GNB,15,0.95,0.3538185592893834,0.0403987798332055
mfeat-karhunen,real,GNB+Platt,15,0.95,0.2712796557603177,0.03338697173374203
mfeat-karhunen,real,GNB+Iso,15,0.95,0.14710989366544383,0.03601502704388443
mfeat-karhunen,real,ABD-NB,15,0.96,0.30142061751224725,0.04431050226170618
mfeat-karhunen,real,ABD-NB+Platt,15,0.96,0.2519189618221516,0.05827287976295059
mfeat-karhunen,real,ABD-NB+Iso,15,0.95,0.17852911138630925,0.030109623442081554
mfeat-karhunen,real,GNB,16,0.92,0.435397858925612,0.06023847458580091
mfeat-karhunen,real,GNB+Platt,16,0.93,0.32147163590882094,0.048426462182530244
mfeat-karhunen,real,GNB+Iso,16,0.92,0.3377572961373032,0.036648939344784616
mfeat-karhunen,real,ABD-NB,16,0.92,0.4541067189839797,0.06622950870285356
mfeat-karhunen,real,ABD-NB+Platt,16,0.92,0.3488251064878471,0.05308011658124025
mfeat-karhunen,real,ABD-NB+Iso,16,0.92,0.3402231769100338,0.04640018364556429
mfeat-karhunen,real,GNB,17,0.91,0.8565505441985601,0.07246231299002495
mfeat-karhunen,real,GNB+Platt,17,0.92,0.40364781222445756,0.04056785057786441
mfeat-karhunen,real,GNB+Iso,17,0.915,0.6331523134913621,0.04162044227588503
mfeat-karhunen,real,ABD-NB,17,0.91,0.74636109997209,0.06315091864983144
mfeat-karhunen,real,ABD-NB+Platt,17,0.92,0.4026780091116642,0.04118658278394213
mfeat-karhunen,real,ABD-NB+Iso,17,0.92,0.6373890341967114,0.047098600836911635
mfeat-karhunen,real,GNB,18,0.925,0.6387235252661996,0.07381811951905376
mfeat-karhunen,real,GNB+Platt,18,0.925,0.3650980694170228,0.03960311443423285
mfeat-karhunen,real,GNB+Iso,18,0.925,0.3467207142771896,0.0322902492380274
mfeat-karhunen,real,ABD-NB,18,0.91,0.528323609491244,0.0772424159626407
mfeat-karhunen,real,ABD-NB+Platt,18,0.905,0.36855768981707854,0.034864161389200135
mfeat-karhunen,real,ABD-NB+Iso,18,0.92,0.3390383518158637,0.041733980669836024
mfeat-karhunen,real,GNB,19,0.925,0.5692543290251776,0.06266966149519106
mfeat-karhunen,real,GNB+Platt,19,0.925,0.3485255447582461,0.048293521977353884
mfeat-karhunen,real,GNB+Iso,19,0.935,0.36367883181314603,0.02484073960807903
mfeat-karhunen,real,ABD-NB,19,0.93,0.4115645718440764,0.05655531995290823
mfeat-karhunen,real,ABD-NB+Platt,19,0.93,0.3325678146849201,0.046232012707039055
mfeat-karhunen,real,ABD-NB+Iso,19,0.925,0.3451212344310949,0.019566155588574115
spambase,real,GNB,0,0.8275,4.012048867859272,0.17016288691335074
spambase,real,GNB+Platt,0,0.8225,0.384425490104271,0.024578706460497538
spambase,real,GNB+Iso,0,0.895,0.2759346996763494,0.02612654624007455
spambase,real,ABD-NB,0,0.8225,3.400163450771197,0.17750131803537808
spambase,real,ABD-NB+Platt,0,0.8375,0.37328295804970923,0.03216563191999976
spambase,real,ABD-NB+Iso,0,0.8925,0.2705323777500921,0.036827753670827745
spambase,real,GNB,1,0.8,4.868280116243231,0.20089052499900925
spambase,real,GNB+Platt,1,0.8025,0.42297515127865515,0.01869707571161262
spambase,real,GNB+Iso,1,0.895,0.2884508227727569,0.03619099586120503
spambase,real,ABD-NB,1,0.7925,4.185450057110702,0.20783776108610474
spambase,real,ABD-NB+Platt,1,0.815,0.41142722985489144,0.015244033197452328
spambase,real,ABD-NB+Iso,1,0.89,0.28612399847745523,0.03171503453304199
spambase,real,GNB,2,0.84,3.586775121645728,0.15836927652191873
spambase,real,GNB+Platt,2,0.8525,0.3679817113821177,0.041954329299630465
spambase,real,GNB+Iso,2,0.935,0.21481946716148506,0.06843422126363914
spambase,real,ABD-NB,2,0.8275,3.1448083969304697,0.17241335514376951
spambase,real,ABD-NB+Platt,2,0.85,0.37433918494803536,0.050178198419734504
spambase,real,ABD-NB+Iso,2,0.935,0.22025463380609203,0.06416087188256331
spambase,real,GNB,3,0.8225,4.384170954986161,0.1773532088672578
spambase,real,GNB+Platt,3,0.8225,0.3934935433543849,0.016465520631200152
spambase,real,GNB+Iso,3,0.885,0.2906992418171028,0.037225727743855554
spambase,real,ABD-NB,3,0.8225,3.818053012782646,0.17728518706558602
spambase,real,ABD-NB+Platt,3,0.8225,0.3948118949223361,0.01606530322474193
spambase,real,ABD-NB+Iso,3,0.8725,0.29051623499595197,0.03674791939076426
spambase,real,GNB,4,0.8125,4.195742811143251,0.1834744353849194
spambase,real,GNB+Platt,4,0.825,0.4150459242830597,0.01960292449229313
spambase,real,GNB+Iso,4,0.8975,0.30271365931129623,0.025159045978964092
spambase,real,ABD-NB,4,0.81,3.5135817898849906,0.19162495106719277
spambase,real,ABD-NB+Platt,4,0.82,0.41046944498118365,0.029975165423693776
spambase,real,ABD-NB+Iso,4,0.905,0.30393117638059935,0.041828789313724773
spambase,real,GNB,5,0.835,3.747746104034402,0.1635950716519272
spambase,real,GNB+Platt,5,0.8375,0.3599941725802063,0.04772852993320853
spambase,real,GNB+Iso,5,0.93,0.23771490553397875,0.037783121205882064
spambase,real,ABD-NB,5,0.8325,3.0834373765050556,0.1674834506834507
spambase,real,ABD-NB+Platt,5,0.84,0.3598755714424789,0.05298049870888802
spambase,real,ABD-NB+Iso,5,0.92,0.21975367140491595,0.04229262375687975
spambase,real,GNB,6,0.835,3.3483361687624806,0.16103199858528225
spambase,real,GNB+Platt,6,0.84,0.37279856906002495,0.0242132219257047
spambase,real,GNB+Iso,6,0.885,0.29838383806033525,0.025049108829640863
spambase,real,ABD-NB,6,0.845,2.938076097106156,0.15326922455860062
spambase,real,ABD-NB+Platt,6,0.8475,0.3657716559843945,0.03605450686342618
spambase,real,ABD-NB+Iso,6,0.8875,0.29018105076855244,0.03054645089456404
spambase,real,GNB,7,0.8225,3.979767652172147,0.17750278616705917
spambase,real,GNB+Platt,7,0.8325,0.37504648463346546,0.02201905380456194
spambase,real,GNB+Iso,7,0.9075,0.26648025249130486,0.030825246062568028
spambase,real,ABD-NB,7,0.82,3.5441230360149816,0.18015163171179688
spambase,real,ABD-NB+Platt,7,0.8275,0.3803974095417422,0.04482000152789777
spambase,real,ABD-NB+Iso,7,0.9,0.26577863733031876,0.028826581813143716
spambase,real,GNB,8,0.81,4.1642363713945585,0.18844734215436673
spambase,real,GNB+Platt,8,0.8225,0.3883143812516802,0.02173620296910926
spambase,real,GNB+Iso,8,0.9125,0.2541945792948509,0.051078770985020866
spambase,real,ABD-NB,8,0.8125,3.5342871820713095,0.1840895623430768
spambase,real,ABD-NB+Platt,8,0.8325,0.38234177678441206,0.04147447046663176
spambase,real,ABD-NB+Iso,8,0.9075,0.25028564125612623,0.03714846927663159
spambase,real,GNB,9,0.8175,4.302970596394807,0.183665754125278
spambase,real,GNB+Platt,9,0.82,0.40509230025269616,0.016878162626187115
spambase,real,GNB+Iso,9,0.9175,0.2673232228468402,0.03920112708748463
spambase,real,ABD-NB,9,0.815,3.635430745950141,0.18432755812589607
spambase,real,ABD-NB+Platt,9,0.8275,0.39947025083520005,0.014248380606077823
spambase,real,ABD-NB+Iso,9,0.9075,0.26706062136858416,0.02687940643425949
spambase,real,GNB,10,0.855,3.347044971251541,0.14125680573872224
spambase,real,GNB+Platt,10,0.8625,0.3450261956437953,0.05198088252734886
spambase,real,GNB+Iso,10,0.9175,0.2507166578084467,0.028250387756011512
spambase,real,ABD-NB,10,0.845,2.8875593031956424,0.15425790839240824
spambase,real,ABD-NB+Platt,10,0.8625,0.35088282700985884,0.0580481754331687
spambase,real,ABD-NB+Iso,10,0.9125,0.2540728231957219,0.026248361905798254
spambase,real,GNB,11,0.8275,3.812864734288787,0.17204182593260958
spambase,real,GNB+Platt,11,0.83,0.3830960404448055,0.0225112042812525
spambase,real,GNB+Iso,11,0.89,0.271366431062695,0.04060159093929479
spambase,real,ABD-NB,11,0.8225,3.375379642594038,0.17485736564430357
spambase,real,ABD-NB+Platt,11,0.845,0.382474877658141,0.03494935434884903
spambase,real,ABD-NB+Iso,11,0.91,0.26791647555796994,0.030567133064980784
spambase,real,GNB,12,0.795,4.764365618294888,0.20561242953188255
spambase,real,GNB+Platt,12,0.7975,0.4156905148028639,0.037971792512190565
spambase,real,GNB+Iso,12,0.895,0.2800796961383595,0.023781347693107947
spambase,real,ABD-NB,12,0.785,4.0046335421406996,0.20950958500234115
spambase,real,ABD-NB+Platt,12,0.8,0.4135282327144158,0.0340450496929961
spambase,real,ABD-NB+Iso,12,0.905,0.2687444566732235,0.019675265178552573
spambase,real,GNB,13,0.8375,3.276459601536952,0.16125326604421578
spambase,real,GNB+Platt,13,0.8375,0.3669235798931067,0.042657451751642414
spambase,real,GNB+Iso,13,0.93,0.20771959826759193,0.056082424010486145
spambase,real,ABD-NB,13,0.8425,2.8558145266888006,0.15609790718401703
spambase,real,ABD-NB+Platt,13,0.85,0.3583080983853389,0.05600025977822407
spambase,real,ABD-NB+Iso,13,0.93,0.21854654526055609,0.048653586352816455
spambase,real,GNB,14,0.8375,3.5788963072186415,0.16451589075517456
spambase,real,GNB+Platt,14,0.8525,0.3680079247122889,0.03999014754358991
spambase,real,GNB+Iso,14,0.9225,0.2474417525304678,0.03830398976373085
spambase,real,ABD-NB,14,0.8225,3.277996836386194,0.17677856551197713
spambase,real,ABD-NB+Platt,14,0.8375,0.37825491399083566,0.03321701352321742
spambase,real,ABD-NB+Iso,14,0.9175,0.25341122867447274,0.028491634522303196
spambase,real,GNB,15,0.8425,3.665273421928012,0.15692965098400713
spambase,real,GNB+Platt,15,0.845,0.38488619553839487,0.05122588874358065
spambase,real,GNB+Iso,15,0.89,0.3149525268058167,0.051267423639515815
spambase,real,ABD-NB,15,0.8375,3.217071060095703,0.16104237284292988
spambase,real,ABD-NB+Platt,15,0.8425,0.3884251264614431,0.04512097216908726
spambase,real,ABD-NB+Iso,15,0.89,0.30717540643794977,0.03419444648483898
spambase,real,GNB,16,0.815,4.173105916289062,0.18368025038431854
spambase,real,GNB+Platt,16,0.8275,0.3976857352603977,0.01831259621395035
spambase,real,GNB+Iso,16,0.9025,0.2737723574929051,0.04015798083931227
spambase,real,ABD-NB,16,0.81,3.6059426916221913,0.18799160146179744
spambase,real,ABD-NB+Platt,16,0.8225,0.40148955020699456,0.015417793275884852
spambase,real,ABD-NB+Iso,16,0.89,0.28584039222013535,0.0325125088708587
spambase,real,GNB,17,0.81,4.555809141941826,0.18930682081898395
spambase,real,GNB+Platt,17,0.815,0.39646796189293,0.02980366485019099
spambase,real,GNB+Iso,17,0.9075,0.24993929716659224,0.038973018398054934
spambase,real,ABD-NB,17,0.8,3.8591549629988924,0.19829565328136706
spambase,real,ABD-NB+Platt,17,0.81,0.39540855536881053,0.0343412502801815
spambase,real,ABD-NB+Iso,17,0.915,0.24518090397606676,0.03961804521795444
spambase,real,GNB,18,0.7975,4.764345956161809,0.20474405795944467
spambase,real,GNB+Platt,18,0.7975,0.4401277474676092,0.024823009329013605
spambase,real,GNB+Iso,18,0.895,0.32012496409681757,0.023700543528384813
spambase,real,ABD-NB,18,0.8125,3.727107291827304,0.18841005099995128
spambase,real,ABD-NB+Platt,18,0.8225,0.40801030446981273,0.009087138292886647
spambase,real,ABD-NB+Iso,18,0.895,0.30420088163367764,0.03047049148600295
spambase,real,GNB,19,0.8275,4.263339678430645,0.17212470326355966
spambase,real,GNB+Platt,19,0.8325,0.38148127994794234,0.01734946751235948
spambase,real,GNB+Iso,19,0.9075,0.24980194517496365,0.03738555288374505
spambase,real,ABD-NB,19,0.82,3.588897919512591,0.1777655536981748
spambase,real,ABD-NB+Platt,19,0.8325,0.38393439393392836,0.030551951793254796
spambase,real,ABD-NB+Iso,19,0.925,0.2430772672134011,0.0465447630105136
magic,real,GNB,0,0.705,1.4232106440431542,0.2401133366625116
magic,real,GNB+Platt,0,0.7025,0.6013164145086878,0.04614726078945791
magic,real,GNB+Iso,0,0.705,0.5766401753235538,0.039518618895355614
magic,real,ABD-NB,0,0.72,1.0734598671158104,0.20608048048850847
magic,real,ABD-NB+Platt,0,0.71,0.5917792029085442,0.0739336919406561
magic,real,ABD-NB+Iso,0,0.7175,0.5814214455987965,0.06831169260400957
magic,real,GNB,1,0.7075,1.1576699462261053,0.23546384353041053
magic,real,GNB+Platt,1,0.71,0.5873351292715385,0.0423523981824422
magic,real,GNB+Iso,1,0.7175,0.6193249479142486,0.05950853876918474
magic,real,ABD-NB,1,0.7125,0.8720664985866163,0.20835790267487003
magic,real,ABD-NB+Platt,1,0.7175,0.5785794786478285,0.04112807009880582
magic,real,ABD-NB+Iso,1,0.7125,0.5562710789833472,0.04324820164211384
magic,real,GNB,2,0.7575,0.89923376032579,0.16741984618425082
magic,real,GNB+Platt,2,0.765,0.5299047426563303,0.046510955437678705
magic,real,GNB+Iso,2,0.7525,0.5305665782806404,0.0612366076453855
magic,real,ABD-NB,2,0.765,0.7062761376471086,0.1415195521226808
magic,real,ABD-NB+Platt,2,0.765,0.5160350431038957,0.037428431596382206
magic,real,ABD-NB+Iso,2,0.77,0.5195285712464718,0.07470856979430648
magic,real,GNB,3,0.7425,0.9188243166586126,0.20076607279845993
magic,real,GNB+Platt,3,0.745,0.5473949068101492,0.04187003948186103
magic,real,GNB+Iso,3,0.745,0.5048836927589402,0.04554029807705654
magic,real,ABD-NB,3,0.745,0.7137375273628429,0.1753121258550832
magic,real,ABD-NB+Platt,3,0.7475,0.5311773147742794,0.060671477270729385
magic,real,ABD-NB+Iso,3,0.7475,0.5006661086855219,0.023600034025130723
magic,real,GNB,4,0.7575,0.8063957472802998,0.18124744682456173
magic,real,GNB+Platt,4,0.765,0.5231819680759119,0.07922167899177288
magic,real,GNB+Iso,4,0.77,0.49306520335887233,0.04871687474764469
magic,real,ABD-NB,4,0.76,0.6504413029533813,0.1615563004299102
magic,real,ABD-NB+Platt,4,0.77,0.509891873377407,0.08070627993254431
magic,real,ABD-NB+Iso,4,0.775,0.5505057620025602,0.030483818169070805
magic,real,GNB,5,0.715,1.1100754686322472,0.22323319167649938
magic,real,GNB+Platt,5,0.715,0.581421718033091,0.034087438543714293
magic,real,GNB+Iso,5,0.73,0.5305292759460223,0.03590961759032569
magic,real,ABD-NB,5,0.7225,0.8203772609446657,0.19239957717221648
magic,real,ABD-NB+Platt,5,0.72,0.5720441182550773,0.03899328594448074
magic,real,ABD-NB+Iso,5,0.7225,0.530043347499986,0.05288804419324034
magic,real,GNB,6,0.7275,0.9282001135545177,0.2211335547428442
magic,real,GNB+Platt,6,0.725,0.5642601800357462,0.02744768065460416
magic,real,GNB+Iso,6,0.725,0.5069217207447648,0.04076793717191034
magic,real,ABD-NB,6,0.7325,0.7220341440489713,0.18281006226641416
magic,real,ABD-NB+Platt,6,0.7375,0.5523962733609934,0.03644914164051247
magic,real,ABD-NB+Iso,6,0.7425,0.5111207277619407,0.0482311353892868
magic,real,GNB,7,0.7775,0.7958946699330659,0.16380870787114393
magic,real,GNB+Platt,7,0.775,0.5082929919041153,0.07521594712281432
magic,real,GNB+Iso,7,0.7725,0.4727012687104808,0.03397958169634452
magic,real,ABD-NB,7,0.775,0.6395461773610088,0.13592055879799655
magic,real,ABD-NB+Platt,7,0.79,0.48809255067755614,0.05646386529246912
magic,real,ABD-NB+Iso,7,0.7825,0.5243396263652651,0.04370890937120365
magic,real,GNB,8,0.74,0.92694398759308,0.20624757989968778
magic,real,GNB+Platt,8,0.74,0.5549291449540622,0.047634896508946076
magic,real,GNB+Iso,8,0.73,0.507341519489267,0.03031385293055365
magic,real,ABD-NB,8,0.73,0.7041136339923042,0.18078748387605026
magic,real,ABD-NB+Platt,8,0.7425,0.5411188915495216,0.06200906719522208
magic,real,ABD-NB+Iso,8,0.7325,0.5059121454119803,0.03157465790960813
magic,real,GNB,9,0.7425,0.9396860350397944,0.20073383246967333
magic,real,GNB+Platt,9,0.7425,0.5427167181880281,0.04619486805331936
magic,real,GNB+Iso,9,0.74,0.5005958024282341,0.046000658359645556
magic,real,ABD-NB,9,0.7675,0.7340273115658824,0.16322733879034354
magic,real,ABD-NB+Platt,9,0.7625,0.5262369636533806,0.020173930016258754
magic,real,ABD-NB+Iso,9,0.75,0.49741234459426914,0.03562139962966464
magic,real,GNB,10,0.7775,1.0365471639441841,0.16559665800875392
magic,real,GNB+Platt,10,0.7775,0.5082457092176429,0.05546624262982181
magic,real,GNB+Iso,10,0.785,0.5081431278031677,0.0608323141113348
magic,real,ABD-NB,10,0.785,0.7719258828605959,0.13619171090020374
magic,real,ABD-NB+Platt,10,0.7825,0.4974259126153011,0.04431561393287874
magic,real,ABD-NB+Iso,10,0.7875,0.5011081676191332,0.06243269292866921
magic,real,GNB,11,0.7275,0.920137105791055,0.19989792510201246
magic,real,GNB+Platt,11,0.7275,0.5546286601648872,0.046152143474259985
magic,real,GNB+Iso,11,0.7375,0.5075100308658735,0.030656917803000172
magic,real,ABD-NB,11,0.7375,0.7120872920188617,0.16898118521156083
magic,real,ABD-NB+Platt,11,0.74,0.5356736866517824,0.0531461967295603
magic,real,ABD-NB+Iso,11,0.7425,0.5080987724818087,0.024098321131982237
magic,real,GNB,12,0.7125,1.1741884758824674,0.23737366597777254
magic,real,GNB+Platt,12,0.7125,0.5909026700856426,0.04941735501695752
magic,real,GNB+Iso,12,0.695,0.542603878736663,0.06614894583012365
magic,real,ABD-NB,12,0.7125,0.8784116327510961,0.2098729221835172
magic,real,ABD-NB+Platt,12,0.7325,0.5750850265811978,0.059691143453520515
magic,real,ABD-NB+Iso,12,0.7125,0.5383255169808244,0.04594591517663135
magic,real,GNB,13,0.7325,1.0846331072458917,0.21181124800596585
magic,real,GNB+Platt,13,0.7375,0.562403024108558,0.05781206327349477
magic,real,GNB+Iso,13,0.7325,0.5858437008833544,0.048738315771568536
magic,real,ABD-NB,13,0.7325,0.8121753294308515,0.17870628548087267
magic,real,ABD-NB+Platt,13,0.7475,0.55044603866149,0.05118055333407367
magic,real,ABD-NB+Iso,13,0.74,0.5245956283054017,0.03635242922085415
magic,real,GNB,14,0.7375,0.9182227895969498,0.20657553148714985
magic,real,GNB+Platt,14,0.735,0.5516867454452022,0.04507089013055411
magic,real,GNB+Iso,14,0.7525,0.520711886650575,0.030724313643703958
magic,real,ABD-NB,14,0.7475,0.7424605930614686,0.16947462504748334
magic,real,ABD-NB+Platt,14,0.7425,0.537823584998239,0.052217218530463815
magic,real,ABD-NB+Iso,14,0.7425,0.5223594937458255,0.037081321439507035
magic,real,GNB,15,0.7425,0.9819450256410528,0.1858545958706452
magic,real,GNB+Platt,15,0.745,0.5460612361741967,0.027650878831850793
magic,real,GNB+Iso,15,0.73,0.5126541919592735,0.061688340329413505
magic,real,ABD-NB,15,0.7425,0.7584892319510408,0.17009671329122686
magic,real,ABD-NB+Platt,15,0.755,0.5350798803377051,0.03781007171521525
magic,real,ABD-NB+Iso,15,0.7475,0.510422703821389,0.04642868388496935
magic,real,GNB,16,0.7425,0.876209506418381,0.1947601984905405
magic,real,GNB+Platt,16,0.7425,0.5436634899934514,0.0552531893982912
magic,real,GNB+Iso,16,0.7425,0.5004307771571983,0.03183271115944776
magic,real,ABD-NB,16,0.7525,0.6720481213864674,0.1599726357328537
magic,real,ABD-NB+Platt,16,0.7525,0.527957717226957,0.02893003462343053
magic,real,ABD-NB+Iso,16,0.7525,0.49390223176828846,0.0215863890900734
magic,real,GNB,17,0.7275,1.0274081431169606,0.21017009659452054
magic,real,GNB+Platt,17,0.7275,0.5624100165569645,0.020575039820071656
magic,real,GNB+Iso,17,0.7275,0.534941109472398,0.032382768795365
magic,real,ABD-NB,17,0.74,0.8116796823219724,0.1681331682768102
magic,real,ABD-NB+Platt,17,0.735,0.550384220437931,0.02252033042894547
magic,real,ABD-NB+Iso,17,0.7375,0.6445405557412818,0.048457115131712386
magic,real,GNB,18,0.74,0.9322509769559314,0.2028769772268976
magic,real,GNB+Platt,18,0.7375,0.5571404734985048,0.018073240305118008
magic,real,GNB+Iso,18,0.745,0.5282575016623183,0.07833292944410106
magic,real,ABD-NB,18,0.745,0.7276539711037985,0.17219123824921584
magic,real,ABD-NB+Platt,18,0.7475,0.5444173403680903,0.04325725090091941
magic,real,ABD-NB+Iso,18,0.7425,0.5239651010773537,0.05202540131258891
magic,real,GNB,19,0.7275,0.938461533976625,0.21854173843629435
magic,real,GNB+Platt,19,0.7275,0.5623931855574358,0.02859080825700307
magic,real,GNB+Iso,19,0.7425,0.5129908808121929,0.047024176103594766
magic,real,ABD-NB,19,0.745,0.7226834374387426,0.17789474854503698
magic,real,ABD-NB+Platt,19,0.74,0.544075353654317,0.029980923239065496
magic,real,ABD-NB+Iso,19,0.7425,0.5123604926128372,0.0460274644659863
iris-red,augmented,GNB,0,1.0,9.004274232135406e-05,8.998256047376696e-05
iris-red,augmented,GNB+Platt,0,1.0,0.10006588361161652,0.09518778868018574
iris-red,augmented,GNB+Iso,0,1.0,0.017774510108746398,0.015616493414448276
iris-red,augmented,ABD-NB,0,1.0,0.0014258694602455372,0.0014130791770187168
iris-red,augmented,ABD-NB+Platt,0,1.0,0.09276111768848048,0.08856896925661328
iris-red,augmented,ABD-NB+Iso,0,1.0,0.00906800232407371,0.008478323641134034
iris-red,augmented,GNB,1,0.9333333333333333,0.20732790488798317,0.08319275290036218
iris-red,augmented,GNB+Platt,1,0.8666666666666667,0.22249045228096256,0.1652646893120192
iris-red,augmented,GNB+Iso,1,0.8666666666666667,0.2033890817879115,0.08026998009621009
iris-red,augmented,ABD-NB,1,0.9333333333333333,0.09661542910705734,0.06272050448299588
iris-red,augmented,ABD-NB+Platt,1,0.9333333333333333,0.2139608432168894,0.16628050527395197
iris-red,augmented,ABD-NB+Iso,1,0.8,0.2577497660637423,0.1227250537493493
iris-red,augmented,GNB,2,1.0,8.421213694768107e-07,8.421160567761987e-07
iris-red,augmented,GNB+Platt,2,1.0,0.10884169617340125,0.10307517999906213
iris-red,augmented,GNB+Iso,2,1.0,0.0003486691499897223,0.00034775896113359295
iris-red,augmented,ABD-NB,2,1.0,0.00011077118875118081,0.00011068118618162703
iris-red,augmented,ABD-NB+Platt,2,1.0,0.10246953049853944,0.09735352529854435
iris-red,augmented,ABD-NB+Iso,2,1.0,2.220446049250313e-16,0.0
iris-red,augmented,GNB,3,0.9333333333333333,0.40373375641966786,0.06650975402902759
iris-red,augmented,GNB+Platt,3,0.9333333333333333,0.2777943288566286,0.025614864802319226
iris-red,augmented,GNB+Iso,3,0.9333333333333333,0.17112970485700554,0.06154868832964468
iris-red,augmented,ABD-NB,3,0.9333333333333333,0.2437869014287932,0.06481904032094887
iris-red,augmented,ABD-NB+Platt,3,0.9333333333333333,0.2758143999426643,0.016370156469606933
iris-red,augmented,ABD-NB+Iso,3,0.9333333333333333,0.16301691873498,0.060886391450206565
iris-red,augmented,GNB,4,1.0,0.004407676510122286,0.004281021280236108
iris-red,augmented,GNB+Platt,4,1.0,0.11179134877410221,0.10559016988219226
iris-red,augmented,GNB+Iso,4,0.9333333333333333,0.0926492779287467,0.07407407407407408
iris-red,augmented,ABD-NB,4,1.0,0.0159697633690344,0.014561763736190182
iris-red,augmented,ABD-NB+Platt,4,1.0,0.1051518915989062,0.09968764682880737
iris-red,augmented,ABD-NB+Iso,4,1.0,0.038330808061340454,0.03429836057451409
iris-red,augmented,GNB,5,1.0,0.011070338477437837,0.010556455992013655
iris-red,augmented,GNB+Platt,5,1.0,0.11595804971922928,0.10921796629271241
iris-red,augmented,GNB+Iso,5,1.0,0.0828204435516485,0.0662465748715487
iris-red,augmented,ABD-NB,5,1.0,0.040096892713942615,0.0346079397245423
iris-red,augmented,ABD-NB+Platt,5,1.0,0.1169744823816136,0.10946058624027097
iris-red,augmented,ABD-NB+Iso,5,1.0,0.07875901410165047,0.06394155983239441
iris-red,augmented,GNB,6,0.8666666666666667,1.4745680773490042,0.13331077812132242
iris-red,augmented,GNB+Platt,6,0.8666666666666667,0.47080287777415547,0.040959316064240636
iris-red,augmented,GNB+Iso,6,0.8666666666666667,3.6874443812510402,0.13010319845058949
iris-red,augmented,ABD-NB,6,0.8666666666666667,0.6914871279879556,0.13233616565543516
iris-red,augmented,ABD-NB+Platt,6,0.8666666666666667,0.4851607473519625,0.05356548375315906
iris-red,augmented,ABD-NB+Iso,6,0.8666666666666667,2.1867031987144783,0.13295418273164972
iris-red,augmented,GNB,7,0.9333333333333333,0.5531819279712956,0.066650061204374
iris-red,augmented,GNB+Platt,7,0.9333333333333333,0.2924040875860929,0.017858458784159925
iris-red,augmented,GNB+Iso,7,0.9333333333333333,0.20296816251489508,0.06349206349206349
iris-red,augmented,ABD-NB,7,0.9333333333333333,0.3188888019872364,0.06610861226471854
iris-red,augmented,ABD-NB+Platt,7,0.9333333333333333,0.2819516388398625,0.013068680060825844
iris-red,augmented,ABD-NB+Iso,7,0.9333333333333333,0.16105430503757176,0.06071369519251055
iris-red,augmented,GNB,8,1.0,0.016122610863089172,0.014384718249487253
iris-red,augmented,GNB+Platt,8,1.0,0.13159368730287455,0.12021407595779113
iris-red,augmented,GNB+Iso,8,1.0,0.06790389847711789,0.05774979728226483
iris-red,augmented,ABD-NB,8,1.0,0.011878283744907557,0.011154236680357333
iris-red,augmented,ABD-NB+Platt,8,1.0,0.10335946246614913,0.09793236251680307
iris-red,augmented,ABD-NB+Iso,8,1.0,0.06150946192994409,0.04972174329997202
iris-red,augmented,GNB,9,1.0,1.2754715055050554e-05,1.2753519227137744e-05
iris-red,augmented,GNB+Platt,9,1.0,0.10211091330368963,0.09703447889604233
iris-red,augmented,GNB+Iso,9,1.0,0.0017406914933023466,0.0017181728237446459
iris-red,augmented,ABD-NB,9,1.0,0.00018508298947592016,0.000184900992552417
iris-red,augmented,ABD-NB+Platt,9,1.0,0.09403616655656029,0.08972788394117115
iris-red,augmented,ABD-NB+Iso,9,1.0,0.00249538239042228,0.0024492576754747697
iris-red,augmented,GNB,10,1.0,0.0021025176767194057,0.0020741210887571526
iris-red,augmented,GNB+Platt,10,1.0,0.112003296463291,0.10585219722522028
iris-red,augmented,GNB+Iso,10,1.0,0.028055888179179745,0.0250074046958235
iris-red,augmented,ABD-NB,10,1.0,0.007523806682654051,0.007257765008310361
iris-red,augmented,ABD-NB+Platt,10,1.0,0.10229555269011044,0.0971867850677326
iris-red,augmented,ABD-NB+Iso,10,1.0,0.030763440026072106,0.02784140738592647
iris-red,augmented,GNB,11,0.9333333333333333,0.0757529943422841,0.05215045317595355
iris-red,augmented,GNB+Platt,11,0.9333333333333333,0.15755464272224026,0.1303119572609383
iris-red,augmented,GNB+Iso,11,0.9333333333333333,0.08003256201502175,0.05731183593262569
iris-red,augmented,ABD-NB,11,0.9333333333333333,0.07311553205886316,0.054235940429400935
iris-red,augmented,ABD-NB+Platt,11,1.0,0.15295866166533587,0.13160662209178783
iris-red,augmented,ABD-NB+Iso,11,0.9333333333333333,0.08937500140805589,0.007583418506939414
iris-red,augmented,GNB,12,0.8666666666666667,0.5702210797820056,0.14499261873134844
iris-red,augmented,GNB+Platt,12,0.8666666666666667,0.47019101117733325,0.08328276947489945
iris-red,augmented,GNB+Iso,12,0.8666666666666667,0.29536246396781457,0.13306665830450964
iris-red,augmented,ABD-NB,12,0.8666666666666667,0.37829888000590944,0.13499527769866065
iris-red,augmented,ABD-NB+Platt,12,0.8,0.47473850781438254,0.09572116296681459
iris-red,augmented,ABD-NB+Iso,12,0.8666666666666667,0.2698772646067801,0.13387598662894323
iris-red,augmented,GNB,13,0.9333333333333333,0.7545584561009356,0.0832190996253086
iris-red,augmented,GNB+Platt,13,0.9333333333333333,0.3011369969221777,0.037680192538351635
iris-red,augmented,GNB+Iso,13,0.9333333333333333,1.8604959988944072,0.08276698964980223
iris-red,augmented,ABD-NB,13,0.9333333333333333,0.4501122444633176,0.07751374256521923
iris-red,augmented,ABD-NB+Platt,13,0.9333333333333333,0.2908799282120348,0.02333483789291122
iris-red,augmented,ABD-NB+Iso,13,0.9333333333333333,0.43183406082546144,0.0916871054350112
iris-red,augmented,GNB,14,1.0,7.964848582700618e-07,7.964826800321845e-07
iris-red,augmented,GNB+Platt,14,1.0,0.10028126678741954,0.09536271614307656
iris-red,augmented,GNB+Iso,14,1.0,0.001272889346440663,0.0012608231675751425
iris-red,augmented,ABD-NB,14,1.0,0.00012172230332838748,0.0001216605348945965
iris-red,augmented,ABD-NB+Platt,14,1.0,0.09469955474490681,0.09032445372301323
iris-red,augmented,ABD-NB+Iso,14,1.0,2.220446049250313e-16,0.0
iris-red,augmented,GNB,15,1.0,0.010710993703918183,0.01001781269633891
iris-red,augmented,GNB+Platt,15,1.0,0.11171161557356186,0.10495090657754362
iris-red,augmented,GNB+Iso,15,0.9333333333333333,0.06620047867295609,0.050246524718563126
iris-red,augmented,ABD-NB,15,1.0,0.025035128600202915,0.02132904308665461
iris-red,augmented,ABD-NB+Platt,15,1.0,0.10816458499496104,0.10112644568060557
iris-red,augmented,ABD-NB+Iso,15,1.0,0.05255105675940178,0.041856665690538405
iris-red,augmented,GNB,16,1.0,0.0006601731823487036,0.000657631653284585
iris-red,augmented,GNB+Platt,16,1.0,0.11717837805685247,0.11048384046454462
iris-red,augmented,GNB+Iso,16,1.0,0.023243878675976003,0.021665672295098075
iris-red,augmented,ABD-NB,16,1.0,0.0023073750850044943,0.0022876618365405
iris-red,augmented,ABD-NB+Platt,16,1.0,0.1005877503047062,0.0956464013729924
iris-red,augmented,ABD-NB+Iso,16,1.0,0.013403287775172095,0.012888751990085982
iris-red,augmented,GNB,17,1.0,6.493851520969496e-05,6.49073087392038e-05
iris-red,augmented,GNB+Platt,17,1.0,0.10184310537727913,0.09679348729574999
iris-red,augmented,GNB+Iso,17,1.0,0.008186038935475428,0.007725771965094526
iris-red,augmented,ABD-NB,17,1.0,0.0009419144085427904,0.0009363627202062519
iris-red,augmented,ABD-NB+Platt,17,1.0,0.09304066103522608,0.08882318971267755
iris-red,augmented,ABD-NB+Iso,17,1.0,0.007990124370838172,0.00755232359759587
iris-red,augmented,GNB,18,0.8666666666666667,1.5559742853007117,0.13332837474223547
iris-red,augmented,GNB+Platt,18,0.8666666666666667,0.486168848968989,0.046027431389029094
iris-red,augmented,GNB+Iso,18,0.8666666666666667,3.6841917197426906,0.13327778553566227
iris-red,augmented,ABD-NB,18,0.8666666666666667,0.7873560104883618,0.13264341239412425
iris-red,augmented,ABD-NB+Platt,18,0.8666666666666667,0.4719091042352988,0.04649772767698224
iris-red,augmented,ABD-NB+Iso,18,0.8666666666666667,1.9951795657528129,0.12662713175148269
iris-red,augmented,GNB,19,1.0,0.011587620563702744,0.010644955753337793
iris-red,augmented,GNB+Platt,19,1.0,0.1331272594891829,0.12113462229783559
iris-red,augmented,GNB+Iso,19,1.0,0.0393516069193017,0.035257880969310665
iris-red,augmented,ABD-NB,19,1.0,0.010815244773111526,0.010061584697085867
iris-red,augmented,ABD-NB+Platt,19,1.0,0.10436241809170098,0.09869139215142092
iris-red,augmented,ABD-NB+Iso,19,1.0,0.01962258674583758,0.018017282993988082
wine-red,augmented,GNB,0,1.0,8.057208294774681e-07,8.057158472629666e-07
wine-red,augmented,GNB+Platt,0,1.0,0.0850865605087392,0.08150208973111939
wine-red,augmented,GNB+Iso,0,1.0,0.006205381069951935,0.006176574828364645
wine-red,augmented,ABD-NB,0,1.0,0.00031330383439143156,0.0003128766804678662
wine-red,augmented,ABD-NB+Platt,0,1.0,0.08178081943247859,0.07846165054329868
wine-red,augmented,ABD-NB+Iso,0,1.0,0.007056950371316129,0.006683922525915344
wine-red,augmented,GNB,1,1.0,6.870220524159559e-06,6.869795939445922e-06
wine-red,augmented,GNB+Platt,1,1.0,0.14325043387111744,0.12816452966616015
wine-red,augmented,GNB+Iso,1,0.9444444444444444,0.04927966220165104,0.03614590968186498
wine-red,augmented,ABD-NB,1,1.0,0.0006655749323803752,0.0006616708380258185
wine-red,augmented,ABD-NB+Platt,1,1.0,0.14048424558513103,0.12599434135451207
wine-red,augmented,ABD-NB+Iso,1,1.0,0.0468808630624777,0.035995659130510886
wine-red,augmented,GNB,2,1.0,2.2510838031032526e-06,2.2510415469412237e-06
wine-red,augmented,GNB+Platt,2,1.0,0.0778445396592618,0.07481348019225453
wine-red,augmented,GNB+Iso,2,1.0,0.00881078431171071,0.008697459879174474
wine-red,augmented,ABD-NB,2,1.0,0.00015372473512630428,0.00015360775264106064
wine-red,augmented,ABD-NB+Platt,2,1.0,0.10270946192266345,0.09572940730162946
wine-red,augmented,ABD-NB+Iso,2,1.0,0.00763594729057523,0.007134416783865338
wine-red,augmented,GNB,3,1.0,0.00027093129700200136,0.00027027178281058273
wine-red,augmented,GNB+Platt,3,1.0,0.11054091147031679,0.09948587596085068
wine-red,augmented,GNB+Iso,3,1.0,0.0314691415178974,0.026520652070494408
wine-red,augmented,ABD-NB,3,1.0,0.004435328915990104,0.004264861852994382
wine-red,augmented,ABD-NB+Platt,3,1.0,0.10092729100194589,0.09405552801126305
wine-red,augmented,ABD-NB+Iso,3,1.0,0.030704052617441222,0.026644471306237774
wine-red,augmented,GNB,4,1.0,8.924358909448166e-09,8.924357919326553e-09
wine-red,augmented,GNB+Platt,4,1.0,0.0724539229463611,0.06985701141660669
wine-red,augmented,GNB+Iso,4,1.0,0.006196847721067945,0.006168121849355668
wine-red,augmented,ABD-NB,4,1.0,4.968339079592401e-05,4.9661464386341336e-05
wine-red,augmented,ABD-NB+Platt,4,1.0,0.07124750030558906,0.06872416599125991
wine-red,augmented,ABD-NB+Iso,4,1.0,0.00014689239645329812,0.0001466983711106984
wine-red,augmented,GNB,5,0.9444444444444444,0.2683297280681882,0.055111361647648294
wine-red,augmented,GNB+Platt,5,0.9444444444444444,0.12539420729574477,0.09967920643493808
wine-red,augmented,GNB+Iso,5,1.0,0.04427906928871493,0.033645917796495624
wine-red,augmented,ABD-NB,5,0.9444444444444444,0.10413028998251475,0.04706200085295559
wine-red,augmented,ABD-NB+Platt,5,0.9444444444444444,0.14909146657587577,0.10979474015756162
wine-red,augmented,ABD-NB+Iso,5,1.0,0.022675409802383,0.02006234607742828
wine-red,augmented,GNB,6,1.0,0.0002779272887578794,0.00027723330971496374
wine-red,augmented,GNB+Platt,6,1.0,0.09467272255363259,0.08715817495099312
wine-red,augmented,GNB+Iso,6,1.0,0.00627637580400392,0.00624685336710562
wine-red,augmented,ABD-NB,6,1.0,0.0012778703753858476,0.0012636451488311495
wine-red,augmented,ABD-NB+Platt,6,1.0,0.09634316993639552,0.08976031150886006
wine-red,augmented,ABD-NB+Iso,6,1.0,0.00922038916315999,0.008557928428968083
wine-red,augmented,GNB,7,0.8888888888888888,0.8602630314561295,0.10386555892942123
wine-red,augmented,GNB+Platt,7,0.9444444444444444,0.1617187169584217,0.12810284783486908
wine-red,augmented,GNB+Iso,7,0.9444444444444444,0.08457427003135645,0.020579161425364288
wine-red,augmented,ABD-NB,7,0.8888888888888888,0.4793446834842175,0.08391524732071044
wine-red,augmented,ABD-NB+Platt,7,0.9444444444444444,0.17916804961776936,0.13169728605947237
wine-red,augmented,ABD-NB+Iso,7,0.9444444444444444,0.1126475181688195,0.06019199014812178
wine-red,augmented,GNB,8,0.9411764705882353,0.9884968457418967,0.05881430223368278
wine-red,augmented,GNB+Platt,8,0.9411764705882353,0.26406433375891025,0.08093396830141886
wine-red,augmented,GNB+Iso,8,0.9411764705882353,0.5070466989857886,0.09802002191522101
wine-red,augmented,ABD-NB,8,0.9411764705882353,0.49704871460791156,0.05790515976899546
wine-red,augmented,ABD-NB+Platt,8,0.9411764705882353,0.2719674631645952,0.08801355632942963
wine-red,augmented,ABD-NB+Iso,8,0.9411764705882353,0.2775312561437428,0.09149257000783474
wine-red,augmented,GNB,9,0.9411764705882353,0.2035229713402133,0.056938400279524126
wine-red,augmented,GNB+Platt,9,0.9411764705882353,0.17033658357770387,0.13074150690386283
wine-red,augmented,GNB+Iso,9,0.9411764705882353,0.157962728821964,0.0655936292815189
wine-red,augmented,ABD-NB,9,0.9411764705882353,0.15799429796989878,0.0561861202159481
wine-red,augmented,ABD-NB+Platt,9,0.9411764705882353,0.1597665388765732,0.12348275402225303
wine-red,augmented,ABD-NB+Iso,9,0.9411764705882353,0.15861228043063835,0.07035184840244268
wine-red,augmented,GNB,10,1.0,0.036216623823575864,0.02661365347180174
wine-red,augmented,GNB+Platt,10,1.0,0.11906584327143722,0.10746281038314852
wine-red,augmented,GNB+Iso,10,1.0,0.03453096340020728,0.03136672650197182
wine-red,augmented,ABD-NB,10,1.0,0.01600629983520234,0.014098954419576296
wine-red,augmented,ABD-NB+Platt,10,1.0,0.1073837798771105,0.09896499841708269
wine-red,augmented,ABD-NB+Iso,10,1.0,0.023848791752560123,0.02104948735272104
wine-red,augmented,GNB,11,1.0,0.0017954604446391883,0.001766757815276132
wine-red,augmented,GNB+Platt,11,1.0,0.10766313189261821,0.09851238738011661
wine-red,augmented,GNB+Iso,11,0.9444444444444444,0.04554833672695847,0.034102118438397576
wine-red,augmented,ABD-NB,11,1.0,0.0026739897669822515,0.002611256226803693
wine-red,augmented,ABD-NB+Platt,11,1.0,0.10146338591872989,0.09399568830827751
wine-red,augmented,ABD-NB+Iso,11,1.0,0.011067876109302256,0.010035102114900187
wine-red,augmented,GNB,12,0.9444444444444444,0.3244566272622985,0.0658404431571987
wine-red,augmented,GNB+Platt,12,0.8888888888888888,0.1943276210893129,0.14229181606921726
wine-red,augmented,GNB+Iso,12,0.8888888888888888,0.2514564644391256,0.11984311870191154
wine-red,augmented,ABD-NB,12,0.9444444444444444,0.24022204465981156,0.07619936487546879
wine-red,augmented,ABD-NB+Platt,12,0.8888888888888888,0.20662713497138768,0.15367256682053027
wine-red,augmented,ABD-NB+Iso,12,0.8888888888888888,0.2524374534053442,0.10673349462531011
wine-red,augmented,GNB,13,1.0,1.3540212085938933e-06,1.3540060896932715e-06
wine-red,augmented,GNB+Platt,13,1.0,0.10405384401407274,0.09608484811305802
wine-red,augmented,GNB+Iso,13,1.0,0.006196847721067945,0.006168121849355668
wine-red,augmented,ABD-NB,13,1.0,0.00034646567088131536,0.0003455682404466254
wine-red,augmented,ABD-NB+Platt,13,1.0,0.10328091847009623,0.09554052646472538
wine-red,augmented,ABD-NB+Iso,13,1.0,0.026065873211192338,0.020804922013018902
wine-red,augmented,GNB,14,0.9444444444444444,0.04709071437594894,0.03199009989930063
wine-red,augmented,GNB+Platt,14,0.9444444444444444,0.15135035325304955,0.07719193184439038
wine-red,augmented,GNB+Iso,14,1.0,0.047200153638240254,0.04011191009959246
wine-red,augmented,ABD-NB,14,0.9444444444444444,0.19306715133699853,0.06216036439645193
wine-red,augmented,ABD-NB+Platt,14,0.9444444444444444,0.14372989662742658,0.06853498549794367
wine-red,augmented,ABD-NB+Iso,14,0.9444444444444444,0.07734499031277337,0.04803854160560453
wine-red,augmented,GNB,15,1.0,3.8144423419810874e-07,3.814429265780461e-07
wine-red,augmented,GNB+Platt,15,1.0,0.08354843710551811,0.08005890050188336
wine-red,augmented,GNB+Iso,15,1.0,0.031591206445907356,0.02659069325743877
wine-red,augmented,ABD-NB,15,1.0,7.317915478633423e-05,7.313678373910282e-05
wine-red,augmented,ABD-NB+Platt,15,1.0,0.08441740458454546,0.08085270872082073
wine-red,augmented,ABD-NB+Iso,15,1.0,0.03271000439590885,0.02746351093923491
wine-red,augmented,GNB,16,0.9444444444444444,0.5881042881528002,0.05555326123647142
wine-red,augmented,GNB+Platt,16,0.9444444444444444,0.16142532913789098,0.08742150337333679
wine-red,augmented,GNB+Iso,16,1.0,0.07484305136547292,0.06008513532358207
wine-red,augmented,ABD-NB,16,0.9444444444444444,0.399872713643211,0.05526724852562803
wine-red,augmented,ABD-NB+Platt,16,0.9444444444444444,0.22153961476244124,0.142237927676392
wine-red,augmented,ABD-NB+Iso,16,0.9444444444444444,0.08011346921967899,0.05926458909574362
wine-red,augmented,GNB,17,1.0,3.6829104291541998e-06,3.6827883573842257e-06
wine-red,augmented,GNB+Platt,17,1.0,0.09611891113457534,0.09148691306734258
wine-red,augmented,GNB+Iso,17,1.0,4.24259192007479e-05,4.2409728450376605e-05
wine-red,augmented,ABD-NB,17,1.0,0.000750018509493904,0.0007449788298892202
wine-red,augmented,ABD-NB+Platt,17,1.0,0.09456594137762196,0.09006616843421
wine-red,augmented,ABD-NB+Iso,17,1.0,0.002035395637605611,0.0019985621547036203
wine-red,augmented,GNB,18,0.9411764705882353,1.114500314176046,0.05882352904707533
wine-red,augmented,GNB+Platt,18,0.9411764705882353,0.25874785893879965,0.030871552778732894
wine-red,augmented,GNB+Iso,18,0.9411764705882353,0.621167358126109,0.05882200371358859
wine-red,augmented,ABD-NB,18,0.9411764705882353,0.5470149470571446,0.0588178921537138
wine-red,augmented,ABD-NB+Platt,18,0.9411764705882353,0.2603921653646129,0.03413733669282133
wine-red,augmented,ABD-NB+Iso,18,0.9411764705882353,0.3186464661449916,0.05856232395470662
wine-red,augmented,GNB,19,1.0,1.6261736358168055e-06,1.6261513499093994e-06
wine-red,augmented,GNB+Platt,19,1.0,0.07862315206658688,0.07556335051098362
wine-red,augmented,GNB+Iso,19,1.0,0.006420514000939752,0.006391387976407037
wine-red,augmented,ABD-NB,19,1.0,0.00027722932554149327,0.00027659221715359283
wine-red,augmented,ABD-NB+Platt,19,1.0,0.07833484936836921,0.07522253475352149
wine-red,augmented,ABD-NB+Iso,19,1.0,0.024932890739952935,0.022468020565778977
synth-rho0.0,synthetic,GNB,0,0.6666666666666666,0.5979319331231908,0.08066854014566661
synth-rho0.0,synthetic,GNB+Platt,0,0.6666666666666666,0.6053275099430756,0.059878232703031435
synth-rho0.0,synthetic,GNB+Iso,0,0.6666666666666666,0.6054003741690096,0.059421834243784805
synth-rho0.0,synthetic,ABD-NB,0,0.6666666666666666,0.5979649254648943,0.08067331652619074
synth-rho0.0,synthetic,ABD-NB+Platt,0,0.6666666666666666,0.6057175878459108,0.060297749723632395
synth-rho0.0,synthetic,ABD-NB+Iso,0,0.6666666666666666,0.6052601059356132,0.05933498272664033
synth-rho0.0,synthetic,GNB,1,0.6833333333333333,0.6167458814765535,0.13091433315122503
synth-rho0.0,synthetic,GNB+Platt,1,0.7,0.60630913344113,0.0942908877164907
synth-rho0.0,synthetic,GNB+Iso,1,0.6833333333333333,0.6029715479198472,0.15780967693116157
synth-rho0.0,synthetic,ABD-NB,1,0.6833333333333333,0.6161651558463849,0.130876257107362
synth-rho0.0,synthetic,ABD-NB+Platt,1,0.7,0.6061987176752528,0.09420876142908644
synth-rho0.0,synthetic,ABD-NB+Iso,1,0.7,0.601792443271561,0.16008861801304772
synth-rho0.0,synthetic,GNB,2,0.6166666666666667,0.5985220724395867,0.1471483768898875
synth-rho0.0,synthetic,GNB+Platt,2,0.6166666666666667,0.6041150932950664,0.18720215877280832
synth-rho0.0,synthetic,GNB+Iso,2,0.65,0.5896204985136063,0.10246069282498145
synth-rho0.0,synthetic,ABD-NB,2,0.6166666666666667,0.5982483481745178,0.1470059295587285
synth-rho0.0,synthetic,ABD-NB+Platt,2,0.6166666666666667,0.6038574098778985,0.17345252882182127
synth-rho0.0,synthetic,ABD-NB+Iso,2,0.65,0.5861527744206256,0.09053559754928711
synth-rho0.0,synthetic,GNB,3,0.6833333333333333,0.6102570933573849,0.07579930863590029
synth-rho0.0,synthetic,GNB+Platt,3,0.6833333333333333,0.6026098615599389,0.05939205328131336
synth-rho0.0,synthetic,GNB+Iso,3,0.7166666666666667,0.6138249571270077,0.10349473129267513
synth-rho0.0,synthetic,ABD-NB,3,0.6833333333333333,0.6101745453230841,0.07803680962231593
synth-rho0.0,synthetic,ABD-NB+Platt,3,0.6833333333333333,0.602734792003695,0.05950676997092501
synth-rho0.0,synthetic,ABD-NB+Iso,3,0.7166666666666667,0.6133510698600391,0.12375950555826015
synth-rho0.0,synthetic,GNB,4,0.5666666666666667,0.6524723772795143,0.17268620311831936
synth-rho0.0,synthetic,GNB+Platt,4,0.5833333333333334,0.649396158255197,0.1083755736720357
synth-rho0.0,synthetic,GNB+Iso,4,0.55,0.6344542542588634,0.1575046019392162
synth-rho0.0,synthetic,ABD-NB,4,0.5666666666666667,0.652680235281817,0.17244875018701225
synth-rho0.0,synthetic,ABD-NB+Platt,4,0.5666666666666667,0.650484560008673,0.12521107403775514
synth-rho0.0,synthetic,ABD-NB+Iso,4,0.55,0.6404035512627843,0.15842332977649945
synth-rho0.0,synthetic,GNB,5,0.5666666666666667,0.6807112280737092,0.18321841453454307
synth-rho0.0,synthetic,GNB+Platt,5,0.5666666666666667,0.6596728594919856,0.13490455023955014
synth-rho0.0,synthetic,GNB+Iso,5,0.6,0.6781936430439119,0.16854514554689884
synth-rho0.0,synthetic,ABD-NB,5,0.5666666666666667,0.6810383035307638,0.17148274091201557
synth-rho0.0,synthetic,ABD-NB+Platt,5,0.5666666666666667,0.6591193667924947,0.14391404364496624
synth-rho0.0,synthetic,ABD-NB+Iso,5,0.6,0.6794086910114022,0.16097376879223693
synth-rho0.0,synthetic,GNB,6,0.75,0.5388817353123448,0.08836160716961901
synth-rho0.0,synthetic,GNB+Platt,6,0.75,0.5498046625143957,0.09653529877461409
synth-rho0.0,synthetic,GNB+Iso,6,0.7166666666666667,0.5251358496665964,0.09041540027409709
synth-rho0.0,synthetic,ABD-NB,6,0.75,0.5388817353123478,0.08836160716960006
synth-rho0.0,synthetic,ABD-NB+Platt,6,0.75,0.5498412445007431,0.09651018929483059
synth-rho0.0,synthetic,ABD-NB+Iso,6,0.7166666666666667,0.5264086473279441,0.09169997156515124
synth-rho0.0,synthetic,GNB,7,0.65,0.6581161101290367,0.1243372292341443
synth-rho0.0,synthetic,GNB+Platt,7,0.65,0.645086250215639,0.13232053642671643
synth-rho0.0,synthetic,GNB+Iso,7,0.6333333333333333,0.6534413660339243,0.09946783410271916
synth-rho0.0,synthetic,ABD-NB,7,0.65,0.6579565983113544,0.1264026078709048
synth-rho0.0,synthetic,ABD-NB+Platt,7,0.65,0.6448133931854767,0.12562415196045
synth-rho0.0,synthetic,ABD-NB+Iso,7,0.6333333333333333,0.6540758542852853,0.08274906902129878
synth-rho0.0,synthetic,GNB,8,0.7166666666666667,0.5832115711891206,0.14452981743279408
synth-rho0.0,synthetic,GNB+Platt,8,0.7,0.5851891851143053,0.1133972317074551
synth-rho0.0,synthetic,GNB+Iso,8,0.6833333333333333,0.5930495057707742,0.13621411340750747
synth-rho0.0,synthetic,ABD-NB,8,0.7166666666666667,0.5832115711890314,0.1445298174328092
synth-rho0.0,synthetic,ABD-NB+Platt,8,0.7,0.5851324466538511,0.113514894780578
synth-rho0.0,synthetic,ABD-NB+Iso,8,0.6833333333333333,0.5856898735687466,0.11031495699843698
synth-rho0.0,synthetic,GNB,9,0.6666666666666666,0.5646439258217598,0.11399828664674799
synth-rho0.0,synthetic,GNB+Platt,9,0.6666666666666666,0.5839616264659214,0.07002549820522859
synth-rho0.0,synthetic,GNB+Iso,9,0.7,0.5608738348703045,0.1223004195538518
synth-rho0.0,synthetic,ABD-NB,9,0.6666666666666666,0.564757166011582,0.11403275356737146
synth-rho0.0,synthetic,ABD-NB+Platt,9,0.6666666666666666,0.5842959626530428,0.07010493032582117
synth-rho0.0,synthetic,ABD-NB+Iso,9,0.7166666666666667,0.5516053525202372,0.10650989827111051
synth-rho0.0,synthetic,GNB,10,0.65,0.6351682227802853,0.08414595114731849
synth-rho0.0,synthetic,GNB+Platt,10,0.65,0.626860723115877,0.08290352312376197
synth-rho0.0,synthetic,GNB+Iso,10,0.6333333333333333,0.6297367710986587,0.09258370603516868
synth-rho0.0,synthetic,ABD-NB,10,0.65,0.6360014225765627,0.08446204247101921
synth-rho0.0,synthetic,ABD-NB+Platt,10,0.65,0.6268155145235171,0.08294151202228532
synth-rho0.0,synthetic,ABD-NB+Iso,10,0.6333333333333333,0.6313771763969339,0.09421645951491925
synth-rho0.0,synthetic,GNB,11,0.6333333333333333,0.6232086272887509,0.16252632050364993
synth-rho0.0,synthetic,GNB+Platt,11,0.6166666666666667,0.6244081341204757,0.12918590495289342
synth-rho0.0,synthetic,GNB+Iso,11,0.6166666666666667,0.6055428189692257,0.08598948266200962
synth-rho0.0,synthetic,ABD-NB,11,0.6333333333333333,0.6239842701679948,0.16916089363957096
synth-rho0.0,synthetic,ABD-NB+Platt,11,0.6,0.6249543830477566,0.12117335405593052
synth-rho0.0,synthetic,ABD-NB+Iso,11,0.6166666666666667,0.6008802381428283,0.08525753614162375
synth-rho0.0,synthetic,GNB,12,0.7333333333333333,0.5044516522635801,0.12439233510374945
synth-rho0.0,synthetic,GNB+Platt,12,0.75,0.5304170240993035,0.18139182596851797
synth-rho0.0,synthetic,GNB+Iso,12,0.7333333333333333,0.5151149385319793,0.13752719587630594
synth-rho0.0,synthetic,ABD-NB,12,0.7333333333333333,0.5044558496060961,0.12439788986973697
synth-rho0.0,synthetic,ABD-NB+Platt,12,0.75,0.5305457663451191,0.1814977731967287
synth-rho0.0,synthetic,ABD-NB+Iso,12,0.7,0.5165998357716552,0.12005911574666137
synth-rho0.0,synthetic,GNB,13,0.6,0.681759906777435,0.1544426346929962
synth-rho0.0,synthetic,GNB+Platt,13,0.6,0.6755067185470882,0.13262803701116666
synth-rho0.0,synthetic,GNB+Iso,13,0.5833333333333334,0.6730688009283023,0.18056771829869503
synth-rho0.0,synthetic,ABD-NB,13,0.6,0.6814346390021175,0.17684960992386559
synth-rho0.0,synthetic,ABD-NB+Platt,13,0.6,0.6757930689910252,0.13875420364063848
synth-rho0.0,synthetic,ABD-NB+Iso,13,0.5833333333333334,0.6735826748023225,0.2041204670664896
synth-rho0.0,synthetic,GNB,14,0.6833333333333333,0.6282614336938328,0.14727461142714435
synth-rho0.0,synthetic,GNB+Platt,14,0.6666666666666666,0.6252359685703369,0.07405619869381272
synth-rho0.0,synthetic,GNB+Iso,14,0.6333333333333333,0.6619722729095163,0.1162064182788903
synth-rho0.0,synthetic,ABD-NB,14,0.6833333333333333,0.6284040157187181,0.1472189787507823
synth-rho0.0,synthetic,ABD-NB+Platt,14,0.6666666666666666,0.6258111660826582,0.08141038027581367
synth-rho0.0,synthetic,ABD-NB+Iso,14,0.6666666666666666,0.6567043166726279,0.10738137434741975
synth-rho0.0,synthetic,GNB,15,0.7166666666666667,0.5891101525829247,0.15385645013635763
synth-rho0.0,synthetic,GNB+Platt,15,0.7166666666666667,0.5779885531330593,0.12601344573934595
synth-rho0.0,synthetic,GNB+Iso,15,0.7,0.5876380073914791,0.11770185729223896
synth-rho0.0,synthetic,ABD-NB,15,0.7166666666666667,0.5891760808993441,0.15366500968798566
synth-rho0.0,synthetic,ABD-NB+Platt,15,0.7166666666666667,0.5780032966074551,0.12600843896071257
synth-rho0.0,synthetic,ABD-NB+Iso,15,0.7,0.5879339677480299,0.11801802712059709
synth-rho0.0,synthetic,GNB,16,0.7333333333333333,0.5484268751873063,0.11014666699706537
synth-rho0.0,synthetic,GNB+Platt,16,0.7333333333333333,0.5522142188558947,0.10400365478784122
synth-rho0.0,synthetic,GNB+Iso,16,0.7333333333333333,0.5454070862466011,0.06912966358694338
synth-rho0.0,synthetic,ABD-NB,16,0.7333333333333333,0.5479866115056826,0.13621264416846093
synth-rho0.0,synthetic,ABD-NB+Platt,16,0.7333333333333333,0.5526216193039601,0.10883532229792697
synth-rho0.0,synthetic,ABD-NB+Iso,16,0.7,0.5453961104149806,0.09325274417099555
synth-rho0.0,synthetic,GNB,17,0.5666666666666667,0.6901452493883868,0.16916975966969533
synth-rho0.0,synthetic,GNB+Platt,17,0.5666666666666667,0.6619050243643059,0.14625278602447875
synth-rho0.0,synthetic,GNB+Iso,17,0.55,0.6641205444480592,0.18028845708885233
synth-rho0.0,synthetic,ABD-NB,17,0.5666666666666667,0.6897622602157573,0.16913627839280146
synth-rho0.0,synthetic,ABD-NB+Platt,17,0.5666666666666667,0.6611493371226057,0.1646008625185957
synth-rho0.0,synthetic,ABD-NB+Iso,17,0.5833333333333334,0.6607914559946467,0.14667208542792282
synth-rho0.0,synthetic,GNB,18,0.6166666666666667,0.6102603506385686,0.08882676580475006
synth-rho0.0,synthetic,GNB+Platt,18,0.6,0.6171786276178586,0.12349735558509195
synth-rho0.0,synthetic,GNB+Iso,18,0.6166666666666667,0.6221992841542563,0.1316016712422835
synth-rho0.0,synthetic,ABD-NB,18,0.6166666666666667,0.6102603506385168,0.08882676580464678
synth-rho0.0,synthetic,ABD-NB+Platt,18,0.6,0.6172400468223016,0.14565586493707022
synth-rho0.0,synthetic,ABD-NB+Iso,18,0.6166666666666667,0.6242215421172331,0.14239640466042933
synth-rho0.0,synthetic,GNB,19,0.6833333333333333,0.5517784818938108,0.13613791998947278
synth-rho0.0,synthetic,GNB+Platt,19,0.6666666666666666,0.5772536120971202,0.0945455044555359
synth-rho0.0,synthetic,GNB+Iso,19,0.6333333333333333,0.5597398165497874,0.09937279708984788
synth-rho0.0,synthetic,ABD-NB,19,0.6833333333333333,0.5516470024642522,0.1360997112056167
synth-rho0.0,synthetic,ABD-NB+Platt,19,0.6666666666666666,0.5770222272304835,0.10877371086468687
synth-rho0.0,synthetic,ABD-NB+Iso,19,0.65,0.558827535173039,0.0833253296641718
synth-rho0.3,synthetic,GNB,0,0.5833333333333334,0.9171580220234906,0.24774409416406476
synth-rho0.3,synthetic,GNB+Platt,0,0.6166666666666667,0.6728357009318902,0.09412788600127325
synth-rho0.3,synthetic,GNB+Iso,0,0.5666666666666667,0.671716399355335,0.07707169652437355
synth-rho0.3,synthetic,ABD-NB,0,0.5833333333333334,0.8660374800896192,0.23292122169288587
synth-rho0.3,synthetic,ABD-NB+Platt,0,0.6166666666666667,0.6740045104022058,0.11033328340770998
synth-rho0.3,synthetic,ABD-NB+Iso,0,0.6,0.6882399237454127,0.06926336328539001
synth-rho0.3,synthetic,GNB,1,0.5666666666666667,0.7860057613271183,0.19903776384628408
synth-rho0.3,synthetic,GNB+Platt,1,0.6,0.6592934210360951,0.10248903768324043
synth-rho0.3,synthetic,GNB+Iso,1,0.6166666666666667,0.6557872197048452,0.0698078568802326
synth-rho0.3,synthetic,ABD-NB,1,0.5666666666666667,0.7381889586157498,0.25924323345322664
synth-rho0.3,synthetic,ABD-NB+Platt,1,0.6,0.6585629096999557,0.140719789508684
synth-rho0.3,synthetic,ABD-NB+Iso,1,0.6,0.6569902042275504,0.08568496052712972
synth-rho0.3,synthetic,GNB,2,0.5666666666666667,0.9278916527744939,0.27089002584540145
synth-rho0.3,synthetic,GNB+Platt,2,0.5666666666666667,0.6771145757573515,0.08818544689413813
synth-rho0.3,synthetic,GNB+Iso,2,0.5666666666666667,0.6584743215179648,0.11855824312030412
synth-rho0.3,synthetic,ABD-NB,2,0.5833333333333334,0.8645344977812879,0.2572307625717497
synth-rho0.3,synthetic,ABD-NB+Platt,2,0.5666666666666667,0.6760468381202256,0.06409384797984641
synth-rho0.3,synthetic,ABD-NB+Iso,2,0.6,0.6548461520800578,0.10986063373224196
synth-rho0.3,synthetic,GNB,3,0.65,0.9225363085508934,0.20548124833727904
synth-rho0.3,synthetic,GNB+Platt,3,0.6333333333333333,0.6486367459979897,0.029038010563184325
synth-rho0.3,synthetic,GNB+Iso,3,0.6166666666666667,0.6768144891936938,0.11704894434999064
synth-rho0.3,synthetic,ABD-NB,3,0.65,0.8586209781622082,0.21024758341812738
synth-rho0.3,synthetic,ABD-NB+Platt,3,0.6333333333333333,0.6488117919494751,0.03946005749887453
synth-rho0.3,synthetic,ABD-NB+Iso,3,0.6166666666666667,0.6717566191264586,0.09851933577030741
synth-rho0.3,synthetic,GNB,4,0.48333333333333334,1.078300610512875,0.34799190858701967
synth-rho0.3,synthetic,GNB+Platt,4,0.48333333333333334,0.7185174704845363,0.13634114230746758
synth-rho0.3,synthetic,GNB+Iso,4,0.5,0.7006443046594042,0.12722754478825027
synth-rho0.3,synthetic,ABD-NB,4,0.48333333333333334,0.9686306413841147,0.3183634052427677
synth-rho0.3,synthetic,ABD-NB+Platt,4,0.5,0.7181991386397323,0.12856386564640174
synth-rho0.3,synthetic,ABD-NB+Iso,4,0.5,0.6955396409693584,0.15232365762934394
synth-rho0.3,synthetic,GNB,5,0.5666666666666667,0.9877437817148824,0.31500229771158966
synth-rho0.3,synthetic,GNB+Platt,5,0.5666666666666667,0.6904473164515731,0.0937543511446324
synth-rho0.3,synthetic,GNB+Iso,5,0.5666666666666667,0.6816606809472017,0.10440493730156161
synth-rho0.3,synthetic,ABD-NB,5,0.5666666666666667,0.9211742613648232,0.2703030755042154
synth-rho0.3,synthetic,ABD-NB+Platt,5,0.5666666666666667,0.6892359045132567,0.09288955899871927
synth-rho0.3,synthetic,ABD-NB+Iso,5,0.5833333333333334,0.6800518502394061,0.09269089813867847
synth-rho0.3,synthetic,GNB,6,0.6833333333333333,0.7569755320207183,0.14824895394049675
synth-rho0.3,synthetic,GNB+Platt,6,0.7,0.6360955769040991,0.1044752499075119
synth-rho0.3,synthetic,GNB+Iso,6,0.6666666666666666,1.0601230926946201,0.11688115780103428
synth-rho0.3,synthetic,ABD-NB,6,0.6833333333333333,0.7173191578956438,0.1350742184060367
synth-rho0.3,synthetic,ABD-NB+Platt,6,0.7,0.6358719058667387,0.10425773818071554
synth-rho0.3,synthetic,ABD-NB+Iso,6,0.6833333333333333,0.6426481664430029,0.12139242799423842
synth-rho0.3,synthetic,GNB,7,0.5666666666666667,1.0493451578032746,0.27580251216290097
synth-rho0.3,synthetic,GNB+Platt,7,0.5666666666666667,0.681225122897149,0.0778573109375569
synth-rho0.3,synthetic,GNB+Iso,7,0.5833333333333334,0.721547477311002,0.124978071777137
synth-rho0.3,synthetic,ABD-NB,7,0.5666666666666667,0.9655004970678178,0.26900812443807876
synth-rho0.3,synthetic,ABD-NB+Platt,7,0.5666666666666667,0.6812524444082525,0.07924549821503862
synth-rho0.3,synthetic,ABD-NB+Iso,7,0.5666666666666667,0.7085214395382909,0.09430413157197792
synth-rho0.3,synthetic,GNB,8,0.5833333333333334,0.8190349639417154,0.20046261470701282
synth-rho0.3,synthetic,GNB+Platt,8,0.6,0.6506541637226728,0.11257554924847002
synth-rho0.3,synthetic,GNB+Iso,8,0.6166666666666667,1.1028126911439518,0.1621165102179849
synth-rho0.3,synthetic,ABD-NB,8,0.6,0.7798066698977064,0.20629177661466616
synth-rho0.3,synthetic,ABD-NB+Platt,8,0.6,0.6518788017384974,0.09342123960638493
synth-rho0.3,synthetic,ABD-NB+Iso,8,0.6666666666666666,1.1080220373628602,0.23811063471917018
synth-rho0.3,synthetic,GNB,9,0.6166666666666667,0.7356237130657907,0.18235148093108522
synth-rho0.3,synthetic,GNB+Platt,9,0.6166666666666667,0.6458309598834726,0.061096912957978124
synth-rho0.3,synthetic,GNB+Iso,9,0.6333333333333333,0.609758179583087,0.041430115086534706
synth-rho0.3,synthetic,ABD-NB,9,0.6166666666666667,0.6950561958868515,0.23042013409687798
synth-rho0.3,synthetic,ABD-NB+Platt,9,0.6166666666666667,0.6453230922077929,0.05945151140480369
synth-rho0.3,synthetic,ABD-NB+Iso,9,0.6333333333333333,0.6065340685935532,0.042160959889348065
synth-rho0.3,synthetic,GNB,10,0.5833333333333334,1.0393324712581091,0.23508296643858184
synth-rho0.3,synthetic,GNB+Platt,10,0.5833333333333334,0.678819857336481,0.02874860616421674
synth-rho0.3,synthetic,GNB+Iso,10,0.5833333333333334,1.1443705583799348,0.13633710090764764
synth-rho0.3,synthetic,ABD-NB,10,0.5833333333333334,0.9644318694192234,0.2262131153896189
synth-rho0.3,synthetic,ABD-NB+Platt,10,0.5833333333333334,0.6803328920181758,0.0436301573932199
synth-rho0.3,synthetic,ABD-NB+Iso,10,0.5833333333333334,1.1463899549326346,0.1265112602260718
synth-rho0.3,synthetic,GNB,11,0.5666666666666667,0.8362462101824316,0.24549861738382334
synth-rho0.3,synthetic,GNB+Platt,11,0.5666666666666667,0.6725048290063429,0.09476063026654893
synth-rho0.3,synthetic,GNB+Iso,11,0.5666666666666667,0.6682791293291419,0.07110711299491947
synth-rho0.3,synthetic,ABD-NB,11,0.5666666666666667,0.7767536645085222,0.23147812704128817
synth-rho0.3,synthetic,ABD-NB+Platt,11,0.5666666666666667,0.6711990897483466,0.06679543956894515
synth-rho0.3,synthetic,ABD-NB+Iso,11,0.5833333333333334,0.6591713451393282,0.05853103029322634
synth-rho0.3,synthetic,GNB,12,0.6333333333333333,0.714619884712149,0.21094043601379245
synth-rho0.3,synthetic,GNB+Platt,12,0.6333333333333333,0.6401985441727963,0.04920733618821668
synth-rho0.3,synthetic,GNB+Iso,12,0.6333333333333333,0.6199069515956389,0.061681305236622276
synth-rho0.3,synthetic,ABD-NB,12,0.6333333333333333,0.6847071991232728,0.19787507389686848
synth-rho0.3,synthetic,ABD-NB+Platt,12,0.6333333333333333,0.6386350497971929,0.029676647997506807
synth-rho0.3,synthetic,ABD-NB+Iso,12,0.6333333333333333,0.6187941994562709,0.061219507062468044
synth-rho0.3,synthetic,GNB,13,0.4666666666666667,1.1660859122856857,0.3498797061270093
synth-rho0.3,synthetic,GNB+Platt,13,0.45,0.7303731307937856,0.1555540542631927
synth-rho0.3,synthetic,GNB+Iso,13,0.43333333333333335,0.7332514105845209,0.20627008307884445
synth-rho0.3,synthetic,ABD-NB,13,0.45,1.0769513756758131,0.32877670687676497
synth-rho0.3,synthetic,ABD-NB+Platt,13,0.43333333333333335,0.7301817210583514,0.17221892560507857
synth-rho0.3,synthetic,ABD-NB+Iso,13,0.43333333333333335,0.7342001191994156,0.20724256211675818
synth-rho0.3,synthetic,GNB,14,0.6166666666666667,0.8347876354400897,0.19154780215182177
synth-rho0.3,synthetic,GNB+Platt,14,0.6166666666666667,0.6548332737263969,0.019852396751621045
synth-rho0.3,synthetic,GNB+Iso,14,0.6,0.6417710553404278,0.031801383156067745
synth-rho0.3,synthetic,ABD-NB,14,0.6166666666666667,0.7707334849773683,0.18213859700192092
synth-rho0.3,synthetic,ABD-NB+Platt,14,0.6333333333333333,0.654781296018809,0.03209029991973768
synth-rho0.3,synthetic,ABD-NB+Iso,14,0.6,0.6411385723339076,0.05586688344781436
synth-rho0.3,synthetic,GNB,15,0.6166666666666667,0.8567192164034344,0.22451420187323645
synth-rho0.3,synthetic,GNB+Platt,15,0.6333333333333333,0.6594130289955573,0.06021554952601066
synth-rho0.3,synthetic,GNB+Iso,15,0.6,0.6407907926759181,0.06948133160720632
synth-rho0.3,synthetic,ABD-NB,15,0.6166666666666667,0.8024511783768908,0.3221392262763103
synth-rho0.3,synthetic,ABD-NB+Platt,15,0.6333333333333333,0.6586054440768792,0.03593917394018272
synth-rho0.3,synthetic,ABD-NB+Iso,15,0.6,0.639074951733538,0.05259441102438126
synth-rho0.3,synthetic,GNB,16,0.6833333333333333,0.7255949363417398,0.17745263628427355
synth-rho0.3,synthetic,GNB+Platt,16,0.6833333333333333,0.626724475678569,0.07576022599021415
synth-rho0.3,synthetic,GNB+Iso,16,0.6666666666666666,0.5957864310369839,0.09623651395234276
synth-rho0.3,synthetic,ABD-NB,16,0.6833333333333333,0.7007141465037494,0.13793452544340284
synth-rho0.3,synthetic,ABD-NB+Platt,16,0.6833333333333333,0.6257588122453284,0.07489399575601136
synth-rho0.3,synthetic,ABD-NB+Iso,16,0.65,0.6029050293592656,0.10881552684779981
synth-rho0.3,synthetic,GNB,17,0.5333333333333333,1.0919284691404125,0.2926544238305649
synth-rho0.3,synthetic,GNB+Platt,17,0.5333333333333333,0.6944811884945404,0.08283215816287984
synth-rho0.3,synthetic,GNB+Iso,17,0.5166666666666667,0.7117219691665008,0.1178729744871523
synth-rho0.3,synthetic,ABD-NB,17,0.5333333333333333,1.0129335847486955,0.27747174080004194
synth-rho0.3,synthetic,ABD-NB+Platt,17,0.5333333333333333,0.6948433986575575,0.08395263656774413
synth-rho0.3,synthetic,ABD-NB+Iso,17,0.5166666666666667,0.7154771152188666,0.1522867042638469
synth-rho0.3,synthetic,GNB,18,0.6166666666666667,0.7202379836049754,0.15704793484223706
synth-rho0.3,synthetic,GNB+Platt,18,0.6666666666666666,0.6451820929150689,0.0824810792585902
synth-rho0.3,synthetic,GNB+Iso,18,0.6666666666666666,0.6183402834592424,0.0915847134062509
synth-rho0.3,synthetic,ABD-NB,18,0.6166666666666667,0.6954188005420644,0.1472605775294997
synth-rho0.3,synthetic,ABD-NB+Platt,18,0.65,0.6441436818848303,0.06460309603476125
synth-rho0.3,synthetic,ABD-NB+Iso,18,0.6666666666666666,0.6201482088748477,0.1301847065493712
synth-rho0.3,synthetic,GNB,19,0.5833333333333334,0.9945623736126,0.2910357281479039
synth-rho0.3,synthetic,GNB+Platt,19,0.6,0.6754649223812009,0.02625928575024713
synth-rho0.3,synthetic,GNB+Iso,19,0.5833333333333334,1.102879469534454,0.06206313072559226
synth-rho0.3,synthetic,ABD-NB,19,0.6,0.9226713368796343,0.29231719712302406
synth-rho0.3,synthetic,ABD-NB+Platt,19,0.6,0.6750575478635815,0.04154704622369136
synth-rho0.3,synthetic,ABD-NB+Iso,19,0.6166666666666667,1.102510005514109,0.12247156860180211
synth-rho0.6,synthetic,GNB,0,0.5333333333333333,1.260492356446965,0.34563908531552856
synth-rho0.6,synthetic,GNB+Platt,0,0.5333333333333333,0.6918305160769513,0.06201593669173697
synth-rho0.6,synthetic,GNB+Iso,0,0.5166666666666667,0.687334038736352,0.09860165001667807
synth-rho0.6,synthetic,ABD-NB,0,0.5333333333333333,0.8859549255927983,0.2551969580209055
synth-rho0.6,synthetic,ABD-NB+Platt,0,0.55,0.689795574581565,0.07839508546969398
synth-rho0.6,synthetic,ABD-NB+Iso,0,0.5166666666666667,0.6894146803954387,0.09895091022117976
synth-rho0.6,synthetic,GNB,1,0.5833333333333334,1.011491911050625,0.24224243172035187
synth-rho0.6,synthetic,GNB+Platt,1,0.5833333333333334,0.6680667204179817,0.09678610683487823
synth-rho0.6,synthetic,GNB+Iso,1,0.6333333333333333,0.6652661919223455,0.10795175485196123
synth-rho0.6,synthetic,ABD-NB,1,0.5833333333333334,0.7805858748089861,0.21159335670255555
synth-rho0.6,synthetic,ABD-NB+Platt,1,0.5666666666666667,0.6669270327156549,0.07531954954323077
synth-rho0.6,synthetic,ABD-NB+Iso,1,0.6166666666666667,0.6660713523470683,0.08994623532498805
synth-rho0.6,synthetic,GNB,2,0.5666666666666667,1.2712365300905304,0.3173550053518166
synth-rho0.6,synthetic,GNB+Platt,2,0.55,0.6812861458302515,0.04704067874476904
synth-rho0.6,synthetic,GNB+Iso,2,0.5333333333333333,0.6827980193453944,0.13907301844224418
synth-rho0.6,synthetic,ABD-NB,2,0.5666666666666667,0.8986365478165627,0.29148783589451793
synth-rho0.6,synthetic,ABD-NB+Platt,2,0.55,0.6799173606375638,0.04999354788026698
synth-rho0.6,synthetic,ABD-NB+Iso,2,0.5333333333333333,0.6812160265593606,0.1389810610558073
synth-rho0.6,synthetic,GNB,3,0.6166666666666667,1.1527730799992981,0.29362192454166236
synth-rho0.6,synthetic,GNB+Platt,3,0.6166666666666667,0.6606300538361938,0.11489909242354174
synth-rho0.6,synthetic,GNB+Iso,3,0.6333333333333333,0.661364524223459,0.08187840398614919
synth-rho0.6,synthetic,ABD-NB,3,0.6166666666666667,0.8324141878832053,0.2532275914060652
synth-rho0.6,synthetic,ABD-NB+Platt,3,0.6166666666666667,0.6583551384811669,0.10528327139846255
synth-rho0.6,synthetic,ABD-NB+Iso,3,0.6333333333333333,0.6570409192122765,0.17604060766730817
synth-rho0.6,synthetic,GNB,4,0.5166666666666667,1.4058737867686566,0.3588058926592349
synth-rho0.6,synthetic,GNB+Platt,4,0.5333333333333333,0.7083353912382754,0.09205530628250441
synth-rho0.6,synthetic,GNB+Iso,4,0.5333333333333333,0.7094808711051698,0.1252602655580515
synth-rho0.6,synthetic,ABD-NB,4,0.5333333333333333,0.9737990849429708,0.3274881646636931
synth-rho0.6,synthetic,ABD-NB+Platt,4,0.5333333333333333,0.7048687037332722,0.06456458902555819
synth-rho0.6,synthetic,ABD-NB+Iso,4,0.5333333333333333,0.7056386642731308,0.1325483180508373
synth-rho0.6,synthetic,GNB,5,0.5833333333333334,1.1405808553282955,0.28118936077094747
synth-rho0.6,synthetic,GNB+Platt,5,0.5833333333333334,0.6736228333701857,0.08430781499898982
synth-rho0.6,synthetic,GNB+Iso,5,0.5833333333333334,0.6581547165234477,0.04120996458656596
synth-rho0.6,synthetic,ABD-NB,5,0.5833333333333334,0.8407788925293134,0.19616177631946163
synth-rho0.6,synthetic,ABD-NB+Platt,5,0.5833333333333334,0.6721776289475573,0.042946308366767896
synth-rho0.6,synthetic,ABD-NB+Iso,5,0.5833333333333334,0.6587873328763296,0.03943900897126953
synth-rho0.6,synthetic,GNB,6,0.5666666666666667,1.1719106413125087,0.29062070828289366
synth-rho0.6,synthetic,GNB+Platt,6,0.5666666666666667,0.6676832358852086,0.07136065209933914
synth-rho0.6,synthetic,GNB+Iso,6,0.6333333333333333,1.0916433955067009,0.10305942773933896
synth-rho0.6,synthetic,ABD-NB,6,0.5666666666666667,0.8529053760357067,0.2126812255455645
synth-rho0.6,synthetic,ABD-NB+Platt,6,0.5833333333333334,0.66682227464757,0.0361747981884752
synth-rho0.6,synthetic,ABD-NB+Iso,6,0.6333333333333333,1.090730336194546,0.10349764210895335
synth-rho0.6,synthetic,GNB,7,0.5833333333333334,1.2798678509452417,0.3136104566346939
synth-rho0.6,synthetic,GNB+Platt,7,0.5833333333333334,0.6756077975332712,0.0786692277620933
synth-rho0.6,synthetic,GNB+Iso,7,0.5833333333333334,0.6562020545442441,0.06959668722292575
synth-rho0.6,synthetic,ABD-NB,7,0.5833333333333334,0.8992295217285287,0.24489080206968272
synth-rho0.6,synthetic,ABD-NB+Platt,7,0.5833333333333334,0.6737901298126195,0.08051601287604457
synth-rho0.6,synthetic,ABD-NB+Iso,7,0.5833333333333334,0.6477286822058334,0.08184111860538605
synth-rho0.6,synthetic,GNB,8,0.65,1.0815393373228097,0.24285818164417053
synth-rho0.6,synthetic,GNB+Platt,8,0.65,0.6608189402825394,0.0738028289697177
synth-rho0.6,synthetic,GNB+Iso,8,0.55,1.1265903712400902,0.07717150710646843
synth-rho0.6,synthetic,ABD-NB,8,0.65,0.7901666021907879,0.16987187784314473
synth-rho0.6,synthetic,ABD-NB+Platt,8,0.65,0.662585064944379,0.07502341725521212
synth-rho0.6,synthetic,ABD-NB+Iso,8,0.55,1.123596840021797,0.08382956857620659
synth-rho0.6,synthetic,GNB,9,0.6,1.0018629903262868,0.27038617006867594
synth-rho0.6,synthetic,GNB+Platt,9,0.6,0.6684075355572142,0.06173011013024912
synth-rho0.6,synthetic,GNB+Iso,9,0.6,0.633878284511614,0.039197276553714244
synth-rho0.6,synthetic,ABD-NB,9,0.5833333333333334,0.7607931093463359,0.18434348407936066
synth-rho0.6,synthetic,ABD-NB+Platt,9,0.5833333333333334,0.6622835493606736,0.04885800643782416
synth-rho0.6,synthetic,ABD-NB+Iso,9,0.6,0.6344316680134546,0.02555612758234259
synth-rho0.6,synthetic,GNB,10,0.5666666666666667,1.35648934225716,0.3028822419250169
synth-rho0.6,synthetic,GNB+Platt,10,0.5666666666666667,0.6783518770787164,0.05292558028308432
synth-rho0.6,synthetic,GNB+Iso,10,0.5333333333333333,0.7239345393389734,0.09424499473693002
synth-rho0.6,synthetic,ABD-NB,10,0.5666666666666667,0.9542709132648199,0.2577203609690765
synth-rho0.6,synthetic,ABD-NB+Platt,10,0.55,0.6810035888836897,0.05904675736940754
synth-rho0.6,synthetic,ABD-NB+Iso,10,0.5333333333333333,0.7065147750318288,0.09314470092345412
synth-rho0.6,synthetic,GNB,11,0.6,0.9888849031430029,0.2392235640221625
synth-rho0.6,synthetic,GNB+Platt,11,0.5833333333333334,0.6670299188199948,0.06810816500753822
synth-rho0.6,synthetic,GNB+Iso,11,0.6166666666666667,0.6554901286653912,0.08022634441046615
synth-rho0.6,synthetic,ABD-NB,11,0.5833333333333334,0.7616100647029411,0.1817867046597471
synth-rho0.6,synthetic,ABD-NB+Platt,11,0.5833333333333334,0.6651187650462178,0.1278998381517686
synth-rho0.6,synthetic,ABD-NB+Iso,11,0.6166666666666667,0.6557354916987427,0.09054205559802593
synth-rho0.6,synthetic,GNB,12,0.6166666666666667,0.871939904548272,0.2824137472960449
synth-rho0.6,synthetic,GNB+Platt,12,0.6166666666666667,0.6594258162168,0.1150755046997743
synth-rho0.6,synthetic,GNB+Iso,12,0.6166666666666667,0.6199137172832702,0.10694435456106455
synth-rho0.6,synthetic,ABD-NB,12,0.6166666666666667,0.6842070568696061,0.21228987400669033
synth-rho0.6,synthetic,ABD-NB+Platt,12,0.6166666666666667,0.6516991954061895,0.1797350392762806
synth-rho0.6,synthetic,ABD-NB+Iso,12,0.6166666666666667,0.6185490222274919,0.11147675178265479
synth-rho0.6,synthetic,GNB,13,0.48333333333333334,1.6403534683156884,0.3621148707124691
synth-rho0.6,synthetic,GNB+Platt,13,0.48333333333333334,0.724948176521409,0.10713752782892538
synth-rho0.6,synthetic,GNB+Iso,13,0.48333333333333334,0.7521110740515102,0.14963417160246847
synth-rho0.6,synthetic,ABD-NB,13,0.48333333333333334,1.125219183099856,0.2879747389014721
synth-rho0.6,synthetic,ABD-NB+Platt,13,0.5,0.7285223724497152,0.10045961682820902
synth-rho0.6,synthetic,ABD-NB+Iso,13,0.48333333333333334,0.756395986964579,0.12878411446681257
synth-rho0.6,synthetic,GNB,14,0.6333333333333333,1.1075952246025385,0.29675329499180436
synth-rho0.6,synthetic,GNB+Platt,14,0.65,0.6633774687072076,0.06398731575918153
synth-rho0.6,synthetic,GNB+Iso,14,0.6,0.6529026134898401,0.11264383727709476
synth-rho0.6,synthetic,ABD-NB,14,0.65,0.8109533918467159,0.2100273031987659
synth-rho0.6,synthetic,ABD-NB+Platt,14,0.65,0.6624747572618687,0.06129763892563162
synth-rho0.6,synthetic,ABD-NB+Iso,14,0.6,0.652277107490471,0.15310187203220296
synth-rho0.6,synthetic,GNB,15,0.5333333333333333,1.239826557036973,0.3508326047079575
synth-rho0.6,synthetic,GNB+Platt,15,0.55,0.6863471174874832,0.09515329649499327
synth-rho0.6,synthetic,GNB+Iso,15,0.5333333333333333,0.6750358102417494,0.11068914799764859
synth-rho0.6,synthetic,ABD-NB,15,0.55,0.859530790418013,0.2679765030291583
synth-rho0.6,synthetic,ABD-NB+Platt,15,0.55,0.6826860638736207,0.09824705915058966
synth-rho0.6,synthetic,ABD-NB+Iso,15,0.5333333333333333,0.6762102568323675,0.14889149668455684
synth-rho0.6,synthetic,GNB,16,0.6166666666666667,0.9128289326190567,0.2576878162320315
synth-rho0.6,synthetic,GNB+Platt,16,0.6166666666666667,0.6468466852712053,0.10781996496255176
synth-rho0.6,synthetic,GNB+Iso,16,0.6333333333333333,0.6142376138831273,0.0769955247500109
synth-rho0.6,synthetic,ABD-NB,16,0.6166666666666667,0.7034031620856257,0.16222786181837726
synth-rho0.6,synthetic,ABD-NB+Platt,16,0.6,0.6410175525553359,0.10070878911663467
synth-rho0.6,synthetic,ABD-NB+Iso,16,0.6333333333333333,0.6266749506776078,0.09409275449434046
synth-rho0.6,synthetic,GNB,17,0.5333333333333333,1.3970385942070245,0.37197552286142277
synth-rho0.6,synthetic,GNB+Platt,17,0.5666666666666667,0.6908865807718275,0.058442876894677025
synth-rho0.6,synthetic,GNB+Iso,17,0.55,0.6929159208046204,0.07986747721233096
synth-rho0.6,synthetic,ABD-NB,17,0.55,0.9712834253711294,0.3047193768353008
synth-rho0.6,synthetic,ABD-NB+Platt,17,0.5666666666666667,0.6911454678352281,0.07734492436689597
synth-rho0.6,synthetic,ABD-NB+Iso,17,0.55,0.6952223827532484,0.0802809092913438
synth-rho0.6,synthetic,GNB,18,0.65,0.8627959191919322,0.19462061184903343
synth-rho0.6,synthetic,GNB+Platt,18,0.6666666666666666,0.6502452094488931,0.09689626332360901
synth-rho0.6,synthetic,GNB+Iso,18,0.6,0.6450896462005776,0.11128443708967865
synth-rho0.6,synthetic,ABD-NB,18,0.6666666666666666,0.6855142024006057,0.1137016700729487
synth-rho0.6,synthetic,ABD-NB+Platt,18,0.65,0.6487488729969458,0.08918958609970958
synth-rho0.6,synthetic,ABD-NB+Iso,18,0.6,0.6413029331290573,0.12698551760862975
synth-rho0.6,synthetic,GNB,19,0.5166666666666667,1.520575717885955,0.35307793233713963
synth-rho0.6,synthetic,GNB+Platt,19,0.5166666666666667,0.6945478403287345,0.0929830882061519
synth-rho0.6,synthetic,GNB+Iso,19,0.5166666666666667,1.558397299002823,0.15327642753203274
synth-rho0.6,synthetic,ABD-NB,19,0.5166666666666667,1.0419452678670507,0.28300600046052116
synth-rho0.6,synthetic,ABD-NB+Platt,19,0.5,0.6917026079252752,0.09432151271902353
synth-rho0.6,synthetic,ABD-NB+Iso,19,0.5333333333333333,1.5551168607202839,0.11053429433941225
synth-rho0.9,synthetic,GNB,0,0.5,1.6194179539032343,0.35484162205930436
synth-rho0.9,synthetic,GNB+Platt,0,0.5,0.6978990516725031,0.07839682861704325
synth-rho0.9,synthetic,GNB+Iso,0,0.5166666666666667,0.693386789160725,0.07055971225410866
synth-rho0.9,synthetic,ABD-NB,0,0.5333333333333333,0.7635366755141547,0.20548592897971046
synth-rho0.9,synthetic,ABD-NB+Platt,0,0.5333333333333333,0.6937981570156132,0.043853323047647025
synth-rho0.9,synthetic,ABD-NB+Iso,0,0.5166666666666667,0.6931469051944639,0.08969314807616083
synth-rho0.9,synthetic,GNB,1,0.6166666666666667,1.3470018229325127,0.28686220679840646
synth-rho0.9,synthetic,GNB+Platt,1,0.65,0.6669062601766893,0.07323673174881906
synth-rho0.9,synthetic,GNB+Iso,1,0.6166666666666667,0.7076538744589729,0.12145962171555581
synth-rho0.9,synthetic,ABD-NB,1,0.65,0.7182287052582296,0.17877798644969758
synth-rho0.9,synthetic,ABD-NB+Platt,1,0.65,0.67350219301155,0.12151780554365714
synth-rho0.9,synthetic,ABD-NB+Iso,1,0.6166666666666667,0.6977282276943785,0.11315084900183484
synth-rho0.9,synthetic,GNB,2,0.5833333333333334,1.609930847221658,0.3583795661168728
synth-rho0.9,synthetic,GNB+Platt,2,0.5666666666666667,0.6825099278575035,0.022494255079904584
synth-rho0.9,synthetic,GNB+Iso,2,0.55,0.6806561828058828,0.0786328082068781
synth-rho0.9,synthetic,ABD-NB,2,0.5666666666666667,0.7444888793392795,0.13973997500678884
synth-rho0.9,synthetic,ABD-NB+Platt,2,0.5666666666666667,0.6819874139869511,0.05370146953841921
synth-rho0.9,synthetic,ABD-NB+Iso,2,0.55,0.680822954398223,0.07929653293159254
synth-rho0.9,synthetic,GNB,3,0.6333333333333333,1.2687703841048878,0.2621223053027778
synth-rho0.9,synthetic,GNB+Platt,3,0.6333333333333333,0.6612802558043989,0.061093314217544804
synth-rho0.9,synthetic,GNB+Iso,3,0.6333333333333333,0.6561584410080286,0.07528921592494256
synth-rho0.9,synthetic,ABD-NB,3,0.6333333333333333,0.6822301991206199,0.09931029910025911
synth-rho0.9,synthetic,ABD-NB+Platt,3,0.65,0.6630552050886666,0.07813323596457704
synth-rho0.9,synthetic,ABD-NB+Iso,3,0.6333333333333333,0.6549402314567483,0.07683280121403992
synth-rho0.9,synthetic,GNB,4,0.5,1.6475559474413868,0.3829988933579821
synth-rho0.9,synthetic,GNB+Platt,4,0.5333333333333333,0.6963527586147633,0.07719002065557848
synth-rho0.9,synthetic,GNB+Iso,4,0.48333333333333334,0.71427789109467,0.1282206521496751
synth-rho0.9,synthetic,ABD-NB,4,0.5333333333333333,0.7599398136212566,0.15623962056479082
synth-rho0.9,synthetic,ABD-NB+Platt,4,0.5666666666666667,0.6884181594752614,0.0664170590362875
synth-rho0.9,synthetic,ABD-NB+Iso,4,0.48333333333333334,0.7183206690239302,0.1279476127755274
synth-rho0.9,synthetic,GNB,5,0.6166666666666667,1.1486317890310693,0.26995560888497283
synth-rho0.9,synthetic,GNB+Platt,5,0.6166666666666667,0.6604837981657439,0.06075282409065921
synth-rho0.9,synthetic,GNB+Iso,5,0.6,0.6500498831890463,0.10138166195519738
synth-rho0.9,synthetic,ABD-NB,5,0.6166666666666667,0.6592248549571647,0.10988542144004164
synth-rho0.9,synthetic,ABD-NB+Platt,5,0.6166666666666667,0.6576207106567397,0.06871673121452888
synth-rho0.9,synthetic,ABD-NB+Iso,5,0.6166666666666667,0.6514413312645926,0.12480604387289133
synth-rho0.9,synthetic,GNB,6,0.55,1.9249734780516126,0.404600248006113
synth-rho0.9,synthetic,GNB+Platt,6,0.5166666666666667,0.6947800361000755,0.06872238027230107
synth-rho0.9,synthetic,GNB+Iso,6,0.5,1.16032448370044,0.10759560727284226
synth-rho0.9,synthetic,ABD-NB,6,0.5166666666666667,0.8162240415536957,0.19747273348931316
synth-rho0.9,synthetic,ABD-NB+Platt,6,0.5,0.6974087500741515,0.08487611440888634
synth-rho0.9,synthetic,ABD-NB+Iso,6,0.5,1.1610518511680938,0.10744602111442494
synth-rho0.9,synthetic,GNB,7,0.6,1.282788790116117,0.31633029003349933
synth-rho0.9,synthetic,GNB+Platt,7,0.6166666666666667,0.6640239663116727,0.05736132635787364
synth-rho0.9,synthetic,GNB+Iso,7,0.5833333333333334,0.6428924324003358,0.09309915135682352
synth-rho0.9,synthetic,ABD-NB,7,0.6166666666666667,0.6753507171849981,0.0889131558221029
synth-rho0.9,synthetic,ABD-NB+Platt,7,0.6166666666666667,0.6597266989449948,0.04095255436417379
synth-rho0.9,synthetic,ABD-NB+Iso,7,0.5833333333333334,0.6425429800635334,0.07002627444450911
synth-rho0.9,synthetic,GNB,8,0.6,1.3605307236678503,0.3084405257401375
synth-rho0.9,synthetic,GNB+Platt,8,0.6,0.6687769040612009,0.032781536327910275
synth-rho0.9,synthetic,GNB+Iso,8,0.6166666666666667,0.6739405518406907,0.06714449988106809
synth-rho0.9,synthetic,ABD-NB,8,0.6,0.705611980213729,0.12276901282822454
synth-rho0.9,synthetic,ABD-NB+Platt,8,0.5833333333333334,0.6705992864875798,0.11742202218609328
synth-rho0.9,synthetic,ABD-NB+Iso,8,0.6166666666666667,0.672593434410693,0.06621903223301366
synth-rho0.9,synthetic,GNB,9,0.5666666666666667,1.470234218020722,0.3637799760689412
synth-rho0.9,synthetic,GNB+Platt,9,0.5833333333333334,0.6893221116698381,0.09724504207414157
synth-rho0.9,synthetic,GNB+Iso,9,0.5166666666666667,0.6653920349853126,0.10542191006087397
synth-rho0.9,synthetic,ABD-NB,9,0.5833333333333334,0.719203457355516,0.21008102187439057
synth-rho0.9,synthetic,ABD-NB+Platt,9,0.5333333333333333,0.6755577900853397,0.09289531648280602
synth-rho0.9,synthetic,ABD-NB+Iso,9,0.5166666666666667,0.6656226236559616,0.09997299547398195
synth-rho0.9,synthetic,GNB,10,0.5833333333333334,1.515901683102032,0.29241580420642793
synth-rho0.9,synthetic,GNB+Platt,10,0.5666666666666667,0.6786485859737318,0.06395802868701615
synth-rho0.9,synthetic,GNB+Iso,10,0.55,0.7254105774767766,0.13934149751736977
synth-rho0.9,synthetic,ABD-NB,10,0.5666666666666667,0.7417645128390306,0.15775313002586844
synth-rho0.9,synthetic,ABD-NB+Platt,10,0.55,0.6806942676543692,0.11962357649028803
synth-rho0.9,synthetic,ABD-NB+Iso,10,0.55,0.7244877862491049,0.1392529634544185
synth-rho0.9,synthetic,GNB,11,0.6333333333333333,1.2146636923652123,0.30422538042900904
synth-rho0.9,synthetic,GNB+Platt,11,0.65,0.6641473594857062,0.10126645788946413
synth-rho0.9,synthetic,GNB+Iso,11,0.6166666666666667,0.6725222356077841,0.09969993437261708
synth-rho0.9,synthetic,ABD-NB,11,0.65,0.6705538181748114,0.13274414020428588
synth-rho0.9,synthetic,ABD-NB+Platt,11,0.6666666666666666,0.6622704749032897,0.09460002500950046
synth-rho0.9,synthetic,ABD-NB+Iso,11,0.6166666666666667,0.6705205581710555,0.0979815236486804
synth-rho0.9,synthetic,GNB,12,0.6,1.0380902804413903,0.29692482911517015
synth-rho0.9,synthetic,GNB+Platt,12,0.6,0.6648808414450241,0.06509681950189539
synth-rho0.9,synthetic,GNB+Iso,12,0.5666666666666667,0.6415796669638901,0.16671198882779206
synth-rho0.9,synthetic,ABD-NB,12,0.6,0.6315103427744001,0.1441469966282983
synth-rho0.9,synthetic,ABD-NB+Platt,12,0.6166666666666667,0.6554303517241225,0.12199603890831272
synth-rho0.9,synthetic,ABD-NB+Iso,12,0.5666666666666667,0.6420307933745936,0.13745471335876472
synth-rho0.9,synthetic,GNB,13,0.48333333333333334,2.171576102853935,0.4328976610524157
synth-rho0.9,synthetic,GNB+Platt,13,0.48333333333333334,0.7249216861050696,0.164946293043705
synth-rho0.9,synthetic,GNB+Iso,13,0.43333333333333335,0.7537661096931687,0.161036555532218
synth-rho0.9,synthetic,ABD-NB,13,0.48333333333333334,0.8860132004432274,0.29574981652292315
synth-rho0.9,synthetic,ABD-NB+Platt,13,0.45,0.7291430344182569,0.13459021353292835
synth-rho0.9,synthetic,ABD-NB+Iso,13,0.43333333333333335,0.7530366547123652,0.16368305961412094
synth-rho0.9,synthetic,GNB,14,0.5833333333333334,1.4249105364138226,0.3169770132847216
synth-rho0.9,synthetic,GNB+Platt,14,0.5833333333333334,0.6707130894468254,0.04021598439087841
synth-rho0.9,synthetic,GNB+Iso,14,0.5833333333333334,0.6704553982845898,0.1309328442142404
synth-rho0.9,synthetic,ABD-NB,14,0.5833333333333334,0.7015340914129731,0.11425884217040465
synth-rho0.9,synthetic,ABD-NB+Platt,14,0.6,0.6665942729432963,0.0410547216300582
synth-rho0.9,synthetic,ABD-NB+Iso,14,0.5833333333333334,0.6709975660574781,0.13169685475817483
synth-rho0.9,synthetic,GNB,15,0.48333333333333334,1.796203341223314,0.4204291453307055
synth-rho0.9,synthetic,GNB+Platt,15,0.48333333333333334,0.7082943049274857,0.11881677102362842
synth-rho0.9,synthetic,GNB+Iso,15,0.48333333333333334,0.7124416318219545,0.12954748607442745
synth-rho0.9,synthetic,ABD-NB,15,0.5166666666666667,0.7941309372131694,0.2451835125910587
synth-rho0.9,synthetic,ABD-NB+Platt,15,0.5,0.7018512876171941,0.09379492455974806
synth-rho0.9,synthetic,ABD-NB+Iso,15,0.48333333333333334,0.7119260808224216,0.12934715842260788
synth-rho0.9,synthetic,GNB,16,0.6333333333333333,1.075812780932379,0.2262929131254373
synth-rho0.9,synthetic,GNB+Platt,16,0.65,0.6524362599419757,0.0767211702255606
synth-rho0.9,synthetic,GNB+Iso,16,0.65,0.6385184225314818,0.11107720602802407
synth-rho0.9,synthetic,ABD-NB,16,0.65,0.6394347217070538,0.03919480575009771
synth-rho0.9,synthetic,ABD-NB+Platt,16,0.65,0.6474131276746734,0.07364773756361415
synth-rho0.9,synthetic,ABD-NB+Iso,16,0.65,0.6455004104066374,0.09430414331373939
synth-rho0.9,synthetic,GNB,17,0.5666666666666667,1.5306298431371559,0.3391312065732602
synth-rho0.9,synthetic,GNB+Platt,17,0.6,0.6823448578858576,0.02987242339417339
synth-rho0.9,synthetic,GNB+Iso,17,0.55,0.6644838675066302,0.0896987890380523
synth-rho0.9,synthetic,ABD-NB,17,0.5833333333333334,0.7271591305460754,0.18960879629451766
synth-rho0.9,synthetic,ABD-NB+Platt,17,0.5666666666666667,0.677573814017575,0.03752220238597758
synth-rho0.9,synthetic,ABD-NB+Iso,17,0.55,0.6641800379323901,0.08900749488733439
synth-rho0.9,synthetic,GNB,18,0.65,1.0806538680650675,0.2489391435043236
synth-rho0.9,synthetic,GNB+Platt,18,0.6333333333333333,0.6584058723126444,0.06780688249253558
synth-rho0.9,synthetic,GNB+Iso,18,0.6,0.6726719477261401,0.12052589007481085
synth-rho0.9,synthetic,ABD-NB,18,0.65,0.6679314881844635,0.1073161175168667
synth-rho0.9,synthetic,ABD-NB+Platt,18,0.65,0.6587463877490471,0.08436032718503783
synth-rho0.9,synthetic,ABD-NB+Iso,18,0.6,0.673216195756862,0.09885953116718095
synth-rho0.9,synthetic,GNB,19,0.5333333333333333,1.9538602052098626,0.41127276412748937
synth-rho0.9,synthetic,GNB+Platt,19,0.55,0.6875663978801312,0.045354892817199746
synth-rho0.9,synthetic,GNB+Iso,19,0.5166666666666667,1.1407607750224296,0.09396901604066446
synth-rho0.9,synthetic,ABD-NB,19,0.55,0.816381151128398,0.22797113675564007
synth-rho0.9,synthetic,ABD-NB+Platt,19,0.5666666666666667,0.6932735288162039,0.06515737067725616
synth-rho0.9,synthetic,ABD-NB+Iso,19,0.5166666666666667,1.1492312737897237,0.094214916051474
synth-blocks,synthetic,GNB,0,0.9666666666666667,0.09338082137891729,0.024666831823877848
synth-blocks,synthetic,GNB+Platt,0,0.9666666666666667,0.10892036547610633,0.024136739009800137
synth-blocks,synthetic,GNB+Iso,0,0.9666666666666667,0.09185044438947569,0.025498176652496433
synth-blocks,synthetic,ABD-NB,0,0.9833333333333333,0.06423871432782548,0.029445043274512778
synth-blocks,synthetic,ABD-NB+Platt,0,0.9833333333333333,0.09226874358335864,0.01945563837611432
synth-blocks,synthetic,ABD-NB+Iso,0,0.9833333333333333,0.061551481124164684,0.031173777078590887
synth-blocks,synthetic,GNB,1,0.95,0.16439903839420306,0.03878705408407812
synth-blocks,synthetic,GNB+Platt,1,0.95,0.1484262460135213,0.037214575536384555
synth-blocks,synthetic,GNB+Iso,1,0.95,0.5136593018267738,0.04839508572252383
synth-blocks,synthetic,ABD-NB,1,0.95,0.09625006276246087,0.04377182482202225
synth-blocks,synthetic,ABD-NB+Platt,1,0.95,0.15604381379296947,0.028364722270664236
synth-blocks,synthetic,ABD-NB+Iso,1,0.95,0.11200278988664739,0.04453703703703714
synth-blocks,synthetic,GNB,2,0.9833333333333333,0.046529077157254496,0.015617524423500173
synth-blocks,synthetic,GNB+Platt,2,0.9833333333333333,0.08201687720085689,0.01430950265108566
synth-blocks,synthetic,GNB+Iso,2,0.9833333333333333,0.048228329897620166,0.014164451433930858
synth-blocks,synthetic,ABD-NB,2,0.9833333333333333,0.02134822736597746,0.013918814136169064
synth-blocks,synthetic,ABD-NB+Platt,2,0.9833333333333333,0.05227819024369109,0.035730811919866934
synth-blocks,synthetic,ABD-NB+Iso,2,0.9833333333333333,0.021486784410782226,0.012953290333370417
synth-blocks,synthetic,GNB,3,0.9333333333333333,0.1369813119406045,0.054308685054562454
synth-blocks,synthetic,GNB+Platt,3,0.9333333333333333,0.18215560756343094,0.02938928622718591
synth-blocks,synthetic,GNB+Iso,3,0.95,0.10771914683437621,0.0407908898883777
synth-blocks,synthetic,ABD-NB,3,0.9666666666666667,0.06292598974995951,0.03355726642031687
synth-blocks,synthetic,ABD-NB+Platt,3,0.9666666666666667,0.09616910543713225,0.0645196780047753
synth-blocks,synthetic,ABD-NB+Iso,3,0.95,0.07425657365988154,0.046658703808787755
synth-blocks,synthetic,GNB,4,0.9833333333333333,0.04266172981490223,0.019399158521561936
synth-blocks,synthetic,GNB+Platt,4,0.9833333333333333,0.08149840012692286,0.017114964049581672
synth-blocks,synthetic,GNB+Iso,4,0.9666666666666667,0.04063589092105177,0.025845945142116106
synth-blocks,synthetic,ABD-NB,4,0.9666666666666667,0.060868964368124834,0.03760168293290805
synth-blocks,synthetic,ABD-NB+Platt,4,0.9666666666666667,0.09559256702466827,0.05535035924175617
synth-blocks,synthetic,ABD-NB+Iso,4,0.9833333333333333,0.06774588891044071,0.04194053391699652
synth-blocks,synthetic,GNB,5,0.9666666666666667,0.09049991605558795,0.03525171211169789
synth-blocks,synthetic,GNB+Platt,5,0.9666666666666667,0.1250706773716913,0.031232010510864685
synth-blocks,synthetic,GNB+Iso,5,0.9666666666666667,0.07891578608932986,0.036520223351011426
synth-blocks,synthetic,ABD-NB,5,0.9833333333333333,0.047448321176841106,0.03666636113524342
synth-blocks,synthetic,ABD-NB+Platt,5,0.9833333333333333,0.06266838857297156,0.04116476101444371
synth-blocks,synthetic,ABD-NB+Iso,5,0.9833333333333333,0.051084363351096215,0.017262958991194052
synth-blocks,synthetic,GNB,6,1.0,0.0033479700833383332,0.003085787359160125
synth-blocks,synthetic,GNB+Platt,6,1.0,0.03354311267511003,0.03294984106007961
synth-blocks,synthetic,GNB+Iso,6,1.0,0.01091258740107473,0.009524779963376443
synth-blocks,synthetic,ABD-NB,6,0.9833333333333333,0.02378914016789048,0.015938192947780157
synth-blocks,synthetic,ABD-NB+Platt,6,0.9833333333333333,0.05693398183851203,0.0374724116044702
synth-blocks,synthetic,ABD-NB+Iso,6,0.9833333333333333,0.03143290118895061,0.017029038292554803
synth-blocks,synthetic,GNB,7,0.9666666666666667,0.1765272699402252,0.03522853788300665
synth-blocks,synthetic,GNB+Platt,7,0.9666666666666667,0.1399878715184361,0.0037889859296196555
synth-blocks,synthetic,GNB+Iso,7,0.9666666666666667,0.5151348999412771,0.0332288617814665
synth-blocks,synthetic,ABD-NB,7,0.9666666666666667,0.09950831641335499,0.03324811372045736
synth-blocks,synthetic,ABD-NB+Platt,7,0.9666666666666667,0.10923779562582334,0.02753393292453913
synth-blocks,synthetic,ABD-NB+Iso,7,0.9666666666666667,0.10661106293599404,0.040040296699061256
synth-blocks,synthetic,GNB,8,0.9666666666666667,0.27541343779432614,0.04281153144987891
synth-blocks,synthetic,GNB+Platt,8,0.9666666666666667,0.14947308557967107,0.01484832809801474
synth-blocks,synthetic,GNB+Iso,8,0.9666666666666667,0.5194199793488922,0.04496845065152282
synth-blocks,synthetic,ABD-NB,8,0.95,0.12256998396636837,0.03473827238199385
synth-blocks,synthetic,ABD-NB+Platt,8,0.95,0.12760670588091322,0.030988374283892183
synth-blocks,synthetic,ABD-NB+Iso,8,0.9666666666666667,0.5030910791426754,0.026548072467612375
synth-blocks,synthetic,GNB,9,0.9666666666666667,0.04349144968255279,0.029292534007149245
synth-blocks,synthetic,GNB+Platt,9,0.9666666666666667,0.08222308639708678,0.05910245712668906
synth-blocks,synthetic,GNB+Iso,9,0.9666666666666667,0.05895534613586402,0.04286161534698696
synth-blocks,synthetic,ABD-NB,9,0.9666666666666667,0.05721646901295721,0.04235950346948827
synth-blocks,synthetic,ABD-NB+Platt,9,0.9666666666666667,0.07868333034561195,0.059868789639445266
synth-blocks,synthetic,ABD-NB+Iso,9,0.9666666666666667,0.06399644536662089,0.030885616897114363
synth-blocks,synthetic,GNB,10,0.9833333333333333,0.029741041329803913,0.010057805153030501
synth-blocks,synthetic,GNB+Platt,10,0.9833333333333333,0.06405473812942096,0.04332250175699713
synth-blocks,synthetic,GNB+Iso,10,0.9833333333333333,0.024644564319860486,0.01913387360063071
synth-blocks,synthetic,ABD-NB,10,0.9833333333333333,0.03575489088045572,0.02290506060501516
synth-blocks,synthetic,ABD-NB+Platt,10,0.9833333333333333,0.056341700307309485,0.033161516643886016
synth-blocks,synthetic,ABD-NB+Iso,10,0.9833333333333333,0.04084263345664505,0.023561426104536626
synth-blocks,synthetic,GNB,11,0.9833333333333333,0.22084328231570255,0.02158800655066272
synth-blocks,synthetic,GNB+Platt,11,0.9833333333333333,0.09244886373475439,0.015834846454772265
synth-blocks,synthetic,GNB+Iso,11,0.9833333333333333,0.4821186957388834,0.03383589557051018
synth-blocks,synthetic,ABD-NB,11,0.9666666666666667,0.09760817253272146,0.02651679109423774
synth-blocks,synthetic,ABD-NB+Platt,11,0.9833333333333333,0.09577016945246725,0.013399765593489814
synth-blocks,synthetic,ABD-NB+Iso,11,0.9666666666666667,0.4764507558743268,0.026401585546767383
synth-blocks,synthetic,GNB,12,0.9666666666666667,0.05332740542585725,0.02589276493408462
synth-blocks,synthetic,GNB+Platt,12,0.9666666666666667,0.09922293045899379,0.058696418507818225
synth-blocks,synthetic,GNB+Iso,12,0.9666666666666667,0.06039825121360227,0.03178892350876156
synth-blocks,synthetic,ABD-NB,12,0.9666666666666667,0.06671160184563014,0.038847355421696185
synth-blocks,synthetic,ABD-NB+Platt,12,0.9666666666666667,0.08807962531469168,0.044723568355255636
synth-blocks,synthetic,ABD-NB+Iso,12,0.9833333333333333,0.07622254456850085,0.041331497120273154
synth-blocks,synthetic,GNB,13,0.9833333333333333,0.08415329261712935,0.016938225566517476
synth-blocks,synthetic,GNB+Platt,13,0.9833333333333333,0.09089747591807318,0.015489781214899183
synth-blocks,synthetic,GNB+Iso,13,0.9666666666666667,0.08678343222945362,0.028353966233336716
synth-blocks,synthetic,ABD-NB,13,0.9833333333333333,0.0686617336181327,0.03520940394569147
synth-blocks,synthetic,ABD-NB+Platt,13,0.9833333333333333,0.09782586189432428,0.025508029835354083
synth-blocks,synthetic,ABD-NB+Iso,13,0.9833333333333333,0.08077267897636302,0.03803264175141075
synth-blocks,synthetic,GNB,14,0.95,0.14817875482464699,0.03982181008312676
synth-blocks,synthetic,GNB+Platt,14,0.95,0.13409677612538484,0.03762511060846016
synth-blocks,synthetic,GNB+Iso,14,0.9833333333333333,0.08781377511427205,0.034122214760309875
synth-blocks,synthetic,ABD-NB,14,0.9666666666666667,0.07956675708211411,0.03381715071810283
synth-blocks,synthetic,ABD-NB+Platt,14,0.9666666666666667,0.12494608001208853,0.020272244716810068
synth-blocks,synthetic,ABD-NB+Iso,14,0.9666666666666667,0.08232486884893625,0.03800082222201027
synth-blocks,synthetic,GNB,15,0.9833333333333333,0.05156094558462469,0.018912443598516626
synth-blocks,synthetic,GNB+Platt,15,0.9833333333333333,0.08384537696277226,0.01747227113187712
synth-blocks,synthetic,GNB+Iso,15,0.9833333333333333,0.04810939112848784,0.020047735103682383
synth-blocks,synthetic,ABD-NB,15,0.9833333333333333,0.022903039544930337,0.017317644209795504
synth-blocks,synthetic,ABD-NB+Platt,15,0.9833333333333333,0.04926170861659645,0.03840682581980462
synth-blocks,synthetic,ABD-NB+Iso,15,0.9833333333333333,0.03734725957101828,0.023595434276362893
synth-blocks,synthetic,GNB,16,0.95,0.12708084415926496,0.049185284140187364
synth-blocks,synthetic,GNB+Platt,16,0.95,0.15639558163148418,0.04505057210319479
synth-blocks,synthetic,GNB+Iso,16,0.9333333333333333,0.10892350694209171,0.04561234026516197
synth-blocks,synthetic,ABD-NB,16,0.9666666666666667,0.05703729128969788,0.026624882934134484
synth-blocks,synthetic,ABD-NB+Platt,16,0.9666666666666667,0.07845379256658938,0.048582251129626164
synth-blocks,synthetic,ABD-NB+Iso,16,0.9666666666666667,0.05927948066654235,0.039676228518115295
synth-blocks,synthetic,GNB,17,0.9333333333333333,0.12463140172713633,0.0516984685575214
synth-blocks,synthetic,GNB+Platt,17,0.9333333333333333,0.1620177490277068,0.023050306923880066
synth-blocks,synthetic,GNB+Iso,17,0.9666666666666667,0.11329611170280755,0.05040231458005032
synth-blocks,synthetic,ABD-NB,17,0.9333333333333333,0.0762563669765512,0.051813052479323635
synth-blocks,synthetic,ABD-NB+Platt,17,0.9333333333333333,0.09756129449968184,0.06782459511168924
synth-blocks,synthetic,ABD-NB+Iso,17,0.9333333333333333,0.07766027620463382,0.040924419145712224
synth-blocks,synthetic,GNB,18,0.9833333333333333,0.01903718830116591,0.013410463097001783
synth-blocks,synthetic,GNB+Platt,18,0.9833333333333333,0.05143514455661826,0.04274492741919989
synth-blocks,synthetic,GNB+Iso,18,0.9833333333333333,0.036882633244341594,0.028159496844024433
synth-blocks,synthetic,ABD-NB,18,0.9833333333333333,0.036986164201122794,0.029254630679256582
synth-blocks,synthetic,ABD-NB+Platt,18,0.9833333333333333,0.04826065157492517,0.0396008649937691
synth-blocks,synthetic,ABD-NB+Iso,18,0.9833333333333333,0.04028027696288761,0.031015810827468526
synth-blocks,synthetic,GNB,19,0.95,0.17952769736700186,0.04435505736938383
synth-blocks,synthetic,GNB+Platt,19,0.95,0.17144064238187756,0.041292541051975475
synth-blocks,synthetic,GNB+Iso,19,0.95,0.11567838836751416,0.04549559659348043
synth-blocks,synthetic,ABD-NB,19,0.95,0.10241830406314406,0.041837195446474386
synth-blocks,synthetic,ABD-NB+Platt,19,0.95,0.1376936196994005,0.03411871878784515
synth-blocks,synthetic,ABD-NB+Iso,19,0.95,0.11192048478135432,0.038183418707599004
synth-conflict,synthetic,GNB,0,0.7166666666666667,1.6065999469646557,0.23068203634294746
synth-conflict,synthetic,GNB+Platt,0,0.7,0.5758160476760852,0.11896793343144008
synth-conflict,synthetic,GNB+Iso,0,0.7,0.6171175186921409,0.053002913483124185
synth-conflict,synthetic,ABD-NB,0,0.8,0.46414741583257546,0.1435274935581024
synth-conflict,synthetic,ABD-NB+Platt,0,0.8,0.4337483902649953,0.10162557694261318
synth-conflict,synthetic,ABD-NB+Iso,0,0.8,0.4483370986210753,0.11936234512584512
synth-conflict,synthetic,GNB,1,0.6666666666666666,1.5096981184130598,0.290790902133666
synth-conflict,synthetic,GNB+Platt,1,0.6666666666666666,0.616455508019666,0.10607071910774694
synth-conflict,synthetic,GNB+Iso,1,0.6833333333333333,0.585518457224161,0.1186341978751061
synth-conflict,synthetic,ABD-NB,1,0.8333333333333334,0.2931843287519654,0.12126840125881277
synth-conflict,synthetic,ABD-NB+Platt,1,0.8333333333333334,0.33072713324491904,0.19252658935678965
synth-conflict,synthetic,ABD-NB+Iso,1,0.8666666666666667,0.32321932704775375,0.11452085564257408
synth-conflict,synthetic,GNB,2,0.7,1.1909908079420812,0.2699964758124565
synth-conflict,synthetic,GNB+Platt,2,0.7,0.5952189457998255,0.1433431479106607
synth-conflict,synthetic,GNB+Iso,2,0.7,0.5608446349881508,0.07248108243999064
synth-conflict,synthetic,ABD-NB,2,0.9,0.31931957831923735,0.09859295951454496
synth-conflict,synthetic,ABD-NB+Platt,2,0.9166666666666666,0.3166556492335765,0.057423129009712824
synth-conflict,synthetic,ABD-NB+Iso,2,0.9166666666666666,0.2964997312790236,0.050381156838604044
synth-conflict,synthetic,GNB,3,0.7666666666666667,1.4096482060959983,0.21273547813266752
synth-conflict,synthetic,GNB+Platt,3,0.7833333333333333,0.5178725982824949,0.10152045091288672
synth-conflict,synthetic,GNB+Iso,3,0.7833333333333333,0.5691899304527759,0.14185490870104356
synth-conflict,synthetic,ABD-NB,3,0.85,0.3800273720773408,0.059301059164375884
synth-conflict,synthetic,ABD-NB+Platt,3,0.8666666666666667,0.3707840295183204,0.10090364410666772
synth-conflict,synthetic,ABD-NB+Iso,3,0.8333333333333334,0.36565158125828795,0.05551602454945713
synth-conflict,synthetic,GNB,4,0.8833333333333333,0.25173680491077105,0.10250663491064119
synth-conflict,synthetic,GNB+Platt,4,0.8833333333333333,0.37111256345877985,0.17241410343021757
synth-conflict,synthetic,GNB+Iso,4,0.85,0.35336792508042086,0.18538765793947498
synth-conflict,synthetic,ABD-NB,4,1.0,0.12461495039415457,0.10918635798113847
synth-conflict,synthetic,ABD-NB+Platt,4,0.9833333333333333,0.14140515172979393,0.11220338774967695
synth-conflict,synthetic,ABD-NB+Iso,4,0.9666666666666667,0.12299532444130543,0.09275832918295807
synth-conflict,synthetic,GNB,5,0.7666666666666667,1.3514301084260594,0.24936897148071874
synth-conflict,synthetic,GNB+Platt,5,0.7666666666666667,0.5324432948635781,0.061250290714442976
synth-conflict,synthetic,GNB+Iso,5,0.75,0.5398056706320773,0.052601506270488665
synth-conflict,synthetic,ABD-NB,5,0.85,0.3299953193469545,0.05712048556593106
synth-conflict,synthetic,ABD-NB+Platt,5,0.8666666666666667,0.3683205005554753,0.11701109096574318
synth-conflict,synthetic,ABD-NB+Iso,5,0.85,0.36784338354001805,0.0784119134558955
synth-conflict,synthetic,GNB,6,0.85,0.758772619628509,0.16701342406257577
synth-conflict,synthetic,GNB+Platt,6,0.8666666666666667,0.4463555630741923,0.12298112588179866
synth-conflict,synthetic,GNB+Iso,6,0.8666666666666667,0.42623998484367537,0.12191419369794662
synth-conflict,synthetic,ABD-NB,6,0.95,0.1746391160490228,0.07673094481973525
synth-conflict,synthetic,ABD-NB+Platt,6,0.9333333333333333,0.19162474149726869,0.11545060873113136
synth-conflict,synthetic,ABD-NB+Iso,6,0.9333333333333333,0.16182120260405256,0.09802796712658235
synth-conflict,synthetic,GNB,7,0.7333333333333333,1.3777939500712109,0.2410421254553374
synth-conflict,synthetic,GNB+Platt,7,0.7666666666666667,0.5472246632486839,0.05588425408365703
synth-conflict,synthetic,GNB+Iso,7,0.7666666666666667,0.5567621297311354,0.1564815612784532
synth-conflict,synthetic,ABD-NB,7,0.8666666666666667,0.4198868438079992,0.09009728934848606
synth-conflict,synthetic,ABD-NB+Platt,7,0.8666666666666667,0.36742937149255456,0.07105115930616639
synth-conflict,synthetic,ABD-NB+Iso,7,0.8666666666666667,0.7897878555039777,0.1155456072442464
synth-conflict,synthetic,GNB,8,0.7833333333333333,0.9049342139245279,0.20248357076884183
synth-conflict,synthetic,GNB+Platt,8,0.8,0.4814880039554676,0.10924824345133534
synth-conflict,synthetic,GNB+Iso,8,0.8,0.4415771941072022,0.09849278627730156
synth-conflict,synthetic,ABD-NB,8,0.8833333333333333,0.27737237469481485,0.06244713566971905
synth-conflict,synthetic,ABD-NB+Platt,8,0.8833333333333333,0.2886190581266162,0.043598764163554855
synth-conflict,synthetic,ABD-NB+Iso,8,0.9166666666666666,0.2819122648214679,0.06846225780195936
synth-conflict,synthetic,GNB,9,0.6333333333333333,2.0033868084982713,0.32005047142349274
synth-conflict,synthetic,GNB+Platt,9,0.6333333333333333,0.6947451764603986,0.1448115632889656
synth-conflict,synthetic,GNB+Iso,9,0.6166666666666667,0.6649968879472813,0.13372150728320523
synth-conflict,synthetic,ABD-NB,9,0.8,0.6185914370773374,0.17912563204858675
synth-conflict,synthetic,ABD-NB+Platt,9,0.8,0.5531521495337198,0.169926324673227
synth-conflict,synthetic,ABD-NB+Iso,9,0.7833333333333333,0.9404951408677716,0.08726179376405109
synth-conflict,synthetic,GNB,10,0.7166666666666667,1.5177268753583157,0.2474833797664352
synth-conflict,synthetic,GNB+Platt,10,0.7333333333333333,0.5612568925330853,0.056899527652972355
synth-conflict,synthetic,GNB+Iso,10,0.75,0.5542637232812428,0.0720258067212271
synth-conflict,synthetic,ABD-NB,10,0.8,0.4479129886604657,0.10073685068761926
synth-conflict,synthetic,ABD-NB+Platt,10,0.8,0.4389316965293903,0.10156733032247524
synth-conflict,synthetic,ABD-NB+Iso,10,0.8333333333333334,0.41466436888474506,0.12018189879867852
synth-conflict,synthetic,GNB,11,0.75,1.476607587149109,0.25081274882832794
synth-conflict,synthetic,GNB+Platt,11,0.75,0.568000216264632,0.0848129499561937
synth-conflict,synthetic,GNB+Iso,11,0.75,0.5523498877621882,0.1038158969313228
synth-conflict,synthetic,ABD-NB,11,0.85,0.30264082291742417,0.08720241077344144
synth-conflict,synthetic,ABD-NB+Platt,11,0.85,0.33230729857336416,0.10276421510733305
synth-conflict,synthetic,ABD-NB+Iso,11,0.8333333333333334,0.29514088107921405,0.12215015745110856
synth-conflict,synthetic,GNB,12,0.6833333333333333,0.9986618248669136,0.2945100249478661
synth-conflict,synthetic,GNB+Platt,12,0.7,0.5878678573565637,0.09583606577307067
synth-conflict,synthetic,GNB+Iso,12,0.7,0.528827114945756,0.09261599426034947
synth-conflict,synthetic,ABD-NB,12,0.8833333333333333,0.3070291393462885,0.0704538651860922
synth-conflict,synthetic,ABD-NB+Platt,12,0.8666666666666667,0.3323892337342946,0.13045491055557812
synth-conflict,synthetic,ABD-NB+Iso,12,0.8666666666666667,0.3509553524179077,0.07115863067247857
synth-conflict,synthetic,GNB,13,0.7,1.5108635107989237,0.2717076134116255
synth-conflict,synthetic,GNB+Platt,13,0.7,0.6044090178485223,0.08043132841984203
synth-conflict,synthetic,GNB+Iso,13,0.7,0.6043243448244556,0.1465341696335836
synth-conflict,synthetic,ABD-NB,13,0.85,0.48276155235660206,0.07696259863544688
synth-conflict,synthetic,ABD-NB+Platt,13,0.85,0.4295274294857458,0.09998471104253265
synth-conflict,synthetic,ABD-NB+Iso,13,0.85,0.8409604412154827,0.13567823185512712
synth-conflict,synthetic,GNB,14,0.75,1.2691468498877212,0.22868130037873585
synth-conflict,synthetic,GNB+Platt,14,0.7666666666666667,0.5207320959951198,0.06620032489110268
synth-conflict,synthetic,GNB+Iso,14,0.7166666666666667,0.532635623552176,0.12660931964764133
synth-conflict,synthetic,ABD-NB,14,0.8666666666666667,0.3133873471782754,0.07766309095026326
synth-conflict,synthetic,ABD-NB+Platt,14,0.8666666666666667,0.3389047465198805,0.07088816407728774
synth-conflict,synthetic,ABD-NB+Iso,14,0.8666666666666667,0.32987070475053326,0.10156824638361295
synth-conflict,synthetic,GNB,15,0.8,0.8403454383747582,0.1695653588707872
synth-conflict,synthetic,GNB+Platt,15,0.8,0.48321887755927406,0.06477329993911804
synth-conflict,synthetic,GNB+Iso,15,0.8,0.49213988729035385,0.13695000577564265
synth-conflict,synthetic,ABD-NB,15,0.8833333333333333,0.2700612708390228,0.0701556072847183
synth-conflict,synthetic,ABD-NB+Platt,15,0.8833333333333333,0.28135830522296207,0.11599379257358719
synth-conflict,synthetic,ABD-NB+Iso,15,0.8833333333333333,0.27719099117521323,0.0492119760427793
synth-conflict,synthetic,GNB,16,0.8,1.5891173828482283,0.19455172618683067
synth-conflict,synthetic,GNB+Platt,16,0.8166666666666667,0.4987476849449363,0.10475495034107299
synth-conflict,synthetic,GNB+Iso,16,0.8166666666666667,0.582306892301192,0.1406915720768904
synth-conflict,synthetic,ABD-NB,16,0.9,0.3296609113830113,0.10485958823110272
synth-conflict,synthetic,ABD-NB+Platt,16,0.9,0.28383114481355587,0.09015496317519993
synth-conflict,synthetic,ABD-NB+Iso,16,0.9,0.2703156936244594,0.07490977462334804
synth-conflict,synthetic,GNB,17,0.6833333333333333,1.517373814145358,0.26636078968856625
synth-conflict,synthetic,GNB+Platt,17,0.7,0.5918464194285384,0.12549087296889108
synth-conflict,synthetic,GNB+Iso,17,0.7,0.5769957243270473,0.15462872030917527
synth-conflict,synthetic,ABD-NB,17,0.85,0.5538277733854572,0.1661137318288733
synth-conflict,synthetic,ABD-NB+Platt,17,0.85,0.45764944425746806,0.10057468255134458
synth-conflict,synthetic,ABD-NB+Iso,17,0.85,0.5379201507157455,0.1261700494281514
synth-conflict,synthetic,GNB,18,0.75,0.8882727659095268,0.19349030912052936
synth-conflict,synthetic,GNB+Platt,18,0.7666666666666667,0.5343530016705125,0.08172658554195603
synth-conflict,synthetic,GNB+Iso,18,0.7333333333333333,0.5033709637869825,0.0741043500184626
synth-conflict,synthetic,ABD-NB,18,0.9333333333333333,0.21006125267524195,0.07658440692718756
synth-conflict,synthetic,ABD-NB+Platt,18,0.95,0.23041567475490604,0.08265512351278846
synth-conflict,synthetic,ABD-NB+Iso,18,0.9333333333333333,0.20978964401745387,0.04322666373610357
synth-conflict,synthetic,GNB,19,0.85,0.7654712609347385,0.1225105940919437
synth-conflict,synthetic,GNB+Platt,19,0.8666666666666667,0.41581081822579874,0.16487051342344167
synth-conflict,synthetic,GNB+Iso,19,0.8833333333333333,0.3873591547618761,0.13632104801090017
synth-conflict,synthetic,ABD-NB,19,0.9333333333333333,0.1926926390010096,0.0534177527772516
synth-conflict,synthetic,ABD-NB+Platt,19,0.8833333333333333,0.2580225554103776,0.10996632997024533
synth-conflict,synthetic,ABD-NB+Iso,19,0.8833333333333333,0.2507077819648755,0.09725217057148074
synth-classdep,synthetic,GNB,0,0.6833333333333333,0.7196766271676929,0.17382473577758542
synth-classdep,synthetic,GNB+Platt,0,0.7166666666666667,0.6280745672475297,0.10781621534361699
synth-classdep,synthetic,GNB+Iso,0,0.7,0.606968091852056,0.1063887804754589
synth-classdep,synthetic,ABD-NB,0,0.7,0.6455467082490809,0.15634156576182928
synth-classdep,synthetic,ABD-NB+Platt,0,0.7166666666666667,0.6248571468834996,0.12609247182967917
synth-classdep,synthetic,ABD-NB+Iso,0,0.7,0.6039765669599162,0.12645915033559088
synth-classdep,synthetic,GNB,1,0.5666666666666667,0.8812334830118733,0.2852638106194525
synth-classdep,synthetic,GNB+Platt,1,0.5833333333333334,0.6644307287753165,0.1199011091550882
synth-classdep,synthetic,GNB+Iso,1,0.5833333333333334,0.6873049838018379,0.16432585232246763
synth-classdep,synthetic,ABD-NB,1,0.5833333333333334,0.7376227479828842,0.1818741043725916
synth-classdep,synthetic,ABD-NB+Platt,1,0.5833333333333334,0.6589226906281547,0.10980684124213538
synth-classdep,synthetic,ABD-NB+Iso,1,0.5833333333333334,0.6734807909784222,0.14872035794937805
synth-classdep,synthetic,GNB,2,0.6166666666666667,0.7800451428042265,0.19022794543864766
synth-classdep,synthetic,GNB+Platt,2,0.6333333333333333,0.6367888620672179,0.0762764182581614
synth-classdep,synthetic,GNB+Iso,2,0.6333333333333333,0.6283901049066354,0.12263456860795616
synth-classdep,synthetic,ABD-NB,2,0.6166666666666667,0.6767650348918782,0.1302580085294026
synth-classdep,synthetic,ABD-NB+Platt,2,0.6333333333333333,0.6321594580853779,0.05438965228730126
synth-classdep,synthetic,ABD-NB+Iso,2,0.6333333333333333,0.624286520951721,0.1438733327008022
synth-classdep,synthetic,GNB,3,0.6,0.9531009778694486,0.23201816883177054
synth-classdep,synthetic,GNB+Platt,3,0.6166666666666667,0.6966333369708544,0.08886323684933017
synth-classdep,synthetic,GNB+Iso,3,0.6,0.7076869308333669,0.11368880224700874
synth-classdep,synthetic,ABD-NB,3,0.5833333333333334,0.8041334562334473,0.15544382137463905
synth-classdep,synthetic,ABD-NB+Platt,3,0.6,0.7005909447006116,0.16798644331092535
synth-classdep,synthetic,ABD-NB+Iso,3,0.6166666666666667,0.7034930136308125,0.13930691909743453
synth-classdep,synthetic,GNB,4,0.6166666666666667,1.1004431814161657,0.23873604617693986
synth-classdep,synthetic,GNB+Platt,4,0.6,0.675178163080004,0.11137513072247648
synth-classdep,synthetic,GNB+Iso,4,0.6166666666666667,0.7252474890978295,0.15064882082450753
synth-classdep,synthetic,ABD-NB,4,0.6166666666666667,0.8710730661198253,0.1821721552478359
synth-classdep,synthetic,ABD-NB+Platt,4,0.6,0.6828033281428529,0.12498621845520452
synth-classdep,synthetic,ABD-NB+Iso,4,0.6333333333333333,0.7266755121063224,0.13474149017588896
synth-classdep,synthetic,GNB,5,0.7333333333333333,0.539041865084489,0.10531737863190817
synth-classdep,synthetic,GNB+Platt,5,0.75,0.5746046206474493,0.11696910132276943
synth-classdep,synthetic,GNB+Iso,5,0.75,0.5649640726656232,0.09852711856641565
synth-classdep,synthetic,ABD-NB,5,0.7333333333333333,0.5272700716817622,0.0444883281239334
synth-classdep,synthetic,ABD-NB+Platt,5,0.7166666666666667,0.5742194091851602,0.13908071246221818
synth-classdep,synthetic,ABD-NB+Iso,5,0.75,0.5542276851356351,0.09895732319397992
synth-classdep,synthetic,GNB,6,0.7666666666666667,0.5464771948613143,0.17095196502016163
synth-classdep,synthetic,GNB+Platt,6,0.8,0.5600038874135613,0.16407574060121027
synth-classdep,synthetic,GNB+Iso,6,0.8,0.5450961743127933,0.1682723444369259
synth-classdep,synthetic,ABD-NB,6,0.7833333333333333,0.5226013937499367,0.13483378978299929
synth-classdep,synthetic,ABD-NB+Platt,6,0.7833333333333333,0.559573800405333,0.14777299754973006
synth-classdep,synthetic,ABD-NB+Iso,6,0.8,0.5445093823974705,0.14485321474537555
synth-classdep,synthetic,GNB,7,0.6333333333333333,0.88346469663619,0.20907291525629146
synth-classdep,synthetic,GNB+Platt,7,0.6333333333333333,0.6470662640920566,0.051792962226957104
synth-classdep,synthetic,GNB+Iso,7,0.6,0.6740579981664886,0.11161378929792301
synth-classdep,synthetic,ABD-NB,7,0.6333333333333333,0.7350903684723721,0.14837574895363395
synth-classdep,synthetic,ABD-NB+Platt,7,0.65,0.6449805089155223,0.04396354996631227
synth-classdep,synthetic,ABD-NB+Iso,7,0.65,1.0612104564630116,0.06265733662469668
synth-classdep,synthetic,GNB,8,0.6333333333333333,0.946111013916108,0.1881776264409553
synth-classdep,synthetic,GNB+Platt,8,0.6333333333333333,0.6705107918723603,0.06754793473660306
synth-classdep,synthetic,GNB+Iso,8,0.65,0.6912975251383029,0.19946820551299888
synth-classdep,synthetic,ABD-NB,8,0.6333333333333333,0.7975933020971697,0.14529296354899285
synth-classdep,synthetic,ABD-NB+Platt,8,0.6333333333333333,0.6761768326971194,0.13393267135460124
synth-classdep,synthetic,ABD-NB+Iso,8,0.6666666666666666,0.6893749470757482,0.20888534243050566
synth-classdep,synthetic,GNB,9,0.65,0.6238778895005991,0.19718319804335663
synth-classdep,synthetic,GNB+Platt,9,0.6666666666666666,0.5963005135422264,0.15251447990355455
synth-classdep,synthetic,GNB+Iso,9,0.6333333333333333,0.5777023478517115,0.11251625364257735
synth-classdep,synthetic,ABD-NB,9,0.65,0.5775620732984251,0.13114333119585003
synth-classdep,synthetic,ABD-NB+Platt,9,0.6666666666666666,0.5909922804517609,0.13951207168840263
synth-classdep,synthetic,ABD-NB+Iso,9,0.6333333333333333,0.5796422614343475,0.11589661651211716
synth-classdep,synthetic,GNB,10,0.6666666666666666,0.6795907276089218,0.14426651291397952
synth-classdep,synthetic,GNB+Platt,10,0.6833333333333333,0.6103557990074849,0.08640884975527284
synth-classdep,synthetic,GNB+Iso,10,0.65,0.6129549139847064,0.11198369539659982
synth-classdep,synthetic,ABD-NB,10,0.6666666666666666,0.6188987046026241,0.0876803967440236
synth-classdep,synthetic,ABD-NB+Platt,10,0.6833333333333333,0.6100515249186657,0.07810943400473089
synth-classdep,synthetic,ABD-NB+Iso,10,0.65,0.6089274250772753,0.11338237810138085
synth-classdep,synthetic,GNB,11,0.7333333333333333,0.5755373887879663,0.1357203496984718
synth-classdep,synthetic,GNB+Platt,11,0.7166666666666667,0.5817571294837158,0.14539479947439013
synth-classdep,synthetic,GNB+Iso,11,0.6833333333333333,0.5774542183449111,0.102919483441941
synth-classdep,synthetic,ABD-NB,11,0.7333333333333333,0.5452163924435995,0.15006000639310746
synth-classdep,synthetic,ABD-NB+Platt,11,0.7333333333333333,0.579440596381663,0.14794729862489525
synth-classdep,synthetic,ABD-NB+Iso,11,0.7,0.5722798959195429,0.08924769703262249
synth-classdep,synthetic,GNB,12,0.5833333333333334,1.0277815788593712,0.2551681430257915
synth-classdep,synthetic,GNB+Platt,12,0.5666666666666667,0.6792190510620667,0.16551849882248765
synth-classdep,synthetic,GNB+Iso,12,0.5833333333333334,1.093393123947166,0.1352642188223454
synth-classdep,synthetic,ABD-NB,12,0.5833333333333334,0.8379262570510185,0.21582338510426316
synth-classdep,synthetic,ABD-NB+Platt,12,0.5666666666666667,0.6799287095333647,0.1464338272331538
synth-classdep,synthetic,ABD-NB+Iso,12,0.6166666666666667,1.0959213059920814,0.12791370346384773
synth-classdep,synthetic,GNB,13,0.55,0.9208777313065049,0.2547874285152802
synth-classdep,synthetic,GNB+Platt,13,0.5833333333333334,0.6731825308321917,0.10644390081691087
synth-classdep,synthetic,GNB+Iso,13,0.6166666666666667,0.6704409205943339,0.10790605386171208
synth-classdep,synthetic,ABD-NB,13,0.5833333333333334,0.7693560867907695,0.2167067318600498
synth-classdep,synthetic,ABD-NB+Platt,13,0.6,0.6694479266979959,0.11176244894914565
synth-classdep,synthetic,ABD-NB+Iso,13,0.6166666666666667,0.6774867794265761,0.11236674046305037
synth-classdep,synthetic,GNB,14,0.5833333333333334,1.0083069242443867,0.29909010782538004
synth-classdep,synthetic,GNB+Platt,14,0.5666666666666667,0.7015781011668577,0.13470331022744444
synth-classdep,synthetic,GNB+Iso,14,0.5833333333333334,0.7112686216333161,0.1356923585494367
synth-classdep,synthetic,ABD-NB,14,0.5666666666666667,0.821014191847912,0.21689857160929452
synth-classdep,synthetic,ABD-NB+Platt,14,0.5666666666666667,0.6974594723458435,0.1283123126068527
synth-classdep,synthetic,ABD-NB+Iso,14,0.5666666666666667,0.7112167725943556,0.13857220370864104
synth-classdep,synthetic,GNB,15,0.5833333333333334,0.990734148786189,0.30452511748813216
synth-classdep,synthetic,GNB+Platt,15,0.6,0.705129549266436,0.11336099556477311
synth-classdep,synthetic,GNB+Iso,15,0.6333333333333333,0.6874173167619729,0.15728222957734123
synth-classdep,synthetic,ABD-NB,15,0.5833333333333334,0.821716639957157,0.2444118044612863
synth-classdep,synthetic,ABD-NB+Platt,15,0.6,0.7044001126480881,0.12405599373428912
synth-classdep,synthetic,ABD-NB+Iso,15,0.6333333333333333,0.6850656081164873,0.1813647674598989
synth-classdep,synthetic,GNB,16,0.75,0.6453594068759645,0.10271904676470772
synth-classdep,synthetic,GNB+Platt,16,0.7833333333333333,0.572540248832021,0.19249934213418787
synth-classdep,synthetic,GNB+Iso,16,0.7666666666666667,0.5917002111648476,0.130734969011148
synth-classdep,synthetic,ABD-NB,16,0.75,0.5918113933344097,0.10674993443667997
synth-classdep,synthetic,ABD-NB+Platt,16,0.7833333333333333,0.5765540074527497,0.1694661306874388
synth-classdep,synthetic,ABD-NB+Iso,16,0.7333333333333333,0.6082977387842315,0.0999112235447176
synth-classdep,synthetic,GNB,17,0.6166666666666667,0.9556373767175886,0.2561220778966976
synth-classdep,synthetic,GNB+Platt,17,0.6333333333333333,0.6708916816760877,0.10917813101348006
synth-classdep,synthetic,GNB+Iso,17,0.6166666666666667,0.7063141713592634,0.15053588721821148
synth-classdep,synthetic,ABD-NB,17,0.6333333333333333,0.7888823276181177,0.192246570832385
synth-classdep,synthetic,ABD-NB+Platt,17,0.6333333333333333,0.675819467348436,0.10287717994822669
synth-classdep,synthetic,ABD-NB+Iso,17,0.6166666666666667,0.7057443308844633,0.1653804645183702
synth-classdep,synthetic,GNB,18,0.6833333333333333,0.6599117207013655,0.1605760271754438
synth-classdep,synthetic,GNB+Platt,18,0.7166666666666667,0.5902061155190875,0.08757946112254925
synth-classdep,synthetic,GNB+Iso,18,0.7166666666666667,0.5679555010059492,0.06460771164700027
synth-classdep,synthetic,ABD-NB,18,0.6833333333333333,0.5981532944206049,0.15183449202761604
synth-classdep,synthetic,ABD-NB+Platt,18,0.7,0.588518379583488,0.06903506984075627
synth-classdep,synthetic,ABD-NB+Iso,18,0.7,0.5530791800973724,0.07159188052055789
synth-classdep,synthetic,GNB,19,0.7166666666666667,0.5607514663522281,0.05642157495019129
synth-classdep,synthetic,GNB+Platt,19,0.7166666666666667,0.5814181366088534,0.12522157859358957
synth-classdep,synthetic,GNB+Iso,19,0.7,0.5653157226338525,0.1279493624939475
synth-classdep,synthetic,ABD-NB,19,0.7166666666666667,0.543630108682425,0.10135073813406217
synth-classdep,synthetic,ABD-NB+Platt,19,0.7166666666666667,0.5810841823250926,0.12958450917038064
synth-classdep,synthetic,ABD-NB+Iso,19,0.7,0.5689499082729058,0.15604547937383556
synth-nonlin,synthetic,GNB,0,0.8833333333333333,0.24302904457956048,0.06266159783643915
synth-nonlin,synthetic,GNB+Platt,0,0.8833333333333333,0.2696881320106099,0.08069901171040773
synth-nonlin,synthetic,GNB+Iso,0,0.8833333333333333,0.24609411972289716,0.06087096562438441
synth-nonlin,synthetic,ABD-NB,0,0.8833333333333333,0.24302904457959015,0.06266159783646863
synth-nonlin,synthetic,ABD-NB+Platt,0,0.8833333333333333,0.2559999389358384,0.10778087082708314
synth-nonlin,synthetic,ABD-NB+Iso,0,0.8833333333333333,0.24381763545123342,0.04195566139119873
synth-nonlin,synthetic,GNB,1,0.9333333333333333,0.20296840863687307,0.05876643829167566
synth-nonlin,synthetic,GNB+Platt,1,0.9166666666666666,0.21480650279148386,0.05956121542565875
synth-nonlin,synthetic,GNB+Iso,1,0.9166666666666666,0.18981346531803223,0.07837725193645621
synth-nonlin,synthetic,ABD-NB,1,0.9333333333333333,0.20296840863693813,0.05876643829171142
synth-nonlin,synthetic,ABD-NB+Platt,1,0.9166666666666666,0.21480650279147478,0.059561215425644756
synth-nonlin,synthetic,ABD-NB+Iso,1,0.9166666666666666,0.18981346531806068,0.07837725193647677
synth-nonlin,synthetic,GNB,2,0.9333333333333333,0.2727937376501605,0.1041300461118976
synth-nonlin,synthetic,GNB+Platt,2,0.9333333333333333,0.2511260121516274,0.08569140320362428
synth-nonlin,synthetic,GNB+Iso,2,0.9333333333333333,0.6857812880326274,0.08724797031816023
synth-nonlin,synthetic,ABD-NB,2,0.9333333333333333,0.2727937376501649,0.10413004611194145
synth-nonlin,synthetic,ABD-NB+Platt,2,0.9333333333333333,0.2511260121516419,0.0856914032036554
synth-nonlin,synthetic,ABD-NB+Iso,2,0.9333333333333333,0.685781288032672,0.08724797031816794
synth-nonlin,synthetic,GNB,3,0.8666666666666667,0.35021930684052277,0.11404910308537648
synth-nonlin,synthetic,GNB+Platt,3,0.8666666666666667,0.351156782776857,0.08500273480711827
synth-nonlin,synthetic,GNB+Iso,3,0.8833333333333333,0.33950849946351924,0.12205807444129207
synth-nonlin,synthetic,ABD-NB,3,0.8666666666666667,0.3502193068404927,0.11404910308535325
synth-nonlin,synthetic,ABD-NB+Platt,3,0.8666666666666667,0.35115678277685675,0.08500273480710564
synth-nonlin,synthetic,ABD-NB+Iso,3,0.8833333333333333,0.339508499463529,0.12205807444128368
synth-nonlin,synthetic,GNB,4,0.8833333333333333,0.28370745287184235,0.07485801589459143
synth-nonlin,synthetic,GNB+Platt,4,0.9,0.2791835402159368,0.03858304635093179
synth-nonlin,synthetic,GNB+Iso,4,0.9,0.6734237023554834,0.04043626348353604
synth-nonlin,synthetic,ABD-NB,4,0.8833333333333333,0.2837074528718639,0.0748580158945792
synth-nonlin,synthetic,ABD-NB+Platt,4,0.8833333333333333,0.28602657874794196,0.03168265123954937
synth-nonlin,synthetic,ABD-NB+Iso,4,0.8666666666666667,0.6828211143152425,0.08119024588213239
synth-nonlin,synthetic,GNB,5,0.9166666666666666,0.2370046006026025,0.059929744888800804
synth-nonlin,synthetic,GNB+Platt,5,0.9166666666666666,0.24422391111868177,0.06314658680505736
synth-nonlin,synthetic,GNB+Iso,5,0.9,0.2537403197462797,0.0550826075088157
synth-nonlin,synthetic,ABD-NB,5,0.9166666666666666,0.2370046006026548,0.05992974488887422
synth-nonlin,synthetic,ABD-NB+Platt,5,0.9166666666666666,0.24422391111865382,0.06314658680503542
synth-nonlin,synthetic,ABD-NB+Iso,5,0.9,0.2537403197463106,0.055082607508835216
synth-nonlin,synthetic,GNB,6,1.0,0.11849799299630887,0.10162657001329202
synth-nonlin,synthetic,GNB+Platt,6,1.0,0.11415388381812558,0.10203723088842614
synth-nonlin,synthetic,GNB+Iso,6,0.9833333333333333,0.10170921656290492,0.07248967090820015
synth-nonlin,synthetic,ABD-NB,6,1.0,0.11849799299644342,0.10162657001340634
synth-nonlin,synthetic,ABD-NB+Platt,6,0.9833333333333333,0.12157208802931044,0.10631872139727988
synth-nonlin,synthetic,ABD-NB+Iso,6,0.9833333333333333,0.1081321594636961,0.07591377205030508
synth-nonlin,synthetic,GNB,7,0.8333333333333334,0.4361184272930271,0.06610683651589931
synth-nonlin,synthetic,GNB+Platt,7,0.8333333333333334,0.4054712892300839,0.08641356001123449
synth-nonlin,synthetic,GNB+Iso,7,0.8333333333333334,0.7979145387451229,0.10414843082109512
synth-nonlin,synthetic,ABD-NB,7,0.8333333333333334,0.4361184272928798,0.06610683651584554
synth-nonlin,synthetic,ABD-NB+Platt,7,0.8333333333333334,0.40829971178415647,0.0927818527270554
synth-nonlin,synthetic,ABD-NB+Iso,7,0.8333333333333334,0.7953282824100405,0.09991037525269725
synth-nonlin,synthetic,GNB,8,0.8666666666666667,0.3039266827631965,0.07891222322458849
synth-nonlin,synthetic,GNB+Platt,8,0.8666666666666667,0.31990860894845435,0.07112812621521339
synth-nonlin,synthetic,GNB+Iso,8,0.8833333333333333,0.30446173421945866,0.07231449131281835
synth-nonlin,synthetic,ABD-NB,8,0.8666666666666667,0.3039266827631816,0.0789122232245372
synth-nonlin,synthetic,ABD-NB+Platt,8,0.8666666666666667,0.31990860894845446,0.07112812621525201
synth-nonlin,synthetic,ABD-NB+Iso,8,0.8833333333333333,0.30446173421910694,0.07231449131272254
synth-nonlin,synthetic,GNB,9,0.8333333333333334,0.41673327632384954,0.12313294188844476
synth-nonlin,synthetic,GNB+Platt,9,0.8333333333333334,0.45415276136923527,0.10789634351279824
synth-nonlin,synthetic,GNB+Iso,9,0.8333333333333334,0.4391754636062041,0.11740651038367905
synth-nonlin,synthetic,ABD-NB,9,0.8333333333333334,0.41673327632373447,0.12313294188843926
synth-nonlin,synthetic,ABD-NB+Platt,9,0.8166666666666667,0.4159131582692013,0.10100274455953137
synth-nonlin,synthetic,ABD-NB+Iso,9,0.8166666666666667,0.41955414085300763,0.09321834322070424
synth-nonlin,synthetic,GNB,10,0.8833333333333333,0.36690820867103535,0.08235558756483641
synth-nonlin,synthetic,GNB+Platt,10,0.8666666666666667,0.36748712560371755,0.05226619406294512
synth-nonlin,synthetic,GNB+Iso,10,0.85,0.4010650057890547,0.11793019537767502
synth-nonlin,synthetic,ABD-NB,10,0.8833333333333333,0.3669082086708795,0.08235558756474749
synth-nonlin,synthetic,ABD-NB+Platt,10,0.8666666666666667,0.3674871256037119,0.052266194062960784
synth-nonlin,synthetic,ABD-NB+Iso,10,0.85,0.40106500578905663,0.11793019537767473
synth-nonlin,synthetic,GNB,11,0.9,0.2958620857680891,0.10042763446482739
synth-nonlin,synthetic,GNB+Platt,11,0.9,0.2917415060660865,0.08207904236283416
synth-nonlin,synthetic,GNB+Iso,11,0.9166666666666666,0.2937043882485052,0.09611008417125133
synth-nonlin,synthetic,ABD-NB,11,0.9,0.2958620857681253,0.10042763446483435
synth-nonlin,synthetic,ABD-NB+Platt,11,0.9,0.29603074966451615,0.09673713362801108
synth-nonlin,synthetic,ABD-NB+Iso,11,0.9166666666666666,0.29241635602721616,0.10132777710236757
synth-nonlin,synthetic,GNB,12,0.8666666666666667,0.30434331884041127,0.075830758701319
synth-nonlin,synthetic,GNB+Platt,12,0.8666666666666667,0.3116551540906714,0.08247654032768563
synth-nonlin,synthetic,GNB+Iso,12,0.85,0.3174374788959099,0.1346087881819465
synth-nonlin,synthetic,ABD-NB,12,0.8666666666666667,0.30434331884046517,0.07583075870134286
synth-nonlin,synthetic,ABD-NB+Platt,12,0.85,0.31908551051914835,0.07422024209131346
synth-nonlin,synthetic,ABD-NB+Iso,12,0.8333333333333334,0.3172453253260048,0.06314347442992788
synth-nonlin,synthetic,GNB,13,0.8833333333333333,0.2908790352454007,0.07355645494578564
synth-nonlin,synthetic,GNB+Platt,13,0.8833333333333333,0.30923448750906324,0.08461694875063963
synth-nonlin,synthetic,GNB+Iso,13,0.8833333333333333,0.28869502988188994,0.09533909269784974
synth-nonlin,synthetic,ABD-NB,13,0.8833333333333333,0.29087903524539743,0.07355645494578579
synth-nonlin,synthetic,ABD-NB+Platt,13,0.8833333333333333,0.3092344875090258,0.08461694875061952
synth-nonlin,synthetic,ABD-NB+Iso,13,0.8833333333333333,0.2886950298818944,0.09533909269784695
synth-nonlin,synthetic,GNB,14,0.8833333333333333,0.2804561864681901,0.09195997174457288
synth-nonlin,synthetic,GNB+Platt,14,0.9,0.29959357760998856,0.0723412839365286
synth-nonlin,synthetic,GNB+Iso,14,0.8833333333333333,0.30235989364344346,0.04444937836723908
synth-nonlin,synthetic,ABD-NB,14,0.8833333333333333,0.28045618646819626,0.09195997174458985
synth-nonlin,synthetic,ABD-NB+Platt,14,0.9,0.29959357760999367,0.07234128393651948
synth-nonlin,synthetic,ABD-NB+Iso,14,0.8833333333333333,0.3023598936435728,0.0444493783672575
synth-nonlin,synthetic,GNB,15,0.95,0.21916476413623276,0.09068819199760536
synth-nonlin,synthetic,GNB+Platt,15,0.95,0.211525622570112,0.07557231449746096
synth-nonlin,synthetic,GNB+Iso,15,0.9333333333333333,0.21048937819914312,0.07153399536028064
synth-nonlin,synthetic,ABD-NB,15,0.95,0.2191647641363286,0.09068819199773967
synth-nonlin,synthetic,ABD-NB+Platt,15,0.9333333333333333,0.21399197442950707,0.07014180219540639
synth-nonlin,synthetic,ABD-NB+Iso,15,0.9,0.20953090406758257,0.08078606782674813
synth-nonlin,synthetic,GNB,16,0.9333333333333333,0.25232691111388433,0.09813545675664016
synth-nonlin,synthetic,GNB+Platt,16,0.9333333333333333,0.2532753791934176,0.09555836122229955
synth-nonlin,synthetic,GNB+Iso,16,0.9,0.23060900999434428,0.11150666486320943
synth-nonlin,synthetic,ABD-NB,16,0.9333333333333333,0.25232691111391264,0.09813545675667633
synth-nonlin,synthetic,ABD-NB+Platt,16,0.9333333333333333,0.2607802497157416,0.08674059679978659
synth-nonlin,synthetic,ABD-NB+Iso,16,0.9,0.2554414241664666,0.08899518377957416
synth-nonlin,synthetic,GNB,17,0.8333333333333334,0.3342113299815075,0.09236509737353729
synth-nonlin,synthetic,GNB+Platt,17,0.8333333333333334,0.36628728983796216,0.13062671941619008
synth-nonlin,synthetic,GNB+Iso,17,0.8333333333333334,0.3606501032327554,0.10130611657836704
synth-nonlin,synthetic,ABD-NB,17,0.8333333333333334,0.3342113299814649,0.09236509737353865
synth-nonlin,synthetic,ABD-NB+Platt,17,0.8333333333333334,0.3539452915742781,0.1320773781266423
synth-nonlin,synthetic,ABD-NB+Iso,17,0.8333333333333334,0.3449205343228516,0.10700343626198873
synth-nonlin,synthetic,GNB,18,0.9333333333333333,0.1744680370376919,0.05497774725790226
synth-nonlin,synthetic,GNB+Platt,18,0.9333333333333333,0.1837385178895912,0.06182378020037402
synth-nonlin,synthetic,GNB+Iso,18,0.9333333333333333,0.16998110222006205,0.04975697552036018
synth-nonlin,synthetic,ABD-NB,18,0.9333333333333333,0.17446803703774713,0.05497774725799039
synth-nonlin,synthetic,ABD-NB+Platt,18,0.9333333333333333,0.18373851788956008,0.06182378020035492
synth-nonlin,synthetic,ABD-NB+Iso,18,0.9333333333333333,0.16998110222005142,0.049756975520365454
synth-nonlin,synthetic,GNB,19,0.8833333333333333,0.3445688754137627,0.0654129180662602
synth-nonlin,synthetic,GNB+Platt,19,0.8833333333333333,0.28914635082450957,0.06839820442521544
synth-nonlin,synthetic,GNB+Iso,19,0.8833333333333333,1.0897180914081503,0.06930045144767485
synth-nonlin,synthetic,ABD-NB,19,0.8833333333333333,0.34456887541367454,0.06541291806626408
synth-nonlin,synthetic,ABD-NB+Platt,19,0.8833333333333333,0.2936051219757323,0.06188972178178514
synth-nonlin,synthetic,ABD-NB+Iso,19,0.8833333333333333,1.092256270649922,0.059912911030527635
synth-sklearn,synthetic,GNB,0,0.8833333333333333,0.7122979599591327,0.09327529741703586
synth-sklearn,synthetic,GNB+Platt,0,0.8833333333333333,0.342050501261608,0.03536126458204262
synth-sklearn,synthetic,GNB+Iso,0,0.8666666666666667,0.7521427372978636,0.05032777578535853
synth-sklearn,synthetic,ABD-NB,0,0.9,0.45928619516203106,0.11527011455427452
synth-sklearn,synthetic,ABD-NB+Platt,0,0.9,0.34297204837031114,0.10176871302374081
synth-sklearn,synthetic,ABD-NB+Iso,0,0.8333333333333334,0.7629354750860154,0.11305952933984088
synth-sklearn,synthetic,GNB,1,0.85,0.7151079028810372,0.14241794989601203
synth-sklearn,synthetic,GNB+Platt,1,0.8666666666666667,0.3980754386278576,0.031630921108863286
synth-sklearn,synthetic,GNB+Iso,1,0.85,0.39889252144328924,0.09369280330103744
synth-sklearn,synthetic,ABD-NB,1,0.85,0.3385844946630545,0.12334168451908367
synth-sklearn,synthetic,ABD-NB+Platt,1,0.8666666666666667,0.3841219495686764,0.07138691117875536
synth-sklearn,synthetic,ABD-NB+Iso,1,0.8333333333333334,0.35937730056988093,0.08981093876739389
synth-sklearn,synthetic,GNB,2,0.9333333333333333,0.2273050004202748,0.08168920131259029
synth-sklearn,synthetic,GNB+Platt,2,0.9333333333333333,0.2763914058252451,0.10528358876127912
synth-sklearn,synthetic,GNB+Iso,2,0.9333333333333333,0.22684909684185856,0.10376084399812265
synth-sklearn,synthetic,ABD-NB,2,0.9,0.20850354459071685,0.08123980827818701
synth-sklearn,synthetic,ABD-NB+Platt,2,0.8666666666666667,0.2647269969953934,0.12483313016212053
synth-sklearn,synthetic,ABD-NB+Iso,2,0.9,0.2394278720163289,0.10525006762555486
synth-sklearn,synthetic,GNB,3,0.8333333333333334,0.9373885894488093,0.18014128294503295
synth-sklearn,synthetic,GNB+Platt,3,0.8333333333333334,0.4642536302149119,0.08594221072728231
synth-sklearn,synthetic,GNB+Iso,3,0.8166666666666667,0.8833867304911276,0.09693742809963513
synth-sklearn,synthetic,ABD-NB,3,0.8333333333333334,0.569206423074713,0.16056623814065343
synth-sklearn,synthetic,ABD-NB+Platt,3,0.8,0.46254129201816957,0.08582724835803461
synth-sklearn,synthetic,ABD-NB+Iso,3,0.8,0.896266023154462,0.1313911377971539
synth-sklearn,synthetic,GNB,4,0.8333333333333334,0.49013849530642684,0.12265301861007492
synth-sklearn,synthetic,GNB+Platt,4,0.8166666666666667,0.408906002137145,0.04821897869682374
synth-sklearn,synthetic,GNB+Iso,4,0.8333333333333334,0.3550252959875351,0.058051936336517194
synth-sklearn,synthetic,ABD-NB,4,0.85,0.37986761452124257,0.09405191144756177
synth-sklearn,synthetic,ABD-NB+Platt,4,0.8333333333333334,0.38669356926680365,0.08228552029372185
synth-sklearn,synthetic,ABD-NB+Iso,4,0.85,0.34130066028058753,0.09228297752141074
synth-sklearn,synthetic,GNB,5,0.8333333333333334,0.40167344752013684,0.11166388205464135
synth-sklearn,synthetic,GNB+Platt,5,0.85,0.38183857096367696,0.1158375129777739
synth-sklearn,synthetic,GNB+Iso,5,0.8333333333333334,0.3532307379775207,0.06948396756720979
synth-sklearn,synthetic,ABD-NB,5,0.7833333333333333,0.3830140601265776,0.08002047914234267
synth-sklearn,synthetic,ABD-NB+Platt,5,0.8166666666666667,0.4031082026329282,0.12334462883108586
synth-sklearn,synthetic,ABD-NB+Iso,5,0.8166666666666667,0.37639162776124097,0.0752675282533686
synth-sklearn,synthetic,GNB,6,0.8666666666666667,0.4891156014179039,0.11627327969593693
synth-sklearn,synthetic,GNB+Platt,6,0.8666666666666667,0.36451338090450497,0.05208211023787865
synth-sklearn,synthetic,GNB+Iso,6,0.8666666666666667,0.3242862560437071,0.033209125022205466
synth-sklearn,synthetic,ABD-NB,6,0.8833333333333333,0.3523434885410521,0.0782867708198236
synth-sklearn,synthetic,ABD-NB+Platt,6,0.8833333333333333,0.33912797082082696,0.04460763703913996
synth-sklearn,synthetic,ABD-NB+Iso,6,0.85,0.32017629503148437,0.07888192481908259
synth-sklearn,synthetic,GNB,7,0.8833333333333333,0.5716976180181631,0.0792591800300631
synth-sklearn,synthetic,GNB+Platt,7,0.8666666666666667,0.34422842857357205,0.05330662684708978
synth-sklearn,synthetic,GNB+Iso,7,0.8333333333333334,0.3693745832817465,0.10345685898336279
synth-sklearn,synthetic,ABD-NB,7,0.9,0.38980127255479674,0.08655196706312693
synth-sklearn,synthetic,ABD-NB+Platt,7,0.8666666666666667,0.33799934310154467,0.07932812040262592
synth-sklearn,synthetic,ABD-NB+Iso,7,0.8833333333333333,0.33934578017686806,0.0932321017905522
synth-sklearn,synthetic,GNB,8,0.8,0.6437622370989986,0.1359795460223189
synth-sklearn,synthetic,GNB+Platt,8,0.8,0.45996911944363966,0.08778978091956341
synth-sklearn,synthetic,GNB+Iso,8,0.8,0.4031538297071825,0.06681748910731447
synth-sklearn,synthetic,ABD-NB,8,0.8166666666666667,0.4408087134934308,0.09367975609546214
synth-sklearn,synthetic,ABD-NB+Platt,8,0.8,0.42982588035459934,0.1251572761698227
synth-sklearn,synthetic,ABD-NB+Iso,8,0.8166666666666667,0.4093023583827238,0.10942489832468406
synth-sklearn,synthetic,GNB,9,0.8166666666666667,0.8774807448052224,0.1667732387593907
synth-sklearn,synthetic,GNB+Platt,9,0.8,0.46769669439628403,0.06513828165672098
synth-sklearn,synthetic,GNB+Iso,9,0.8,0.47644792192406077,0.13009807683499797
synth-sklearn,synthetic,ABD-NB,9,0.8166666666666667,0.49840456107538983,0.11622416306638067
synth-sklearn,synthetic,ABD-NB+Platt,9,0.8,0.4620367778344084,0.054469258349926865
synth-sklearn,synthetic,ABD-NB+Iso,9,0.8166666666666667,0.45521075782626425,0.10215473914469406
synth-sklearn,synthetic,GNB,10,0.85,0.8728821280356109,0.1335443875670586
synth-sklearn,synthetic,GNB+Platt,10,0.85,0.4195373292448233,0.06813030376072526
synth-sklearn,synthetic,GNB+Iso,10,0.8166666666666667,0.8221779601511278,0.09911600563908426
synth-sklearn,synthetic,ABD-NB,10,0.8166666666666667,0.60524345054727,0.09775450447712924
synth-sklearn,synthetic,ABD-NB+Platt,10,0.8,0.4339469010187473,0.07359568134500666
synth-sklearn,synthetic,ABD-NB+Iso,10,0.7833333333333333,0.844073676622941,0.09639867100375511
synth-sklearn,synthetic,GNB,11,0.9,0.35373595307757494,0.06621504235813816
synth-sklearn,synthetic,GNB+Platt,11,0.9,0.28911206218153196,0.10711681785849761
synth-sklearn,synthetic,GNB+Iso,11,0.9,0.2678756568003477,0.07929765195916369
synth-sklearn,synthetic,ABD-NB,11,0.9,0.27475069486562126,0.07452482912962097
synth-sklearn,synthetic,ABD-NB+Platt,11,0.9,0.2735794299563568,0.11901422319326813
synth-sklearn,synthetic,ABD-NB+Iso,11,0.9,0.2902317685334495,0.067802327291872
synth-sklearn,synthetic,GNB,12,0.8333333333333334,0.4619645585210653,0.12555137857062942
synth-sklearn,synthetic,GNB+Platt,12,0.85,0.3761895776130487,0.11108707625121754
synth-sklearn,synthetic,GNB+Iso,12,0.8666666666666667,0.35345793398151876,0.10401317150440165
synth-sklearn,synthetic,ABD-NB,12,0.8166666666666667,0.3667462063050079,0.06986765496555848
synth-sklearn,synthetic,ABD-NB+Platt,12,0.8166666666666667,0.3720733372440209,0.11139286483571262
synth-sklearn,synthetic,ABD-NB+Iso,12,0.8333333333333334,0.3568603635998838,0.15140924476389578
synth-sklearn,synthetic,GNB,13,0.9166666666666666,0.35894637060911716,0.11127354052362415
synth-sklearn,synthetic,GNB+Platt,13,0.9166666666666666,0.32998703958673214,0.08135087206084035
synth-sklearn,synthetic,GNB+Iso,13,0.9166666666666666,0.27985969379375814,0.12049383339360299
synth-sklearn,synthetic,ABD-NB,13,0.9166666666666666,0.3066598544623688,0.11506619264687147
synth-sklearn,synthetic,ABD-NB+Platt,13,0.8833333333333333,0.33633742397633265,0.09788435411740137
synth-sklearn,synthetic,ABD-NB+Iso,13,0.9,0.2900578651572986,0.10093780213415006
synth-sklearn,synthetic,GNB,14,0.8666666666666667,0.3852239511051393,0.0880279282610677
synth-sklearn,synthetic,GNB+Platt,14,0.8666666666666667,0.333950507578305,0.07059116454167334
synth-sklearn,synthetic,GNB+Iso,14,0.9,0.26344348126122147,0.10757189793772219
synth-sklearn,synthetic,ABD-NB,14,0.8666666666666667,0.2679068820636777,0.0919470525041276
synth-sklearn,synthetic,ABD-NB+Platt,14,0.8666666666666667,0.3166281330198316,0.05536405394387019
synth-sklearn,synthetic,ABD-NB+Iso,14,0.8333333333333334,0.255866071288536,0.12785581664258322
synth-sklearn,synthetic,GNB,15,0.8333333333333334,0.8260119933409504,0.17022335131124722
synth-sklearn,synthetic,GNB+Platt,15,0.8166666666666667,0.46861687744456404,0.09733789470662754
synth-sklearn,synthetic,GNB+Iso,15,0.8166666666666667,0.4753842336893786,0.11739854415383133
synth-sklearn,synthetic,ABD-NB,15,0.8166666666666667,0.5042943999551811,0.11864530681305258
synth-sklearn,synthetic,ABD-NB+Platt,15,0.8333333333333334,0.4424000638353756,0.0762833566039041
synth-sklearn,synthetic,ABD-NB+Iso,15,0.8333333333333334,0.836951874754195,0.0993623501874364
synth-sklearn,synthetic,GNB,16,0.85,0.42213732815240274,0.11644151174502057
synth-sklearn,synthetic,GNB+Platt,16,0.85,0.35309978431802846,0.08119190473391824
synth-sklearn,synthetic,GNB+Iso,16,0.85,0.3162644977785448,0.08083057341684564
synth-sklearn,synthetic,ABD-NB,16,0.85,0.31176566632203184,0.09730687092930249
synth-sklearn,synthetic,ABD-NB+Platt,16,0.85,0.33009113427697795,0.07721554763281196
synth-sklearn,synthetic,ABD-NB+Iso,16,0.85,0.3245848843192169,0.05209692171980837
synth-sklearn,synthetic,GNB,17,0.75,1.4448437441864368,0.23875633218793998
synth-sklearn,synthetic,GNB+Platt,17,0.75,0.5911242299394949,0.16442699463139504
synth-sklearn,synthetic,GNB+Iso,17,0.75,0.6431125614755725,0.19118022425680714
synth-sklearn,synthetic,ABD-NB,17,0.7666666666666667,0.6691972800219936,0.20946784003473964
synth-sklearn,synthetic,ABD-NB+Platt,17,0.7833333333333333,0.5777880878250742,0.1597091852282833
synth-sklearn,synthetic,ABD-NB+Iso,17,0.7833333333333333,0.5724892495618471,0.17304353645245263
synth-sklearn,synthetic,GNB,18,0.85,0.37371279729499113,0.12465134823465417
synth-sklearn,synthetic,GNB+Platt,18,0.85,0.36940843954540103,0.12338874415392229
synth-sklearn,synthetic,GNB+Iso,18,0.85,0.3317963331358888,0.07856804242602286
synth-sklearn,synthetic,ABD-NB,18,0.85,0.3312760538467414,0.07597264425092431
synth-sklearn,synthetic,ABD-NB+Platt,18,0.8666666666666667,0.3563814156452754,0.12504363581134603
synth-sklearn,synthetic,ABD-NB+Iso,18,0.85,0.34557737832177793,0.05956905674992893
synth-sklearn,synthetic,GNB,19,0.85,0.6831829743524355,0.13488209303124227
synth-sklearn,synthetic,GNB+Platt,19,0.8333333333333334,0.39762725192444803,0.07285443371737306
synth-sklearn,synthetic,GNB+Iso,19,0.8666666666666667,0.4073786239052571,0.08117174453331437
synth-sklearn,synthetic,ABD-NB,19,0.8666666666666667,0.4388442521003213,0.09745723444045526
synth-sklearn,synthetic,ABD-NB+Platt,19,0.8333333333333334,0.4166543657662816,0.044331818823808114
synth-sklearn,synthetic,ABD-NB+Iso,19,0.8666666666666667,0.4427227449728501,0.12418357821870651
