dataset,model,protocol,fold,accuracy,log_loss,ece,fit_time
breast-cancer,GNB,default,0,0.9385964912280702,0.5093267134775822,0.05342548072845803,0.0043285930005367845
breast-cancer,GNB,tuned,0,0.9385964912280702,0.4559629782171757,0.05878498687884255,0.08227886200074863
breast-cancer,WANBIA,default,0,0.9824561403508771,0.060006555224409355,0.027468921795732466,0.022491577999971923
breast-cancer,WANBIA,tuned,0,0.9649122807017544,0.07271982382088078,0.028900368811346618,0.3647554159997526
breast-cancer,AODE,default,0,0.9385964912280702,0.2929050486946367,0.05537021217422252,0.02341128599982767
breast-cancer,AODE,tuned,0,0.9736842105263158,0.21146109298227922,0.021528125940722554,0.5528932619999978
breast-cancer,ABD-NB,default,0,0.956140350877193,0.11873250672356941,0.0414433658491389,0.05298321400005079
breast-cancer,ABD-NB,tuned,0,0.956140350877193,0.1139320751349486,0.050362180223578114,22.982769331998497
breast-cancer,LR,default,0,0.9824561403508771,0.06314720706787941,0.02749547310341005,0.005476533000546624
breast-cancer,LR,tuned,0,0.9912280701754386,0.0682493436429778,0.039885030838605944,0.2636461230013083
breast-cancer,kNN,default,0,0.9736842105263158,0.2979077556069925,0.03157894736842101,0.0021512820003408706
breast-cancer,kNN,tuned,0,0.9824561403508771,0.308536933075561,0.04887218045112778,0.1608794099993247
breast-cancer,SVM,default,0,0.9824561403508771,0.06979492347808974,0.023233600361270933,0.01569813000060094
breast-cancer,SVM,tuned,0,0.9649122807017544,0.1245192187877651,0.03894220381260923,0.6617903499991371
breast-cancer,RF,default,0,0.9912280701754386,0.31540547978659783,0.053859649122807135,0.21890715199879196
breast-cancer,RF,tuned,0,0.9912280701754386,0.1190031379241085,0.05338460338923162,14.884338118999949
breast-cancer,XGB,default,0,0.9912280701754386,0.0612512044608593,0.019013004344806305,0.050954946000274504
breast-cancer,XGB,tuned,0,0.9824561403508771,0.0715387612581253,0.017412424087524452,3.3691424370008463
breast-cancer,LGBM,default,0,0.9912280701754386,0.07933921092050808,0.01612142686003937,0.0706449999997858
breast-cancer,LGBM,tuned,0,0.9824561403508771,0.10203907430320165,0.014778527443505309,1.427825524000582
breast-cancer,GNB,default,1,0.956140350877193,0.5364116187903428,0.038823048382395024,0.005171253000298748
breast-cancer,GNB,tuned,1,0.9649122807017544,0.5379414461798985,0.03813189322732255,0.08078640900021128
breast-cancer,WANBIA,default,1,0.9824561403508771,0.03008959145771748,0.01639246630288072,0.019159266999849933
breast-cancer,WANBIA,tuned,1,0.9824561403508771,0.03761451064929383,0.01676582248182401,0.7130050670002674
breast-cancer,AODE,default,1,0.956140350877193,0.18618995044374587,0.035115756317530895,0.007712478000030387
breast-cancer,AODE,tuned,1,0.9824561403508771,0.15789391560191138,0.01871054304710515,0.4734948200002691
breast-cancer,ABD-NB,default,1,0.9649122807017544,0.1475612597417911,0.02904196724235877,0.05345086000124866
breast-cancer,ABD-NB,tuned,1,0.9649122807017544,0.1139962260028152,0.03447516517738306,24.181092198999977
breast-cancer,LR,default,1,0.9912280701754386,0.030744640751488323,0.019446729642234546,0.005532612000024528
breast-cancer,LR,tuned,1,1.0,0.03665111631908189,0.0313928352075488,0.16347371400115662
breast-cancer,kNN,default,1,0.9912280701754386,0.038172798678440444,0.014035087719298239,0.001657067999985884
breast-cancer,kNN,tuned,1,0.9824561403508771,0.04406064332818215,0.022053356649790166,0.14797515600002953
breast-cancer,SVM,default,1,0.9912280701754386,0.040926827695212685,0.03244323693501732,0.013544222001655726
breast-cancer,SVM,tuned,1,0.9912280701754386,0.047730948178680024,0.02955669435757305,0.5584255889989436
breast-cancer,RF,default,1,0.9736842105263158,0.07681094234958516,0.0419298245614035,0.13914996499988774
breast-cancer,RF,tuned,1,0.9649122807017544,0.07473658634260062,0.04810413129598182,13.970126628999424
breast-cancer,XGB,default,1,1.0,0.027026277035474777,0.022493076429032442,0.05401728500146419
breast-cancer,XGB,tuned,1,1.0,0.023647144436836243,0.020042096313677333,3.5393968900007167
breast-cancer,LGBM,default,1,0.9649122807017544,0.10191225076714898,0.031185214011060856,0.06417854900064413
breast-cancer,LGBM,tuned,1,0.9649122807017544,0.06683435225955127,0.02541613941404361,1.4427398649986571
breast-cancer,GNB,default,2,0.8859649122807017,0.9429708794921436,0.11203659520407154,0.0012642930014408194
breast-cancer,GNB,tuned,2,0.8859649122807017,0.9775841376406289,0.11321279039570471,0.0675251249995199
breast-cancer,WANBIA,default,2,0.9298245614035088,0.11739514398976372,0.03391125249337429,0.0148879919997853
breast-cancer,WANBIA,tuned,2,0.9035087719298246,0.1521231048532478,0.058531039821119575,0.4777796569997008
breast-cancer,AODE,default,2,0.9035087719298246,0.4106531847513319,0.08375967206176235,0.006523854000988649
breast-cancer,AODE,tuned,2,0.9298245614035088,0.48111980299890944,0.06376951020934592,0.5881055560003006
breast-cancer,ABD-NB,default,2,0.8947368421052632,0.19621459383017345,0.05849790508097778,0.0577033699992171
breast-cancer,ABD-NB,tuned,2,0.9035087719298246,0.18866719475566707,0.050564256621418786,42.4020849289991
breast-cancer,LR,default,2,0.956140350877193,0.10977178468607375,0.028944344773651907,0.0038365769996744348
breast-cancer,LR,tuned,2,0.956140350877193,0.1150428939116889,0.038021286167221224,0.14128285900005721
breast-cancer,kNN,default,2,0.9473684210526315,0.5624406482406487,0.031578947368421,0.0012980170013179304
breast-cancer,kNN,tuned,2,0.956140350877193,0.5550752218661957,0.03947368421052634,0.13185647099999187
breast-cancer,SVM,default,2,0.956140350877193,0.11269582185321168,0.03152560330653522,0.01152253500004008
breast-cancer,SVM,tuned,2,0.9736842105263158,0.08829578841303776,0.03767460400838386,0.4164114580016758
breast-cancer,RF,default,2,0.9122807017543859,0.194942079257823,0.01999999999999994,0.17587933799950406
breast-cancer,RF,tuned,2,0.9210526315789473,0.1999465237134838,0.04442594370251367,11.787146287999349
breast-cancer,XGB,default,2,0.9210526315789473,0.20232364535331726,0.05478483909054802,0.04059025800052041
breast-cancer,XGB,tuned,2,0.9298245614035088,0.19644451141357422,0.04157326357406485,3.9364395089996833
breast-cancer,LGBM,default,2,0.9385964912280702,0.29633749511309154,0.056183465006178386,0.06968253900049604
breast-cancer,LGBM,tuned,2,0.956140350877193,0.3914713402129339,0.04997016520512471,1.9654150980004488
breast-cancer,GNB,default,3,0.9298245614035088,0.5547781403395371,0.06310737656236858,0.0012824539990106132
breast-cancer,GNB,tuned,3,0.8947368421052632,0.7127790790283006,0.09715876210561938,0.07992614199974923
breast-cancer,WANBIA,default,3,0.9649122807017544,0.16863557067043058,0.03762924082952799,0.02366893099861045
breast-cancer,WANBIA,tuned,3,0.9649122807017544,0.17528280385996292,0.03213649581355046,0.9995771009998862
breast-cancer,AODE,default,3,0.9473684210526315,0.32798876547759237,0.03964791842769339,0.007456432000253699
breast-cancer,AODE,tuned,3,0.9473684210526315,0.18979422198564114,0.03483646498114139,0.4904501880009775
breast-cancer,ABD-NB,default,3,0.9298245614035088,0.15698899635115604,0.04166343485340085,0.05502075600088574
breast-cancer,ABD-NB,tuned,3,0.9298245614035088,0.16142945025967753,0.03180296877758564,16.537522958999034
breast-cancer,LR,default,3,0.9736842105263158,0.12096436734930802,0.026947686084587367,0.004355801000201609
breast-cancer,LR,tuned,3,0.9649122807017544,0.11658307789923378,0.018780323427234437,0.17372542900011467
breast-cancer,kNN,default,3,0.9385964912280702,0.8128556644494442,0.03684210526315786,0.0015520850010943832
breast-cancer,kNN,tuned,3,0.9385964912280702,0.602834745732209,0.04191033138401558,0.15829754900005355
breast-cancer,SVM,default,3,0.956140350877193,0.13387697222154693,0.030126755930653025,0.011427196999648004
breast-cancer,SVM,tuned,3,0.9736842105263158,0.16405212605439476,0.02834501588780943,0.5568432849995588
breast-cancer,RF,default,3,0.9385964912280702,0.13997168939233717,0.043508771929824434,0.1398580299992318
breast-cancer,RF,tuned,3,0.9298245614035088,0.1613947810754979,0.027030043301638225,13.007811327999661
breast-cancer,XGB,default,3,0.9649122807017544,0.1530267745256424,0.041868938165798536,0.03709300099944812
breast-cancer,XGB,tuned,3,0.9736842105263158,0.13823500275611877,0.02993116044161613,2.6602687890008383
breast-cancer,LGBM,default,3,0.9473684210526315,0.2364624205141235,0.044844726374368205,0.08164781499908713
breast-cancer,LGBM,tuned,3,0.9473684210526315,0.24529116651036886,0.04777615023673898,1.6149845750005625
breast-cancer,GNB,default,4,0.9646017699115044,0.3501478650397392,0.03225748235829995,0.0013588100009656046
breast-cancer,GNB,tuned,4,0.9557522123893806,0.3319735370458044,0.04369073391270095,0.06772106700009317
breast-cancer,WANBIA,default,4,1.0,0.017468322823400502,0.015844917293565023,0.01670096999987436
breast-cancer,WANBIA,tuned,4,0.9911504424778761,0.03553970859449686,0.021849448114887583,0.4289931479997904
breast-cancer,AODE,default,4,1.0,0.004874759797201236,0.004316192836292608,0.006745823000528617
breast-cancer,AODE,tuned,4,0.9734513274336283,0.04538367803143514,0.02004652856978474,0.421519816
breast-cancer,ABD-NB,default,4,0.9646017699115044,0.09693201797386071,0.05645634467970694,0.07764374499856785
breast-cancer,ABD-NB,tuned,4,0.9646017699115044,0.09345846389462352,0.026407310928974456,37.02231754499917
breast-cancer,LR,default,4,0.9823008849557522,0.03623232511460569,0.029501938696436136,0.004706109000835568
breast-cancer,LR,tuned,4,0.9823008849557522,0.03196130973422087,0.02578305791896547,0.21227433900094184
breast-cancer,kNN,default,4,0.9911504424778761,0.04791302912738448,0.02831858407079646,0.0013843409997207345
breast-cancer,kNN,tuned,4,0.9911504424778761,0.051029478797615914,0.033264826587410264,0.1464788260000205
breast-cancer,SVM,default,4,0.9911504424778761,0.0312417051404316,0.024104835350031543,0.01191425400065782
breast-cancer,SVM,tuned,4,0.9911504424778761,0.04431859873558375,0.03830203916064282,0.5166631379997852
breast-cancer,RF,default,4,0.9911504424778761,0.06944536050323448,0.04796460176991156,0.15973518700047862
breast-cancer,RF,tuned,4,0.9823008849557522,0.06806496367634299,0.04722128998483792,12.165345605999391
breast-cancer,XGB,default,4,1.0,0.016982590779662132,0.015145848282670554,0.06376001600074233
breast-cancer,XGB,tuned,4,0.9734513274336283,0.04091457277536392,0.020818165973224473,3.290638227001182
breast-cancer,LGBM,default,4,1.0,0.012755525301160727,0.01088916716561386,0.07949700199969811
breast-cancer,LGBM,tuned,4,0.9911504424778761,0.018790519972382323,0.013788105933326762,1.7163285000005999
vehicle,GNB,default,0,0.43529411764705883,2.811262611256731,0.3644464495129043,0.001896409999972093
vehicle,GNB,tuned,0,0.43529411764705883,2.8108723552152304,0.3644298602125442,0.07802827699924819
vehicle,WANBIA,default,0,0.49411764705882355,1.0905232419433504,0.06908745311037005,0.02433651300088968
vehicle,WANBIA,tuned,0,0.49411764705882355,1.0910543016077985,0.06940882356585916,0.3664789449994714
vehicle,AODE,default,0,0.6941176470588235,0.7894520933749367,0.15948068577639912,0.003012079001564416
vehicle,AODE,tuned,0,0.6529411764705882,0.8422683816537033,0.21380882898221418,0.35237709200009704
vehicle,ABD-NB,default,0,0.4823529411764706,1.1400262851223266,0.07536302895873094,0.0426208589997259
vehicle,ABD-NB,tuned,0,0.4764705882352941,1.1458433757097923,0.09562893763394618,14.48860857100044
vehicle,LR,default,0,0.7705882352941177,0.5148749705426363,0.09105615754629168,0.015914452000288293
vehicle,LR,tuned,0,0.8058823529411765,0.40296394795113416,0.04045640837687914,0.7878324379998958
vehicle,kNN,default,0,0.7058823529411765,1.1058384433448545,0.07764705882352939,0.0014716779987793416
vehicle,kNN,tuned,0,0.7,0.857951185711361,0.06386554621848745,0.14156336399901193
vehicle,SVM,default,0,0.7705882352941177,0.45132274047717336,0.0722330141410222,0.04390120500102057
vehicle,SVM,tuned,0,0.8352941176470589,0.35295377648388065,0.04405702758529561,1.8171181489997252
vehicle,RF,default,0,0.7529411764705882,0.5257331317736216,0.09570588235294121,0.1975130850005371
vehicle,RF,tuned,0,0.7352941176470589,0.536752002823836,0.0798804798392548,15.120756551999875
vehicle,XGB,default,0,0.7529411764705882,0.641722559928894,0.14131099721964666,0.1114828009995108
vehicle,XGB,tuned,0,0.7764705882352941,0.6209784150123596,0.1396660419071422,7.714246771000035
vehicle,LGBM,default,0,0.7647058823529411,0.6240509917395168,0.13945314789439778,0.12995371099896147
vehicle,LGBM,tuned,0,0.7764705882352941,0.882739061511473,0.17261424486892715,4.615529050000987
vehicle,GNB,default,1,0.46153846153846156,2.6664044165489775,0.3822573550202885,0.001562923998790211
vehicle,GNB,tuned,1,0.46153846153846156,2.666390323163444,0.3822565511893946,0.0777865309992194
vehicle,WANBIA,default,1,0.5502958579881657,1.0873628016065886,0.06823097252721977,0.013911272000768804
vehicle,WANBIA,tuned,1,0.5443786982248521,1.0956328810817741,0.06069388154538293,0.4736837420005031
vehicle,AODE,default,1,0.7041420118343196,0.7115705782879667,0.1733177087904402,0.006907054001203505
vehicle,AODE,tuned,1,0.6686390532544378,0.8925227895290465,0.22307941786788055,0.3274898790004954
vehicle,ABD-NB,default,1,0.4970414201183432,1.1618328779057785,0.06008846387318595,0.06295546299952548
vehicle,ABD-NB,tuned,1,0.5088757396449705,1.2054133182445432,0.10558062970768181,15.631886187000418
vehicle,LR,default,1,0.7810650887573964,0.488100146412154,0.08292395600217287,0.01417644000139262
vehicle,LR,tuned,1,0.7988165680473372,0.4341128369242191,0.06931548221644322,0.44404689600014535
vehicle,kNN,default,1,0.6923076923076923,1.307632939684994,0.05680473372781074,0.0015174719992501196
vehicle,kNN,tuned,1,0.7100591715976331,0.851664106329853,0.0842606515728368,0.15874287400038156
vehicle,SVM,default,1,0.7396449704142012,0.4560061409749292,0.07500909927916569,0.05076538200046343
vehicle,SVM,tuned,1,0.7396449704142012,0.46003613521022657,0.07828160589392487,1.4665727370011155
vehicle,RF,default,1,0.7692307692307693,0.5173053789640191,0.07952662721893487,0.21609564299978956
vehicle,RF,tuned,1,0.757396449704142,0.4875475299445587,0.09044252915055158,14.043880793999051
vehicle,XGB,default,1,0.8047337278106509,0.5766561627388,0.12651150484056867,0.10177495499920042
vehicle,XGB,tuned,1,0.7692307692307693,0.5246682167053223,0.1194327498328756,6.895831138999711
vehicle,LGBM,default,1,0.7988165680473372,0.5963996627828521,0.14434034247421298,0.12122304500007886
vehicle,LGBM,tuned,1,0.8047337278106509,0.4824379895919357,0.1106684479798408,5.0141669109998475
vehicle,GNB,default,2,0.46153846153846156,2.5183078946199626,0.3643949481991897,0.00232597800095391
vehicle,GNB,tuned,2,0.46153846153846156,2.5182801893747033,0.3643940495977862,0.09876050800085068
vehicle,WANBIA,default,2,0.591715976331361,0.9768419144408671,0.07808139099397372,0.022357990999807953
vehicle,WANBIA,tuned,2,0.5976331360946746,0.9920709154245642,0.07758338766950512,0.30193848499948217
vehicle,AODE,default,2,0.7514792899408284,0.5980718670499491,0.12751763714651718,0.0024012559988477733
vehicle,AODE,tuned,2,0.7159763313609467,0.7037815939714952,0.15413243485764103,0.25933107499986363
vehicle,ABD-NB,default,2,0.5680473372781065,1.0348191205350914,0.09985490014106065,0.045376772999588866
vehicle,ABD-NB,tuned,2,0.5562130177514792,1.0404089370825313,0.09352583191829113,24.790539626999816
vehicle,LR,default,2,0.8224852071005917,0.46339757309431123,0.08515602449981474,0.013955599000837537
vehicle,LR,tuned,2,0.834319526627219,0.39966610311914724,0.05960961444724263,0.3197399599994242
vehicle,kNN,default,2,0.6923076923076923,1.1384466209022854,0.09112426035502971,0.00144086899854301
vehicle,kNN,tuned,2,0.7514792899408284,0.7861549683738229,0.13794310326513085,0.14209714400021767
vehicle,SVM,default,2,0.8047337278106509,0.44838269744431697,0.07080392691859728,0.040932111000074656
vehicle,SVM,tuned,2,0.8461538461538461,0.33939114237386125,0.06968770146704723,1.2927330319998873
vehicle,RF,default,2,0.7396449704142012,0.5092004282266882,0.09112426035502959,0.14582812700064096
vehicle,RF,tuned,2,0.7396449704142012,0.5212082783425391,0.10508193391633645,12.117996876000689
vehicle,XGB,default,2,0.8106508875739645,0.46900415420532227,0.09801470527987513,0.12553830400065635
vehicle,XGB,tuned,2,0.7928994082840237,0.44763699173927307,0.07583551823034795,8.480747710998912
vehicle,LGBM,default,2,0.7988165680473372,0.5340923934256935,0.12187914461141884,0.1532349620010791
vehicle,LGBM,tuned,2,0.7928994082840237,0.6083909762566496,0.1380384097460291,5.221066301999599
vehicle,GNB,default,3,0.47337278106508873,2.2173556316150087,0.2882784237846976,0.001784649999535759
vehicle,GNB,tuned,3,0.47337278106508873,2.2171109451741158,0.2882742763071899,0.07362224099961168
vehicle,WANBIA,default,3,0.5798816568047337,0.9670626414240174,0.07091984329216677,0.01521695900009945
vehicle,WANBIA,tuned,3,0.5562130177514792,0.9703881383101222,0.09016190456653986,0.3244037220010796
vehicle,AODE,default,3,0.6863905325443787,0.6584093614381609,0.1481316050006787,0.013940274000560748
vehicle,AODE,tuned,3,0.7041420118343196,0.8381661226039303,0.1905345735616694,0.35742336899966176
vehicle,ABD-NB,default,3,0.5502958579881657,1.0917435407003209,0.11052917971449636,0.08135871899867197
vehicle,ABD-NB,tuned,3,0.5798816568047337,1.1724831360395536,0.09664268418037822,10.972452669999257
vehicle,LR,default,3,0.7692307692307693,0.46459673151256803,0.07234926457102189,0.013781118001134018
vehicle,LR,tuned,3,0.7810650887573964,0.39687764805414505,0.07211156613069229,0.6098751080007787
vehicle,kNN,default,3,0.7218934911242604,1.3002739675816426,0.04970414201183425,0.001636343000427587
vehicle,kNN,tuned,3,0.7041420118343196,0.7827579431133465,0.0556213017751479,0.1822613000003912
vehicle,SVM,default,3,0.7633136094674556,0.451236215361097,0.05411081285898795,0.044233351000002585
vehicle,SVM,tuned,3,0.8165680473372781,0.38499366256255524,0.07192812130940555,1.3432278240015876
vehicle,RF,default,3,0.7159763313609467,0.5233497406615426,0.11076923076923077,0.17932028799987165
vehicle,RF,tuned,3,0.7100591715976331,0.5142569422371317,0.08161814136390969,12.683343980001155
vehicle,XGB,default,3,0.7218934911242604,0.6307756900787354,0.16653632041970653,0.10504554099861707
vehicle,XGB,tuned,3,0.7337278106508875,0.5317128300666809,0.12804612781874528,5.87058201400032
vehicle,LGBM,default,3,0.7337278106508875,0.6586939160179842,0.17070119889382598,0.15677147099995636
vehicle,LGBM,tuned,3,0.7159763313609467,0.6425398856803584,0.18738376414492675,4.041689310999573
vehicle,GNB,default,4,0.46153846153846156,2.55957555322505,0.36458616190591964,0.001390997998896637
vehicle,GNB,tuned,4,0.46153846153846156,2.559399241042404,0.36773009963515524,0.07470666299923323
vehicle,WANBIA,default,4,0.5857988165680473,0.9690862474726469,0.056181813075549016,0.013955849999547354
vehicle,WANBIA,tuned,4,0.5857988165680473,0.9691660717376869,0.05695505964800643,0.27715410999917367
vehicle,AODE,default,4,0.7100591715976331,0.6184782630033139,0.14261199449162018,0.005908225999519345
vehicle,AODE,tuned,4,0.727810650887574,0.7409469055301632,0.16589541952909168,0.33975187100077164
vehicle,ABD-NB,default,4,0.5088757396449705,1.0154450561658397,0.10191881292041759,0.058831686999837984
vehicle,ABD-NB,tuned,4,0.5621301775147929,1.083839859673177,0.11597324644806836,20.69726724800057
vehicle,LR,default,4,0.8106508875739645,0.4359566377624451,0.08014611055517669,0.018643245999555802
vehicle,LR,tuned,4,0.8165680473372781,0.3614678321658274,0.07177055820559508,1.0280082900007983
vehicle,kNN,default,4,0.727810650887574,0.967301189636256,0.05207100591715975,0.0017922130009537796
vehicle,kNN,tuned,4,0.7455621301775148,0.5176068475710243,0.06615090640291361,0.15873992100023315
vehicle,SVM,default,4,0.8047337278106509,0.40086011908590874,0.07464043489242354,0.044919992998984526
vehicle,SVM,tuned,4,0.8402366863905325,0.3655032024377538,0.06691909667075308,1.3356938519991672
vehicle,RF,default,4,0.7514792899408284,0.4769599595487357,0.09940828402366864,0.1695262310004182
vehicle,RF,tuned,4,0.7633136094674556,0.4704983698866561,0.08699170550777766,12.362039053999979
vehicle,XGB,default,4,0.7869822485207101,0.5143033862113953,0.13019914052190157,0.10838870799852884
vehicle,XGB,tuned,4,0.8106508875739645,0.4480649530887604,0.09320874573916373,6.361449210999126
vehicle,LGBM,default,4,0.7692307692307693,0.5321947516020186,0.1338624304576646,0.13927784499901463
vehicle,LGBM,tuned,4,0.7988165680473372,0.5948360330333611,0.1381846889848959,4.235975702998985
page-blocks,GNB,default,0,0.94,0.7937219233814653,0.058024945785885865,0.0023855390027165413
page-blocks,GNB,tuned,0,0.9175,0.8551858568606243,0.07123875539920299,0.09565792799912742
page-blocks,WANBIA,default,0,0.95,0.23240588365354628,0.014854692415669467,0.052837757000816055
page-blocks,WANBIA,tuned,0,0.9525,0.22424561714143404,0.032243944867582655,1.1979425069985155
page-blocks,AODE,default,0,0.96,0.1586766350394815,0.0163373653647079,0.003994622002210235
page-blocks,AODE,tuned,0,0.9575,0.1491329511264896,0.022069789310837005,0.40001308399951085
page-blocks,ABD-NB,default,0,0.9525,0.25579457116704324,0.02916009368083348,0.056757266000204254
page-blocks,ABD-NB,tuned,0,0.955,0.24287041969829495,0.014897374237030418,5.204467784998997
page-blocks,LR,default,0,0.96,0.13035908291316228,0.02564055007813513,0.015683530997193884
page-blocks,LR,tuned,0,0.965,0.12737598236955347,0.02529551939128117,0.7301526789997297
page-blocks,kNN,default,0,0.9675,0.5277072442271228,0.01699999999999998,0.002712859997700434
page-blocks,kNN,tuned,0,0.9625,1.0361632918473207,0.03749999999999998,0.31440755799849285
page-blocks,SVM,default,0,0.9625,0.14249027401741332,0.020211673039303685,0.07772982499955106
page-blocks,SVM,tuned,0,0.96,0.12973239482170054,0.019245977237894733,2.870668597999611
page-blocks,RF,default,0,0.9775,0.14660320593311582,0.017975000000000033,0.29478214499977184
page-blocks,RF,tuned,0,0.9725,0.20533963719321338,0.011001543209876567,20.875233481001487
page-blocks,XGB,default,0,0.9725,0.1259428709745407,0.018993805795907977,0.09521047900125268
page-blocks,XGB,tuned,0,0.9775,0.11063249409198761,0.018699821978807454,7.19723061699915
page-blocks,LGBM,default,0,0.9725,0.187849170620712,0.02602317157075657,0.24837872499847435
page-blocks,LGBM,tuned,0,0.9725,0.2046363373860297,0.024418154168815872,6.140749534999486
page-blocks,GNB,default,1,0.8275,1.147756570233959,0.14744986311322672,0.0018726410016824957
page-blocks,GNB,tuned,1,0.8325,1.1084637754957183,0.1498981513584693,0.10059980200094287
page-blocks,WANBIA,default,1,0.9425,0.2449951086330005,0.02337171587117934,0.08479826099937782
page-blocks,WANBIA,tuned,1,0.9425,0.24982642519990483,0.02396755013269003,1.9593677959965135
page-blocks,AODE,default,1,0.9625,0.13627094816729562,0.02078015206976965,0.0032716360001359135
page-blocks,AODE,tuned,1,0.965,0.14440383387051703,0.02267784539378245,0.3544545830009156
page-blocks,ABD-NB,default,1,0.9275,0.4855574919539205,0.06621648019788635,0.05138732799969148
page-blocks,ABD-NB,tuned,1,0.9375,0.4909106869820873,0.05053451850618673,5.96661363900057
page-blocks,LR,default,1,0.965,0.14383301977458138,0.02472415651624381,0.014976051999838091
page-blocks,LR,tuned,1,0.9675,0.14288650884744888,0.016752029008277155,0.39206847099922015
page-blocks,kNN,default,1,0.9625,0.2679617447373737,0.008499999999999987,0.0029304010022315197
page-blocks,kNN,tuned,1,0.9775,0.19462885983725342,0.016304158845703937,0.30827690699879895
page-blocks,SVM,default,1,0.9625,0.12419265254533597,0.01338146410035352,0.06641850999949384
page-blocks,SVM,tuned,1,0.9575,0.13795196993265096,0.020020176768594026,1.7543358160000935
page-blocks,RF,default,1,0.9725,0.06931085237651745,0.023980238095238048,0.30675634699946386
page-blocks,RF,tuned,1,0.97,0.06863894095198143,0.01785669244055588,18.057335789999343
page-blocks,XGB,default,1,0.9775,0.058250006288290024,0.012131301388144545,0.0995555660010723
page-blocks,XGB,tuned,1,0.9725,0.07512500882148743,0.01397804424166679,6.574087696997594
page-blocks,LGBM,default,1,0.98,0.08941669983585655,0.01963732282174256,0.23466260100030922
page-blocks,LGBM,tuned,1,0.9775,0.07438580808840664,0.015156019311235443,6.70694793200164
page-blocks,GNB,default,2,0.8475,1.3227270047510515,0.13945617068376137,0.0015658430020266678
page-blocks,GNB,tuned,2,0.8525,1.3059935912353857,0.1314273039310572,0.0815358939980797
page-blocks,WANBIA,default,2,0.9525,0.26224081842058733,0.036192345289191415,0.05817639600354596
page-blocks,WANBIA,tuned,2,0.9525,0.26232664990858673,0.03610997199482814,0.9575863879981625
page-blocks,AODE,default,2,0.9575,0.11171842338171942,0.024131586356523165,0.002763611999398563
page-blocks,AODE,tuned,2,0.965,0.11751976315596202,0.021291695328388743,0.3263975490008306
page-blocks,ABD-NB,default,2,0.9125,0.4691677196988632,0.061417352255183744,0.060987903001660015
page-blocks,ABD-NB,tuned,2,0.935,0.5414850753981063,0.05300405385122724,9.751060539001628
page-blocks,LR,default,2,0.9475,0.1723850093844343,0.011419995351038962,0.015518631000304595
page-blocks,LR,tuned,2,0.9475,0.16351870201280294,0.017883070586538853,0.3979273889999604
page-blocks,kNN,default,2,0.9625,0.3475192112916594,0.016999999999999977,0.0026006250009231735
page-blocks,kNN,tuned,2,0.945,0.31225692454328574,0.023589819358519226,0.3475592209979368
page-blocks,SVM,default,2,0.95,0.16971124125244605,0.02859161581347424,0.07084220400065533
page-blocks,SVM,tuned,2,0.945,0.16965765383958364,0.03938041407709083,1.550643670001591
page-blocks,RF,default,2,0.9725,0.07853964739821856,0.020506011904761857,0.2974473320027755
page-blocks,RF,tuned,2,0.975,0.08556317549933096,0.026732590412082344,17.881200601001183
page-blocks,XGB,default,2,0.9775,0.07028267532587051,0.018355573415756242,0.11532483699920704
page-blocks,XGB,tuned,2,0.9725,0.0808739885687828,0.021354929506778766,9.371769744997437
page-blocks,LGBM,default,2,0.98,0.11805100611789177,0.017255289788872932,0.24752813600207446
page-blocks,LGBM,tuned,2,0.9775,0.07212532333058813,0.01643770370945581,8.777000699999917
page-blocks,GNB,default,3,0.76,2.026078137592142,0.21961483343140834,0.0014894119995005894
page-blocks,GNB,tuned,3,0.765,2.001805347158957,0.212965515212481,0.07386494400270749
page-blocks,WANBIA,default,3,0.9375,0.2516070755453386,0.023509100763322646,0.04592838899770868
page-blocks,WANBIA,tuned,3,0.94,0.2613481271862204,0.03288359416671355,1.0246090270011337
page-blocks,AODE,default,3,0.94,0.1732896506317459,0.031588718746581174,0.0027586260002863128
page-blocks,AODE,tuned,3,0.96,0.1547620032937095,0.02242259507723574,0.2984613909975451
page-blocks,ABD-NB,default,3,0.9425,0.31413627326717725,0.041534726990714005,0.05097070999909192
page-blocks,ABD-NB,tuned,3,0.9375,0.3139443432424689,0.04683639420101534,4.778347022001981
page-blocks,LR,default,3,0.96,0.13512664540955865,0.024709501132007025,0.02356571899872506
page-blocks,LR,tuned,3,0.9725,0.18105573364725777,0.014676892066594359,0.7291503029991873
page-blocks,kNN,default,3,0.9575,0.5361509463647349,0.018000000000000065,0.0027046139985031914
page-blocks,kNN,tuned,3,0.9425,0.3701864408287133,0.026769360833734254,0.32255244300176855
page-blocks,SVM,default,3,0.95,0.15503991999571048,0.012132908891165554,0.07668172899866477
page-blocks,SVM,tuned,3,0.965,0.12941115946061074,0.02596667892967715,1.8764268400009314
page-blocks,RF,default,3,0.9775,0.1448888710146812,0.021070833333333365,0.25791339500210597
page-blocks,RF,tuned,3,0.975,0.08214325681076648,0.015174654953902432,17.97093995999967
page-blocks,XGB,default,3,0.975,0.12057819217443466,0.020964640304446225,0.10371548200055258
page-blocks,XGB,tuned,3,0.9775,0.09353038668632507,0.021695821434259452,6.978411157000664
page-blocks,LGBM,default,3,0.9775,0.16190605555488385,0.021174804145035905,0.25391345199750504
page-blocks,LGBM,tuned,3,0.975,0.0995443133294279,0.017174540914925318,7.205737101998238
page-blocks,GNB,default,4,0.84,1.087089871616876,0.14270324318572433,0.00216977499803761
page-blocks,GNB,tuned,4,0.8475,1.0661150988941295,0.13084338363353165,0.09151349800231401
page-blocks,WANBIA,default,4,0.9425,0.18809886696857153,0.023779978673231842,0.039370608999888645
page-blocks,WANBIA,tuned,4,0.9425,0.19807438268100877,0.02049156370815683,0.7203559549998317
page-blocks,AODE,default,4,0.9575,0.16098997535131734,0.030696373892635513,0.0028425969976524357
page-blocks,AODE,tuned,4,0.95,0.16223118362004066,0.03031079496705577,0.342376107997552
page-blocks,ABD-NB,default,4,0.935,0.36147588082941423,0.041420070597947875,0.060769315001380164
page-blocks,ABD-NB,tuned,4,0.945,0.3386340249449492,0.03444580681966561,8.649878036998416
page-blocks,LR,default,4,0.9625,0.15379150458849516,0.017588413413299957,0.014773269998840988
page-blocks,LR,tuned,4,0.96,0.2664702309191599,0.027664900860974985,0.755404413001088
page-blocks,kNN,default,4,0.96,0.336906186240898,0.014999999999999972,0.0028276880002522375
page-blocks,kNN,tuned,4,0.965,0.2711936085614006,0.022442816223617025,0.35556483199979994
page-blocks,SVM,default,4,0.96,0.1419644197819964,0.03145224293576789,0.08822172500003944
page-blocks,SVM,tuned,4,0.965,0.13073885831963222,0.02934293736806771,3.001666815001954
page-blocks,RF,default,4,0.97,0.07916571957803205,0.017300000000000045,0.3127884740024456
page-blocks,RF,tuned,4,0.965,0.08410819721049288,0.01587645856449691,17.25762439800019
page-blocks,XGB,default,4,0.98,0.10176746547222137,0.022654485851526265,0.12568944099984947
page-blocks,XGB,tuned,4,0.9675,0.09371866285800934,0.02069457359611991,7.183158919000562
page-blocks,LGBM,default,4,0.97,0.1759911882338901,0.02884481590419074,0.2476339579989144
page-blocks,LGBM,tuned,4,0.9725,0.19260786593650508,0.025699386927891605,6.048257500002364
texture,GNB,default,0,0.7630922693266833,3.376705174002895,0.22274214620249289,0.0021629360016959254
texture,GNB,tuned,0,0.7630922693266833,3.376703497799496,0.22274221154238333,0.10215045599761652
texture,WANBIA,default,0,0.8428927680798005,0.46137489263155745,0.03965845988344099,0.08306231300230138
texture,WANBIA,tuned,0,0.8428927680798005,0.46580368363583063,0.0208451985920881,1.4762011589991744
texture,AODE,default,0,0.9251870324189526,0.33840610646127856,0.050289823003526524,0.01922798099985812
texture,AODE,tuned,0,0.9600997506234414,0.2773545178057564,0.03244916501363876,4.531165444997896
texture,ABD-NB,default,0,0.7880299251870324,0.640797254254587,0.06624418587246123,0.26133300499714096
texture,ABD-NB,tuned,0,0.7880299251870324,0.6254996428636672,0.09690147632139931,156.3163366330009
texture,LR,default,0,0.9900249376558603,0.0667110573229548,0.036464765222383705,0.044689696998830186
texture,LR,tuned,0,0.9950124688279302,0.03511689997246859,0.0060166797363131585,1.3336856700007047
texture,kNN,default,0,0.972568578553616,0.33257595515663485,0.02593516209476305,0.002477560999977868
texture,kNN,tuned,0,0.9825436408977556,0.48233702696134645,0.017456359102244412,0.292186706999928
texture,SVM,default,0,0.9850374064837906,0.07136631167599534,0.04217342188269736,0.16511351900044247
texture,SVM,tuned,0,0.9950124688279302,0.0570114586529512,0.0451679275461466,10.979008541999065
texture,RF,default,0,0.9750623441396509,0.19521474406483755,0.11825436408977555,0.4343802060029702
texture,RF,tuned,0,0.970074812967581,0.16859783490937835,0.09146684233997045,63.64163743699828
texture,XGB,default,0,0.972568578553616,0.0872073844075203,0.022257655747513486,0.6376086480013328
texture,XGB,tuned,0,0.9800498753117207,0.0758470669388771,0.018177405780092998,55.44041113800267
texture,LGBM,default,0,0.9750623441396509,0.07482205571831728,0.017437098321685926,2.0854462499992223
texture,LGBM,tuned,0,0.970074812967581,0.0829182179084309,0.020119295989843033,58.131753665998986
texture,GNB,default,1,0.7556109725685786,3.541502665158655,0.22534597762223696,0.002274394002597546
texture,GNB,tuned,1,0.7556109725685786,3.5415025423995368,0.2253459809023232,0.126598639999429
texture,WANBIA,default,1,0.8329177057356608,0.5154686503892016,0.04903592102062424,0.08783554099863977
texture,WANBIA,tuned,1,0.8354114713216958,0.515599441994681,0.05142861903778747,2.146440274998895
texture,AODE,default,1,0.9276807980049875,0.43052259807666443,0.06375051815778983,0.01146545599840465
texture,AODE,tuned,1,0.9376558603491272,0.4186156088897049,0.050589920113802846,4.580418813999131
texture,ABD-NB,default,1,0.7655860349127181,0.6779985449007819,0.08314274059540668,0.3311450649998733
texture,ABD-NB,tuned,1,0.7830423940149626,0.6696457025977717,0.0865935826144012,171.51543123599913
texture,LR,default,1,0.9950124688279302,0.056966802558258804,0.04106815776801365,0.046970161001809174
texture,LR,tuned,1,0.9950124688279302,0.01930271674070705,0.009865514759308353,0.8815020660003938
texture,kNN,default,1,0.972568578553616,0.27260430754852455,0.031421446384039854,0.0021189740000409074
texture,kNN,tuned,1,0.9825436408977556,0.48233702696134634,0.017456359102244412,0.2418501659994945
texture,SVM,default,1,0.9875311720698254,0.08123565481840829,0.04328707672760826,0.16926485799922375
texture,SVM,tuned,1,0.9900249376558603,0.06832159095075448,0.042398693033065746,11.03716648900081
texture,RF,default,1,0.9650872817955112,0.21927361609217197,0.1299002493765586,0.43104268000024604
texture,RF,tuned,1,0.9675810473815462,0.20356978471276915,0.11213495185935364,55.532463297000504
texture,XGB,default,1,0.9625935162094763,0.12896397709846497,0.02227443504957785,0.6369305879998137
texture,XGB,tuned,1,0.972568578553616,0.09262079000473022,0.01837804475032775,53.24814987100035
texture,LGBM,default,1,0.972568578553616,0.13964817671657948,0.022324272531932084,2.0184886710012506
texture,LGBM,tuned,1,0.9750623441396509,0.12172178113626624,0.02397525309685175,65.46718023100038
texture,GNB,default,2,0.76,3.425888976412699,0.22417101196972372,0.002381103997322498
texture,GNB,tuned,2,0.76,3.4258888116961916,0.22417101465386732,0.1327856799980509
texture,WANBIA,default,2,0.8075,0.5208627426801575,0.055841870732993994,0.06927529600216076
texture,WANBIA,tuned,2,0.8175,0.5400592459447583,0.03479782020982787,1.4681364240022958
texture,AODE,default,2,0.9375,0.35952948721565553,0.051363606589914665,0.01328219900096883
texture,AODE,tuned,2,0.9525,0.3252989237269371,0.04243719456136702,4.243867887998931
texture,ABD-NB,default,2,0.785,0.6700437477346383,0.06415334365903767,0.23566833500080975
texture,ABD-NB,tuned,2,0.78,0.6996202313622746,0.06573882635086906,281.1495617449982
texture,LR,default,2,0.9925,0.05978029618220027,0.03893909596285419,0.057957624001574004
texture,LR,tuned,2,0.995,0.02745296037465404,0.019321515823612936,1.0448461989981297
texture,kNN,default,2,0.9675,0.21252167766233904,0.016499999999999973,0.0023149540029407945
texture,kNN,tuned,2,0.9775,0.19873772871174636,0.018124999999999992,0.2686496510032157
texture,SVM,default,2,0.9875,0.08290165945810117,0.046105091389098435,0.1624157459991693
texture,SVM,tuned,2,0.995,0.061413376438228265,0.04674723645628932,7.943506604999129
texture,RF,default,2,0.97,0.2158623800293293,0.1208250000000001,0.44827620800060686
texture,RF,tuned,2,0.945,0.23255926359509957,0.09465883496442157,51.659403907000524
texture,XGB,default,2,0.96,0.15552584826946259,0.018954990506172158,0.686883450998721
texture,XGB,tuned,2,0.955,0.12216629087924957,0.01706102296710015,70.67353572900174
texture,LGBM,default,2,0.9625,0.19161775731622158,0.029102303735484378,1.8467348379999748
texture,LGBM,tuned,2,0.9625,0.18651581127687838,0.02564672463717516,89.60805494799934
texture,GNB,default,3,0.7625,3.3088184707893116,0.21185510983085395,0.00249399899985292
texture,GNB,tuned,3,0.7625,3.3088165942987393,0.2118551039841827,0.1248334869997052
texture,WANBIA,default,3,0.84,0.5221113768498697,0.049405609888036384,0.07222627800001646
texture,WANBIA,tuned,3,0.835,0.5241359124663435,0.0436901843743128,1.6899786030007817
texture,AODE,default,3,0.9075,0.3823274776551236,0.06513675000623464,0.015364722999947844
texture,AODE,tuned,3,0.955,0.2519465077046683,0.03491513408284341,3.8533461699989857
texture,ABD-NB,default,3,0.79,0.6792072607349712,0.06574186421765972,0.22878675699757878
texture,ABD-NB,tuned,3,0.805,0.6819023396157833,0.12833602057062796,124.7120142499989
texture,LR,default,3,0.9925,0.05975798294246056,0.04410028104721452,0.06029610400219099
texture,LR,tuned,3,1.0,0.01324677010917947,0.011968412795598075,1.063522884996928
texture,kNN,default,3,0.9725,0.26968979241174856,0.017999999999999954,0.0024765870002738666
texture,kNN,tuned,3,0.98,0.25509629066348677,0.018749999999999992,0.2593796500004828
texture,SVM,default,3,0.9825,0.083850657605335,0.04897155646267389,0.1620366710012604
texture,SVM,tuned,3,0.99,0.06861160052915785,0.052144151457489143,10.410362508002436
texture,RF,default,3,0.98,0.19519639873724984,0.1276,0.4845909499999834
texture,RF,tuned,3,0.9625,0.17937909259064033,0.09348436079551159,52.35997751600007
texture,XGB,default,3,0.96,0.10467127710580826,0.014056005850434261,0.6216599319996021
texture,XGB,tuned,3,0.965,0.09299536794424057,0.027840057387948036,50.258555551001336
texture,LGBM,default,3,0.9725,0.0778594553371535,0.013802741724295926,2.098077574999479
texture,LGBM,tuned,3,0.97,0.08358792262790321,0.01874349883422963,69.31332870000188
texture,GNB,default,4,0.755,3.407120618019223,0.21462288411619823,0.002249883000331465
texture,GNB,tuned,4,0.755,3.407118687037823,0.21462283380911573,0.11664220400052727
texture,WANBIA,default,4,0.8025,0.5246845422247837,0.038685037890155975,0.07618523700148216
texture,WANBIA,tuned,4,0.8025,0.5242170088238172,0.03768150790399328,1.1587986420017842
texture,AODE,default,4,0.9225,0.3905816062345906,0.06036920262003158,0.0101355529986904
texture,AODE,tuned,4,0.93,0.4229941331417354,0.05869708313313408,3.911648048000643
texture,ABD-NB,default,4,0.7775,0.6672541824909355,0.06820792752103041,0.22266691199911293
texture,ABD-NB,tuned,4,0.7775,0.6592559837334128,0.07958632551338961,251.81333577499754
texture,LR,default,4,0.9875,0.06726750470636794,0.0456293121203059,0.0623455439999816
texture,LR,tuned,4,0.995,0.017580656311934173,0.011587210948199565,1.1166534119984135
texture,kNN,default,4,0.9725,0.1550115213770062,0.02800000000000005,0.0021135159986442886
texture,kNN,tuned,4,0.9725,0.2747128757237213,0.023750000000000042,0.263800552002067
texture,SVM,default,4,0.975,0.10360432201436799,0.04397809778325494,0.16705038199870614
texture,SVM,tuned,4,0.9825,0.08381672506923256,0.04772315505231636,8.569932320999214
texture,RF,default,4,0.9625,0.23798218022407538,0.12722499999999998,0.46783165400120197
texture,RF,tuned,4,0.9475,0.2457147119410144,0.11244755103501886,45.94758848499987
texture,XGB,default,4,0.9575,0.13750940561294556,0.01584994494915009,0.6329423419992963
texture,XGB,tuned,4,0.96,0.11640811711549759,0.02099031582474704,50.10163296300016
texture,LGBM,default,4,0.9575,0.14386701747188693,0.02565014548852268,2.088084252001863
texture,LGBM,tuned,4,0.9775,0.10049214203972148,0.015177667466392143,50.74944398200023
hypothyroid,GNB,default,0,0.2225,20.336124675223836,0.7797449214849483,0.0025130800022452604
hypothyroid,GNB,tuned,0,0.93,0.2733394392839561,0.020197058467269678,0.07604465199983679
hypothyroid,WANBIA,default,0,0.95,0.2500135290784924,0.021722795078002847,0.3165467590006301
hypothyroid,WANBIA,tuned,0,0.9525,0.13452232131075834,0.018372277687806412,2.835565690002113
hypothyroid,AODE,default,0,0.9675,0.07493481722521111,0.01504954775271772,0.04175277200192795
hypothyroid,AODE,tuned,0,0.97,0.08658750141752716,0.01314884368516703,0.9335669719985162
hypothyroid,ABD-NB,default,0,0.26,7.758094391434318,0.7304662361351262,0.061814969001716236
hypothyroid,ABD-NB,tuned,0,0.9525,0.26790892651701204,0.023872239752904437,16.28943366599924
hypothyroid,LR,default,0,0.9525,0.1232804121479664,0.027621583727543968,0.008822117997624446
hypothyroid,LR,tuned,0,0.9575,0.12370218575932265,0.023652833184386563,0.2276363900018623
hypothyroid,kNN,default,0,0.955,0.47307955123320683,0.022000000000000026,0.002127903000655351
hypothyroid,kNN,tuned,0,0.965,0.5931804679599523,0.030943944710702328,0.23071363499911968
hypothyroid,SVM,default,0,0.9525,0.1262213171777525,0.03297173787750426,0.06000590099938563
hypothyroid,SVM,tuned,0,0.96,0.1929181794908467,0.02161217106325167,3.356538862997695
hypothyroid,RF,default,0,0.98,0.06283844793394967,0.019824999999999912,0.12540860700028134
hypothyroid,RF,tuned,0,0.98,0.06364228690650925,0.014316239316239317,12.16501194400189
hypothyroid,XGB,default,0,0.9775,0.0794999897480011,0.021377518922090492,0.030610089997935575
hypothyroid,XGB,tuned,0,0.975,0.06848347187042236,0.013527499884367022,1.7603059649991337
hypothyroid,LGBM,default,0,0.9775,0.11849428965625013,0.023288860004342788,0.041471906999504426
hypothyroid,LGBM,tuned,0,0.975,0.18245315098420778,0.025452242005488034,1.4324692320005852
hypothyroid,GNB,default,1,0.2125,17.796461143651793,0.7742739752998345,0.0016953390004346147
hypothyroid,GNB,tuned,1,0.7475,0.6782006134665085,0.14312890837883574,0.08434154000133276
hypothyroid,WANBIA,default,1,0.945,0.14922365815433009,0.02857157806881904,0.14292568399832817
hypothyroid,WANBIA,tuned,1,0.945,0.14893016770476988,0.028421597032111785,4.835335520001536
hypothyroid,AODE,default,1,0.965,0.09855205070525454,0.02214792752417831,0.007182138997450238
hypothyroid,AODE,tuned,1,0.985,0.08599097957630905,0.01791257887541206,0.7033647049975116
hypothyroid,ABD-NB,default,1,0.3,3.2379731056073235,0.6500278376429761,0.06239649700000882
hypothyroid,ABD-NB,tuned,1,0.9525,0.1437360244537939,0.019285058417562735,18.74437292800212
hypothyroid,LR,default,1,0.965,0.10679936948529675,0.019587465352120775,0.0066496340004960075
hypothyroid,LR,tuned,1,0.9575,0.1198438228407613,0.02472814738915833,0.19502598000326543
hypothyroid,kNN,default,1,0.96,0.5414185499116633,0.02949999999999996,0.0018886259967985097
hypothyroid,kNN,tuned,1,0.965,0.5379855365630413,0.031846126213233086,0.2080987230001483
hypothyroid,SVM,default,1,0.9525,0.09051087165178064,0.019092768537943353,0.06708343900027103
hypothyroid,SVM,tuned,1,0.96,0.11093957415319221,0.016049071365547708,1.918756883002061
hypothyroid,RF,default,1,0.9775,0.05667403427990248,0.024050000000000016,0.16133328800060553
hypothyroid,RF,tuned,1,0.985,0.10428331169263698,0.016416188609567516,11.587697491002473
hypothyroid,XGB,default,1,0.9875,0.04775035008788109,0.00815893143415456,0.028697726000245893
hypothyroid,XGB,tuned,1,0.9875,0.04115970432758331,0.011653050333261465,1.6632554450006864
hypothyroid,LGBM,default,1,0.985,0.05190953229086524,0.012128214035452493,0.04279282400239026
hypothyroid,LGBM,tuned,1,0.9875,0.0469279751402482,0.013060154198702267,1.3677514499977406
hypothyroid,GNB,default,2,0.2225,19.499887560356438,0.7730801481348228,0.0019242749986005947
hypothyroid,GNB,tuned,2,0.35,4.097808128466958,0.6237701343582513,0.09133173800000804
hypothyroid,WANBIA,default,2,0.9475,0.19652509550064573,0.013329365819305352,0.14154572899860796
hypothyroid,WANBIA,tuned,2,0.9525,0.13024747413542218,0.006771395456582917,2.777503806999448
hypothyroid,AODE,default,2,0.9625,0.11990680945722615,0.02281140113979117,0.005759507999755442
hypothyroid,AODE,tuned,2,0.9675,0.09783168828758784,0.02044326572912805,0.688177858999552
hypothyroid,ABD-NB,default,2,0.25,5.3549953005765225,0.7320930490334295,0.06293344500227249
hypothyroid,ABD-NB,tuned,2,0.9525,0.17093770769181674,0.022951903260535308,30.678139378000196
hypothyroid,LR,default,2,0.9575,0.12819390928471383,0.017019043057323498,0.005708996999601368
hypothyroid,LR,tuned,2,0.9575,0.13223013166466255,0.015399999287956415,0.15821275700000115
hypothyroid,kNN,default,2,0.9625,0.33895974780441024,0.015499999999999976,0.0016663739988871384
hypothyroid,kNN,tuned,2,0.965,0.33571500393482523,0.019999999999999976,0.1916929290018743
hypothyroid,SVM,default,2,0.9525,0.11930573335291994,0.021594882492382873,0.04569210900081089
hypothyroid,SVM,tuned,2,0.9675,0.10006319757440185,0.01695665534214658,1.2433757769977092
hypothyroid,RF,default,2,0.975,0.06759327772524719,0.010374999999999947,0.1507204699992144
hypothyroid,RF,tuned,2,0.97,0.062172261476979865,0.017536945545589096,10.927328106001369
hypothyroid,XGB,default,2,0.9725,0.09786240756511688,0.02369380787014964,0.027944563997152727
hypothyroid,XGB,tuned,2,0.9725,0.06838062405586243,0.012489521354436844,1.9988147669973841
hypothyroid,LGBM,default,2,0.9725,0.10870773596964531,0.024690327843465358,0.056651597002201015
hypothyroid,LGBM,tuned,2,0.97,0.06390426726271711,0.016546827103198464,1.5482691539982625
hypothyroid,GNB,default,3,0.27,18.73910382750936,0.7299879672551486,0.0016486310014443006
hypothyroid,GNB,tuned,3,0.94,0.14155368449703631,0.027597667409358945,0.07816732300125295
hypothyroid,WANBIA,default,3,0.945,0.18986200332420747,0.02356330866238131,0.1499088140008098
hypothyroid,WANBIA,tuned,3,0.95,0.1892516227049838,0.0229557751085388,2.765777994001837
hypothyroid,AODE,default,3,0.96,0.11627458880737467,0.014959337242914348,0.003631175000919029
hypothyroid,AODE,tuned,3,0.975,0.11837663861962197,0.02370678375533529,0.7743723579988
hypothyroid,ABD-NB,default,3,0.27,4.091121010771094,0.7033737174051325,0.06322950400135596
hypothyroid,ABD-NB,tuned,3,0.9525,0.13711820932809782,0.012673737316899185,11.962354412000423
hypothyroid,LR,default,3,0.9575,0.13564216761337347,0.018018561149546683,0.006176934999530204
hypothyroid,LR,tuned,3,0.9525,0.14185410031682122,0.02144339409429379,0.19503432400233578
hypothyroid,kNN,default,3,0.9675,0.26804727207688844,0.01299999999999996,0.0019266489980509505
hypothyroid,kNN,tuned,3,0.96,0.2828200978204441,0.02216029042113725,0.24412825599938515
hypothyroid,SVM,default,3,0.9525,0.11283875011188274,0.017631807874561083,0.06403054600014002
hypothyroid,SVM,tuned,3,0.97,0.09527756661696879,0.013025460715088907,1.787021898002422
hypothyroid,RF,default,3,0.98,0.05944462889631299,0.016024999999999883,0.14612266599942814
hypothyroid,RF,tuned,3,0.9825,0.056568461300204945,0.013046633392053308,12.29972460299905
hypothyroid,XGB,default,3,0.9725,0.07776530832052231,0.020648196488618882,0.03181220099941129
hypothyroid,XGB,tuned,3,0.975,0.06708665192127228,0.015251564979553274,1.6046619250009826
hypothyroid,LGBM,default,3,0.975,0.07998938930884165,0.01789200058585685,0.047984675999032333
hypothyroid,LGBM,tuned,3,0.9775,0.07432109030771313,0.01819281045031845,1.2942663539979549
hypothyroid,GNB,default,4,0.28,18.05523392796204,0.7195330835062572,0.002053214000625303
hypothyroid,GNB,tuned,4,0.96,0.13319681091131186,0.034555885939319596,0.09069567599726724
hypothyroid,WANBIA,default,4,0.96,0.17485630810448405,0.026577901794515347,0.23607364499912364
hypothyroid,WANBIA,tuned,4,0.9525,0.12649857491548475,0.023699263709738523,1.8941028760018526
hypothyroid,AODE,default,4,0.9625,0.08283913924491759,0.017543325071301297,0.011326184001518413
hypothyroid,AODE,tuned,4,0.9675,0.08711841613654353,0.015751005199389753,0.6923337309999624
hypothyroid,ABD-NB,default,4,0.3125,3.649660842005793,0.6587569716153481,0.0678193480016489
hypothyroid,ABD-NB,tuned,4,0.9525,0.13718071089112555,0.040556638327976104,27.48117083500256
hypothyroid,LR,default,4,0.95,0.12849071877514187,0.021691770853639908,0.006812514002376702
hypothyroid,LR,tuned,4,0.95,0.12794115154886815,0.014809960308070616,0.23879031999967992
hypothyroid,kNN,default,4,0.9675,0.3983020057439941,0.020499999999999997,0.002545592997194035
hypothyroid,kNN,tuned,4,0.9625,0.3336476493838735,0.02204226454852303,0.25758308399963425
hypothyroid,SVM,default,4,0.9525,0.10995158834412354,0.019646576674587034,0.08084249199964688
hypothyroid,SVM,tuned,4,0.9825,0.09405188287869323,0.02593294350623676,2.8698073359992122
hypothyroid,RF,default,4,0.985,0.05116855284833086,0.026174999999999924,0.1437856170014129
hypothyroid,RF,tuned,4,0.985,0.04735461386415112,0.015077170620898483,11.187745250001171
hypothyroid,XGB,default,4,0.9825,0.05195406824350357,0.01413811117410655,0.03217038799994043
hypothyroid,XGB,tuned,4,0.98,0.05162513628602028,0.018452452123165132,1.5814570139991702
hypothyroid,LGBM,default,4,0.9825,0.047739591423009105,0.013123560215604943,0.04218155200214824
hypothyroid,LGBM,tuned,4,0.985,0.04331296083896053,0.014476986887184348,1.28577674600092
spectf,GNB,default,0,0.7,5.199832364717925,0.3018136446127071,0.0012992149968340527
spectf,GNB,tuned,0,0.7,5.199833255387822,0.3018137671859467,0.05815984699802357
spectf,WANBIA,default,0,0.7428571428571429,0.42748059809715616,0.15420196310983153,0.00833401199997752
spectf,WANBIA,tuned,0,0.7428571428571429,0.4286728755609292,0.1546084125333315,0.24490525900182547
spectf,AODE,default,0,0.9,0.4240747223151737,0.09201981473187734,0.007686698001634795
spectf,AODE,tuned,0,0.9571428571428572,0.31956733927273745,0.044273376501194915,0.4320992449975165
spectf,ABD-NB,default,0,0.7142857142857143,0.8714990969444704,0.25530416560825225,0.08329265999782365
spectf,ABD-NB,tuned,0,0.7571428571428571,0.48313081460809315,0.07946285636578103,41.35830759199962
spectf,LR,default,0,0.7857142857142857,0.4372873339481144,0.08988004687667497,0.005113028000778286
spectf,LR,tuned,0,0.7714285714285715,0.4774057385638501,0.09928516087238545,0.24405544299952453
spectf,kNN,default,0,0.6857142857142857,1.2559563984023552,0.10857142857142868,0.001347320998320356
spectf,kNN,tuned,0,0.8285714285714286,0.2892137106118616,0.07480794144588815,0.13066728800185956
spectf,SVM,default,0,0.8571428571428571,0.35417392065203435,0.07209338189197076,0.011628413998550968
spectf,SVM,tuned,0,0.8714285714285714,0.3258057628970014,0.053803138197230746,0.46375176299989107
spectf,RF,default,0,0.9285714285714286,0.2879580511979273,0.14100000000000001,0.12989406500128098
spectf,RF,tuned,0,0.8571428571428571,0.29021953742990686,0.11265771265771268,11.611394399002165
spectf,XGB,default,0,0.9,0.3182187080383301,0.068051267521722,0.02488365599856479
spectf,XGB,tuned,0,0.9,0.31219014525413513,0.06805360572678704,1.562814280998282
spectf,LGBM,default,0,0.8714285714285714,0.32483396068368436,0.08207118241013753,0.024545001000660704
spectf,LGBM,tuned,0,0.9,0.29505422716198454,0.07077368272519002,0.974644507998164
spectf,GNB,default,1,0.6428571428571429,5.885130016496668,0.36443814758044335,0.0012107980001019314
spectf,GNB,tuned,1,0.6428571428571429,5.885130129637139,0.36443814642449746,0.06627714299975196
spectf,WANBIA,default,1,0.7428571428571429,0.4421258094421102,0.14132497224503893,0.016949452998233028
spectf,WANBIA,tuned,1,0.7571428571428571,0.44338209455740557,0.14200215447374404,0.36984294400099316
spectf,AODE,default,1,0.8,0.9606560992762188,0.14410210831077613,0.024914591002016095
spectf,AODE,tuned,1,0.9,0.6441356655397772,0.11903657437074941,0.5553279719970305
spectf,ABD-NB,default,1,0.6,1.0197548606048388,0.3014685355729524,0.06286827300209552
spectf,ABD-NB,tuned,1,0.6142857142857143,0.5319402210712337,0.15117156810074792,45.197112511999876
spectf,LR,default,1,0.8,0.4332165708476493,0.1100490793556433,0.006073176999052521
spectf,LR,tuned,1,0.7857142857142857,0.4289313992966437,0.06852126326254906,0.19158645999777946
spectf,kNN,default,1,0.7285714285714285,2.3558783526357394,0.09142857142857144,0.0015519740009040106
spectf,kNN,tuned,1,0.7857142857142857,0.3499232703237544,0.08395781949120788,0.11462965600003372
spectf,SVM,default,1,0.7857142857142857,0.42767980368018793,0.13160821590454722,0.011159044999658363
spectf,SVM,tuned,1,0.9571428571428572,0.18862291728623234,0.08164252176157108,0.3677724389999639
spectf,RF,default,1,0.9142857142857143,0.3104196828665983,0.11200000000000007,0.13029368000206887
spectf,RF,tuned,1,0.9285714285714286,0.2848757139971031,0.12145459276606821,10.73488246999841
spectf,XGB,default,1,0.8428571428571429,0.4220772385597229,0.13052853175571988,0.05600337400028366
spectf,XGB,tuned,1,0.8428571428571429,0.3187168836593628,0.11105860727173938,1.4963137580016337
spectf,LGBM,default,1,0.8428571428571429,0.45083556518404166,0.11098330811763268,0.023968286001036176
spectf,LGBM,tuned,1,0.8285714285714286,0.4047348218495158,0.11040708192533068,0.9889771349990042
spectf,GNB,default,2,0.8285714285714286,1.87686560535798,0.1785802598330234,0.0011315470001136418
spectf,GNB,tuned,2,0.8285714285714286,1.8768657225105791,0.17858027129869994,0.0647671229999105
spectf,WANBIA,default,2,0.8571428571428571,0.2724552389908683,0.0947779353141859,0.010896100000536535
spectf,WANBIA,tuned,2,0.8571428571428571,0.2705013188386664,0.06235496292302405,0.27063946800262784
spectf,AODE,default,2,0.9,0.20290594373962237,0.07418182657491745,0.00696874899949762
spectf,AODE,tuned,2,0.9285714285714286,0.3692420216993399,0.06524243820495108,0.47201755399873946
spectf,ABD-NB,default,2,0.8285714285714286,0.37420728700078965,0.08789373059731759,0.06925878999754786
spectf,ABD-NB,tuned,2,0.8571428571428571,0.2980365649826375,0.05870468410515374,84.47079615899929
spectf,LR,default,2,0.8857142857142857,0.2553866929865743,0.07171866447992575,0.005514323998795589
spectf,LR,tuned,2,0.9,0.2533214715078911,0.07492167061166893,0.22107622399926186
spectf,kNN,default,2,0.7571428571428571,1.5448668872566291,0.051428571428571435,0.0013605720014311373
spectf,kNN,tuned,2,0.9,0.22265120726444568,0.09850886393985134,0.13919734599767253
spectf,SVM,default,2,0.9,0.28390033147950283,0.08645975668625398,0.013602171999082202
spectf,SVM,tuned,2,0.9,0.1992340845433024,0.10305381304565378,0.3398258449997229
spectf,RF,default,2,0.9285714285714286,0.22618373955652504,0.1555714285714286,0.12437802299973555
spectf,RF,tuned,2,0.9142857142857143,0.29126465744484153,0.1313919514851229,9.997437048998108
spectf,XGB,default,2,0.9,0.26494625210762024,0.07938090137072971,0.025095171000430128
spectf,XGB,tuned,2,0.9142857142857143,0.20344068109989166,0.08783907805170331,1.7956027969994466
spectf,LGBM,default,2,0.9285714285714286,0.1973794126503567,0.071193083496561,0.024230085000453983
spectf,LGBM,tuned,2,0.9285714285714286,0.19763132037844722,0.047576353718225016,1.1020051019986568
spectf,GNB,default,3,0.7714285714285715,2.8044303306147063,0.2290868747678863,0.0012535839996417053
spectf,GNB,tuned,3,0.7714285714285715,2.8044318862797804,0.22908697104041606,0.06765186700067716
spectf,WANBIA,default,3,0.8428571428571429,0.3085037091712125,0.0768414064134857,0.009318745000200579
spectf,WANBIA,tuned,3,0.8285714285714286,0.3106272015447316,0.051599025734255226,0.2836571959996945
spectf,AODE,default,3,0.9285714285714286,0.19745409249868454,0.058628257605791184,0.005174218997126445
spectf,AODE,tuned,3,0.9,0.6669486795211723,0.08676661044417715,0.48629162900033407
spectf,ABD-NB,default,3,0.8142857142857143,0.4850904731626029,0.13489640832937094,0.06884592899950803
spectf,ABD-NB,tuned,3,0.8142857142857143,0.3467168509341472,0.10282443803605572,32.228685587000655
spectf,LR,default,3,0.8,0.3633254367779711,0.09108965888333077,0.008935645997553365
spectf,LR,tuned,3,0.8,0.49517212828475327,0.14025890605389385,0.2203015970007982
spectf,kNN,default,3,0.7571428571428571,1.131433252457882,0.08285714285714284,0.0014226530001906212
spectf,kNN,tuned,3,0.8857142857142857,0.2148444540412782,0.04849470046250398,0.1486841240002832
spectf,SVM,default,3,0.8428571428571429,0.32595080730548043,0.07862340297972881,0.013574707998486701
spectf,SVM,tuned,3,0.9142857142857143,0.22892002212365595,0.08614109516287205,0.36913798699970357
spectf,RF,default,3,0.9285714285714286,0.23533523544172544,0.08828571428571431,0.11569891299950541
spectf,RF,tuned,3,0.9142857142857143,0.2917110079201815,0.1085891097463325,10.965123359001154
spectf,XGB,default,3,0.9285714285714286,0.29575327038764954,0.06946392229625158,0.024929434999648947
spectf,XGB,tuned,3,0.9,0.28812241554260254,0.08085980330194746,1.3811167610001576
spectf,LGBM,default,3,0.9285714285714286,0.2398885813350183,0.06752325283491822,0.022499963000882417
spectf,LGBM,tuned,3,0.9142857142857143,0.2514455889009474,0.0567799051325405,1.0142007199974614
spectf,GNB,default,4,0.7246376811594203,3.6215644445310717,0.2705725486835207,0.0011770569981308654
spectf,GNB,tuned,4,0.7246376811594203,3.627971122556305,0.2702509775758591,0.07352078899930348
spectf,WANBIA,default,4,0.8260869565217391,0.4118806580313914,0.12162085289914773,0.015552770000795135
spectf,WANBIA,tuned,4,0.8260869565217391,0.40985093697952124,0.16080597401597646,0.23726642399924458
spectf,AODE,default,4,0.855072463768116,0.7694216817041212,0.14067579740253794,0.007110465998266591
spectf,AODE,tuned,4,0.855072463768116,1.0603106469269006,0.1511187670870579,0.4852849309972953
spectf,ABD-NB,default,4,0.782608695652174,0.5913661294637587,0.1876272496986342,0.05930212900057086
spectf,ABD-NB,tuned,4,0.7681159420289855,0.44137300064098584,0.11778128939557347,68.06757336800001
spectf,LR,default,4,0.782608695652174,0.4380015152122976,0.14094666137613832,0.004660795999370748
spectf,LR,tuned,4,0.782608695652174,0.41014192033271435,0.15306986612877085,0.24532967200138955
spectf,kNN,default,4,0.6811594202898551,1.2829088624288423,0.07246376811594216,0.0014778570002818014
spectf,kNN,tuned,4,0.7391304347826086,0.36545693233500476,0.0978465333302063,0.13083754300168948
spectf,SVM,default,4,0.8405797101449275,0.3799419907536642,0.12270887384619136,0.01255273000060697
spectf,SVM,tuned,4,0.927536231884058,0.25505327313309784,0.058311714270201674,0.3835662700003013
spectf,RF,default,4,0.8985507246376812,0.31163592974602977,0.11159420289855072,0.10577100600130507
spectf,RF,tuned,4,0.8985507246376812,0.3614304254073699,0.12797789475402563,10.293939949002379
spectf,XGB,default,4,0.8695652173913043,0.4367024600505829,0.11310853819916214,0.023219325001264224
spectf,XGB,tuned,4,0.8695652173913043,0.3723726272583008,0.10143379370371498,1.2711170490001678
spectf,LGBM,default,4,0.8840579710144928,0.3194729064529977,0.0937447003039992,0.02268016599919065
spectf,LGBM,tuned,4,0.8840579710144928,0.32183660386529644,0.10642309956329464,1.044685302000289
credit-ger,GNB,default,0,0.77,0.5973013581610959,0.08928438108806108,0.002093094000883866
credit-ger,GNB,tuned,0,0.78,0.5633211406357527,0.08647115489800858,0.08193274800214567
credit-ger,WANBIA,default,0,0.76,0.466926833851509,0.08895399120716814,0.021551027002715273
credit-ger,WANBIA,tuned,0,0.765,0.47377655638575433,0.049809484646332045,0.3712660919991322
credit-ger,AODE,default,0,0.755,0.520470800159874,0.07357726507517726,0.0020381690010253806
credit-ger,AODE,tuned,0,0.755,0.520470800159874,0.07357726507517726,0.3755781419968116
credit-ger,ABD-NB,default,0,0.76,0.5301633740939039,0.06722249307692528,0.07552906100318069
credit-ger,ABD-NB,tuned,0,0.785,0.5041191740537666,0.05273656347379073,11.103861973999301
credit-ger,LR,default,0,0.805,0.46078425902363224,0.042267863672526496,0.003779505001148209
credit-ger,LR,tuned,0,0.805,0.46186779633366404,0.03392667540250831,0.1515149110018683
credit-ger,kNN,default,0,0.77,0.9797324257402054,0.049999999999999885,0.0016707599970686715
credit-ger,kNN,tuned,0,0.715,1.6266129889677376,0.10468313907985234,0.15264649799792096
credit-ger,SVM,default,0,0.775,0.46102226773472216,0.06221282825229628,0.058028334999107756
credit-ger,SVM,tuned,0,0.735,0.4897427394890639,0.09912819859249562,2.0924960789998295
credit-ger,RF,default,0,0.755,0.4769370306214266,0.05409999999999997,0.1378125560004264
credit-ger,RF,tuned,0,0.78,0.47014440721516576,0.06301947221231576,12.13593217199741
credit-ger,XGB,default,0,0.79,0.5878704190254211,0.13385202825069428,0.030119314000330633
credit-ger,XGB,tuned,0,0.76,0.4968052804470062,0.0801439854502678,2.0095785579978838
credit-ger,LGBM,default,0,0.79,0.5106818432509895,0.09630117271065852,0.11112330199830467
credit-ger,LGBM,tuned,0,0.78,0.4552781648328083,0.06902306207964728,1.2071512609982165
credit-ger,GNB,default,1,0.675,0.8574484271868424,0.1717603802803205,0.0012974940000276547
credit-ger,GNB,tuned,1,0.675,0.7491288060903113,0.16942807406279697,0.06809938900187262
credit-ger,WANBIA,default,1,0.715,0.5702235293931626,0.049707153053533945,0.02478214599977946
credit-ger,WANBIA,tuned,1,0.725,0.5790209149970816,0.0771460465229519,0.8862822670016612
credit-ger,AODE,default,1,0.755,0.5416824564351045,0.09878589836323198,0.004372685998532688
credit-ger,AODE,tuned,1,0.73,0.547311690842433,0.0892334564110548,0.3145438430001377
credit-ger,ABD-NB,default,1,0.675,0.7914169841843426,0.1490831428740185,0.0528976440000406
credit-ger,ABD-NB,tuned,1,0.725,0.5687354792120357,0.09369814456963471,11.667121706999751
credit-ger,LR,default,1,0.72,0.5496710429912417,0.06827513246382166,0.003778740003326675
credit-ger,LR,tuned,1,0.72,0.5450298613729359,0.047911756243074935,0.1920013620001555
credit-ger,kNN,default,1,0.76,2.0515832670325795,0.10899999999999985,0.0018226870015496388
credit-ger,kNN,tuned,1,0.75,0.9397584399030215,0.10030936885008446,0.14899692199833225
credit-ger,SVM,default,1,0.73,0.5367647507324687,0.06254491232892377,0.055202444000315154
credit-ger,SVM,tuned,1,0.73,0.536247029168685,0.06644590421026943,1.2984750350005925
credit-ger,RF,default,1,0.735,0.5194187384378878,0.08014999999999997,0.16314335399874835
credit-ger,RF,tuned,1,0.74,0.5440232764104568,0.06673367359891473,11.681592388002173
credit-ger,XGB,default,1,0.705,0.7461338639259338,0.17242102771997453,0.032544764999329345
credit-ger,XGB,tuned,1,0.74,0.5362135171890259,0.06917677342891694,1.5905620439989434
credit-ger,LGBM,default,1,0.74,0.6684138381705991,0.1449932801463515,0.03171058699808782
credit-ger,LGBM,tuned,1,0.725,0.5385915105145419,0.05560885882059624,1.2183398570014106
credit-ger,GNB,default,2,0.76,0.8518553656733847,0.08432142551595476,0.0013358930009417236
credit-ger,GNB,tuned,2,0.765,0.5089101818822405,0.08110157309860555,0.074851615998341
credit-ger,WANBIA,default,2,0.775,0.4760954955503945,0.057502710255416804,0.021459379997395445
credit-ger,WANBIA,tuned,2,0.765,0.4687510242956441,0.03354294021063576,0.5520803990002605
credit-ger,AODE,default,2,0.775,0.4752706359890289,0.06336234945632109,0.002791607999824919
credit-ger,AODE,tuned,2,0.75,0.49308026158118934,0.09564781588910924,0.3360698559990851
credit-ger,ABD-NB,default,2,0.74,0.8772396266861838,0.05501218476109501,0.04146284299713443
credit-ger,ABD-NB,tuned,2,0.765,0.4698748960777165,0.0478307581398633,18.205739314998937
credit-ger,LR,default,2,0.785,0.46639682177178315,0.03638421186426375,0.003289303000201471
credit-ger,LR,tuned,2,0.785,0.46491600936492716,0.05072339226164069,0.13774641099735163
credit-ger,kNN,default,2,0.79,1.7375057088417565,0.08799999999999987,0.0013705439996556379
credit-ger,kNN,tuned,2,0.755,0.5895960318899014,0.07093974406428052,0.14582636400155025
credit-ger,SVM,default,2,0.8,0.46347338058121934,0.04160743255208022,0.05863246100125252
credit-ger,SVM,tuned,2,0.79,0.4662293853770786,0.057020153070093976,1.224488077001297
credit-ger,RF,default,2,0.78,0.4634946474763659,0.05089999999999998,0.1377978450000228
credit-ger,RF,tuned,2,0.76,0.4771486864540775,0.05376444280878427,10.447362548999081
credit-ger,XGB,default,2,0.795,0.5797666311264038,0.12203924715518952,0.03049862999978359
credit-ger,XGB,tuned,2,0.79,0.4608532786369324,0.04194097757339479,2.0716828069998883
credit-ger,LGBM,default,2,0.79,0.5296775900744813,0.094898829848792,0.031904748000670224
credit-ger,LGBM,tuned,2,0.78,0.4739537215346277,0.07360774533903768,1.3200925679993816
credit-ger,GNB,default,3,0.745,0.5733697094346458,0.12497776768275937,0.0013258979997772258
credit-ger,GNB,tuned,3,0.76,0.5609607334363984,0.11888515467402952,0.07495141099934699
credit-ger,WANBIA,default,3,0.775,0.49113062727304424,0.04871233795055898,0.02714012499927776
credit-ger,WANBIA,tuned,3,0.765,0.4919572268538667,0.07613703047320475,0.6422652189976361
credit-ger,AODE,default,3,0.75,0.5198405228619305,0.07305701783547658,0.0022595109985559247
credit-ger,AODE,tuned,3,0.735,0.5167472686716121,0.08694608262491495,0.2871347370019066
credit-ger,ABD-NB,default,3,0.77,0.4897224263082457,0.05829481025161112,0.04710390599939274
credit-ger,ABD-NB,tuned,3,0.775,0.48490926828661784,0.050537734486871495,7.524723968999751
credit-ger,LR,default,3,0.765,0.5137978277320808,0.06230030301212385,0.016190438000194263
credit-ger,LR,tuned,3,0.75,0.5044739975418464,0.03781494623910634,0.17268458499893313
credit-ger,kNN,default,3,0.73,1.5067550968373828,0.07700000000000003,0.002144468999176752
credit-ger,kNN,tuned,3,0.77,0.5902931360014226,0.0774317047168805,0.22001521999845863
credit-ger,SVM,default,3,0.78,0.4993263526361584,0.06869885953454698,0.08810546599852387
credit-ger,SVM,tuned,3,0.755,0.5004157369271985,0.047011128879185606,1.1327342399999907
credit-ger,RF,default,3,0.79,0.48735061057784756,0.06190000000000003,0.15240258300036658
credit-ger,RF,tuned,3,0.8,0.4810908725397489,0.07778924544410794,11.113775356003316
credit-ger,XGB,default,3,0.775,0.6771215796470642,0.11825893074274063,0.03216537199841696
credit-ger,XGB,tuned,3,0.775,0.5479453206062317,0.10507817417383195,1.5674619919991528
credit-ger,LGBM,default,3,0.76,0.6182414840714557,0.10401408076514557,0.03130731400233344
credit-ger,LGBM,tuned,3,0.755,0.5189742805734575,0.055289442335990036,1.0361654139996972
credit-ger,GNB,default,4,0.715,0.7430751859651826,0.12355132460720292,0.0020070949976798147
credit-ger,GNB,tuned,4,0.72,0.7015559584432584,0.13179728964287152,0.09414487699905294
credit-ger,WANBIA,default,4,0.765,0.5098120579042021,0.07125644492644068,0.021113681999850087
credit-ger,WANBIA,tuned,4,0.755,0.5118673088778997,0.0700722344165535,0.37131248000150663
credit-ger,AODE,default,4,0.775,0.5366479555985573,0.0972829365941873,0.0020894869994663168
credit-ger,AODE,tuned,4,0.775,0.5366479555985573,0.0972829365941873,0.2990013779999572
credit-ger,ABD-NB,default,4,0.725,0.5871306384895408,0.10255316406923885,0.04752257300060592
credit-ger,ABD-NB,tuned,4,0.75,0.5293282935787333,0.07485846453483887,17.165753539000434
credit-ger,LR,default,4,0.735,0.5094237314194191,0.061390567847589464,0.005068479000328807
credit-ger,LR,tuned,4,0.735,0.5085885831875017,0.05534567501429202,0.153768587999366
credit-ger,kNN,default,4,0.73,1.526721787229978,0.08099999999999988,0.0016814260015962645
credit-ger,kNN,tuned,4,0.74,1.3969785672532304,0.08354020847781181,0.19107078399974853
credit-ger,SVM,default,4,0.74,0.5026946704206138,0.049941079512280766,0.06553906299814116
credit-ger,SVM,tuned,4,0.735,0.5039386144320046,0.05058866803197577,1.4289876959992398
credit-ger,RF,default,4,0.745,0.4973010799118113,0.07359999999999994,0.1537201669998467
credit-ger,RF,tuned,4,0.765,0.4958519883225199,0.05576206603937812,11.380532933999348
credit-ger,XGB,default,4,0.745,0.680910587310791,0.16170385867357256,0.028792723998776637
credit-ger,XGB,tuned,4,0.775,0.4858909845352173,0.06389198154211045,1.4791138209984638
credit-ger,LGBM,default,4,0.77,0.5842979963978109,0.09674109500149089,0.03908177099947352
credit-ger,LGBM,tuned,4,0.74,0.7138958678762047,0.16402955914827838,1.1751475400014897
titanic,GNB,default,0,0.78,0.6794931139142929,0.13743278023630734,0.0014641029993072152
titanic,GNB,tuned,0,0.78,0.679231250843884,0.1373285283032016,0.06427526500192471
titanic,WANBIA,default,0,0.7925,0.5039330284574155,0.02913241999275658,0.018966846000694204
titanic,WANBIA,tuned,0,0.7925,0.5064362298991955,0.03029444741322168,0.5239419919998909
titanic,AODE,default,0,0.8,0.493739374471323,0.05207191054512461,0.0022528850022354163
titanic,AODE,tuned,0,0.8075,0.48759745460602716,0.05859167648749898,0.24419856399981654
titanic,ABD-NB,default,0,0.7925,0.510932586745203,0.04183332450496592,0.03888388300038059
titanic,ABD-NB,tuned,0,0.7875,0.5664479744587568,0.07100677539612155,2.8682653799987747
titanic,LR,default,0,0.79,0.4911955746265264,0.025093460743847038,0.006017538999003591
titanic,LR,tuned,0,0.79,0.49150569995723975,0.024106148524735773,0.17050353300146526
titanic,kNN,default,0,0.7575,1.817064752153655,0.07449999999999993,0.0021342190011637285
titanic,kNN,tuned,0,0.79,0.560454838385769,0.04708333333333337,0.28132428400203935
titanic,SVM,default,0,0.795,0.4924565428311023,0.02442954764225353,0.2602609419991495
titanic,SVM,tuned,0,0.7975,0.47963688408574273,0.016867934713561458,11.0895045569996
titanic,RF,default,0,0.7725,0.8862334758348812,0.0817640495108168,0.16565101300147944
titanic,RF,tuned,0,0.8175,0.4573874168571648,0.0543425073734686,12.33223123299831
titanic,XGB,default,0,0.7925,0.5693925619125366,0.1040906012058258,0.0264355869985593
titanic,XGB,tuned,0,0.8125,0.47274982929229736,0.06519432589411732,2.1025835420005023
titanic,LGBM,default,0,0.8,0.5304722381385655,0.08394155890187192,0.03151532799893175
titanic,LGBM,tuned,0,0.8125,0.46943935964010186,0.05449219302458826,1.1297629919972678
titanic,GNB,default,1,0.7575,0.7952107473689732,0.15864274632115843,0.001506700999016175
titanic,GNB,tuned,1,0.7575,0.7821842701808371,0.14539759487967854,0.08771977899959893
titanic,WANBIA,default,1,0.78,0.5155697212670156,0.038917851331117116,0.037040093000541674
titanic,WANBIA,tuned,1,0.78,0.5156415529114673,0.03239742338851375,0.824210894999851
titanic,AODE,default,1,0.7775,0.48813992353539654,0.041758684013737314,0.0019635099997685757
titanic,AODE,tuned,1,0.77,0.49178745154409825,0.04541735756482731,0.24233814000035636
titanic,ABD-NB,default,1,0.77,0.5418244393395187,0.02452492778066977,0.0430797299995902
titanic,ABD-NB,tuned,1,0.7725,0.6393504619045584,0.10541765706578246,3.043813319000037
titanic,LR,default,1,0.7775,0.5124219314526279,0.03416212597358237,0.00396392999755335
titanic,LR,tuned,1,0.775,0.5114508004763072,0.03420552085306248,0.15797062899946468
titanic,kNN,default,1,0.77,1.4440862790841584,0.057999999999999954,0.002644603999215178
titanic,kNN,tuned,1,0.7775,0.5598360245804579,0.03884615384615374,0.2359252309979638
titanic,SVM,default,1,0.79,0.49858097198243684,0.015259393544804,0.17292678199737566
titanic,SVM,tuned,1,0.785,0.5021398750414516,0.025919149620482786,3.3478488830005517
titanic,RF,default,1,0.7925,0.6243933768282749,0.06284637658858822,0.16617639900141512
titanic,RF,tuned,1,0.8,0.4769099541634041,0.06240717420467334,10.959579684000346
titanic,XGB,default,1,0.7825,0.5354575514793396,0.07057712718844412,0.031699786999524804
titanic,XGB,tuned,1,0.7975,0.48148560523986816,0.05537461459636688,1.6608585649992165
titanic,LGBM,default,1,0.78,0.5110260661089964,0.07320069343728251,0.02934250799808069
titanic,LGBM,tuned,1,0.8,0.473066350739771,0.0544659198918309,1.3147857320000185
titanic,GNB,default,2,0.74,1.181592695110858,0.19146680837689284,0.0014168320012686308
titanic,GNB,tuned,2,0.74,1.181532226935169,0.1914571194594167,0.07067075199665851
titanic,WANBIA,default,2,0.745,0.562311747940318,0.02797683584120087,0.030462890001217602
titanic,WANBIA,tuned,2,0.7475,0.5632994173296568,0.027161522382460578,0.7096231420000549
titanic,AODE,default,2,0.7475,0.5314437413094067,0.06529622508403053,0.025935931997082662
titanic,AODE,tuned,2,0.7475,0.5314437413094067,0.06529622508403053,0.23325753999961307
titanic,ABD-NB,default,2,0.7525,0.643382702316301,0.06796404647146319,0.03956587599896011
titanic,ABD-NB,tuned,2,0.75,0.6308572686277969,0.06702797691045434,4.746826270999009
titanic,LR,default,2,0.75,0.5402985527864115,0.0350389859169497,0.003718202999152709
titanic,LR,tuned,2,0.75,0.5398403206964126,0.03398681719012514,0.16067436899902532
titanic,kNN,default,2,0.7525,2.210868764762082,0.07899999999999997,0.0031735219999973197
titanic,kNN,tuned,2,0.7475,2.316975757832684,0.1256152286157864,0.3666733469981409
titanic,SVM,default,2,0.7625,0.5263529352903058,0.04073656429098769,0.18699379900135682
titanic,SVM,tuned,2,0.77,0.5275025338400882,0.04286276638656867,4.94302812299793
titanic,RF,default,2,0.7375,1.0093048239301907,0.09246739252756786,0.1677917000015441
titanic,RF,tuned,2,0.7825,0.497021487786536,0.05408280961177882,10.138588079000328
titanic,XGB,default,2,0.7875,0.6002224683761597,0.10394857406616209,0.02779609199933475
titanic,XGB,tuned,2,0.7825,0.4938177764415741,0.026983803510665896,2.3108267269999487
titanic,LGBM,default,2,0.7675,0.5549734359737708,0.07668145458399878,0.031563786000333494
titanic,LGBM,tuned,2,0.775,0.5000433385119579,0.03215721171780334,1.308574149999913
titanic,GNB,default,3,0.7725,0.7953067977803207,0.15212423141697629,0.0014440779996220954
titanic,GNB,tuned,3,0.7725,0.7946290056326818,0.15199955396686787,0.07955322199995862
titanic,WANBIA,default,3,0.765,0.5290565000816498,0.028830617754943468,0.03361141399727785
titanic,WANBIA,tuned,3,0.765,0.5282169405024305,0.030775376399941098,0.6878592499997467
titanic,AODE,default,3,0.795,0.4574660883943034,0.03719965552360274,0.0018844699989131186
titanic,AODE,tuned,3,0.795,0.457889382249556,0.03655019155242741,0.23062124100033543
titanic,ABD-NB,default,3,0.77,0.5437605625380442,0.026244555390422288,0.04611608699997305
titanic,ABD-NB,tuned,3,0.7775,0.5321658672298978,0.055853069804805096,2.642078382999898
titanic,LR,default,3,0.7625,0.5101841953638977,0.04020370711718642,0.003305854999780422
titanic,LR,tuned,3,0.7625,0.5102065802204055,0.03515489228583937,0.16675998800201342
titanic,kNN,default,3,0.775,1.7974542318962825,0.05850000000000011,0.0025014829989231657
titanic,kNN,tuned,3,0.775,0.501811920117409,0.03512820512820515,0.29750542599867913
titanic,SVM,default,3,0.7925,0.4990678142130547,0.026746513953423527,0.1831334579983377
titanic,SVM,tuned,3,0.77,0.528165236279994,0.0178589757532991,12.624753530002636
titanic,RF,default,3,0.75,0.7076466943974524,0.08518528432916468,0.19529691700154217
titanic,RF,tuned,3,0.7975,0.4892256368921409,0.06223464676692755,10.881245486998523
titanic,XGB,default,3,0.7875,0.5497755408287048,0.07911011680960656,0.0421100799976557
titanic,XGB,tuned,3,0.795,0.4712046682834625,0.028501652628183362,1.629276782998204
titanic,LGBM,default,3,0.7875,0.5294677193136023,0.06789742690681347,0.03064561599967419
titanic,LGBM,tuned,3,0.7975,0.471211814208504,0.03823002595057054,0.9862528609992296
titanic,GNB,default,4,0.8125,0.551975262189947,0.10507527952323567,0.0012810200023523066
titanic,GNB,tuned,4,0.8125,0.551978812882247,0.10507679909870056,0.0711211039997579
titanic,WANBIA,default,4,0.815,0.47662722965959986,0.05161903297358598,0.028871640999568626
titanic,WANBIA,tuned,4,0.815,0.4757868457455535,0.050380623831910595,0.4417105979991902
titanic,AODE,default,4,0.8,0.4594313143418013,0.03428092944562658,0.001801410999178188
titanic,AODE,tuned,4,0.8175,0.45068746429490786,0.04649877921965937,0.22182928799884394
titanic,ABD-NB,default,4,0.815,0.47760918833225746,0.0490442889486088,0.04112782100128243
titanic,ABD-NB,tuned,4,0.8125,0.4735950873622388,0.020944227989589892,3.8793670119994204
titanic,LR,default,4,0.8125,0.4652095128690435,0.05281535703859067,0.042399994999868795
titanic,LR,tuned,4,0.8125,0.4650958226409641,0.05197785933933989,0.1622433849988738
titanic,kNN,default,4,0.8075,2.0225334862717226,0.09250000000000004,0.0023439350006810855
titanic,kNN,tuned,4,0.8075,0.44897059663824535,0.05527027027027028,0.3389786239968089
titanic,SVM,default,4,0.82,0.4547238535701017,0.04900164388460884,0.25508970500231953
titanic,SVM,tuned,4,0.81,0.4841111779482518,0.038838181552266655,32.39402181299738
titanic,RF,default,4,0.79,0.6658592959331595,0.057040493136448864,0.24778554200020153
titanic,RF,tuned,4,0.8325,0.4286261321630916,0.050609943948327005,11.325343915999838
titanic,XGB,default,4,0.825,0.48224398493766785,0.06754630386829377,0.03650562999973772
titanic,XGB,tuned,4,0.8275,0.4366074502468109,0.052082743793725995,1.574440307002078
titanic,LGBM,default,4,0.825,0.45587296494403673,0.06555687297878644,0.0330112250012462
titanic,LGBM,tuned,4,0.83,0.43520823645186546,0.04611520060066128,1.067095378999511
segmentation,GNB,default,0,0.800498753117207,1.3927013432494164,0.18019986600504562,0.002040321000094991
segmentation,GNB,tuned,0,0.7980049875311721,1.3882285556502445,0.1805150209742259,0.11669476200040663
segmentation,WANBIA,default,0,0.9002493765586035,0.2666602519146468,0.03755647436172278,0.0885013569968578
segmentation,WANBIA,tuned,0,0.9152119700748129,0.26494582860729543,0.042035669284235175,1.5828359619990806
segmentation,AODE,default,0,0.9750623441396509,0.08054863098047899,0.016714245051950894,0.005024593003327027
segmentation,AODE,tuned,0,0.9825436408977556,0.06924686473374216,0.020454688709200437,0.7936976910023077
segmentation,ABD-NB,default,0,0.7955112219451371,0.9481646690758406,0.15882910315249146,0.09841278400199371
segmentation,ABD-NB,tuned,0,0.800498753117207,0.9522859060887036,0.15748964964441445,24.031854258999374
segmentation,LR,default,0,0.9476309226932669,0.1575020275257086,0.056889904461203025,0.03625910499977181
segmentation,LR,tuned,0,0.972568578553616,0.10105855900907815,0.03601345746377099,1.0001193329990201
segmentation,kNN,default,0,0.9451371571072319,0.3136299501067159,0.012967581047381486,0.002032123000390129
segmentation,kNN,tuned,0,0.9551122194513716,1.2402952121863189,0.04488778054862841,0.22864676300014253
segmentation,SVM,default,0,0.9551122194513716,0.13204067100427005,0.04142365110713399,0.10090331000174046
segmentation,SVM,tuned,0,0.9825436408977556,0.08676308657288888,0.05163139664875702,5.057652112998767
segmentation,RF,default,0,0.9825436408977556,0.07020045564396193,0.043541147132169576,0.25784264899994014
segmentation,RF,tuned,0,0.9875311720698254,0.05644407214784856,0.031995106709646094,25.614960525999777
segmentation,XGB,default,0,0.9875311720698254,0.024295412003993988,0.00829527748195905,0.20333305099848076
segmentation,XGB,tuned,0,0.9975062344139651,0.01760290563106537,0.010402947144020822,17.171279838999908
segmentation,LGBM,default,0,0.9875311720698254,0.04254762905159042,0.01290906771529139,0.5712223669979721
segmentation,LGBM,tuned,0,0.9875311720698254,0.050934992808445136,0.01210492220504093,16.187586977001047
segmentation,GNB,default,1,0.7880299251870324,1.9486687923665635,0.18910688887632499,0.002122834001056617
segmentation,GNB,tuned,1,0.7880299251870324,1.9331790194476215,0.18665880458505918,0.08864269900004729
segmentation,WANBIA,default,1,0.8503740648379052,0.4443140081640603,0.04420722507366069,0.07397079799920903
segmentation,WANBIA,tuned,1,0.8653366583541147,0.4258959386911433,0.05331349581544771,2.1361732099976507
segmentation,AODE,default,1,0.9276807980049875,0.20718895954685623,0.04138468601881779,0.005734876998758409
segmentation,AODE,tuned,1,0.9576059850374065,0.1568879869453168,0.024972563970175717,0.6913411720015574
segmentation,ABD-NB,default,1,0.7805486284289277,1.4610080885794026,0.17560901109491167,0.10442376999708358
segmentation,ABD-NB,tuned,1,0.8154613466334164,0.6868729969225592,0.11160483130410208,23.595146528998157
segmentation,LR,default,1,0.912718204488778,0.23636151606051903,0.04837701361554378,0.04105923599854577
segmentation,LR,tuned,1,0.9301745635910225,0.1820464977501459,0.03219895218006991,0.527534791999642
segmentation,kNN,default,1,0.9201995012468828,0.7242704850305953,0.024937655860349114,0.001968907999980729
segmentation,kNN,tuned,1,0.9576059850374065,1.1713899226204123,0.04239401496259354,0.29514283500247984
segmentation,SVM,default,1,0.912718204488778,0.2299059739235799,0.026393576956556,0.09450923999975203
segmentation,SVM,tuned,1,0.9301745635910225,0.20575941184785024,0.029053717546941072,5.344863124002586
segmentation,RF,default,1,0.972568578553616,0.11996597817662061,0.05431421446384034,0.26873737999994773
segmentation,RF,tuned,1,0.972568578553616,0.12266887183020769,0.0425561837193906,23.540522784998757
segmentation,XGB,default,1,0.9775561097256857,0.10758258402347565,0.011756962522901475,0.19574079300218727
segmentation,XGB,tuned,1,0.970074812967581,0.11370839923620224,0.024637260639162092,15.72621891399831
segmentation,LGBM,default,1,0.972568578553616,0.16746669412053897,0.025065866157537472,0.6140696889997344
segmentation,LGBM,tuned,1,0.970074812967581,0.17207913861309762,0.023806533887694586,17.370388380000804
segmentation,GNB,default,2,0.78,1.6620769895375358,0.18448994401828195,0.0018665619973035064
segmentation,GNB,tuned,2,0.785,1.5807466131821408,0.17879134728962476,0.09327586200015503
segmentation,WANBIA,default,2,0.88,0.3926734191168707,0.04434937962126776,0.08026335100294091
segmentation,WANBIA,tuned,2,0.885,0.37864127433697875,0.04865307633694835,1.4813503849982226
segmentation,AODE,default,2,0.9275,0.26633191595869493,0.04734331665726249,0.004236526001477614
segmentation,AODE,tuned,2,0.945,0.21227559581133235,0.03750593537137799,0.6844370769977104
segmentation,ABD-NB,default,2,0.7825,1.0346244251808914,0.1543054394633056,0.10795948800296173
segmentation,ABD-NB,tuned,2,0.78,0.6408399965561196,0.09792735022355573,38.679008164999686
segmentation,LR,default,2,0.9075,0.24098050308348995,0.03615275303646082,0.043725684998207726
segmentation,LR,tuned,2,0.9275,0.2115054057439918,0.026307999650438788,0.5169242629999644
segmentation,kNN,default,2,0.9325,0.5358020855582112,0.011500000000000045,0.0017756970009941142
segmentation,kNN,tuned,2,0.91,0.3284245698835693,0.0455351752878402,0.23984629999904428
segmentation,SVM,default,2,0.93,0.1899846244856208,0.03966377312658514,0.09760495999944396
segmentation,SVM,tuned,2,0.945,0.1471569740154249,0.03395671575701788,4.011846024000988
segmentation,RF,default,2,0.975,0.11154439104007619,0.0555,0.2631846430012956
segmentation,RF,tuned,2,0.9475,0.17590948926277253,0.07386932996631046,21.18316724500255
segmentation,XGB,default,2,0.975,0.05519579350948334,0.015225000828504536,0.21218836099797045
segmentation,XGB,tuned,2,0.9825,0.044710803776979446,0.0109111403673887,21.355429778999678
segmentation,LGBM,default,2,0.9875,0.05589682942872179,0.01147836581790794,0.5726643680027337
segmentation,LGBM,tuned,2,0.99,0.051993625122881554,0.010716122524899546,24.45136882299994
segmentation,GNB,default,3,0.81,1.610524565011953,0.16424663799051786,0.001985800001421012
segmentation,GNB,tuned,3,0.8125,1.5648339053380953,0.1679664044735798,0.10479439000118873
segmentation,WANBIA,default,3,0.895,0.339285472119287,0.035743959865716504,0.09631521300252643
segmentation,WANBIA,tuned,3,0.895,0.33123963666820444,0.03792885957429355,1.3569488360008108
segmentation,AODE,default,3,0.935,0.2656899275185866,0.03181844425776055,0.004061914998601424
segmentation,AODE,tuned,3,0.945,0.18794909057442793,0.032387569733247926,0.6186355290010397
segmentation,ABD-NB,default,3,0.79,0.9585637274766559,0.1260429395006354,0.0976982889987994
segmentation,ABD-NB,tuned,3,0.82,1.090285681346343,0.141580969461268,17.27530635000221
segmentation,LR,default,3,0.935,0.19943833276520237,0.04551395594563469,0.046043853002629476
segmentation,LR,tuned,3,0.945,0.17800926694271857,0.017299666154650735,0.8789004049976938
segmentation,kNN,default,3,0.925,0.448434594707928,0.02950000000000003,0.0028297509998083115
segmentation,kNN,tuned,3,0.9475,0.3162738238459081,0.02555250839390758,0.31234496899924125
segmentation,SVM,default,3,0.9425,0.16500489924174502,0.03550796254075859,0.11147765700297896
segmentation,SVM,tuned,3,0.96,0.12515851973130762,0.020352959023444694,5.084580148002715
segmentation,RF,default,3,0.9675,0.11748086691787911,0.04022499999999993,0.25244904099963605
segmentation,RF,tuned,3,0.9625,0.10149645383916553,0.019438976292909627,21.57100642700243
segmentation,XGB,default,3,0.975,0.0831696093082428,0.016958226785063767,0.18966255399936927
segmentation,XGB,tuned,3,0.9775,0.08494279533624649,0.015928744450211522,14.631328735002171
segmentation,LGBM,default,3,0.9725,0.1361936086089561,0.025807332677119446,0.561401355000271
segmentation,LGBM,tuned,3,0.9725,0.14655494791895285,0.02538372757442247,18.443452699000773
segmentation,GNB,default,4,0.82,1.4265036096155643,0.17013578969250956,0.0023377940015052445
segmentation,GNB,tuned,4,0.8225,1.4285994142346172,0.170099181215571,0.09726338800101075
segmentation,WANBIA,default,4,0.88,0.305081303399831,0.024284357732415645,0.08588258799863979
segmentation,WANBIA,tuned,4,0.885,0.3151325529054519,0.04409577446609948,1.181786192002619
segmentation,AODE,default,4,0.955,0.14569790783778558,0.016436298881522815,0.005846190000738716
segmentation,AODE,tuned,4,0.96,0.13354198835833692,0.03369153817235987,0.6646814660016389
segmentation,ABD-NB,default,4,0.7975,1.1596892449383085,0.16811636382157547,0.09662211700197076
segmentation,ABD-NB,tuned,4,0.795,1.113104426267087,0.16256151377141803,38.67906780199701
segmentation,LR,default,4,0.9275,0.19053001088078708,0.05131484586435288,0.02975491899996996
segmentation,LR,tuned,4,0.955,0.14279335237882207,0.01564748979175588,0.9935825249995105
segmentation,kNN,default,4,0.9475,0.3109083466928751,0.013999999999999985,0.0019291530006739777
segmentation,kNN,tuned,4,0.9525,0.28935462203802315,0.019327852567504144,0.2267029389986419
segmentation,SVM,default,4,0.9425,0.15114554781983053,0.033895438240902284,0.10410528200009139
segmentation,SVM,tuned,4,0.98,0.1088950160268435,0.046010151853542805,4.121153476000472
segmentation,RF,default,4,0.99,0.07575566732750208,0.050224999999999895,0.22241096300058416
segmentation,RF,tuned,4,0.9875,0.06069414359824263,0.03464936806028599,19.559625148001942
segmentation,XGB,default,4,0.985,0.028817247599363327,0.01646294876933098,0.23028284199972404
segmentation,XGB,tuned,4,0.99,0.031324271112680435,0.016189286410808565,15.316017723002005
segmentation,LGBM,default,4,0.99,0.02106533340761623,0.008741726648615611,0.5224494409994804
segmentation,LGBM,tuned,4,0.99,0.03531508614851936,0.005899240591909759,12.972858219000045
heart-cleveland,GNB,default,0,0.8852459016393442,0.3296538680409725,0.10794223432835559,0.0019147470011375844
heart-cleveland,GNB,tuned,0,0.8852459016393442,0.3294637918073645,0.10797531810558353,0.05777208700237679
heart-cleveland,WANBIA,default,0,0.9016393442622951,0.32368603885971303,0.08090423814049509,0.007099173999449704
heart-cleveland,WANBIA,tuned,0,0.9016393442622951,0.2753717501120734,0.08481023341887502,0.17175027600023896
heart-cleveland,AODE,default,0,0.8852459016393442,0.26138623843407205,0.07423491794477018,0.001090597997972509
heart-cleveland,AODE,tuned,0,0.8688524590163934,0.28476302439841444,0.0939154520345871,0.13465083700066316
heart-cleveland,ABD-NB,default,0,0.9180327868852459,0.3020422210675458,0.08368124654075802,0.03120751200185623
heart-cleveland,ABD-NB,tuned,0,0.8852459016393442,0.32876675148591306,0.10794631307086494,3.8380562380007177
heart-cleveland,LR,default,0,0.8852459016393442,0.2805675461903678,0.07899274066659775,0.003517828998155892
heart-cleveland,LR,tuned,0,0.8852459016393442,0.2880340406320813,0.09462686662923742,0.15465019600014784
heart-cleveland,kNN,default,0,0.8688524590163934,0.7428504338226348,0.06229508196721309,0.002642553001351189
heart-cleveland,kNN,tuned,0,0.8688524590163934,0.32670466304768747,0.10519125683060107,0.1457269290003751
heart-cleveland,SVM,default,0,0.8852459016393442,0.3197708677906139,0.0700803322142753,0.007726493000518531
heart-cleveland,SVM,tuned,0,0.8688524590163934,0.36065801660181224,0.09542325919550892,0.2819125689966313
heart-cleveland,RF,default,0,0.8852459016393442,0.3280401526228568,0.14475409836065573,0.10345196499838494
heart-cleveland,RF,tuned,0,0.9344262295081968,0.3298388178514812,0.17087469027206828,8.079867120999552
heart-cleveland,XGB,default,0,0.7868852459016393,0.4836689829826355,0.15270071830905854,0.017550450000271667
heart-cleveland,XGB,tuned,0,0.8852459016393442,0.3439878523349762,0.09681896792083487,1.1336109529984242
heart-cleveland,LGBM,default,0,0.8360655737704918,0.3407806137692906,0.07715303720105615,0.011628465999820037
heart-cleveland,LGBM,tuned,0,0.8688524590163934,0.3016025475045884,0.10127396418030948,0.6960508170013782
heart-cleveland,GNB,default,1,0.7540983606557377,1.0325654830607869,0.21577819376696616,0.001086707998183556
heart-cleveland,GNB,tuned,1,0.7704918032786885,0.9984732189628752,0.18806009909258006,0.05475269999806187
heart-cleveland,WANBIA,default,1,0.819672131147541,0.5700184015537292,0.16966304172708022,0.014834317000349984
heart-cleveland,WANBIA,tuned,1,0.8032786885245902,0.5697496694967183,0.15659529643425124,0.2612564500013832
heart-cleveland,AODE,default,1,0.7377049180327869,0.6309874702737516,0.17042920309483975,0.0013591979986813385
heart-cleveland,AODE,tuned,1,0.7704918032786885,0.6454999764113633,0.17683958277393047,0.11028194400205393
heart-cleveland,ABD-NB,default,1,0.819672131147541,0.8990665690114944,0.20082457509622675,0.030231689001084305
heart-cleveland,ABD-NB,tuned,1,0.7868852459016393,0.6464059700168989,0.17142250376426768,4.469795788998454
heart-cleveland,LR,default,1,0.8032786885245902,0.534447420595822,0.08756795384403818,0.0035099019987683278
heart-cleveland,LR,tuned,1,0.8032786885245902,0.5696124268783852,0.19106944337974416,0.13752973199734697
heart-cleveland,kNN,default,1,0.7868852459016393,1.637345714206123,0.07868852459016397,0.0014568770020559896
heart-cleveland,kNN,tuned,1,0.819672131147541,0.4860170438251262,0.13761863675582398,0.13098616500064963
heart-cleveland,SVM,default,1,0.819672131147541,0.5206242619334813,0.12497803971317314,0.006655034001596505
heart-cleveland,SVM,tuned,1,0.819672131147541,0.5311979927859348,0.09995080945448892,0.22229135499947006
heart-cleveland,RF,default,1,0.7868852459016393,0.5042087224910352,0.16442622950819674,0.12039551500129164
heart-cleveland,RF,tuned,1,0.7868852459016393,0.4967507327083183,0.09983801565198953,8.585291701001552
heart-cleveland,XGB,default,1,0.7868852459016393,0.8143296241760254,0.1950301264153152,0.01549630400040769
heart-cleveland,XGB,tuned,1,0.7213114754098361,0.5247755646705627,0.12297119762076704,1.0070686849976482
heart-cleveland,LGBM,default,1,0.7704918032786885,0.7167305858383772,0.18213537656729128,0.01115803699940443
heart-cleveland,LGBM,tuned,1,0.7868852459016393,0.5411516400852632,0.15066615711984122,0.6373814110011153
heart-cleveland,GNB,default,2,0.8524590163934426,0.4515850102292437,0.13061883311981376,0.001109919001464732
heart-cleveland,GNB,tuned,2,0.8524590163934426,0.4515748576073293,0.13061689292798612,0.06432076299824985
heart-cleveland,WANBIA,default,2,0.819672131147541,0.3548161496881928,0.09332581448912858,0.021056859000964323
heart-cleveland,WANBIA,tuned,2,0.819672131147541,0.34939324345874834,0.07323596717023166,0.3011650720000034
heart-cleveland,AODE,default,2,0.819672131147541,0.4358486149211882,0.1188717573701049,0.0015516240018769167
heart-cleveland,AODE,tuned,2,0.819672131147541,0.4358486149211882,0.1188717573701049,0.146371745999204
heart-cleveland,ABD-NB,default,2,0.8360655737704918,0.4094105107269936,0.12461791735960144,0.030259147999458946
heart-cleveland,ABD-NB,tuned,2,0.8360655737704918,0.4512791692587917,0.11858418066012538,6.748336286000267
heart-cleveland,LR,default,2,0.819672131147541,0.3599634931145334,0.1336428702197954,0.0031771829999343026
heart-cleveland,LR,tuned,2,0.8032786885245902,0.3856357988035982,0.1454627871427742,0.14774946099714725
heart-cleveland,kNN,default,2,0.8524590163934426,1.6264482108284466,0.0983606557377049,0.0017016799974953756
heart-cleveland,kNN,tuned,2,0.8032786885245902,0.3787594803158696,0.12265258004388185,0.1445335200005502
heart-cleveland,SVM,default,2,0.819672131147541,0.42039627439014393,0.08777943632501907,0.006829977999586845
heart-cleveland,SVM,tuned,2,0.8032786885245902,0.38473664953062453,0.11047278095709383,0.2352089009982592
heart-cleveland,RF,default,2,0.819672131147541,0.39709705378488486,0.061475409836065524,0.12312455399660394
heart-cleveland,RF,tuned,2,0.7868852459016393,0.40866583605711715,0.12940918514748934,8.18451566800286
heart-cleveland,XGB,default,2,0.8360655737704918,0.5172426700592041,0.14190056675770243,0.015414778001286322
heart-cleveland,XGB,tuned,2,0.819672131147541,0.39982908964157104,0.15771058543783723,1.1133514390021446
heart-cleveland,LGBM,default,2,0.8032786885245902,0.45164003073459597,0.13800070620229127,0.011581651000597049
heart-cleveland,LGBM,tuned,2,0.7540983606557377,0.41594029668644666,0.13723799472752107,0.654058199001156
heart-cleveland,GNB,default,3,0.8833333333333333,0.5467585337888546,0.11455233906965506,0.0015149669998208992
heart-cleveland,GNB,tuned,3,0.8666666666666667,0.4236071338669914,0.06646524075101132,0.06452313000045251
heart-cleveland,WANBIA,default,3,0.9,0.3956826423013473,0.1394889433129893,0.009590990001015598
heart-cleveland,WANBIA,tuned,3,0.8666666666666667,0.405748557411933,0.08642695680991383,0.2550934819992108
heart-cleveland,AODE,default,3,0.9,0.3173919208544737,0.08607335610186855,0.0013760850015387405
heart-cleveland,AODE,tuned,3,0.9,0.3173919208544737,0.08607335610186855,0.12556486399989808
heart-cleveland,ABD-NB,default,3,0.8833333333333333,0.3851906628862327,0.11784980229606795,0.02881068499846151
heart-cleveland,ABD-NB,tuned,3,0.8833333333333333,0.3438961626859705,0.07351031287071823,3.2113041679986054
heart-cleveland,LR,default,3,0.8833333333333333,0.31977985248222646,0.08474317894041754,0.0034505280018493067
heart-cleveland,LR,tuned,3,0.9,0.47207387206541146,0.25006677882555994,0.1378355980014021
heart-cleveland,kNN,default,3,0.8333333333333334,0.3592342726360011,0.060000000000000095,0.0014450560011027846
heart-cleveland,kNN,tuned,3,0.8666666666666667,0.3275855378834182,0.09583149254026548,0.12120022500312189
heart-cleveland,SVM,default,3,0.8666666666666667,0.30696740170408143,0.0855763879491834,0.006714529998134822
heart-cleveland,SVM,tuned,3,0.9,0.2865724014824251,0.08883228072857946,0.20706286799759255
heart-cleveland,RF,default,3,0.85,0.3442945698885993,0.09749999999999996,0.08104484700015746
heart-cleveland,RF,tuned,3,0.9166666666666666,0.343431436410283,0.16165553724566156,7.507568978002382
heart-cleveland,XGB,default,3,0.7833333333333333,0.5402898788452148,0.13692357540130617,0.017481492999650072
heart-cleveland,XGB,tuned,3,0.8666666666666667,0.33312663435935974,0.07020545800526937,0.8793958360001852
heart-cleveland,LGBM,default,3,0.85,0.44054247478151554,0.08484519237607102,0.011041004996513948
heart-cleveland,LGBM,tuned,3,0.8333333333333334,0.36090933111432216,0.14106958088540328,0.5417921340012981
heart-cleveland,GNB,default,4,0.8,0.8391392739710167,0.17717727775484,0.001033511998684844
heart-cleveland,GNB,tuned,4,0.8,0.8287501251341287,0.17806882543565047,0.07130932099971687
heart-cleveland,WANBIA,default,4,0.75,0.5489180194633515,0.11455068305165206,0.007332080000196584
heart-cleveland,WANBIA,tuned,4,0.75,0.5534076882613128,0.1714561790574263,0.22415024100337178
heart-cleveland,AODE,default,4,0.8,0.5937470415274021,0.1578937267197971,0.0011516699996718671
heart-cleveland,AODE,tuned,4,0.85,0.5534949458095454,0.14140830317556144,0.10829356999965967
heart-cleveland,ABD-NB,default,4,0.7666666666666667,0.7568565049054226,0.16052666644202365,0.029016855998634128
heart-cleveland,ABD-NB,tuned,4,0.7666666666666667,0.7620163911602511,0.17421856700296828,6.700333201999456
heart-cleveland,LR,default,4,0.7666666666666667,0.5111409069692674,0.13806882089656,0.0037572649998764973
heart-cleveland,LR,tuned,4,0.7833333333333333,0.46674271084996494,0.1310658849351142,0.13910219999888795
heart-cleveland,kNN,default,4,0.8166666666666667,2.121225726853155,0.12000000000000012,0.001528856999357231
heart-cleveland,kNN,tuned,4,0.8166666666666667,0.4610898446771667,0.09054054054054057,0.12800198799959617
heart-cleveland,SVM,default,4,0.7666666666666667,0.49436033038742655,0.12479586442884971,0.007332385997870006
heart-cleveland,SVM,tuned,4,0.8,0.47906924249138155,0.10333232867317779,0.2145727969982545
heart-cleveland,RF,default,4,0.7666666666666667,0.4747953365057778,0.07316666666666667,0.10481229400102166
heart-cleveland,RF,tuned,4,0.8,0.46696684484055695,0.10137697499025759,8.354805521001254
heart-cleveland,XGB,default,4,0.7833333333333333,0.7752832770347595,0.19580056866010032,0.01575235500058625
heart-cleveland,XGB,tuned,4,0.8,0.4879380166530609,0.09359883964061734,0.8605227770021884
heart-cleveland,LGBM,default,4,0.8,0.5314026200855395,0.1483624810133204,0.014490269000816625
heart-cleveland,LGBM,tuned,4,0.7833333333333333,0.4548360939425576,0.09757570361433995,0.5193832369986922
phoneme,GNB,default,0,0.725,0.7451012374715786,0.15011038546315192,0.0017940569996426348
phoneme,GNB,tuned,0,0.725,0.7451010645784786,0.15011037076794118,0.09573333599837497
phoneme,WANBIA,default,0,0.7575,0.48264195320091885,0.06168670218965991,0.0140485539996007
phoneme,WANBIA,tuned,0,0.7675,0.5618284548911856,0.11381631371358128,0.2858285279980919
phoneme,AODE,default,0,0.77,0.44123292587716534,0.07595801265123549,0.001652547998673981
phoneme,AODE,tuned,0,0.8025,0.42111617679864766,0.06519919343925636,0.18058551200010697
phoneme,ABD-NB,default,0,0.76,0.5858668571223982,0.1026157317145086,0.043571033002081094
phoneme,ABD-NB,tuned,0,0.745,0.6655655187510751,0.12716007998666437,1.7018276620001416
phoneme,LR,default,0,0.7525,0.49419026858240256,0.08391750400119763,0.003600373998779105
phoneme,LR,tuned,0,0.7525,0.4939268833182499,0.08310247214080474,0.14939778199914144
phoneme,kNN,default,0,0.8275,1.3639885901799391,0.06499999999999992,0.002362522001931211
phoneme,kNN,tuned,0,0.855,4.00649806180964,0.14500000000000002,0.22806050399958622
phoneme,SVM,default,0,0.8125,0.41204565059651727,0.05314146072779106,0.11537660699832486
phoneme,SVM,tuned,0,0.835,0.41724475961607443,0.04753354207788358,3.4255763580003986
phoneme,RF,default,0,0.86,0.30566439151120467,0.043675,0.23105510199820856
phoneme,RF,tuned,0,0.87,0.3103852145872498,0.02727374772532573,15.11167710600057
phoneme,XGB,default,0,0.8725,0.37323176860809326,0.07052944228053093,0.08474944400222739
phoneme,XGB,tuned,0,0.8675,0.3671424090862274,0.08097519993782043,3.7164806820001104
phoneme,LGBM,default,0,0.87,0.3525593879661507,0.0691389702299335,0.06580485299855354
phoneme,LGBM,tuned,0,0.85,0.3422540955789913,0.04891016979900603,1.9328432370020892
phoneme,GNB,default,1,0.75,0.5958498779980885,0.12460221659355376,0.0014700510000693612
phoneme,GNB,tuned,1,0.75,0.5958498719096422,0.1246022151955977,0.11178897300123936
phoneme,WANBIA,default,1,0.785,0.4459859234282568,0.029184726022797033,0.017420182000932982
phoneme,WANBIA,tuned,1,0.7875,0.44596109207660706,0.032082393646528026,0.4319988329989428
phoneme,AODE,default,1,0.8475,0.32302019695204565,0.029416159772215664,0.0015577529993606731
phoneme,AODE,tuned,1,0.8625,0.3071374096797739,0.014784539750286357,0.17540835000181687
phoneme,ABD-NB,default,1,0.795,0.46289713947087263,0.07458640393789276,0.033444083001086256
phoneme,ABD-NB,tuned,1,0.7925,0.47173338076769084,0.08690718539236748,1.8936331990007602
phoneme,LR,default,1,0.7525,0.4553322074878575,0.05272167977861438,0.0038406109997595195
phoneme,LR,tuned,1,0.7525,0.4553099867566632,0.05344980560060291,0.1489621279979474
phoneme,kNN,default,1,0.88,0.5566958024999962,0.01400000000000004,0.0021514910004043486
phoneme,kNN,tuned,1,0.895,0.4765154189448508,0.03240380191969857,0.2199403920021723
phoneme,SVM,default,1,0.8625,0.3163732804817308,0.052689416700379944,0.13087679999807733
phoneme,SVM,tuned,1,0.8875,0.28970833006197155,0.053174758660819804,2.627750981002464
phoneme,RF,default,1,0.9275,0.2231302412004038,0.06914999999999993,0.23777772600078606
phoneme,RF,tuned,1,0.9225,0.2274529613597111,0.07627697765593643,13.677436808000493
phoneme,XGB,default,1,0.8975,0.22803765535354614,0.029067293852567695,0.059105255000758916
phoneme,XGB,tuned,1,0.9075,0.21129533648490906,0.02059032484889027,3.2342083039984573
phoneme,LGBM,default,1,0.905,0.2166610669375175,0.024246598541708266,0.0694657179992646
phoneme,LGBM,tuned,1,0.915,0.22135702886625708,0.0445825553510475,2.167731483998068
phoneme,GNB,default,2,0.76,0.601605915245849,0.10177995430889306,0.001445013996999478
phoneme,GNB,tuned,2,0.76,0.6016059045354712,0.10177995243139373,0.08213928600162035
phoneme,WANBIA,default,2,0.7725,0.4414557022049857,0.043012021220538585,0.01189353199879406
phoneme,WANBIA,tuned,2,0.78,0.440586023648765,0.05100677326891315,0.2590186410016031
phoneme,AODE,default,2,0.7975,0.39084996387773424,0.052385430336882824,0.0017230650009878445
phoneme,AODE,tuned,2,0.8275,0.3750584073042015,0.03360479232044552,0.19531953899786458
phoneme,ABD-NB,default,2,0.79,0.4805418861996701,0.07078623031816803,0.03747703200133401
phoneme,ABD-NB,tuned,2,0.79,0.4835149836047778,0.06390434627647265,2.471102941002755
phoneme,LR,default,2,0.765,0.4591640080839362,0.027676417029482335,0.003459290997852804
phoneme,LR,tuned,2,0.765,0.45923902061701777,0.027699881843433853,0.21623443799762754
phoneme,kNN,default,2,0.8425,1.2632712519334097,0.043999999999999935,0.0032741180002631154
phoneme,kNN,tuned,2,0.86,0.431012850275103,0.0383662473541963,0.26001439199899323
phoneme,SVM,default,2,0.8225,0.35278742027748167,0.05239591161265028,0.11661064500003704
phoneme,SVM,tuned,2,0.84,0.3440962098460424,0.04193947477501138,2.691867239998828
phoneme,RF,default,2,0.865,0.30523942064805554,0.04980000000000001,0.2448545719998947
phoneme,RF,tuned,2,0.8575,0.31472140733951387,0.03798133987698317,13.481761144001212
phoneme,XGB,default,2,0.855,0.3682991862297058,0.08161405891180036,0.056841408000764204
phoneme,XGB,tuned,2,0.845,0.3191768527030945,0.03553317025303841,3.788209550002648
phoneme,LGBM,default,2,0.8675,0.3347850787988557,0.052003745359965756,0.04880770000090706
phoneme,LGBM,tuned,2,0.875,0.5688560670437672,0.09342652672679644,2.0604090209999413
phoneme,GNB,default,3,0.745,0.6017358837254193,0.1210707807096897,0.0015741050010547042
phoneme,GNB,tuned,3,0.745,0.6017357678294497,0.12107075357580202,0.08750163699733093
phoneme,WANBIA,default,3,0.795,0.45296261811313854,0.07217099214961506,0.009741997000674019
phoneme,WANBIA,tuned,3,0.79,0.45514656844458,0.06649032213056957,0.27248650200272095
phoneme,AODE,default,3,0.8175,0.3647253802756717,0.053718922829005485,0.0016257280003628694
phoneme,AODE,tuned,3,0.83,0.3505287105966927,0.03188337641921991,0.1690303280010994
phoneme,ABD-NB,default,3,0.815,0.47806353569222,0.10131784673206008,0.0349520579984528
phoneme,ABD-NB,tuned,3,0.8025,0.5140291875792269,0.1234685354380287,1.5954304600018077
phoneme,LR,default,3,0.7725,0.4703372326266301,0.03889654300382855,0.003540013000019826
phoneme,LR,tuned,3,0.7725,0.4703851350314667,0.03549169613749804,0.15925533500194433
phoneme,kNN,default,3,0.8425,0.8773793186072809,0.03349999999999999,0.0025014910024765413
phoneme,kNN,tuned,3,0.8725,0.5867012406925958,0.04935751411987924,0.2922409200000402
phoneme,SVM,default,3,0.8425,0.34066672119715763,0.03047760532674617,0.12492885900064721
phoneme,SVM,tuned,3,0.87,0.32170156448091397,0.039064130250415885,2.6539523920000647
phoneme,RF,default,3,0.875,0.3223218620666372,0.06112500000000003,0.2290492810025171
phoneme,RF,tuned,3,0.8775,0.2717437876618572,0.0541744824307909,13.635183202997723
phoneme,XGB,default,3,0.8675,0.316741019487381,0.06123296856880188,0.0475455449995934
phoneme,XGB,tuned,3,0.88,0.2935052812099457,0.04067231148481369,2.621025903001282
phoneme,LGBM,default,3,0.8825,0.3103744656544523,0.05107246476847799,0.05255532800219953
phoneme,LGBM,tuned,3,0.8875,0.28505028494697193,0.028726070753395217,1.5118595489984727
phoneme,GNB,default,4,0.7625,0.6058949508535112,0.10019517553452655,0.0013787120005872566
phoneme,GNB,tuned,4,0.7625,0.6051712760049575,0.09805432578431109,0.06313853499887045
phoneme,WANBIA,default,4,0.745,0.4467750397677719,0.04585649402731369,0.010768260999611812
phoneme,WANBIA,tuned,4,0.79,0.48413040207371466,0.07356967633883055,0.18789756200203556
phoneme,AODE,default,4,0.7975,0.34834090811190577,0.04723683821074957,0.001475666998885572
phoneme,AODE,tuned,4,0.7925,0.3409503829415729,0.06775328224846941,0.14772073800122598
phoneme,ABD-NB,default,4,0.7725,0.501338458241166,0.07810326642281615,0.03213569999934407
phoneme,ABD-NB,tuned,4,0.78,0.5154910177278506,0.09601974062484604,2.065351522000128
phoneme,LR,default,4,0.755,0.4578917524892631,0.07043984213878955,0.003320813997561345
phoneme,LR,tuned,4,0.755,0.4579662598860029,0.06912952797868234,0.1420097580012225
phoneme,kNN,default,4,0.87,0.8733391961794097,0.06149999999999993,0.0021591739969153423
phoneme,kNN,tuned,4,0.865,0.6036890697217178,0.046347355935397044,0.3426309679998667
phoneme,SVM,default,4,0.84,0.3446653596690913,0.035320489315068815,0.19744484400143847
phoneme,SVM,tuned,4,0.8475,0.32894930373252007,0.036159620301033715,5.067262517000927
phoneme,RF,default,4,0.8675,0.28220462004188307,0.03772499999999991,0.23872391000259086
phoneme,RF,tuned,4,0.8775,0.27397328167763746,0.032774712760751626,12.911302978001913
phoneme,XGB,default,4,0.865,0.3168373107910156,0.0673469704389572,0.05623398600073415
phoneme,XGB,tuned,4,0.8825,0.2703498899936676,0.0296972431242466,2.760892735001107
phoneme,LGBM,default,4,0.86,0.3103432484432734,0.07173813381320036,0.047328493998065824
phoneme,LGBM,tuned,4,0.86,0.4192396739819786,0.09222685886372217,1.6195256200007861
synth-conflict,GNB,default,0,0.6916666666666667,1.7218862846422336,0.2520012667409956,0.0016976990009425208
synth-conflict,GNB,tuned,0,0.6916666666666667,1.721886046689778,0.2520012587844198,0.08963897200010251
synth-conflict,WANBIA,default,0,0.8416666666666667,0.35850405315898554,0.051151332237400385,0.2771387259999756
synth-conflict,WANBIA,tuned,0,0.8333333333333334,0.3649601039354833,0.041739699235748794,0.3095771689986577
synth-conflict,AODE,default,0,0.825,0.4106685092023967,0.05466946799060177,0.0061075449993950315
synth-conflict,AODE,tuned,0,0.8416666666666667,0.443377327712678,0.085355255967033,0.24225248899892904
synth-conflict,ABD-NB,default,0,0.8333333333333334,0.3575176872796367,0.06415852108843324,0.03540066300047329
synth-conflict,ABD-NB,tuned,0,0.8416666666666667,0.3552248327615589,0.07801636194398802,4.8541921289979655
synth-conflict,LR,default,0,0.8333333333333334,0.36568203671978217,0.05466142848905895,0.005155691000254592
synth-conflict,LR,tuned,0,0.8416666666666667,0.3607227884529921,0.037485070048517526,0.18097254599706503
synth-conflict,kNN,default,0,0.8,1.2278089467162618,0.06166666666666663,0.0016723640001146123
synth-conflict,kNN,tuned,0,0.825,0.5755854922464945,0.04624547085953677,0.145126004001213
synth-conflict,SVM,default,0,0.8333333333333334,0.3725009297332837,0.05985898450736509,0.014694673001940828
synth-conflict,SVM,tuned,0,0.8416666666666667,0.3765722245874479,0.08216686280487347,0.5329698780005856
synth-conflict,RF,default,0,0.8166666666666667,0.42423859969220684,0.05166666666666669,0.12421744699895498
synth-conflict,RF,tuned,0,0.825,0.40459558656294836,0.06029168147075793,11.679395122999267
synth-conflict,XGB,default,0,0.8166666666666667,0.6095173954963684,0.14835185209910076,0.05325666399949114
synth-conflict,XGB,tuned,0,0.8166666666666667,0.4859811067581177,0.10394095778465273,3.7800021229995764
synth-conflict,LGBM,default,0,0.8333333333333334,0.7081992733669469,0.14231578840490675,0.04573342899675481
synth-conflict,LGBM,tuned,0,0.8333333333333334,0.3914462044267787,0.058709705926395746,1.3794123830011813
synth-conflict,GNB,default,1,0.725,1.3375659956957766,0.2312488683987229,0.001271670997084584
synth-conflict,GNB,tuned,1,0.725,1.3375659829962698,0.23124886785344193,0.0653723040013574
synth-conflict,WANBIA,default,1,0.875,0.3399426756956911,0.08270380126072617,0.029302603998075938
synth-conflict,WANBIA,tuned,1,0.8833333333333333,0.3399791538202168,0.08851156343368766,0.7740163270027551
synth-conflict,AODE,default,1,0.825,0.3910578155320779,0.050989081991626876,0.014578133999748388
synth-conflict,AODE,tuned,1,0.8416666666666667,0.3880502365152265,0.10062033847954112,0.27113099499911186
synth-conflict,ABD-NB,default,1,0.8583333333333333,0.33791527241185143,0.06083853066959024,0.03268105000097421
synth-conflict,ABD-NB,tuned,1,0.8583333333333333,0.3391806819875615,0.048613892212956186,5.066277734997129
synth-conflict,LR,default,1,0.875,0.34977071504266344,0.06986618184066806,0.005928041002334794
synth-conflict,LR,tuned,1,0.8666666666666667,0.3576449069217512,0.07277050346347681,0.16110414099966874
synth-conflict,kNN,default,1,0.85,1.8455412930917459,0.10833333333333334,0.0017708339983073529
synth-conflict,kNN,tuned,1,0.8583333333333333,1.64440063810232,0.10966561033522007,0.14655363199926796
synth-conflict,SVM,default,1,0.8666666666666667,0.33219362554183113,0.04504641097250382,0.015746526998555055
synth-conflict,SVM,tuned,1,0.8666666666666667,0.332744223721494,0.03576652537598551,0.4534634239971638
synth-conflict,RF,default,1,0.875,0.3591609219417646,0.06266666666666665,0.14346280199970352
synth-conflict,RF,tuned,1,0.8583333333333333,0.3612339530384309,0.06448899997291402,11.043223509997915
synth-conflict,XGB,default,1,0.8583333333333333,0.5233603119850159,0.105486191312472,0.06098804300199845
synth-conflict,XGB,tuned,1,0.875,0.3372111916542053,0.03910959213972094,3.9543424539988337
synth-conflict,LGBM,default,1,0.875,0.5450230403359918,0.09924993249187561,0.04208041700258036
synth-conflict,LGBM,tuned,1,0.8666666666666667,0.35075171631376006,0.0473825416688142,1.3520984320020943
synth-conflict,GNB,default,2,0.8166666666666667,0.7043800335117233,0.13163061426820477,0.0011917970005015377
synth-conflict,GNB,tuned,2,0.8166666666666667,0.7043800248626343,0.13163061341562,0.07292698699893663
synth-conflict,WANBIA,default,2,0.9166666666666666,0.23072850710201603,0.06654159963295309,0.011798559000453679
synth-conflict,WANBIA,tuned,2,0.9166666666666666,0.2300054161375726,0.057343522135642644,0.2696837769981357
synth-conflict,AODE,default,2,0.875,0.31031840554990264,0.04923072162001616,0.002699434000533074
synth-conflict,AODE,tuned,2,0.925,0.27271416821319966,0.07798858144087165,0.2145391429985466
synth-conflict,ABD-NB,default,2,0.9083333333333333,0.22696110189972582,0.060210615326645484,0.029273287997057196
synth-conflict,ABD-NB,tuned,2,0.9083333333333333,0.22339655386402518,0.057552792675012406,7.590048530000786
synth-conflict,LR,default,2,0.925,0.24198911541445994,0.06770542680192941,0.004105010000785114
synth-conflict,LR,tuned,2,0.925,0.3133172419852308,0.15047976620388842,0.17085601299913833
synth-conflict,kNN,default,2,0.8833333333333333,0.7031120945566567,0.058333333333333404,0.0015781009969941806
synth-conflict,kNN,tuned,2,0.9166666666666666,0.2844941994131253,0.09439229198816165,0.1555394189999788
synth-conflict,SVM,default,2,0.9166666666666666,0.2306332013444539,0.08740554255442114,0.01622916999986046
synth-conflict,SVM,tuned,2,0.925,0.23207882475068378,0.06713424301488505,0.4676470379999955
synth-conflict,RF,default,2,0.8916666666666667,0.3219133753942235,0.1009166666666667,0.13530646299841464
synth-conflict,RF,tuned,2,0.9,0.2820402421560766,0.08253186487888453,10.50036184000055
synth-conflict,XGB,default,2,0.875,0.34373924136161804,0.07519560307264328,0.11840088800090598
synth-conflict,XGB,tuned,2,0.9083333333333333,0.25978556275367737,0.0669979820648829,4.57014915200125
synth-conflict,LGBM,default,2,0.875,0.3374723117640244,0.06735686850586371,0.04084522300036042
synth-conflict,LGBM,tuned,2,0.9166666666666666,0.2606972772104405,0.055823185493966206,1.5481981339980848
synth-conflict,GNB,default,3,0.7916666666666666,1.052166905813777,0.16485372915802554,0.0016388350013585296
synth-conflict,GNB,tuned,3,0.7916666666666666,1.0521667557418193,0.16485372845976812,0.09292913100216538
synth-conflict,WANBIA,default,3,0.9083333333333333,0.2823992537100993,0.06397321820918264,0.015769008998177014
synth-conflict,WANBIA,tuned,3,0.9083333333333333,0.3116719845630905,0.06541098208948001,0.3429785719999927
synth-conflict,AODE,default,3,0.85,0.3427680843249137,0.06513547672521273,0.022420691999286646
synth-conflict,AODE,tuned,3,0.8833333333333333,0.36265728100479006,0.09455360812153733,0.2369615290008369
synth-conflict,ABD-NB,default,3,0.9,0.27944990181475776,0.08211624755823334,0.032861119998415234
synth-conflict,ABD-NB,tuned,3,0.9,0.2803244417619017,0.06844453364631803,3.493868169000052
synth-conflict,LR,default,3,0.9083333333333333,0.30207364536319464,0.05617446249433668,0.00434448400119436
synth-conflict,LR,tuned,3,0.9,0.3310590745092638,0.11704509529786428,0.1601121229978162
synth-conflict,kNN,default,3,0.8916666666666667,0.7105959008115853,0.06666666666666672,0.001899855000374373
synth-conflict,kNN,tuned,3,0.9083333333333333,0.31312154223733907,0.08293650793650788,0.1751301340009377
synth-conflict,SVM,default,3,0.9,0.2712859959370876,0.04282983924887785,0.015413363002153346
synth-conflict,SVM,tuned,3,0.8666666666666667,0.327453191242841,0.0846053884777281,0.4780934110021917
synth-conflict,RF,default,3,0.8916666666666667,0.3382623149408563,0.08925000000000002,0.13962187799916137
synth-conflict,RF,tuned,3,0.8916666666666667,0.2868254711237107,0.04397355583376904,10.480267847000505
synth-conflict,XGB,default,3,0.8916666666666667,0.4297112226486206,0.08006580869356789,0.057342003001394914
synth-conflict,XGB,tuned,3,0.9,0.3262026906013489,0.05235125422477723,3.1867774320016906
synth-conflict,LGBM,default,3,0.8833333333333333,0.43092492013781486,0.08124211426510505,0.05368820100193261
synth-conflict,LGBM,tuned,3,0.9,0.29077184094070546,0.06874800820152617,1.2683938299996953
synth-conflict,GNB,default,4,0.7166666666666667,1.4328190050695182,0.24332963077318798,0.0013014649994147476
synth-conflict,GNB,tuned,4,0.7166666666666667,1.4315466234462675,0.2432809323286382,0.07128335300149047
synth-conflict,WANBIA,default,4,0.825,0.43761399074602264,0.08801878936011749,0.011740777001250535
synth-conflict,WANBIA,tuned,4,0.825,0.4379874012789798,0.07945209965189931,0.3996522580018791
synth-conflict,AODE,default,4,0.8083333333333333,0.4523226641814867,0.06927943627271882,0.008946506000938825
synth-conflict,AODE,tuned,4,0.8083333333333333,0.4523226641814867,0.06927943627271882,0.2464887149981223
synth-conflict,ABD-NB,default,4,0.825,0.44556435350287577,0.13079775788552456,0.05306242999722599
synth-conflict,ABD-NB,tuned,4,0.825,0.4449456942314662,0.06906133442473862,6.972775841997645
synth-conflict,LR,default,4,0.8416666666666667,0.42709317681713926,0.0926810107575555,0.004444404999958351
synth-conflict,LR,tuned,4,0.8333333333333334,0.4184230103306324,0.08619072911700228,0.16616987499946845
synth-conflict,kNN,default,4,0.8,1.0216274644544938,0.05333333333333332,0.0017150960011349525
synth-conflict,kNN,tuned,4,0.8416666666666667,0.6330514257147644,0.06577639270963823,0.15817214400158264
synth-conflict,SVM,default,4,0.825,0.438970141606809,0.12696970488988576,0.014655975999630755
synth-conflict,SVM,tuned,4,0.8333333333333334,0.4218561983353485,0.0750857676670671,0.549986127000011
synth-conflict,RF,default,4,0.825,0.456524483583191,0.06266666666666666,0.13181442400309606
synth-conflict,RF,tuned,4,0.825,0.4649887906902732,0.07173154868007812,9.920823346998077
synth-conflict,XGB,default,4,0.8,0.7452974915504456,0.1879425620039304,0.053053042000101414
synth-conflict,XGB,tuned,4,0.8166666666666667,0.4472191631793976,0.08874381730953851,2.7822732210006507
synth-conflict,LGBM,default,4,0.775,0.71489080934908,0.17140035792963987,0.04647042299984605
synth-conflict,LGBM,tuned,4,0.7916666666666666,0.4419035998425154,0.05613159295250148,1.3429209580026509
